// Generated by Advanced Image2C++ Converter
// Display: ILI9341 (240x320)
// Format: 16-bit RGB565
// Rotation: 0°
// Background: #000000

const uint16_t image_max300[] PROGMEM = {
  0xf800, 0xf800, 0xf800, 0xf800, 0xf800, 0xf800, 0xf800, 0xf800,
  0xf800, 0xf800, 0xf800, 0xf800, 0xf800, 0xf800, 0xf800, 0xf800,
  0xf800, 0xf800, 0xf800, 0xf800, 0xf800, 0xf800, 0xf800, 0xf800,
  0xf800, 0xf800, 0xf800, 0xf800, 0xf800, 0xf800, 0xf800, 0xf800,
  0xf800, 0xf800, 0xf800, 0xf800, 0xf800, 0xf800, 0xf800, 0xf800,
  0xf800, 0xf800, 0xf800, 0xf800, 0xf800, 0xf800, 0xf800, 0xf800,
  0xf800, 0xf800, 0xf800, 0xf800, 0xf800, 0xf800, 0xf800, 0xf800,
  0xf800, 0xf800, 0xf800, 0xf800, 0xf800, 0xf800, 0xf800, 0xf800,
  0xf800, 0xf800, 0xf800, 0xf800, 0xf800, 0xf800, 0xf800, 0xf800,
  0xf800, 0xf800, 0xf800, 0xf800, 0xf800, 0xf800, 0xf800, 0xf800,
  0xf800, 0xf800, 0xf800, 0xf800, 0xf800, 0xf800, 0xf800, 0xf800,
  0xf800, 0xf800, 0xf800, 0xf800, 0xf800, 0xf800, 0xf800, 0xf800,
  0xf800, 0xf800, 0xf800, 0xf800, 0xf800, 0xf800, 0xf800, 0xf800,
  0xf800, 0xf800, 0xf800, 0xf800, 0xf800, 0xf800, 0xf800, 0xf800,
  0xf800, 0xf800, 0xf800, 0xf800, 0xf800, 0xf800, 0xf800, 0xf800,
  0xf800, 0xf800, 0xf800, 0xf800, 0xf800, 0xf800, 0xf800, 0xf800,
  0xf800, 0xf800, 0xf800, 0xf800, 0xf800, 0xf800, 0xf800, 0xf800,
  0xf800, 0xf800, 0xf800, 0xf800, 0xf800, 0xf800, 0xf800, 0xf800,
  0xf800, 0xf800, 0xf800, 0xf800, 0xf800, 0xf800, 0xf800, 0xf800,
  0xf800, 0xf800, 0xf800, 0xf800, 0xf800, 0xf800, 0xf800, 0xf800,
  0xf800, 0xf800, 0xf800, 0xf800, 0xf800, 0xf800, 0xf800, 0xf800,
  0xf800, 0xf800, 0xf800, 0xf800, 0xf800, 0xf800, 0xf800, 0xf800,
  0xf800, 0xf800, 0xf800, 0xf800, 0xf800, 0xf800, 0xf800, 0xf800,
  0xf800, 0xf800, 0xf800, 0xf800, 0xf800, 0xf800, 0xf800, 0xf800,
  0xf800, 0xf800, 0xf800, 0xf800, 0xf800, 0xf800, 0xf800, 0xf800,
  0xf800, 0xf800, 0xf800, 0xf800, 0xf800, 0xf800, 0xf800, 0xf800,
  0xf800, 0xf800, 0xf800, 0xf800, 0xf800, 0xf800, 0xf800, 0xf800,
  0xf800, 0xf800, 0xf800, 0xf800, 0xf800, 0xf800, 0xf800, 0xf800,
  0xf800, 0xf800, 0xf800, 0xf800, 0xf800, 0xf800, 0xf800, 0xf800,
  0xf800, 0xf800, 0xf800, 0xf800, 0xf800, 0xf800, 0xf800, 0xf800,
  0xf800, 0xf800, 0xf800, 0xf800, 0xf800, 0xf800, 0xf800, 0xf800,
  0xf800, 0xf800, 0xf800, 0xf800, 0xf800, 0xf800, 0xf800, 0xf800,
  0xf800, 0xf800, 0xf800, 0xf800, 0xf800, 0xf800, 0xf800, 0xf800,
  0xf800, 0xf800, 0xf800, 0xf800, 0xf800, 0xf800, 0xf800, 0xf800,
  0xf800, 0xf800, 0xf800, 0xf800, 0xf800, 0xf800, 0xf800, 0xf800,
  0xf800, 0xf800, 0xf800, 0xf800, 0xf800, 0xf800, 0xf800, 0xf800,
  0xf800, 0xf800, 0xf800, 0xf800, 0xf800, 0xf800, 0xf800, 0xf800,
  0xf800, 0xf800, 0xf800, 0xf800, 0xf800, 0xf800, 0xf800, 0xf800,
  0xf800, 0xf800, 0xf800, 0xf800, 0xf800, 0xf800, 0xf800, 0xf800,
  0xf800, 0xf800, 0xf800, 0xf800, 0xf800, 0xf800, 0xf800, 0xf800,
  0xf800, 0xf800, 0xf800, 0xf800, 0xf800, 0xf800, 0xf800, 0xf800,
  0xf800, 0xf800, 0xf800, 0xf800, 0xf800, 0xf800, 0xf800, 0xf800,
  0xf800, 0xf800, 0xf800, 0xf800, 0xf800, 0xf800, 0xf800, 0xf800,
  0xf800, 0xf800, 0xf800, 0xf800, 0xf800, 0xf800, 0xf800, 0xf800,
  0xf800, 0xf800, 0xf800, 0xf800, 0xf800, 0xf800, 0xf800, 0xf800,
  0xf800, 0xf800, 0xf800, 0xf800, 0xf800, 0xf800, 0xf800, 0xf800,
  0xf800, 0xf800, 0xf800, 0xf800, 0xf800, 0xf800, 0xf800, 0xf800,
  0xf800, 0xf800, 0xf800, 0xf800, 0xf800, 0xf800, 0xf800, 0xf800,
  0xf800, 0xf800, 0xf800, 0xf800, 0xf800, 0xf800, 0xf800, 0xf800,
  0xf800, 0xf800, 0xf800, 0xf800, 0xf800, 0xf800, 0xf800, 0xf800,
  0xf800, 0xf800, 0xf800, 0xf800, 0xf800, 0xf800, 0xf800, 0xf800,
  0xf800, 0xf800, 0xf800, 0xf800, 0xf800, 0xf800, 0xf800, 0xf800,
  0xf800, 0xf800, 0xf800, 0xf800, 0xf800, 0xf800, 0xf800, 0xf800,
  0xf800, 0xf800, 0xf800, 0xf800, 0xf800, 0xf800, 0xf800, 0xf800,
  0xf800, 0xf800, 0xf800, 0xf800, 0xf800, 0xf800, 0xf800, 0xf800,
  0xf800, 0xf800, 0xf800, 0xf800, 0xf800, 0xf800, 0xf800, 0xf800,
  0xf800, 0xf800, 0xf800, 0xf800, 0xf800, 0xf800, 0xf800, 0xf800,
  0xf800, 0xf800, 0xf800, 0xf800, 0xf800, 0xf800, 0xf800, 0xf800,
  0xf800, 0xf800, 0xf800, 0xf800, 0xf800, 0xf800, 0xf800, 0xf800,
  0xf800, 0xf800, 0xf800, 0xf800, 0xf800, 0xf800, 0xf800, 0xf800,
  0xf800, 0xf800, 0xf800, 0xf800, 0xf800, 0xf800, 0xf800, 0xf800,
  0xf800, 0xf800, 0xf800, 0xf800, 0xf800, 0xf800, 0xf800, 0xf800,
  0xf800, 0xf800, 0xf800, 0xf800, 0xf800, 0xf800, 0xf800, 0xf800,
  0xf800, 0xf800, 0xf800, 0xf800, 0xf800, 0xf800, 0xf800, 0xf800,
  0xf800, 0xf800, 0xf800, 0xf800, 0xf800, 0xf800, 0xf800, 0xf800,
  0xf800, 0xf800, 0xf800, 0xf800, 0xf800, 0xf800, 0xf800, 0xf800,
  0xf800, 0xf800, 0xf800, 0xf800, 0xf800, 0xf800, 0xf800, 0xf800,
  0xf800, 0xf800, 0xf800, 0xf800, 0xf800, 0xf800, 0xf800, 0xf800,
  0xf800, 0xf800, 0xf800, 0xf800, 0xf800, 0xf800, 0xf800, 0xf800,
  0xf800, 0xf800, 0xf800, 0xf800, 0xf800, 0xf800, 0xf800, 0xf800,
  0xf800, 0xf800, 0xf800, 0xf800, 0xf800, 0xf800, 0xf800, 0xf800,
  0xf800, 0xf800, 0xf800, 0xf800, 0xf800, 0xf800, 0xf800, 0xf800,
  0xf800, 0xf800, 0xf800, 0xf800, 0xf800, 0xf800, 0xf800, 0xf800,
  0xf800, 0xf800, 0xf800, 0xf800, 0xf800, 0xf800, 0xf800, 0xf800,
  0xf800, 0xf800, 0xf800, 0xf800, 0xf800, 0xf800, 0xf800, 0xf800,
  0xf800, 0xf800, 0xf800, 0xf800, 0xf800, 0xf800, 0xf800, 0xf800,
  0xf800, 0xf800, 0xf800, 0xf800, 0xf800, 0xf800, 0xf800, 0xf800,
  0xf800, 0xf800, 0xf800, 0xf800, 0xf800, 0xf800, 0xf800, 0xf800,
  0xf800, 0xf800, 0xf800, 0xf800, 0xf800, 0xf800, 0xf800, 0xf800,
  0xf800, 0xf800, 0xf800, 0xf800, 0xf800, 0xf800, 0xf800, 0xf800,
  0xf800, 0xf800, 0xf800, 0xf800, 0xf800, 0xf800, 0xf800, 0xf800,
  0xf800, 0xf800, 0xf800, 0xf800, 0xf800, 0xf800, 0xf800, 0xf800,
  0xf800, 0xf800, 0xf800, 0xf800, 0xf800, 0xf800, 0xf800, 0xf800,
  0xf800, 0xf800, 0xf800, 0xf800, 0xf800, 0xf800, 0xf800, 0xf800,
  0xf800, 0xf800, 0xf800, 0xf800, 0xf800, 0xf800, 0xf800, 0xf800,
  0xf800, 0xf800, 0xf800, 0xf800, 0xf800, 0xf800, 0xf800, 0xf800,
  0xf800, 0xf800, 0xf800, 0xf800, 0xf800, 0xf800, 0xf800, 0xf800,
  0xf800, 0xf800, 0xf800, 0xf800, 0xf800, 0xf800, 0xf800, 0xf800,
  0xf800, 0xf800, 0xf800, 0xf800, 0xf800, 0xf800, 0xf800, 0xf800,
  0xf800, 0xf800, 0xf800, 0xf800, 0xf800, 0xf800, 0xf800, 0xf800,
  0xf800, 0xf800, 0xf800, 0xf800, 0xf800, 0xf800, 0xf800, 0xf800,
  0xf800, 0xf800, 0xf800, 0xf800, 0xf800, 0xf800, 0xf800, 0xf800,
  0xf800, 0xf800, 0xf800, 0xf800, 0xf800, 0xf800, 0xf800, 0xf800,
  0xf800, 0xf800, 0xf800, 0xf800, 0xf800, 0xf800, 0xf800, 0xf800,
  0xf800, 0xf800, 0xf800, 0xf800, 0xf800, 0xf800, 0xf800, 0xf800,
  0xf800, 0xf800, 0xf800, 0xf800, 0xf800, 0xf800, 0xf800, 0xf800,
  0xf800, 0xf800, 0xf800, 0xf800, 0xf800, 0xf800, 0xf800, 0xf800,
  0xf800, 0xf800, 0xf800, 0xf800, 0xf800, 0xf800, 0xf800, 0xf800,
  0xf800, 0xf800, 0xf800, 0xf800, 0xf800, 0xf800, 0xf800, 0xf800,
  0xf800, 0xf800, 0xf800, 0xf800, 0xf800, 0xf800, 0xf800, 0xf800,
  0xf800, 0xf800, 0xf800, 0xf800, 0xf800, 0xf800, 0xf800, 0xf800,
  0xf800, 0xf800, 0xf800, 0xf800, 0xf800, 0xf800, 0xf800, 0xf800,
  0xf800, 0xf800, 0xf800, 0xf800, 0xf800, 0xf800, 0xf800, 0xf800,
  0xf800, 0xf800, 0xf800, 0xf800, 0xf800, 0xf800, 0xf800, 0xf800,
  0xf800, 0xf800, 0xf800, 0xf800, 0xf800, 0xf800, 0xf800, 0xf800,
  0xf800, 0xf800, 0xf800, 0xf800, 0xf800, 0xf800, 0xf800, 0xf800,
  0xf800, 0xf800, 0xf800, 0xf800, 0xf800, 0xf800, 0xf800, 0xf800,
  0xf800, 0xf800, 0xf800, 0xf800, 0xf800, 0xf800, 0xf800, 0xf800,
  0xf800, 0xf800, 0xf800, 0xf800, 0xf800, 0xf800, 0xf800, 0xf800,
  0xf800, 0xf800, 0xf800, 0xf800, 0xf800, 0xf800, 0xf800, 0xf800,
  0xf800, 0xf800, 0xf800, 0xf800, 0xf800, 0xf800, 0xf800, 0xf800,
  0xf800, 0xf800, 0xf800, 0xf800, 0xf800, 0xf800, 0xf800, 0xf800,
  0xf800, 0xf800, 0xf800, 0xf800, 0xf800, 0xf800, 0xf800, 0xf800,
  0xf800, 0xf800, 0xf800, 0xf800, 0xf800, 0xf800, 0xf800, 0xf800,
  0xf800, 0xf800, 0xf800, 0xf800, 0xf800, 0xf800, 0xf800, 0xf800,
  0xf800, 0xf800, 0xf800, 0xf800, 0xf800, 0xf800, 0xf800, 0xf800,
  0xf800, 0xf800, 0xf800, 0xf800, 0xf800, 0xf800, 0xf800, 0xf800,
  0xf800, 0xf800, 0xf800, 0xf800, 0xf800, 0xf800, 0xf800, 0xf800,
  0xf800, 0xf800, 0xf800, 0xf800, 0xf800, 0xf800, 0xf800, 0xf800,
  0xf800, 0xf800, 0xf800, 0xf800, 0xf800, 0xf800, 0xf800, 0xf800,
  0xf800, 0xf800, 0xf800, 0xf800, 0xf800, 0xf800, 0xf800, 0xf800,
  0xf800, 0xf800, 0xf800, 0xf800, 0xf800, 0xf800, 0xf800, 0xf800,
  0xf800, 0xf800, 0xf800, 0xf800, 0xf800, 0xf800, 0xf800, 0xf800,
  0xf800, 0xf800, 0xf800, 0xf800, 0xf800, 0xf800, 0xf800, 0xf800,
  0xf800, 0xf800, 0xf800, 0xf800, 0xf800, 0xf800, 0xf800, 0xf800,
  0xf800, 0xf800, 0xf800, 0xf800, 0xf800, 0xf800, 0xf800, 0xf800,
  0xf800, 0xf800, 0xf800, 0xf800, 0xf800, 0xf800, 0xf800, 0xf800,
  0xf800, 0xf800, 0xf800, 0xf800, 0xf800, 0xf800, 0xf800, 0xf800,
  0xf800, 0xf800, 0xf800, 0xf800, 0xf800, 0xf800, 0xf800, 0xf800,
  0xf800, 0xf800, 0xf800, 0xf800, 0xf800, 0xf800, 0xf800, 0xf800,
  0xf800, 0xf800, 0xf800, 0xf800, 0xf800, 0xf800, 0xf800, 0xf800,
  0xf800, 0xf800, 0xf800, 0xf800, 0xf800, 0xf800, 0xf800, 0xf800,
  0xf800, 0xf800, 0xf800, 0xf800, 0xf800, 0xf800, 0xf800, 0xf800,
  0xf800, 0xf800, 0xf800, 0xf800, 0xf800, 0xf800, 0xf800, 0xf800,
  0xf800, 0xf800, 0xf800, 0xf800, 0xf800, 0xf800, 0xf800, 0xf800,
  0xf800, 0xf800, 0xf800, 0xf800, 0xf800, 0xf800, 0xf800, 0xf800,
  0xf800, 0xf800, 0xf800, 0xf800, 0xf800, 0xf800, 0xf800, 0xf800,
  0xf800, 0xf800, 0xf800, 0xf800, 0xf800, 0xf800, 0xf800, 0xf800,
  0xf800, 0xf800, 0xf800, 0xf800, 0xf800, 0xf800, 0xf800, 0xf800,
  0xf800, 0xf800, 0xf800, 0xf800, 0xf800, 0xf800, 0xf800, 0xf800,
  0xf800, 0xf800, 0xf800, 0xf800, 0xf800, 0xf800, 0xf800, 0xf800,
  0xf800, 0xf800, 0xf800, 0xf800, 0xf800, 0xf800, 0xf800, 0xf800,
  0xf800, 0xf800, 0xf800, 0xf800, 0xf800, 0xf800, 0xf800, 0xf800,
  0xf800, 0xf800, 0xf800, 0xf800, 0xf800, 0xf800, 0xf800, 0xf800,
  0xf800, 0xf800, 0xf800, 0xf800, 0xf800, 0xf800, 0xf800, 0xf800,
  0xf800, 0xf800, 0xf800, 0xf800, 0xf800, 0xf800, 0xf800, 0xf800,
  0xf800, 0xf800, 0xf800, 0xf800, 0xf800, 0xf800, 0xf800, 0xf800,
  0xf800, 0xf800, 0xf800, 0xf800, 0xf800, 0xf800, 0xf800, 0xf800,
  0xf800, 0xf800, 0xf800, 0xf800, 0xf800, 0xf800, 0xf800, 0xf800,
  0xf800, 0xf800, 0xf800, 0xf800, 0xf800, 0xf800, 0xf800, 0xf800,
  0xf800, 0xf800, 0xf800, 0xf800, 0xf800, 0xf800, 0xf800, 0xf800,
  0xf800, 0xf800, 0xf800, 0xf800, 0xf800, 0xf800, 0xf800, 0xf800,
  0xf800, 0xf800, 0xf800, 0xf800, 0xf800, 0xf800, 0xf800, 0xf800,
  0xf800, 0xf800, 0xf800, 0xf800, 0xf800, 0xf800, 0xf800, 0xf800,
  0xf800, 0xf800, 0xf800, 0xf800, 0xf800, 0xf800, 0xf800, 0xf800,
  0xf800, 0xf800, 0xf800, 0xf800, 0xf800, 0xf800, 0xf800, 0xf800,
  0xf800, 0xf800, 0xf800, 0xf800, 0xf800, 0xf800, 0xf800, 0xf800,
  0xf800, 0xf800, 0xf800, 0xf800, 0xf800, 0xf800, 0xf800, 0xf800,
  0xf800, 0xf800, 0xf800, 0xf800, 0xf800, 0xf800, 0xf800, 0xf800,
  0xf800, 0xf800, 0xf800, 0xf800, 0xf800, 0xf800, 0xf800, 0xf800,
  0xf800, 0xf800, 0xf800, 0xf800, 0xf800, 0xf800, 0xf800, 0xf800,
  0xf800, 0xf800, 0xf800, 0xf800, 0xf800, 0xf800, 0xf800, 0xf800,
  0xf800, 0xf800, 0xf800, 0xf800, 0xf800, 0xf800, 0xf800, 0xf800,
  0xf800, 0xf800, 0xf800, 0xf800, 0xf800, 0xf800, 0xf800, 0xf800,
  0xf800, 0xf800, 0xf800, 0xf800, 0xf800, 0xf800, 0xf800, 0xf800,
  0xf800, 0xf800, 0xf800, 0xf800, 0xf800, 0xf800, 0xf800, 0xf800,
  0xf800, 0xf800, 0xf800, 0xf800, 0xf800, 0xf800, 0xf800, 0xf800,
  0xf800, 0xf800, 0xf800, 0xf800, 0xf800, 0xf800, 0xf800, 0xf800,
  0xf800, 0xf800, 0xf800, 0xf800, 0xf800, 0xf800, 0xf800, 0xf800,
  0xf800, 0xf800, 0xf800, 0xf800, 0xf800, 0xf800, 0xf800, 0xf800,
  0xf800, 0xf800, 0xf800, 0xf800, 0xf800, 0xf800, 0xf800, 0xf800,
  0xf800, 0xf800, 0xf800, 0xf800, 0xf800, 0xf800, 0xf800, 0xf800,
  0xf800, 0xf800, 0xf800, 0xf800, 0xf800, 0xf800, 0xf800, 0xf800,
  0xf800, 0xf800, 0xf800, 0xf800, 0xf800, 0xf800, 0xf800, 0xf800,
  0xf800, 0xf800, 0xf800, 0xf800, 0xf800, 0xf800, 0xf800, 0xf800,
  0xf800, 0xf800, 0xf800, 0xf800, 0xf800, 0xf800, 0xf800, 0xf800,
  0xf800, 0xf800, 0xf800, 0xf800, 0xf800, 0xf800, 0xf800, 0xf800,
  0xf800, 0xf800, 0xf800, 0xf800, 0xf800, 0xf800, 0xf800, 0xf800,
  0xf800, 0xf800, 0xf800, 0xf800, 0xf800, 0xf800, 0xf800, 0xf800,
  0xf800, 0xf800, 0xf800, 0xf800, 0xf800, 0xf800, 0xf800, 0xf800,
  0xf800, 0xf800, 0xf800, 0xf800, 0xf800, 0xf800, 0xf800, 0xf800,
  0xf800, 0xf800, 0xf800, 0xf800, 0xf800, 0xf800, 0xf800, 0xf800,
  0xf800, 0xf800, 0xf800, 0xf800, 0xf800, 0xf800, 0xf800, 0xf800,
  0xf800, 0xf800, 0xf800, 0xf800, 0xf800, 0xf800, 0xf800, 0xf800,
  0xf800, 0xf800, 0xf800, 0xf800, 0xf800, 0xf800, 0xf800, 0xf800,
  0xf800, 0xf800, 0xf800, 0xf800, 0xf800, 0xf800, 0xf800, 0xf800,
  0xf800, 0xf800, 0xf800, 0xf800, 0xf800, 0xf800, 0xf800, 0xf800,
  0xf800, 0xf800, 0xf800, 0xf800, 0xf800, 0xf800, 0xf800, 0xf800,
  0xf800, 0xf800, 0xf800, 0xf800, 0xf800, 0xf800, 0xf800, 0xf800,
  0xf800, 0xf800, 0xf800, 0xf800, 0xf800, 0xf800, 0xf800, 0xf800,
  0xf800, 0xf800, 0xf800, 0xf800, 0xf800, 0xf800, 0xf800, 0xf800,
  0xf800, 0xf800, 0xf800, 0xf800, 0xf800, 0xf800, 0xf800, 0xf800,
  0xf800, 0xf800, 0xf800, 0xf800, 0xf800, 0xf800, 0xf800, 0xf800,
  0xf800, 0xf800, 0xf800, 0xf800, 0xf800, 0xf800, 0xf800, 0xf800,
  0xf800, 0xf800, 0xf800, 0xf800, 0xf800, 0xf800, 0xf800, 0xf800,
  0xf800, 0xf800, 0xf800, 0xf800, 0xf800, 0xf800, 0xf800, 0xf800,
  0xf800, 0xf800, 0xf800, 0xf800, 0xf800, 0xf800, 0xf800, 0xf800,
  0xf800, 0xf800, 0xf800, 0xf800, 0xf800, 0xf800, 0xf800, 0xf800,
  0xf800, 0xf800, 0xf800, 0xf800, 0xf800, 0xf800, 0xf800, 0xf800,
  0xf800, 0xf800, 0xf800, 0xf800, 0xf800, 0xf800, 0xf800, 0xf800,
  0xf800, 0xf800, 0xf800, 0xf800, 0xf800, 0xf800, 0xf800, 0xf800,
  0xf800, 0xf800, 0xf800, 0xf800, 0xf800, 0xf800, 0xf800, 0xf800,
  0xf800, 0xf800, 0xf800, 0xf800, 0xf800, 0xf800, 0xf800, 0xf800,
  0xf800, 0xf800, 0xf800, 0xf800, 0xf800, 0xf800, 0xf800, 0xf800,
  0xf800, 0xf800, 0xf800, 0xf800, 0xf800, 0xf800, 0xf800, 0xf800,
  0xf800, 0xf800, 0xf800, 0xf800, 0xf800, 0xf800, 0xf800, 0xf800,
  0xf800, 0xf800, 0xf800, 0xf800, 0xf800, 0xf800, 0xf800, 0xf800,
  0xf800, 0xf800, 0xf800, 0xf800, 0xf800, 0xf800, 0xf800, 0xf800,
  0xf800, 0xf800, 0xf800, 0xf800, 0xf800, 0xf800, 0xf800, 0xf800,
  0xf800, 0xf800, 0xf800, 0xf800, 0xf800, 0xf800, 0xf800, 0xf800,
  0xf800, 0xf800, 0xf800, 0xf800, 0xf800, 0xf800, 0xf800, 0xf800,
  0xf800, 0xf800, 0xf800, 0xf800, 0xf800, 0xf800, 0xf800, 0xf800,
  0xf800, 0xf800, 0xf800, 0xf800, 0xf800, 0xf800, 0xf800, 0xf800,
  0xf800, 0xf800, 0xf800, 0xf800, 0xf800, 0xf800, 0xf800, 0xf800,
  0xf800, 0xf800, 0xf800, 0xf800, 0xf800, 0xf800, 0xf800, 0xf800,
  0xf800, 0xf800, 0xf800, 0xf800, 0xf800, 0xf800, 0xf800, 0xf800,
  0xf800, 0xf800, 0xf800, 0xf800, 0xf800, 0xf800, 0xf800, 0xf800,
  0xf800, 0xf800, 0xf800, 0xf800, 0xf800, 0xf800, 0xf800, 0xf800,
  0xf800, 0xf800, 0xf800, 0xf800, 0xf800, 0xf800, 0xf800, 0xf800,
  0xf800, 0xf800, 0xf800, 0xf800, 0xf800, 0xf800, 0xf800, 0xf800,
  0xf800, 0xf800, 0xf800, 0xf800, 0xf800, 0xf800, 0xf800, 0xf800,
  0xf800, 0xf800, 0xf800, 0xf800, 0xf800, 0xf800, 0xf800, 0xf800,
  0xf800, 0xf800, 0xf800, 0xf800, 0xf800, 0xf800, 0xf800, 0xf800,
  0xf800, 0xf800, 0xf800, 0xf800, 0xf800, 0xf800, 0xf800, 0xf800,
  0xf800, 0xf800, 0xf800, 0xf800, 0xf800, 0xf800, 0xf800, 0xf800,
  0xf800, 0xf800, 0xf800, 0xf800, 0xf800, 0xf800, 0xf800, 0xf800,
  0xf800, 0xf800, 0xf800, 0xf800, 0xf800, 0xf800, 0xf800, 0xf800,
  0xf800, 0xf800, 0xf800, 0xf800, 0xf800, 0xf800, 0xf800, 0xf800,
  0xf800, 0xf800, 0xf800, 0xf800, 0xf800, 0xf800, 0xf800, 0xf800,
  0xf800, 0xf800, 0xf800, 0xf800, 0xf800, 0xf800, 0xf800, 0xf800,
  0xf800, 0xf800, 0xf800, 0xf800, 0xf800, 0xf800, 0xf800, 0xf800,
  0xf800, 0xf800, 0xf800, 0xf800, 0xf800, 0xf800, 0xf800, 0xf800,
  0xf800, 0xf800, 0xf800, 0xf800, 0xf800, 0xf800, 0xf800, 0xf800,
  0xf800, 0xf800, 0xf800, 0xf800, 0xf800, 0xf800, 0xf800, 0xf800,
  0xf800, 0xf800, 0xf800, 0xf800, 0xf800, 0xf800, 0xf800, 0xf800,
  0xf800, 0xf800, 0xf800, 0xf800, 0xf800, 0xf800, 0xf800, 0xf800,
  0xf800, 0xf800, 0xf800, 0xf800, 0xf800, 0xf800, 0xf800, 0xf800,
  0xf800, 0xf800, 0xf800, 0xf800, 0xf800, 0xf800, 0xf800, 0xf800,
  0xf800, 0xf800, 0xf800, 0xf800, 0xf800, 0xf800, 0xf800, 0xf800,
  0xf800, 0xf800, 0xf800, 0xf800, 0xf800, 0xf800, 0xf800, 0xf800,
  0xf800, 0xf800, 0xf800, 0xf800, 0xf800, 0xf800, 0xf800, 0xf800,
  0xf800, 0xf800, 0xf800, 0xf800, 0xf800, 0xf800, 0xf800, 0xf800,
  0xf800, 0xf800, 0xf800, 0xf800, 0xf800, 0xf800, 0xf800, 0xf800,
  0xf800, 0xf800, 0xf800, 0xf800, 0xf800, 0xf800, 0xf800, 0xf800,
  0xf800, 0xf800, 0xf800, 0xf800, 0xf800, 0xf800, 0xf800, 0xf800,
  0xf800, 0xf800, 0xf800, 0xf800, 0xf800, 0xf800, 0xf800, 0xf800,
  0xf800, 0xf800, 0xf800, 0xf800, 0xf800, 0xf800, 0xf800, 0xf800,
  0xf800, 0xf800, 0xf800, 0xf800, 0xf800, 0xf800, 0xf800, 0xf800,
  0xf800, 0xf800, 0xf800, 0xf800, 0xf800, 0xf800, 0xf800, 0xf800,
  0xf800, 0xf800, 0xf800, 0xf800, 0xf800, 0xf800, 0xf800, 0xf800,
  0xf800, 0xf800, 0xf800, 0xf800, 0xf800, 0xf800, 0xf800, 0xf800,
  0xf800, 0xf800, 0xf800, 0xf800, 0xf800, 0xf800, 0xf800, 0xf800,
  0xf800, 0xf800, 0xf800, 0xf800, 0xf800, 0xf800, 0xf800, 0xf800,
  0xf800, 0xf800, 0xf800, 0xf800, 0xf800, 0xf800, 0xf800, 0xf800,
  0xf800, 0xf800, 0xf800, 0xf800, 0xf800, 0xf800, 0xf800, 0xf800,
  0xf800, 0xf800, 0xf800, 0xf800, 0xf800, 0xf800, 0xf800, 0xf800,
  0xf800, 0xf800, 0xf800, 0xf800, 0xf800, 0xf800, 0xf800, 0xf800,
  0xf800, 0xf800, 0xf800, 0xf800, 0xf800, 0xf800, 0xf800, 0xf800,
  0xf800, 0xf800, 0xf800, 0xf800, 0xf800, 0xf800, 0xf800, 0xf800,
  0xf800, 0xf800, 0xf800, 0xf800, 0xf800, 0xf800, 0xf800, 0xf800,
  0xf800, 0xf800, 0xf800, 0xf800, 0xf800, 0xf800, 0xf800, 0xf800,
  0xf800, 0xf800, 0xf800, 0xf800, 0xf800, 0xf800, 0xf800, 0xf800,
  0xf800, 0xf800, 0xf800, 0xf800, 0xf800, 0xf800, 0xf800, 0xf800,
  0xf800, 0xf800, 0xf800, 0xf800, 0xf800, 0xf800, 0xf800, 0xf800,
  0xf800, 0xf800, 0xf800, 0xf800, 0xf800, 0xf800, 0xf800, 0xf800,
  0xf800, 0xf800, 0xf800, 0xf800, 0xf800, 0xf800, 0xf800, 0xf800,
  0xf800, 0xf800, 0xf800, 0xf800, 0xf800, 0xf800, 0xf800, 0xf800,
  0xf800, 0xf800, 0xf800, 0xf800, 0xf800, 0xf800, 0xf800, 0xf800,
  0xf800, 0xf800, 0xf800, 0xf800, 0xf800, 0xf800, 0xf800, 0xf800,
  0xf800, 0xf800, 0xf800, 0xf800, 0xf800, 0xf800, 0xf800, 0xf800,
  0xf800, 0xf800, 0xf800, 0xf800, 0xf800, 0xf800, 0xf800, 0xf800,
  0xf800, 0xf800, 0xf800, 0xf800, 0xf800, 0xf800, 0xf800, 0xf800,
  0xf800, 0xf800, 0xf800, 0xf800, 0xf800, 0xf800, 0xf800, 0xf800,
  0xf800, 0xf800, 0xf800, 0xf800, 0xf800, 0xf800, 0xf800, 0xf800,
  0xf800, 0xf800, 0xf800, 0xf800, 0xf800, 0xf800, 0xf800, 0xf800,
  0xf800, 0xf800, 0xf800, 0xf800, 0xf800, 0xf800, 0xf800, 0xf800,
  0xf800, 0xf800, 0xf800, 0xf800, 0xf800, 0xf800, 0xf800, 0xf800,
  0xf800, 0xf800, 0xf800, 0xf800, 0xf800, 0xf800, 0xf800, 0xf800,
  0xf800, 0xf800, 0xf800, 0xf800, 0xf800, 0xf800, 0xf800, 0xf800,
  0xf800, 0xf800, 0xf800, 0xf800, 0xf800, 0xf800, 0xf800, 0xf800,
  0xf800, 0xf800, 0xf800, 0xf800, 0xf800, 0xf800, 0xf800, 0xf800,
  0xf800, 0xf800, 0xf800, 0xf800, 0xf800, 0xf800, 0xf800, 0xf800,
  0xf800, 0xf800, 0xf800, 0xf800, 0xf800, 0xf800, 0xf800, 0xf800,
  0xf800, 0xf800, 0xf800, 0xf800, 0xf800, 0xf800, 0xf800, 0xf800,
  0xf800, 0xf800, 0xf800, 0xf800, 0xf800, 0xf800, 0xf800, 0xf800,
  0xf800, 0xf800, 0xf800, 0xf800, 0xf800, 0xf800, 0xf800, 0xf800,
  0xf800, 0xf800, 0xf800, 0xf800, 0xf800, 0xf800, 0xf800, 0xf800,
  0xf800, 0xf800, 0xf800, 0xf800, 0xf800, 0xf800, 0xf800, 0xf800,
  0xf800, 0xf800, 0xf800, 0xf800, 0xf800, 0xf800, 0xf800, 0xf800,
  0xf800, 0xf800, 0xf800, 0xf800, 0xf800, 0xf800, 0xf800, 0xf800,
  0xf800, 0xf800, 0xf800, 0xf800, 0xf800, 0xf800, 0xf800, 0xf800,
  0xf800, 0xf800, 0xf800, 0xf800, 0xf800, 0xf800, 0xf800, 0xf800,
  0xf800, 0xf800, 0xf800, 0xf800, 0xf800, 0xf800, 0xf800, 0xf800,
  0xf800, 0xf800, 0xf800, 0xf800, 0xf800, 0xf800, 0xf800, 0xf800,
  0xf800, 0xf800, 0xf800, 0xf800, 0xf800, 0xf800, 0xf800, 0xf800,
  0xf800, 0xf800, 0xf800, 0xf800, 0xf800, 0xf800, 0xf800, 0xf800,
  0xf800, 0xf800, 0xf800, 0xf800, 0xf800, 0xf800, 0xf800, 0xf800,
  0xf800, 0xf800, 0xf800, 0xf800, 0xf800, 0xf800, 0xf800, 0xf800,
  0xf800, 0xf800, 0xf800, 0xf800, 0xf800, 0xf800, 0xf800, 0xf800,
  0xf800, 0xf800, 0xf800, 0xf800, 0xf800, 0xf800, 0xf800, 0xf800,
  0xf800, 0xf800, 0xf800, 0xf800, 0xf800, 0xf800, 0xf800, 0xf800,
  0xf800, 0xf800, 0xf800, 0xf800, 0xf800, 0xf800, 0xf800, 0xf800,
  0xf800, 0xf800, 0xf800, 0xf800, 0xf800, 0xf800, 0xf800, 0xf800,
  0xf800, 0xf800, 0xf800, 0xf800, 0xf800, 0xf800, 0xf800, 0xf800,
  0xf800, 0xf800, 0xf800, 0xf800, 0xf800, 0xf800, 0xf800, 0xf800,
  0xf800, 0xf800, 0xf800, 0xf800, 0xf800, 0xf800, 0xf800, 0xf800,
  0xf800, 0xf800, 0xf800, 0xf800, 0xf800, 0xf800, 0xf800, 0xf800,
  0xf800, 0xf800, 0xf800, 0xf800, 0xf800, 0xf800, 0xf800, 0xf800,
  0xf800, 0xf800, 0xf800, 0xf800, 0xf800, 0xf800, 0xf800, 0xf800,
  0xf800, 0xf800, 0xf800, 0xf800, 0xf800, 0xf800, 0xf800, 0xf800,
  0xf800, 0xf800, 0xf800, 0xf800, 0xf800, 0xf800, 0xf800, 0xf800,
  0xf800, 0xf800, 0xf800, 0xf800, 0xf800, 0xf800, 0xf800, 0xf800,
  0xf800, 0xf800, 0xf800, 0xf800, 0xf800, 0xf800, 0xf800, 0xf800,
  0xf800, 0xf800, 0xf800, 0xf800, 0xf800, 0xf800, 0xf800, 0xf800,
  0xf800, 0xf800, 0xf800, 0xf800, 0xf800, 0xf800, 0xf800, 0xf800,
  0xf800, 0xf800, 0xf800, 0xf800, 0xf800, 0xf800, 0xf800, 0xf800,
  0xf800, 0xf800, 0xf800, 0xf800, 0xf800, 0xf800, 0xf800, 0xf800,
  0xf800, 0xf800, 0xf800, 0xf800, 0xf800, 0xf800, 0xf800, 0xf800,
  0xf800, 0xf800, 0xf800, 0xf800, 0xf800, 0xf800, 0xf800, 0xf800,
  0xf800, 0xf800, 0xf800, 0xf800, 0xf800, 0xf800, 0xf800, 0xf800,
  0xf800, 0xf800, 0xf800, 0xf800, 0xf800, 0xf800, 0xf800, 0xf800,
  0xf800, 0xf800, 0xf800, 0xf800, 0xf800, 0xf800, 0xf800, 0xf800,
  0xf800, 0xf800, 0xf800, 0xf800, 0xf800, 0xf800, 0xf800, 0xf800,
  0xf800, 0xf800, 0xf800, 0xf800, 0xf800, 0xf800, 0xf800, 0xf800,
  0xf800, 0xf800, 0xf800, 0xf800, 0xf800, 0xf800, 0xf800, 0xf800,
  0xf800, 0xf800, 0xf800, 0xf800, 0xf800, 0xf800, 0xf800, 0xf800,
  0xf800, 0xf800, 0xf800, 0xf800, 0xf800, 0xf800, 0xf800, 0xf800,
  0xf800, 0xf800, 0xf800, 0xf800, 0xf800, 0xf800, 0xf800, 0xf800,
  0xf800, 0xf800, 0xf800, 0xf800, 0xf800, 0xf800, 0xf800, 0xf800,
  0xf800, 0xf800, 0xf800, 0xf800, 0xf800, 0xf800, 0xf800, 0xf800,
  0xf800, 0xf800, 0xf800, 0xf800, 0xf800, 0xf800, 0xf800, 0xf800,
  0xf800, 0xf800, 0xf800, 0xf800, 0xf800, 0xf800, 0xf800, 0xf800,
  0xf800, 0xf800, 0xf800, 0xf800, 0xf800, 0xf800, 0xf800, 0xf800,
  0xf800, 0xf800, 0xf800, 0xf800, 0xf800, 0xf800, 0xf800, 0xf800,
  0xf800, 0xf800, 0xf800, 0xf800, 0xf800, 0xf800, 0xf800, 0xf800,
  0xf800, 0xf800, 0xf800, 0xf800, 0xf800, 0xf800, 0xf800, 0xf800,
  0xf800, 0xf800, 0xf800, 0xf800, 0xf800, 0xf800, 0xf800, 0xf800,
  0xf800, 0xf800, 0xf800, 0xf800, 0xf800, 0xf800, 0xf800, 0xf800,
  0xf800, 0xf800, 0xf800, 0xf800, 0xf800, 0xf800, 0xf800, 0xf800,
  0xf800, 0xf800, 0xf800, 0xf800, 0xf800, 0xf800, 0xf800, 0xf800,
  0xf800, 0xf800, 0xf800, 0xf800, 0xf800, 0xf800, 0xf800, 0xf800,
  0xf800, 0xf800, 0xf800, 0xf800, 0xf800, 0xf800, 0xf800, 0xf800,
  0xf800, 0xf800, 0xf800, 0xf800, 0xf800, 0xf800, 0xf800, 0xf800,
  0xf800, 0xf800, 0xf800, 0xf800, 0xf800, 0xf800, 0xf800, 0xf800,
  0xf800, 0xf800, 0xf800, 0xf800, 0xf800, 0xf800, 0xf800, 0xf800,
  0xf800, 0xf800, 0xf800, 0xf800, 0xf800, 0xf800, 0xf800, 0xf800,
  0xf800, 0xf800, 0xf800, 0xf800, 0xf800, 0xf800, 0xf800, 0xf800,
  0xf800, 0xf800, 0xf800, 0xf800, 0xf800, 0xf800, 0xf800, 0xf800,
  0xf800, 0xf800, 0xf800, 0xf800, 0xf800, 0xf800, 0xf800, 0xf800,
  0xf800, 0xf800, 0xf800, 0xf800, 0xf800, 0xf800, 0xf800, 0xf800,
  0xf800, 0xf800, 0xf800, 0xf800, 0xf800, 0xf800, 0xf800, 0xf800,
  0xf800, 0xf800, 0xf800, 0xf800, 0xf800, 0xf800, 0xf800, 0xf800,
  0xf800, 0xf800, 0xf800, 0xf800, 0xf800, 0xf800, 0xf800, 0xf800,
  0xf800, 0xf800, 0xf800, 0xf800, 0xf800, 0xf800, 0xf800, 0xf800,
  0xf800, 0xf800, 0xf800, 0xf800, 0xf800, 0xf800, 0xf800, 0xf800,
  0xf800, 0xf800, 0xf800, 0xf800, 0xf800, 0xf800, 0xf800, 0xf800,
  0xf800, 0xf800, 0xf800, 0xf800, 0xf800, 0xf800, 0xf800, 0xf800,
  0xf800, 0xf800, 0xf800, 0xf800, 0xf800, 0xf800, 0xf800, 0xf800,
  0xf800, 0xf800, 0xf800, 0xf800, 0xf800, 0xf800, 0xf800, 0xf800,
  0xf800, 0xf800, 0xf800, 0xf800, 0xf800, 0xf800, 0xf800, 0xf800,
  0xf800, 0xf800, 0xf800, 0xf800, 0xf800, 0xf800, 0xf800, 0xf800,
  0xf800, 0xf800, 0xf800, 0xf800, 0xf800, 0xf800, 0xf800, 0xf800,
  0xf800, 0xf800, 0xf800, 0xf800, 0xf800, 0xf800, 0xf800, 0xf800,
  0xf800, 0xf800, 0xf800, 0xf800, 0xf800, 0xf800, 0xf800, 0xf800,
  0xf800, 0xf800, 0xf800, 0xf800, 0xf800, 0xf800, 0xf800, 0xf800,
  0xf800, 0xf800, 0xf800, 0xf800, 0xf800, 0xf800, 0xf800, 0xf800,
  0xf800, 0xf800, 0xf800, 0xf800, 0xf800, 0xf800, 0xf800, 0xf800,
  0xf800, 0xf800, 0xf800, 0xf800, 0xf800, 0xf800, 0xf800, 0xf800,
  0xf800, 0xf800, 0xf800, 0xf800, 0xf800, 0xf800, 0xf800, 0xf800,
  0xf800, 0xf800, 0xf800, 0xf800, 0xf800, 0xf800, 0xf800, 0xf800,
  0xf800, 0xf800, 0xf800, 0xf800, 0xf800, 0xf800, 0xf800, 0xf800,
  0xf800, 0xf800, 0xf800, 0xf800, 0xf800, 0xf800, 0xf800, 0xf800,
  0xf800, 0xf800, 0xf800, 0xf800, 0xf800, 0xf800, 0xf800, 0xf800,
  0xf800, 0xf800, 0xf800, 0xf800, 0xf800, 0xf800, 0xf800, 0xf800,
  0xf800, 0xf800, 0xf800, 0xf800, 0xf800, 0xf800, 0xf800, 0xf800,
  0xf800, 0xf800, 0xf800, 0xf800, 0xf800, 0xf800, 0xf800, 0xf800,
  0xf800, 0xf800, 0xf800, 0xf800, 0xf800, 0xf800, 0xf800, 0xf800,
  0xf800, 0xf800, 0xf800, 0xf800, 0xf800, 0xf800, 0xf800, 0xf800,
  0xf800, 0xf800, 0xf800, 0xf800, 0xf800, 0xf800, 0xf800, 0xf800,
  0xf800, 0xf800, 0xf800, 0xf800, 0xf800, 0xf800, 0xf800, 0xf800,
  0xf800, 0xf800, 0xf800, 0xf800, 0xf800, 0xf800, 0xf800, 0xf800,
  0xf800, 0xf800, 0xf800, 0xf800, 0xf800, 0xf800, 0xf800, 0xf800,
  0xf800, 0xf800, 0xf800, 0xf800, 0xf800, 0xf800, 0xf800, 0xf800,
  0xf800, 0xf800, 0xf800, 0xf800, 0xf800, 0xf800, 0xf800, 0xf800,
  0xf800, 0xf800, 0xf800, 0xf800, 0xf800, 0xf800, 0xf800, 0xf800,
  0xf800, 0xf800, 0xf800, 0xf800, 0xf800, 0xf800, 0xf800, 0xf800,
  0xf800, 0xf800, 0xf800, 0xf800, 0xf800, 0xf800, 0xf800, 0xf800,
  0xf800, 0xf800, 0xf800, 0xf800, 0xf800, 0xf800, 0xf800, 0xf800,
  0xf800, 0xf800, 0xf800, 0xf800, 0xf800, 0xf800, 0xf800, 0xf800,
  0xf800, 0xf800, 0xf800, 0xf800, 0xf800, 0xf800, 0xf800, 0xf800,
  0xf800, 0xf800, 0xf800, 0xf800, 0xf800, 0xf800, 0xf800, 0xf800,
  0xf800, 0xf800, 0xf800, 0xf800, 0xf800, 0xf800, 0xf800, 0xf800,
  0xf800, 0xf800, 0xf800, 0xf800, 0xf800, 0xf800, 0xf800, 0xf800,
  0xf800, 0xf800, 0xf800, 0xf800, 0xf800, 0xf800, 0xf800, 0xf800,
  0xf800, 0xf800, 0xf800, 0xf800, 0xf800, 0xf800, 0xf800, 0xf800,
  0xf800, 0xf800, 0xf800, 0xf800, 0xf800, 0xf800, 0xf800, 0xf800,
  0xf800, 0xf800, 0xf800, 0xf800, 0xf800, 0xf800, 0xf800, 0xf800,
  0xf800, 0xf800, 0xf800, 0xf800, 0xf800, 0xf800, 0xf800, 0xf800,
  0xf800, 0xf800, 0xf800, 0xf800, 0xf800, 0xf800, 0xf800, 0xf800,
  0xf800, 0xf800, 0xf800, 0xf800, 0xf800, 0xf800, 0xf800, 0xf800,
  0xf800, 0xf800, 0xf800, 0xf800, 0xf800, 0xf800, 0xf800, 0xf800,
  0xf800, 0xf800, 0xf800, 0xf800, 0xf800, 0xf800, 0xf800, 0xf800,
  0xf800, 0xf800, 0xf800, 0xf800, 0xf800, 0xf800, 0xf800, 0xf800,
  0xf800, 0xf800, 0xf800, 0xf800, 0xf800, 0xf800, 0xf800, 0xf800,
  0xf800, 0xf800, 0xf800, 0xf800, 0xf800, 0xf800, 0xf800, 0xf800,
  0xf800, 0xf800, 0xf800, 0xf800, 0xf800, 0xf800, 0xf800, 0xf800,
  0xf800, 0xf800, 0xf800, 0xf800, 0xf800, 0xf800, 0xf800, 0xf800,
  0xf800, 0xf800, 0xf800, 0xf800, 0xf800, 0xf800, 0xf800, 0xf800,
  0xf800, 0xf800, 0xf800, 0xf800, 0xf800, 0xf800, 0xf800, 0xf800,
  0xf800, 0xf800, 0xf800, 0xf800, 0xf800, 0xf800, 0xf800, 0xf800,
  0xf800, 0xf800, 0xf800, 0xf800, 0xf800, 0xf800, 0xf800, 0xf800,
  0xf800, 0xf800, 0xf800, 0xf800, 0xf800, 0xf800, 0xf800, 0xf800,
  0xf800, 0xf800, 0xf800, 0xf800, 0xf800, 0xf800, 0xf800, 0xf800,
  0xf800, 0xf800, 0xf800, 0xf800, 0xf800, 0xf800, 0xf800, 0xf800,
  0xf800, 0xf800, 0xf800, 0xf800, 0xf800, 0xf800, 0xf800, 0xf800,
  0xf800, 0xf800, 0xf800, 0xf800, 0xf800, 0xf800, 0xf800, 0xf800,
  0xf800, 0xf800, 0xf800, 0xf800, 0xf800, 0xf800, 0xf800, 0xf800,
  0xf800, 0xf800, 0xf800, 0xf800, 0xf800, 0xf800, 0xf800, 0xf800,
  0xf800, 0xf800, 0xf800, 0xf800, 0xf800, 0xf800, 0xf800, 0xf800,
  0xf800, 0xf800, 0xf800, 0xf800, 0xf800, 0xf800, 0xf800, 0xf800,
  0xf800, 0xf800, 0xf800, 0xf800, 0xf800, 0xf800, 0xf800, 0xf800,
  0xf800, 0xf800, 0xf800, 0xf800, 0xf800, 0xf800, 0xf800, 0xf800,
  0xf800, 0xf800, 0xf800, 0xf800, 0xf800, 0xf800, 0xf800, 0xf800,
  0xf800, 0xf800, 0xf800, 0xf800, 0xf800, 0xf800, 0xf800, 0xf800,
  0xf800, 0xf800, 0xf800, 0xf800, 0xf800, 0xf800, 0xf800, 0xf800,
  0xf800, 0xf800, 0xf800, 0xf800, 0xf800, 0xf800, 0xf800, 0xf800,
  0xf800, 0xf800, 0xf800, 0xf800, 0xf800, 0xf800, 0xf800, 0xf800,
  0xf800, 0xf800, 0xf800, 0xf800, 0xf800, 0xf800, 0xf800, 0xf800,
  0xf800, 0xf800, 0xf800, 0xf800, 0xf800, 0xf800, 0xf800, 0xf800,
  0xf800, 0xf800, 0xf800, 0xf800, 0xf800, 0xf800, 0xf800, 0xf800,
  0xf800, 0xf800, 0xf800, 0xf800, 0xf800, 0xf800, 0xf800, 0xf800,
  0xf800, 0xf800, 0xf800, 0xf800, 0xf800, 0xf800, 0xf800, 0xf800,
  0xf800, 0xf800, 0xf800, 0xf800, 0xf800, 0xf800, 0xf800, 0xf800,
  0xf800, 0xf800, 0xf800, 0xf800, 0xf800, 0xf800, 0xf800, 0xf800,
  0xf800, 0xf800, 0xf800, 0xf800, 0xf800, 0xf800, 0xf800, 0xf800,
  0xf800, 0xf800, 0xf800, 0xf800, 0xf800, 0xf800, 0xf800, 0xf800,
  0xf800, 0xf800, 0xf800, 0xf800, 0xf800, 0xf800, 0xf800, 0xf800,
  0xf800, 0xf800, 0xf800, 0xf800, 0xf800, 0xf800, 0xf800, 0xf800,
  0xf800, 0xf800, 0xf800, 0xf800, 0xf800, 0xf800, 0xf800, 0xf800,
  0xf800, 0xf800, 0xf800, 0xf800, 0xf800, 0xf800, 0xf800, 0xf800,
  0xf800, 0xf800, 0xf800, 0xf800, 0xf800, 0xf800, 0xf800, 0xf800,
  0xf800, 0xf800, 0xf800, 0xf800, 0xf800, 0xf800, 0xf800, 0xf800,
  0xf800, 0xf800, 0xf800, 0xf800, 0xf800, 0xf800, 0xf800, 0xf800,
  0xf800, 0xf800, 0xf800, 0xf800, 0xf800, 0xf800, 0xf800, 0xf800,
  0xf800, 0xf800, 0xf800, 0xf800, 0xf800, 0xf800, 0xf800, 0xf800,
  0xf800, 0xf800, 0xf800, 0xf800, 0xf800, 0xf800, 0xf800, 0xf800,
  0xf800, 0xf800, 0xf800, 0xf800, 0xf800, 0xf800, 0xf800, 0xf800,
  0xf800, 0xf800, 0xf800, 0xf800, 0xf800, 0xf800, 0xf800, 0xf800,
  0xf800, 0xf800, 0xf800, 0xf800, 0xf800, 0xf800, 0xf800, 0xf800,
  0xf800, 0xf800, 0xf800, 0xf800, 0xf800, 0xf800, 0xf800, 0xf800,
  0xf800, 0xf800, 0xf800, 0xf800, 0xf800, 0xf800, 0xf800, 0xf800,
  0xf800, 0xf800, 0xf800, 0xf800, 0xf800, 0xf800, 0xf800, 0xf800,
  0xf800, 0xf800, 0xf800, 0xf800, 0xf800, 0xf800, 0xf800, 0xf800,
  0xf800, 0xf800, 0xf800, 0xf800, 0xf800, 0xf800, 0xf800, 0xf800,
  0xf800, 0xf800, 0xf800, 0xf800, 0xf800, 0xf800, 0xf800, 0xf800,
  0xf800, 0xf800, 0xf800, 0xf800, 0xf800, 0xf800, 0xf800, 0xf800,
  0xf800, 0xf800, 0xf800, 0xf800, 0xf800, 0xf800, 0xf800, 0xf800,
  0xf800, 0xf800, 0xf800, 0xf800, 0xf800, 0xf800, 0xf800, 0xf800,
  0xf800, 0xf800, 0xf800, 0xf800, 0xf800, 0xf800, 0xf800, 0xf800,
  0xf800, 0xf800, 0xf800, 0xf800, 0xf800, 0xf800, 0xf800, 0xf800,
  0xf800, 0xf800, 0xf800, 0xf800, 0xf800, 0xf800, 0xf800, 0xf800,
  0xf800, 0xf800, 0xf800, 0xf800, 0xf800, 0xf800, 0xf800, 0xf800,
  0xf800, 0xf800, 0xf800, 0xf800, 0xf800, 0xf800, 0xf800, 0xf800,
  0xf800, 0xf800, 0xf800, 0xf800, 0xf800, 0xf800, 0xf800, 0xf800,
  0xf800, 0xf800, 0xf800, 0xf800, 0xf800, 0xf800, 0xf800, 0xf800,
  0xf800, 0xf800, 0xf800, 0xf800, 0xf800, 0xf800, 0xf800, 0xf800,
  0xf800, 0xf800, 0xf800, 0xf800, 0xf800, 0xf800, 0xf800, 0xf800,
  0xf800, 0xf800, 0xf800, 0xf800, 0xf800, 0xf800, 0xf800, 0xf800,
  0xf800, 0xf800, 0xf800, 0xf800, 0xf800, 0xf800, 0xf800, 0xf800,
  0xf800, 0xf800, 0xf800, 0xf800, 0xf800, 0xf800, 0xf800, 0xf800,
  0xf800, 0xf800, 0xf800, 0xf800, 0xf800, 0xf800, 0xf800, 0xf800,
  0xf800, 0xf800, 0xf800, 0xf800, 0xf800, 0xf800, 0xf800, 0xf800,
  0xf800, 0xf800, 0xf800, 0xf800, 0xf800, 0xf800, 0xf800, 0xf800,
  0xf800, 0xf800, 0xf800, 0xf800, 0xf800, 0xf800, 0xf800, 0xf800,
  0xf800, 0xf800, 0xf800, 0xf800, 0xf800, 0xf800, 0xf800, 0xf800,
  0xf800, 0xf800, 0xf800, 0xf800, 0xf800, 0xf800, 0xf800, 0xf800,
  0xf800, 0xf800, 0xf800, 0xf800, 0xf800, 0xf800, 0xf800, 0xf800,
  0xf800, 0xf800, 0xf800, 0xf800, 0xf800, 0xf800, 0xf800, 0xf800,
  0xf800, 0xf800, 0xf800, 0xf800, 0xf800, 0xf800, 0xf800, 0xf800,
  0xf800, 0xf800, 0xf800, 0xf800, 0xf800, 0xf800, 0xf800, 0xf800,
  0xf800, 0xf800, 0xf800, 0xf800, 0xf800, 0xf800, 0xf800, 0xf800,
  0xf800, 0xf800, 0xf800, 0xf800, 0xf800, 0xf800, 0xf800, 0xf800,
  0xf800, 0xf800, 0xf800, 0xf800, 0xf800, 0xf800, 0xf800, 0xf800,
  0xf800, 0xf800, 0xf800, 0xf800, 0xf800, 0xf800, 0xf800, 0xf800,
  0xf800, 0xf800, 0xf800, 0xf800, 0xf800, 0xf800, 0xf800, 0xf800,
  0xf800, 0xf800, 0xf800, 0xf800, 0xf800, 0xf800, 0xf800, 0xf800,
  0xf800, 0xf800, 0xf800, 0xf800, 0xf800, 0xf800, 0xf800, 0xf800,
  0xf800, 0xf800, 0xf800, 0xf800, 0xf800, 0xf800, 0xf800, 0xf800,
  0xf800, 0xf800, 0xf800, 0xf800, 0xf800, 0xf800, 0xf800, 0xf800,
  0xf800, 0xf800, 0xf800, 0xf800, 0xf800, 0xf800, 0xf800, 0xf800,
  0xf800, 0xf800, 0xf800, 0xf800, 0xf800, 0xf800, 0xf800, 0xf800,
  0xf800, 0xf800, 0xf800, 0xf800, 0xf800, 0xf800, 0xf800, 0xf800,
  0xf800, 0xf800, 0xf800, 0xf800, 0xf800, 0xf800, 0xf800, 0xf800,
  0xf800, 0xf800, 0xf800, 0xf800, 0xf800, 0xf800, 0xf800, 0xf800,
  0xf800, 0xf800, 0xf800, 0xf800, 0xf800, 0xf800, 0xf800, 0xf800,
  0xf800, 0xf800, 0xf800, 0xf800, 0xf800, 0xf800, 0xf800, 0xf800,
  0xf800, 0xf800, 0xf800, 0xf800, 0xf800, 0xf800, 0xf800, 0xf800,
  0xf800, 0xf800, 0xf800, 0xf800, 0xf800, 0xf800, 0xf800, 0xf800,
  0xf800, 0xf800, 0xf800, 0xf800, 0xf800, 0xf800, 0xf800, 0xf800,
  0xf800, 0xf800, 0xf800, 0xf800, 0xf800, 0xf800, 0xf800, 0xf800,
  0xf800, 0xf800, 0xf800, 0xf800, 0xf800, 0xf800, 0xf800, 0xf800,
  0xf800, 0xf800, 0xf800, 0xf800, 0xf800, 0xf800, 0xf800, 0xf800,
  0xf800, 0xf800, 0xf800, 0xf800, 0xf800, 0xf800, 0xf800, 0xf800,
  0xf800, 0xf800, 0xf800, 0xf800, 0xf800, 0xf800, 0xf800, 0xf800,
  0xf800, 0xf800, 0xf800, 0xf800, 0xf800, 0xf800, 0xf800, 0xf800,
  0xf800, 0xf800, 0xf800, 0xf800, 0xf800, 0xf800, 0xf800, 0xf800,
  0xf800, 0xf800, 0xf800, 0xf800, 0xf800, 0xf800, 0xf800, 0xf800,
  0xf800, 0xf800, 0xf800, 0xf800, 0xf800, 0xf800, 0xf800, 0xf800,
  0xf800, 0xf800, 0xf800, 0xf800, 0xf800, 0xf800, 0xf800, 0xf800,
  0xf800, 0xf800, 0xf800, 0xf800, 0xf800, 0xf800, 0xf800, 0xf800,
  0xf800, 0xf800, 0xf800, 0xf800, 0xf800, 0xf800, 0xf800, 0xf800,
  0xf800, 0xf800, 0xf800, 0xf800, 0xf800, 0xf800, 0xf800, 0xf800,
  0xf800, 0xf800, 0xf800, 0xf800, 0xf800, 0xf800, 0xf800, 0xf800,
  0xf800, 0xf800, 0xf800, 0xf800, 0xf800, 0xf800, 0xf800, 0xf800,
  0xf800, 0xf800, 0xf800, 0xf800, 0xf800, 0xf800, 0xf800, 0xf800,
  0xf800, 0xf800, 0xf800, 0xf800, 0xf800, 0xf800, 0xf800, 0xf800,
  0xf800, 0xf800, 0xf800, 0xf800, 0xf800, 0xf800, 0xf800, 0xf800,
  0xf800, 0xf800, 0xf800, 0xf800, 0xf800, 0xf800, 0xf800, 0xf800,
  0xf800, 0xf800, 0xf800, 0xf800, 0xf800, 0xf800, 0xf800, 0xf800,
  0xf800, 0xf800, 0xf800, 0xf800, 0xf800, 0xf800, 0xf800, 0xf800,
  0xf800, 0xf800, 0xf800, 0xf800, 0xf800, 0xf800, 0xf800, 0xf800,
  0xf800, 0xf800, 0xf800, 0xf800, 0xf800, 0xf800, 0xf800, 0xf800,
  0xf800, 0xf800, 0xf800, 0xf800, 0xf800, 0xf800, 0xf800, 0xf800,
  0xf800, 0xf800, 0xf800, 0xf800, 0xf800, 0xf800, 0xf800, 0xf800,
  0xf800, 0xf800, 0xf800, 0xf800, 0xf800, 0xf800, 0xf800, 0xf800,
  0xf800, 0xf800, 0xf800, 0xf800, 0xf800, 0xf800, 0xf800, 0xf800,
  0xf800, 0xf800, 0xf800, 0xf800, 0xf800, 0xf800, 0xf800, 0xf800,
  0xf800, 0xf800, 0xf800, 0xf800, 0xf800, 0xf800, 0xf800, 0xf800,
  0xf800, 0xf800, 0xf800, 0xf800, 0xf800, 0xf800, 0xf800, 0xf800,
  0xf800, 0xf800, 0xf800, 0xf800, 0xf800, 0xf800, 0xf800, 0xf800,
  0xf800, 0xf800, 0xf800, 0xf800, 0xf800, 0xf800, 0xf800, 0xf800,
  0xf800, 0xf800, 0xf800, 0xf800, 0xf800, 0xf800, 0xf800, 0xf800,
  0xf800, 0xf800, 0xf800, 0xf800, 0xf800, 0xf800, 0xf800, 0xf800,
  0xf800, 0xf800, 0xf800, 0xf800, 0xf800, 0xf800, 0xf800, 0xf800,
  0xf800, 0xf800, 0xf800, 0xf800, 0xf800, 0xf800, 0xf800, 0xf800,
  0xf800, 0xf800, 0xf800, 0xf800, 0xf800, 0xf800, 0xf800, 0xf800,
  0xf800, 0xf800, 0xf800, 0xf800, 0xf800, 0xf800, 0xf800, 0xf800,
  0xf800, 0xf800, 0xf800, 0xf800, 0xf800, 0xf800, 0xf800, 0xf800,
  0xf800, 0xf800, 0xf800, 0xf800, 0xf800, 0xf800, 0xf800, 0xf800,
  0xf800, 0xf800, 0xf800, 0xf800, 0xf800, 0xf800, 0xf800, 0xf800,
  0xf800, 0xf800, 0xf800, 0xf800, 0xf800, 0xf800, 0xf800, 0xf800,
  0xf800, 0xf800, 0xf800, 0xf800, 0xf800, 0xf800, 0xf800, 0xf800,
  0xf800, 0xf800, 0xf800, 0xf800, 0xf800, 0xf800, 0xf800, 0xf800,
  0xf800, 0xf800, 0xf800, 0xf800, 0xf800, 0xf800, 0xf800, 0xf800,
  0xf800, 0xf800, 0xf800, 0xf800, 0xf800, 0xf800, 0xf800, 0xf800,
  0xf800, 0xf800, 0xf800, 0xf800, 0xf800, 0xf800, 0xf800, 0xf800,
  0xf800, 0xf800, 0xf800, 0xf800, 0xf800, 0xf800, 0xf800, 0xf800,
  0xf800, 0xf800, 0xf800, 0xf800, 0xf800, 0xf800, 0xf800, 0xf800,
  0xf800, 0xf800, 0xf800, 0xf800, 0xf800, 0xf800, 0xf800, 0xf800,
  0xf800, 0xf800, 0xf800, 0xf800, 0xf800, 0xf800, 0xf800, 0xf800,
  0xf800, 0xf800, 0xf800, 0xf800, 0xf800, 0xf800, 0xf800, 0xf800,
  0xf800, 0xf800, 0xf800, 0xf800, 0xf800, 0xf800, 0xf800, 0xf800,
  0xf800, 0xf800, 0xf800, 0xf800, 0xf800, 0xf800, 0xf800, 0xf800,
  0xf800, 0xf800, 0xf800, 0xf800, 0xf800, 0xf800, 0xf800, 0xf800,
  0xf800, 0xf800, 0xf800, 0xf800, 0xf800, 0xf800, 0xf800, 0xf800,
  0xf800, 0xf800, 0xf800, 0xf800, 0xf800, 0xf800, 0xf800, 0xf800,
  0xf800, 0xf800, 0xf800, 0xf800, 0xf800, 0xf800, 0xf800, 0xf800,
  0xf800, 0xf800, 0xf800, 0xf800, 0xf800, 0xf800, 0xf800, 0xf800,
  0xf800, 0xf800, 0xf800, 0xf800, 0xf800, 0xf800, 0xf800, 0xf800,
  0xf800, 0xf800, 0xf800, 0xf800, 0xf800, 0xf800, 0xf800, 0xf800,
  0xf800, 0xf800, 0xf800, 0xf800, 0xf800, 0xf800, 0xf800, 0xf800,
  0xf800, 0xf800, 0xf800, 0xf800, 0xf800, 0xf800, 0xf800, 0xf800,
  0xf800, 0xf800, 0xf800, 0xf800, 0xf800, 0xf800, 0xf800, 0xf800,
  0xf800, 0xf800, 0xf800, 0xf800, 0xf800, 0xf800, 0xf800, 0xf800,
  0xf800, 0xf800, 0xf800, 0xf800, 0xf800, 0xf800, 0xf800, 0xf800,
  0xf800, 0xf800, 0xf800, 0xf800, 0xf800, 0xf800, 0xf800, 0xf800,
  0xf800, 0xf800, 0xf800, 0xf800, 0xf800, 0xf800, 0xf800, 0xf800,
  0xf800, 0xf800, 0xf800, 0xf800, 0xf800, 0xf800, 0xf800, 0xf800,
  0xf800, 0xf800, 0xf800, 0xf800, 0xf800, 0xf800, 0xf800, 0xf800,
  0xf800, 0xf800, 0xf800, 0xf800, 0xf800, 0xf800, 0xf800, 0xf800,
  0xf800, 0xf800, 0xf800, 0xf800, 0xf800, 0xf800, 0xf800, 0xf800,
  0xf800, 0xf800, 0xf800, 0xf800, 0xf800, 0xf800, 0xf800, 0xf800,
  0xf800, 0xf800, 0xf800, 0xf800, 0xf800, 0xf800, 0xf800, 0xf800,
  0xf800, 0xf800, 0xf800, 0xf800, 0xf800, 0xf800, 0xf800, 0xf800,
  0xf800, 0xf800, 0xf800, 0xf800, 0xf800, 0xf800, 0xf800, 0xf800,
  0xf800, 0xf800, 0xf800, 0xf800, 0xf800, 0xf800, 0xf800, 0xf800,
  0xf800, 0xf800, 0xf800, 0xf800, 0xf800, 0xf800, 0xf800, 0xf800,
  0xf800, 0xf800, 0xf800, 0xf800, 0xf800, 0xf800, 0xf800, 0xf800,
  0xf800, 0xf800, 0xf800, 0xf800, 0xf800, 0xf800, 0xf800, 0xf800,
  0xf800, 0xf800, 0xf800, 0xf800, 0xf800, 0xf800, 0xf800, 0xf800,
  0xf800, 0xf800, 0xf800, 0xf800, 0xf800, 0xf800, 0xf800, 0xf800,
  0xf800, 0xf800, 0xf800, 0xf800, 0xf800, 0xf800, 0xf800, 0xf800,
  0xf800, 0xf800, 0xf800, 0xf800, 0xf800, 0xf800, 0xf800, 0xf800,
  0xf800, 0xf800, 0xf800, 0xf800, 0xf800, 0xf800, 0xf800, 0xf800,
  0xf800, 0xf800, 0xf800, 0xf800, 0xf800, 0xf800, 0xf800, 0xf800,
  0xf800, 0xf800, 0xf800, 0xf800, 0xf800, 0xf800, 0xf800, 0xf800,
  0xf800, 0xf800, 0xf800, 0xf800, 0xf800, 0xf800, 0xf800, 0xf800,
  0xf800, 0xf800, 0xf800, 0xf800, 0xf800, 0xf800, 0xf800, 0xf800,
  0xf800, 0xf800, 0xf800, 0xf800, 0xf800, 0xf800, 0xf800, 0xf800,
  0xf800, 0xf800, 0xf800, 0xf800, 0xf800, 0xf800, 0xf800, 0xf800,
  0xf800, 0xf800, 0xf800, 0xf800, 0xf800, 0xf800, 0xf800, 0xf800,
  0xf800, 0xf800, 0xf800, 0xf800, 0xf800, 0xf800, 0xf800, 0xf800,
  0xf800, 0xf800, 0xf800, 0xf800, 0xf800, 0xf800, 0xf800, 0xf800,
  0xf800, 0xf800, 0xf800, 0xf800, 0xf800, 0xf800, 0xf800, 0xf800,
  0xf800, 0xf800, 0xf800, 0xf800, 0xf800, 0xf800, 0xf800, 0xf800,
  0xf800, 0xf800, 0xf800, 0xf800, 0xf800, 0xf800, 0xf800, 0xf800,
  0xf800, 0xf800, 0xf800, 0xf800, 0xf800, 0xf800, 0xf800, 0xf800,
  0xf800, 0xf800, 0xf800, 0xf800, 0xf800, 0xf800, 0xf800, 0xf800,
  0xf800, 0xf800, 0xf800, 0xf800, 0xf800, 0xf800, 0xf800, 0xf800,
  0xf800, 0xf800, 0xf800, 0xf800, 0xf800, 0xf800, 0xf800, 0xf800,
  0xf800, 0xf800, 0xf800, 0xf800, 0xf800, 0xf800, 0xf800, 0xf800,
  0xf800, 0xf800, 0xf800, 0xf800, 0xf800, 0xf800, 0xf800, 0xf800,
  0xf800, 0xf800, 0xf800, 0xf800, 0xf800, 0xf800, 0xf800, 0xf800,
  0xf800, 0xf800, 0xf800, 0xf800, 0xf800, 0xf800, 0xf800, 0xf800,
  0xf800, 0xf800, 0xf800, 0xf800, 0xf800, 0xf800, 0xf800, 0xf800,
  0xf800, 0xf800, 0xf800, 0xf800, 0xf800, 0xf800, 0xf800, 0xf800,
  0xf800, 0xf800, 0xf800, 0xf800, 0xf800, 0xf800, 0xf800, 0xf800,
  0xf800, 0xf800, 0xf800, 0xf800, 0xf800, 0xf800, 0xf800, 0xf800,
  0xf800, 0xf800, 0xf800, 0xf800, 0xf800, 0xf800, 0xf800, 0xf800,
  0xf800, 0xf800, 0xf800, 0xf800, 0xf800, 0xf800, 0xf800, 0xf800,
  0xf800, 0xf800, 0xf800, 0xf800, 0xf800, 0xf800, 0xf800, 0xf800,
  0xf800, 0xf800, 0xf800, 0xf800, 0xf800, 0xf800, 0xf800, 0xf800,
  0xf800, 0xf800, 0xf800, 0xf800, 0xf800, 0xf800, 0xf800, 0xf800,
  0xf800, 0xf800, 0xf800, 0xf800, 0xf800, 0xf800, 0xf800, 0xf800,
  0xf800, 0xf800, 0xf800, 0xf800, 0xf800, 0xf800, 0xf800, 0xf800,
  0xf800, 0xf800, 0xf800, 0xf800, 0xf800, 0xf800, 0xf800, 0xf800,
  0xf800, 0xf800, 0xf800, 0xf800, 0xf800, 0xf800, 0xf800, 0xf800,
  0xf800, 0xf800, 0xf800, 0xf800, 0xf800, 0xf800, 0xf800, 0xf800,
  0xf800, 0xf800, 0xf800, 0xf800, 0xf800, 0xf800, 0xf800, 0xf800,
  0xf800, 0xf800, 0xf800, 0xf800, 0xf800, 0xf800, 0xf800, 0xf800,
  0xf800, 0xf800, 0xf800, 0xf800, 0xf800, 0xf800, 0xf800, 0xf800,
  0xf800, 0xf800, 0xf800, 0xf800, 0xf800, 0xf800, 0xf800, 0xf800,
  0xf800, 0xf800, 0xf800, 0xf800, 0xf800, 0xf800, 0xf800, 0xf800,
  0xf800, 0xf800, 0xf800, 0xf800, 0xf800, 0xf800, 0xf800, 0xf800,
  0xf800, 0xf800, 0xf800, 0xf800, 0xf800, 0xf800, 0xf800, 0xf800,
  0xf800, 0xf800, 0xf800, 0xf800, 0xf800, 0xf800, 0xf800, 0xf800,
  0xf800, 0xf800, 0xf800, 0xf800, 0xf800, 0xf800, 0xf800, 0xf800,
  0xf800, 0xf800, 0xf800, 0xf800, 0xf800, 0xf800, 0xf800, 0xf800,
  0xf800, 0xf800, 0xf800, 0xf800, 0xf800, 0xf800, 0xf800, 0xf800,
  0xf800, 0xf800, 0xf800, 0xf800, 0xf800, 0xf800, 0xf800, 0xf800,
  0xf800, 0xf800, 0xf800, 0xf800, 0xf800, 0xf800, 0xf800, 0xf800,
  0xf800, 0xf800, 0xf800, 0xf800, 0xf800, 0xf800, 0xf800, 0xf800,
  0xf800, 0xf800, 0xf800, 0xf800, 0xf800, 0xf800, 0xf800, 0xf800,
  0xf800, 0xf800, 0xf800, 0xf800, 0xf800, 0xf800, 0xf800, 0xf800,
  0xf800, 0xf800, 0xf800, 0xf800, 0xf800, 0xf800, 0xf800, 0xf800,
  0xf800, 0xf800, 0xf800, 0xf800, 0xf800, 0xf800, 0xf800, 0xf800,
  0xf800, 0xf800, 0xf800, 0xf800, 0xf800, 0xf800, 0xf800, 0xf800,
  0xf800, 0xf800, 0xf800, 0xf800, 0xf800, 0xf800, 0xf800, 0xf800,
  0xf800, 0xf800, 0xf800, 0xf800, 0xf800, 0xf800, 0xf800, 0xf800,
  0xf800, 0xf800, 0xf800, 0xf800, 0xf800, 0xf800, 0xf800, 0xf800,
  0xf800, 0xf800, 0xf800, 0xf800, 0xf800, 0xf800, 0xf800, 0xf800,
  0xf800, 0xf800, 0xf800, 0xf800, 0xf800, 0xf800, 0xf800, 0xf800,
  0xf800, 0xf800, 0xf800, 0xf800, 0xf800, 0xf800, 0xf800, 0xf800,
  0xf800, 0xf800, 0xf800, 0xf800, 0xf800, 0xf800, 0xf800, 0xf800,
  0xf800, 0xf800, 0xf800, 0xf800, 0xf800, 0xf800, 0xf800, 0xf800,
  0xfdc0, 0xf800, 0xf800, 0xf800, 0xf800, 0xf800, 0xf800, 0xf800,
  0xf800, 0xf800, 0xf800, 0xf800, 0xf800, 0xf800, 0xf800, 0xf800,
  0xf800, 0xf800, 0xf800, 0xf800, 0xf800, 0xf800, 0xf800, 0xf800,
  0xf800, 0xf800, 0xf800, 0xf800, 0xf800, 0xf800, 0xf800, 0xf800,
  0xf800, 0xf800, 0xf800, 0xf800, 0xf800, 0xf800, 0xf800, 0xf800,
  0xf800, 0xf800, 0xf800, 0xf800, 0xf800, 0xf800, 0xf800, 0xf800,
  0xf800, 0xf800, 0xf800, 0xf800, 0xf800, 0xf800, 0xf800, 0xf800,
  0xf800, 0xf800, 0xf800, 0xf800, 0xf800, 0xf800, 0xf800, 0xf800,
  0xf800, 0xf800, 0xf800, 0xf800, 0xf800, 0xf800, 0xf800, 0xf800,
  0xf800, 0xf800, 0xf800, 0xf800, 0xf800, 0xf800, 0xf800, 0xf800,
  0xf800, 0xf800, 0xf800, 0xf800, 0xf800, 0xf800, 0xf800, 0xf800,
  0xf800, 0xf800, 0xf800, 0xf800, 0xf800, 0xf800, 0xf800, 0xf800,
  0xf800, 0xf800, 0xf800, 0xf800, 0xf800, 0xf800, 0xf800, 0xf800,
  0xf800, 0xf800, 0xf800, 0xf800, 0xf800, 0xf800, 0xf800, 0xf800,
  0xf800, 0xf800, 0xf800, 0xf800, 0xf800, 0xf800, 0xf800, 0xf800,
  0xf800, 0xf800, 0xf800, 0xf800, 0xf800, 0xf800, 0xf800, 0xf800,
  0xf800, 0xf800, 0xf800, 0xf800, 0xf800, 0xf800, 0xf800, 0xf800,
  0xf800, 0xf800, 0xf800, 0xf800, 0xf800, 0xf800, 0xf800, 0xf800,
  0xf800, 0xf800, 0xf800, 0xf800, 0xf800, 0xf800, 0xf800, 0xf800,
  0xf800, 0xf800, 0xf800, 0xf800, 0xf800, 0xf800, 0xf800, 0xf800,
  0xf800, 0xf800, 0xf800, 0xf800, 0xf800, 0xf800, 0xf800, 0xf800,
  0xf800, 0xf800, 0xf800, 0xf800, 0xf800, 0xf800, 0xf800, 0xf800,
  0xf800, 0xf800, 0xf800, 0xf800, 0xf800, 0xf800, 0xf800, 0xf800,
  0xf800, 0xf800, 0xf800, 0xf800, 0xf800, 0xf800, 0xf800, 0xf800,
  0xf800, 0xf800, 0xf800, 0xf800, 0xf800, 0xf800, 0xf800, 0xf800,
  0xf800, 0xf800, 0xf800, 0xf800, 0xf800, 0xf800, 0xf800, 0xf800,
  0xf800, 0xf800, 0xf800, 0xf800, 0xf800, 0xf800, 0xf800, 0xf800,
  0xf800, 0xf800, 0xf800, 0xf800, 0xf800, 0xf800, 0xf800, 0xf800,
  0xf800, 0xf800, 0xf800, 0xf800, 0xf800, 0xf800, 0xf800, 0xf800,
  0xf800, 0xf800, 0xfda0, 0xfda0, 0xfda0, 0xfda0, 0xfda0, 0xfdc0,
  0xfda0, 0xfda0, 0xfda0, 0xfda0, 0xfda0, 0xfd80, 0xf800, 0xf800,
  0xf800, 0xf800, 0xf800, 0xf800, 0xf800, 0xf800, 0xf800, 0xf800,
  0xf800, 0xf800, 0xf800, 0xf800, 0xf800, 0xf800, 0xf800, 0xf800,
  0xf800, 0xf800, 0xf800, 0xf800, 0xf800, 0xf800, 0xf800, 0xf800,
  0xf800, 0xf800, 0xf800, 0xf800, 0xf800, 0xf800, 0xf800, 0xf800,
  0xf800, 0xf800, 0xf800, 0xf800, 0xf800, 0xf800, 0xf800, 0xf800,
  0xf800, 0xf800, 0xf800, 0xf800, 0xf800, 0xf800, 0xf800, 0xf800,
  0xf800, 0xf800, 0xf800, 0xf800, 0xf800, 0xf800, 0xf800, 0xf800,
  0xf800, 0xf800, 0xf800, 0xf800, 0xf800, 0xf800, 0xf800, 0xf800,
  0xf800, 0xf800, 0xf800, 0xf800, 0xf800, 0xf800, 0xf800, 0xf800,
  0xf800, 0xf800, 0xf800, 0xf800, 0xf800, 0xf800, 0xf800, 0xf800,
  0xf800, 0xf800, 0xf800, 0xf800, 0xf800, 0xf800, 0xf800, 0xf800,
  0xf800, 0xf800, 0xf800, 0xf800, 0xf800, 0xf800, 0xf800, 0xf800,
  0xf800, 0xf800, 0xf800, 0xf800, 0xf800, 0xf800, 0xf800, 0xf800,
  0xf800, 0xf800, 0xf800, 0xf800, 0xf800, 0xf800, 0xf800, 0xf800,
  0xf800, 0xf800, 0xf800, 0xf800, 0xf800, 0xf800, 0xf800, 0xf800,
  0xf800, 0xf800, 0xf800, 0xf800, 0xf800, 0xf800, 0xf800, 0xf800,
  0xf800, 0xf800, 0xf800, 0xf800, 0xf800, 0xf800, 0xf800, 0xf800,
  0xf800, 0xf800, 0xf800, 0xf800, 0xf800, 0xf800, 0xf800, 0xf800,
  0xf800, 0xf800, 0xf800, 0xf800, 0xf800, 0xf800, 0xf800, 0xf800,
  0xf800, 0xf800, 0xf800, 0xf800, 0xf800, 0xf800, 0xf800, 0xf800,
  0xf800, 0xf800, 0xf800, 0xf800, 0xf800, 0xf800, 0xf800, 0xf800,
  0xf800, 0xf800, 0xf800, 0xf800, 0xf800, 0xf800, 0xf800, 0xf800,
  0xf800, 0xf800, 0xf800, 0xf800, 0xf800, 0xf800, 0xf800, 0xf800,
  0xf800, 0xf800, 0xf800, 0xf800, 0xf800, 0xf800, 0xf800, 0xf800,
  0xf800, 0xf800, 0xf800, 0xf800, 0xf800, 0xf800, 0xf800, 0xf800,
  0xf800, 0xf800, 0xf800, 0xf800, 0xf800, 0xf800, 0xf800, 0xf800,
  0xf800, 0xf800, 0xf800, 0xf800, 0xf800, 0xf800, 0xf800, 0xf800,
  0xf800, 0xf800, 0xf800, 0xf800, 0xf800, 0xf800, 0xf800, 0xf800,
  0xfda0, 0xfdc0, 0xfda0, 0xfda0, 0xfda0, 0xfda0, 0xfda1, 0xfda0,
  0xfda0, 0xfda0, 0xfda0, 0xfda0, 0xfdc0, 0xfda0, 0xfdc0, 0xfda0,
  0xfd80, 0xf800, 0xf800, 0xf800, 0xf800, 0xf800, 0xf800, 0xf800,
  0xf800, 0xf800, 0xf800, 0xf800, 0xf800, 0xf800, 0xf800, 0xf800,
  0xf800, 0xf800, 0xf800, 0xf800, 0xf800, 0xf800, 0xf800, 0xf800,
  0xf800, 0xf800, 0xf800, 0xf800, 0xf800, 0xf800, 0xf800, 0xf800,
  0xf800, 0xf800, 0xf800, 0xf800, 0xf800, 0xf800, 0xf800, 0xf800,
  0xf800, 0xf800, 0xf800, 0xf800, 0xf800, 0xf800, 0xf800, 0xf800,
  0xf800, 0xf800, 0xf800, 0xf800, 0xf800, 0xf800, 0xf800, 0xf800,
  0xf800, 0xf800, 0xf800, 0xf800, 0xf800, 0xf800, 0xf800, 0xf800,
  0xf800, 0xf800, 0xf800, 0xf800, 0xf800, 0xf800, 0xf800, 0xf800,
  0xf800, 0xf800, 0xf800, 0xf800, 0xf800, 0xf800, 0xf800, 0xf800,
  0xf800, 0xf800, 0xf800, 0xf800, 0xf800, 0xf800, 0xf800, 0xf800,
  0xf800, 0xf800, 0xf800, 0xf800, 0xf800, 0xf800, 0xf800, 0xf800,
  0xf800, 0xf800, 0xf800, 0xf800, 0xf800, 0xf800, 0xf800, 0xf800,
  0xf800, 0xf800, 0xf800, 0xf800, 0xf800, 0xf800, 0xf800, 0xf800,
  0xf800, 0xf800, 0xf800, 0xf800, 0xf800, 0xf800, 0xf800, 0xf800,
  0xf800, 0xf800, 0xf800, 0xf800, 0xf800, 0xf800, 0xf800, 0xf800,
  0xf800, 0xf800, 0xf800, 0xf800, 0xf800, 0xf800, 0xf800, 0xf800,
  0xf800, 0xf800, 0xf800, 0xf800, 0xf800, 0xf800, 0xf800, 0xf800,
  0xf800, 0xf800, 0xf800, 0xf800, 0xf800, 0xf800, 0xf800, 0xf800,
  0xf800, 0xf800, 0xf800, 0xf800, 0xf800, 0xf800, 0xf800, 0xf800,
  0xf800, 0xf800, 0xf800, 0xf800, 0xf800, 0xf800, 0xf800, 0xf800,
  0xf800, 0xf800, 0xf800, 0xf800, 0xf800, 0xf800, 0xf800, 0xf800,
  0xf800, 0xf800, 0xf800, 0xf800, 0xf800, 0xf800, 0xf800, 0xf800,
  0xf800, 0xf800, 0xf800, 0xf800, 0xf800, 0xf800, 0xf800, 0xf800,
  0xf800, 0xf800, 0xf800, 0xf800, 0xf800, 0xf800, 0xf800, 0xf800,
  0xf800, 0xf800, 0xf800, 0xf800, 0xf800, 0xf800, 0xf800, 0xf800,
  0xf800, 0xf800, 0xf800, 0xf800, 0xf800, 0xf800, 0xf800, 0xf800,
  0xf800, 0xf800, 0xf800, 0xf800, 0xf800, 0xf800, 0xfda0, 0xfda0,
  0xfda0, 0xfda0, 0xfda0, 0xfda0, 0xfda0, 0xfda0, 0xfda0, 0xfda0,
  0xfda0, 0xfda0, 0xfda0, 0xfda0, 0xfda0, 0xfda0, 0xfda0, 0xfda0,
  0xfda0, 0xfda0, 0xfda0, 0xf800, 0xf800, 0xf800, 0xf800, 0xf800,
  0xf800, 0xf800, 0xf800, 0xf800, 0xf800, 0xf800, 0xf800, 0xf800,
  0xf800, 0xf800, 0xf800, 0xf800, 0xf800, 0xf800, 0xf800, 0xf800,
  0xf800, 0xf800, 0xf800, 0xf800, 0xf800, 0xf800, 0xf800, 0xf800,
  0xf800, 0xf800, 0xf800, 0xf800, 0xf800, 0xf800, 0xf800, 0xf800,
  0xf800, 0xf800, 0xf800, 0xf800, 0xf800, 0xf800, 0xf800, 0xf800,
  0xf800, 0xf800, 0xf800, 0xf800, 0xf800, 0xf800, 0xf800, 0xf800,
  0xf800, 0xf800, 0xf800, 0xf800, 0xf800, 0xf800, 0xf800, 0xf800,
  0xf800, 0xf800, 0xf800, 0xf800, 0xf800, 0xf800, 0xf800, 0xf800,
  0xf800, 0xf800, 0xf800, 0xf800, 0xf800, 0xf800, 0xf800, 0xf800,
  0xf800, 0xf800, 0xf800, 0xf800, 0xf800, 0xf800, 0xf800, 0xf800,
  0xf800, 0xf800, 0xf800, 0xf800, 0xf800, 0xf800, 0xf800, 0xf800,
  0xf800, 0xf800, 0xf800, 0xf800, 0xf800, 0xf800, 0xf800, 0xf800,
  0xf800, 0xf800, 0xf800, 0xf800, 0xf800, 0xf800, 0xf800, 0xf800,
  0xf800, 0xf800, 0xf800, 0xf800, 0xf800, 0xf800, 0xf800, 0xf800,
  0xf800, 0xf800, 0xf800, 0xf800, 0xf800, 0xf800, 0xf800, 0xf800,
  0xf800, 0xf800, 0xf800, 0xf800, 0xf800, 0xf800, 0xf800, 0xf800,
  0xf800, 0xf800, 0xf800, 0xf800, 0xf800, 0xf800, 0xf800, 0xf800,
  0xf800, 0xf800, 0xf800, 0xf800, 0xf800, 0xf800, 0xf800, 0xf800,
  0xf800, 0xf800, 0xf800, 0xf800, 0xf800, 0xf800, 0xf800, 0xf800,
  0xf800, 0xf800, 0xf800, 0xf800, 0xf800, 0xf800, 0xf800, 0xf800,
  0xf800, 0xf800, 0xf800, 0xf800, 0xf800, 0xf800, 0xf800, 0xf800,
  0xf800, 0xf800, 0xf800, 0xf800, 0xf800, 0xf800, 0xf800, 0xf800,
  0xf800, 0xf800, 0xf800, 0xf800, 0xf800, 0xf800, 0xf800, 0xf800,
  0xf800, 0xf800, 0xf800, 0xf800, 0xf800, 0xf800, 0xf800, 0xf800,
  0xf800, 0xf800, 0xf800, 0xf800, 0xf800, 0xf800, 0xf800, 0xf800,
  0xf800, 0xf800, 0xf800, 0xf800, 0xf800, 0xf800, 0xf800, 0xf800,
  0xf800, 0xf800, 0xf800, 0xf800, 0xfd80, 0xfdc0, 0xfda0, 0xfda0,
  0xfda0, 0xfda0, 0xfda0, 0xfda0, 0xfda0, 0xfda0, 0xfda0, 0xfda0,
  0xfda0, 0xfda0, 0xfda0, 0xfda0, 0xfda0, 0xfda0, 0xfda0, 0xfda0,
  0xfda0, 0xfdc0, 0xfdc0, 0xfda0, 0xf800, 0xf800, 0xf800, 0xf800,
  0xf800, 0xf800, 0xf800, 0xf800, 0xf800, 0xf800, 0xf800, 0xf800,
  0xf800, 0xf800, 0xf800, 0xf800, 0xf800, 0xf800, 0xf800, 0xf800,
  0xf800, 0xf800, 0xf800, 0xf800, 0xf800, 0xf800, 0xf800, 0xf800,
  0xf800, 0xf800, 0xf800, 0xf800, 0xf800, 0xf800, 0xf800, 0xf800,
  0xf800, 0xf800, 0xf800, 0xf800, 0xf800, 0xf800, 0xf800, 0xf800,
  0xf800, 0xf800, 0xf800, 0xf800, 0xf800, 0xf800, 0xf800, 0xf800,
  0xf800, 0xf800, 0xf800, 0xf800, 0xf800, 0xf800, 0xf800, 0xf800,
  0xf800, 0xf800, 0xf800, 0xf800, 0xf800, 0xf800, 0xf800, 0xf800,
  0xf800, 0xf800, 0xf800, 0xf800, 0xf800, 0xf800, 0xf800, 0xf800,
  0xf800, 0xf800, 0xf800, 0xf800, 0xf800, 0xf800, 0xf800, 0xf800,
  0xf800, 0xf800, 0xf800, 0xf800, 0xf800, 0xf800, 0xf800, 0xf800,
  0xf800, 0xf800, 0xf800, 0xf800, 0xf800, 0xf800, 0xf800, 0xf800,
  0xf800, 0xf800, 0xf800, 0xf800, 0xf800, 0xf800, 0xf800, 0xf800,
  0xf800, 0xf800, 0xf800, 0xf800, 0xf800, 0xf800, 0xf800, 0xf800,
  0xf800, 0xf800, 0xf800, 0xf800, 0xf800, 0xf800, 0xf800, 0xf800,
  0xf800, 0xf800, 0xf800, 0xf800, 0xf800, 0xf800, 0xf800, 0xf800,
  0xf800, 0xf800, 0xf800, 0xf800, 0xf800, 0xf800, 0xf800, 0xf800,
  0xf800, 0xf800, 0xf800, 0xf800, 0xf800, 0xf800, 0xf800, 0xf800,
  0xf800, 0xf800, 0xf800, 0xf800, 0xf800, 0xf800, 0xf800, 0xf800,
  0xf800, 0xf800, 0xf800, 0xf800, 0xf800, 0xf800, 0xf800, 0xf800,
  0xf800, 0xf800, 0xf800, 0xf800, 0xf800, 0xf800, 0xf800, 0xf800,
  0xf800, 0xf800, 0xf800, 0xf800, 0xf800, 0xf800, 0xf800, 0xf800,
  0xf800, 0xf800, 0xf800, 0xf800, 0xf800, 0xf800, 0xf800, 0xf800,
  0xf800, 0xf800, 0xf800, 0xf800, 0xf800, 0xf800, 0xf800, 0xf800,
  0xf800, 0xf800, 0xf800, 0xf800, 0xf800, 0xf800, 0xf800, 0xf800,
  0xf800, 0xf800, 0xf800, 0xf800, 0xf800, 0xf800, 0xf800, 0xf800,
  0xf800, 0xf800, 0xf800, 0xfda0, 0xfda0, 0xfda0, 0xfda0, 0xfda0,
  0xfda0, 0xfda0, 0xfda0, 0xfda0, 0xfda0, 0xfda0, 0xfda0, 0xfda0,
  0xfda0, 0xfda0, 0xfda0, 0xfda0, 0xfda0, 0xfda0, 0xfda0, 0xfda0,
  0xfda0, 0xfda0, 0xfdc0, 0xfdc0, 0xfda0, 0xfda0, 0xf800, 0xf800,
  0xf800, 0xf800, 0xf800, 0xf800, 0xf800, 0xf800, 0xf800, 0xf800,
  0xf800, 0xf800, 0xf800, 0xf800, 0xf800, 0xf800, 0xf800, 0xf800,
  0xf800, 0xf800, 0xf800, 0xf800, 0xf800, 0xf800, 0xf800, 0xf800,
  0xf800, 0xf800, 0xf800, 0xf800, 0xf800, 0xf800, 0xf800, 0xf800,
  0xf800, 0xf800, 0xf800, 0xf800, 0xf800, 0xf800, 0xf800, 0xf800,
  0xf800, 0xf800, 0xf800, 0xf800, 0xf800, 0xf800, 0xf800, 0xf800,
  0xf800, 0xf800, 0xf800, 0xf800, 0xf800, 0xf800, 0xf800, 0xf800,
  0xf800, 0xf800, 0xf800, 0xf800, 0xf800, 0xf800, 0xf800, 0xf800,
  0xf800, 0xf800, 0xf800, 0xf800, 0xf800, 0xf800, 0xf800, 0xf800,
  0xf800, 0xf800, 0xf800, 0xf800, 0xf800, 0xf800, 0xf800, 0xf800,
  0xf800, 0xf800, 0xf800, 0xf800, 0xf800, 0xf800, 0xf800, 0xf800,
  0xf800, 0xf800, 0xf800, 0xf800, 0xf800, 0xf800, 0xf800, 0xf800,
  0xf800, 0xf800, 0xf800, 0xf800, 0xf800, 0xf800, 0xf800, 0xf800,
  0xf800, 0xf800, 0xf800, 0xf800, 0xf800, 0xf800, 0xf800, 0xf800,
  0xf800, 0xf800, 0xf800, 0xf800, 0xf800, 0xf800, 0xf800, 0xf800,
  0xf800, 0xf800, 0xf800, 0xf800, 0xf800, 0xf800, 0xf800, 0xf800,
  0xf800, 0xf800, 0xf800, 0xf800, 0xf800, 0xf800, 0xf800, 0xf800,
  0xf800, 0xf800, 0xf800, 0xf800, 0xf800, 0xf800, 0xf800, 0xf800,
  0xf800, 0xf800, 0xf800, 0xf800, 0xf800, 0xf800, 0xf800, 0xf800,
  0xf800, 0xf800, 0xf800, 0xf800, 0xf800, 0xf800, 0xf800, 0xf800,
  0xf800, 0xf800, 0xf800, 0xf800, 0xf800, 0xf800, 0xf800, 0xf800,
  0xf800, 0xf800, 0xf800, 0xf800, 0xf800, 0xf800, 0xf800, 0xf800,
  0xf800, 0xf800, 0xf800, 0xf800, 0xf800, 0xf800, 0xf800, 0xf800,
  0xf800, 0xf800, 0xf800, 0xf800, 0xf800, 0xf800, 0xf800, 0xf800,
  0xf800, 0xf800, 0xf800, 0xf800, 0xf800, 0xf800, 0xf800, 0xf800,
  0xf800, 0xf800, 0xf800, 0xf800, 0xf800, 0xf800, 0xf800, 0xf800,
  0xf800, 0xf800, 0xfda0, 0xfda0, 0xfda0, 0xfda0, 0xfda0, 0xfda0,
  0xfda0, 0xfda0, 0xfda0, 0xfda0, 0xfda0, 0xfda0, 0xfda0, 0xfda0,
  0xfda0, 0xfda0, 0xfda0, 0xfda0, 0xfda0, 0xfda0, 0xfda0, 0xfda0,
  0xfda0, 0xfda0, 0xfda0, 0xfda0, 0xfda0, 0xfda0, 0xfda0, 0xf800,
  0xf800, 0xf800, 0xf800, 0xf800, 0xf800, 0xf800, 0xf800, 0xf800,
  0xf800, 0xf800, 0xf800, 0xf800, 0xf800, 0xf800, 0xf800, 0xf800,
  0xf800, 0xf800, 0xf800, 0xf800, 0xf800, 0xf800, 0xf800, 0xf800,
  0xf800, 0xf800, 0xf800, 0xf800, 0xf800, 0xf800, 0xf800, 0xf800,
  0xf800, 0xf800, 0xf800, 0xf800, 0xf800, 0xf800, 0xf800, 0xf800,
  0xf800, 0xf800, 0xf800, 0xf800, 0xf800, 0xf800, 0xf800, 0xf800,
  0xf800, 0xf800, 0xf800, 0xf800, 0xf800, 0xf800, 0xf800, 0xf800,
  0xf800, 0xf800, 0xf800, 0xf800, 0xf800, 0xf800, 0xf800, 0xf800,
  0xf800, 0xf800, 0xf800, 0xf800, 0xf800, 0xf800, 0xf800, 0xf800,
  0xf800, 0xf800, 0xf800, 0xf800, 0xf800, 0xf800, 0xf800, 0xf800,
  0xf800, 0xf800, 0xf800, 0xf800, 0xf800, 0xf800, 0xf800, 0xf800,
  0xf800, 0xf800, 0xf800, 0xf800, 0xf800, 0xf800, 0xf800, 0xf800,
  0xf800, 0xf800, 0xf800, 0xf800, 0xf800, 0xf800, 0xf800, 0xf800,
  0xf800, 0xf800, 0xf800, 0xf800, 0xf800, 0xf800, 0xf800, 0xf800,
  0xf800, 0xf800, 0xf800, 0xf800, 0xf800, 0xf800, 0xf800, 0xf800,
  0xf800, 0xf800, 0xf800, 0xf800, 0xf800, 0xf800, 0xf800, 0xf800,
  0xf800, 0xf800, 0xf800, 0xf800, 0xf800, 0xf800, 0xf800, 0xf800,
  0xf800, 0xf800, 0xf800, 0xf800, 0xf800, 0xf800, 0xf800, 0xf800,
  0xf800, 0xf800, 0xf800, 0xf800, 0xf800, 0xf800, 0xf800, 0xf800,
  0xf800, 0xf800, 0xf800, 0xf800, 0xf800, 0xf800, 0xf800, 0xf800,
  0xf800, 0xf800, 0xf800, 0xf800, 0xf800, 0xf800, 0xf800, 0xf800,
  0xf800, 0xf800, 0xf800, 0xf800, 0xf800, 0xf800, 0xf800, 0xf800,
  0xf800, 0xf800, 0xf800, 0xf800, 0xf800, 0xf800, 0xf800, 0xf800,
  0xf800, 0xf800, 0xf800, 0xf800, 0xf800, 0xf800, 0xf800, 0xf800,
  0xf800, 0xf800, 0xf800, 0xf800, 0xf800, 0xf800, 0xf800, 0xf800,
  0xf800, 0xf800, 0xf800, 0xf800, 0xf800, 0xf800, 0xf800, 0xf800,
  0xf800, 0xfda0, 0xfdc0, 0xfda0, 0xfda0, 0xfda0, 0xfda0, 0xfda0,
  0xfda0, 0xfda0, 0xfda0, 0xfda0, 0xfda0, 0xfda0, 0xfda0, 0xfda0,
  0xfda0, 0xfda0, 0xfda0, 0xfda0, 0xfda0, 0xfda0, 0xfda0, 0xfda0,
  0xfda0, 0xfda0, 0xfda0, 0xfda0, 0xfdc0, 0xfdc0, 0xfda0, 0xfda0,
  0xf800, 0xf800, 0xf800, 0xf800, 0xf800, 0xf800, 0xf800, 0xf800,
  0xf800, 0xf800, 0xf800, 0xf800, 0xf800, 0xf800, 0xf800, 0xf800,
  0xf800, 0xf800, 0xf800, 0xf800, 0xf800, 0xf800, 0xf800, 0xf800,
  0xf800, 0xf800, 0xf800, 0xf800, 0xf800, 0xf800, 0xf800, 0xf800,
  0xf800, 0xf800, 0xf800, 0xf800, 0xf800, 0xf800, 0xf800, 0xf800,
  0xf800, 0xf800, 0xf800, 0xf800, 0xf800, 0xf800, 0xf800, 0xf800,
  0xf800, 0xf800, 0xf800, 0xf800, 0xf800, 0xf800, 0xf800, 0xf800,
  0xf800, 0xf800, 0xf800, 0xf800, 0xf800, 0xf800, 0xf800, 0xf800,
  0xf800, 0xf800, 0xf800, 0xf800, 0xf800, 0xf800, 0xf800, 0xf800,
  0xf800, 0xf800, 0xf800, 0xf800, 0xf800, 0xf800, 0xf800, 0xf800,
  0xf800, 0xf800, 0xf800, 0xf800, 0xf800, 0xf800, 0xf800, 0xf800,
  0xf800, 0xf800, 0xf800, 0xf800, 0xf800, 0xf800, 0xf800, 0xf800,
  0xf800, 0xf800, 0xf800, 0xf800, 0xf800, 0xf800, 0xf800, 0xf800,
  0xf800, 0xf800, 0xf800, 0xf800, 0xf800, 0xf800, 0xf800, 0xf800,
  0xf800, 0xf800, 0xf800, 0xf800, 0xf800, 0xf800, 0xf800, 0xf800,
  0xf800, 0xf800, 0xf800, 0xf800, 0xf800, 0xf800, 0xf800, 0xf800,
  0xf800, 0xf800, 0xf800, 0xf800, 0xf800, 0xf800, 0xf800, 0xf800,
  0xf800, 0xf800, 0xf800, 0xf800, 0xf800, 0xf800, 0xf800, 0xf800,
  0xf800, 0xf800, 0xf800, 0xf800, 0xf800, 0xf800, 0xf800, 0xf800,
  0xf800, 0xf800, 0xf800, 0xf800, 0xf800, 0xf800, 0xf800, 0xf800,
  0xf800, 0xf800, 0xf800, 0xf800, 0xf800, 0xf800, 0xf800, 0xf800,
  0xf800, 0xf800, 0xf800, 0xf800, 0xf800, 0xf800, 0xf800, 0xf800,
  0xf800, 0xf800, 0xf800, 0xf800, 0xf800, 0xf800, 0xf800, 0xf800,
  0xf800, 0xf800, 0xf800, 0xf800, 0xf800, 0xf800, 0xf800, 0xf800,
  0xf800, 0xf800, 0xf800, 0xf800, 0xf800, 0xf800, 0xf800, 0xf800,
  0xf800, 0xf800, 0xf800, 0xf800, 0xf800, 0xf800, 0xf800, 0xf800,
  0xfda0, 0xfda0, 0xfda0, 0xfda0, 0xfda0, 0xfda0, 0xfda0, 0xfda0,
  0xfda0, 0xfda0, 0xfda0, 0xfda0, 0xfda0, 0xfda0, 0xfda0, 0xfda0,
  0xfda0, 0xfda0, 0xfda0, 0xfda0, 0xfda0, 0xfda0, 0xfda0, 0xfda0,
  0xfda0, 0xfda0, 0xfda0, 0xfda0, 0xfda0, 0xfda0, 0xfda0, 0xfda0,
  0xfda0, 0xf800, 0xf800, 0xf800, 0xf800, 0xf800, 0xf800, 0xf800,
  0xf800, 0xf800, 0xf800, 0xf800, 0xf800, 0xf800, 0xf800, 0xf800,
  0xf800, 0xf800, 0xf800, 0xf800, 0xf800, 0xf800, 0xf800, 0xf800,
  0xf800, 0xf800, 0xf800, 0xf800, 0xf800, 0xf800, 0xf800, 0xf800,
  0xf800, 0xf800, 0xf800, 0xf800, 0xf800, 0xf800, 0xf800, 0xf800,
  0xf800, 0xf800, 0xf800, 0xf800, 0xf800, 0xf800, 0xf800, 0xf800,
  0xf800, 0xf800, 0xf800, 0xf800, 0xf800, 0xf800, 0xf800, 0xf800,
  0xf800, 0xf800, 0xf800, 0xf800, 0xf800, 0xf800, 0xf800, 0xf800,
  0xf800, 0xf800, 0xf800, 0xf800, 0xf800, 0xf800, 0xf800, 0xf800,
  0xf800, 0xf800, 0xf800, 0xf800, 0xf800, 0xf800, 0xf800, 0xf800,
  0xf800, 0xf800, 0xf800, 0xf800, 0xf800, 0xf800, 0xf800, 0xf800,
  0xf800, 0xf800, 0xf800, 0xf800, 0xf800, 0xf800, 0xf800, 0xf800,
  0xf800, 0xf800, 0xf800, 0xf800, 0xf800, 0xf800, 0xf800, 0xf800,
  0xf800, 0xf800, 0xf800, 0xf800, 0xf800, 0xf800, 0xf800, 0xf800,
  0xf800, 0xf800, 0xf800, 0xf800, 0xf800, 0xf800, 0xf800, 0xf800,
  0xf800, 0xf800, 0xf800, 0xf800, 0xf800, 0xf800, 0xf800, 0xf800,
  0xf800, 0xf800, 0xf800, 0xf800, 0xf800, 0xf800, 0xf800, 0xf800,
  0xf800, 0xf800, 0xf800, 0xf800, 0xf800, 0xf800, 0xf800, 0xf800,
  0xf800, 0xf800, 0xf800, 0xf800, 0xf800, 0xf800, 0xf800, 0xf800,
  0xf800, 0xf800, 0xf800, 0xf800, 0xf800, 0xf800, 0xf800, 0xf800,
  0xf800, 0xf800, 0xf800, 0xf800, 0xf800, 0xf800, 0xf800, 0xf800,
  0xf800, 0xf800, 0xf800, 0xf800, 0xf800, 0xf800, 0xf800, 0xf800,
  0xf800, 0xf800, 0xf800, 0xf800, 0xf800, 0xf800, 0xf800, 0xf800,
  0xf800, 0xf800, 0xf800, 0xf800, 0xf800, 0xf800, 0xf800, 0xf800,
  0xf800, 0xf800, 0xf800, 0xf800, 0xf800, 0xf800, 0xf800, 0xf800,
  0xf800, 0xf800, 0xf800, 0xf800, 0xf800, 0xf800, 0xf800, 0xfda0,
  0xfdc0, 0xfda0, 0xfda0, 0xfda0, 0xfda0, 0xfda0, 0xfda0, 0xfda0,
  0xfda0, 0xfda0, 0xfda0, 0xfda0, 0xfda0, 0xfda0, 0xfdc0, 0xfda0,
  0xfda0, 0xfdc0, 0xfda0, 0xfda0, 0xfda0, 0xfdc0, 0xfda0, 0xfda0,
  0xfda0, 0xfda0, 0xfda0, 0xfda0, 0xfda0, 0xfda0, 0xfda0, 0xfdc0,
  0xfdc0, 0xfda0, 0xf800, 0xf800, 0xf800, 0xf800, 0xf800, 0xf800,
  0xf800, 0xf800, 0xf800, 0xf800, 0xf800, 0xf800, 0xf800, 0xf800,
  0xf800, 0xf800, 0xf800, 0xf800, 0xf800, 0xf800, 0xf800, 0xf800,
  0xf800, 0xf800, 0xf800, 0xf800, 0xf800, 0xf800, 0xf800, 0xf800,
  0xf800, 0xf800, 0xf800, 0xf800, 0xf800, 0xf800, 0xf800, 0xf800,
  0xf800, 0xf800, 0xf800, 0xf800, 0xf800, 0xf800, 0xf800, 0xf800,
  0xf800, 0xf800, 0xf800, 0xf800, 0xf800, 0xf800, 0xf800, 0xf800,
  0xf800, 0xf800, 0xf800, 0xf800, 0xf800, 0xf800, 0xf800, 0xf800,
  0xf800, 0xf800, 0xf800, 0xf800, 0xf800, 0xf800, 0xf800, 0xf800,
  0xf800, 0xf800, 0xf800, 0xf800, 0xf800, 0xf800, 0xf800, 0xf800,
  0xf800, 0xf800, 0xf800, 0xf800, 0xf800, 0xf800, 0xf800, 0xf800,
  0xf800, 0xf800, 0xf800, 0xf800, 0xf800, 0xf800, 0xf800, 0xf800,
  0xf800, 0xf800, 0xf800, 0xf800, 0xf800, 0xf800, 0xf800, 0xf800,
  0xf800, 0xf800, 0xf800, 0xf800, 0xf800, 0xf800, 0xf800, 0xf800,
  0xf800, 0xf800, 0xf800, 0xf800, 0xf800, 0xf800, 0xf800, 0xf800,
  0xf800, 0xf800, 0xf800, 0xf800, 0xf800, 0xf800, 0xf800, 0xf800,
  0xf800, 0xf800, 0xf800, 0xf800, 0xf800, 0xf800, 0xf800, 0xf800,
  0xf800, 0xf800, 0xf800, 0xf800, 0xf800, 0xf800, 0xf800, 0xf800,
  0xf800, 0xf800, 0xf800, 0xf800, 0xf800, 0xf800, 0xf800, 0xf800,
  0xf800, 0xf800, 0xf800, 0xf800, 0xf800, 0xf800, 0xf800, 0xf800,
  0xf800, 0xf800, 0xf800, 0xf800, 0xf800, 0xf800, 0xf800, 0xf800,
  0xf800, 0xf800, 0xf800, 0xf800, 0xf800, 0xf800, 0xf800, 0xf800,
  0xf800, 0xf800, 0xf800, 0xf800, 0xf800, 0xf800, 0xf800, 0xf800,
  0xf800, 0xf800, 0xf800, 0xf800, 0xf800, 0xf800, 0xf800, 0xf800,
  0xf800, 0xf800, 0xf800, 0xf800, 0xf800, 0xf800, 0xf800, 0xf800,
  0xf800, 0xf800, 0xf800, 0xf800, 0xf800, 0xf800, 0xfda0, 0xfda0,
  0xfda0, 0xfda0, 0xfda0, 0xfda0, 0xfda0, 0xfda0, 0xfda0, 0xfda0,
  0xfda0, 0xfda0, 0xfda0, 0xfda0, 0xfda0, 0xfda0, 0xfda0, 0xfda0,
  0xfda0, 0xfda0, 0xfda0, 0xfda0, 0xfda0, 0xfda0, 0xfda0, 0xfda0,
  0xfda0, 0xfda0, 0xfda0, 0xfda0, 0xfda0, 0xfda0, 0xfda0, 0xfdc0,
  0xfda0, 0xfda1, 0xf800, 0xf800, 0xf800, 0xf800, 0xf800, 0xf800,
  0xf800, 0xf800, 0xf800, 0xf800, 0xf800, 0xf800, 0xf800, 0xf800,
  0xf800, 0xf800, 0xf800, 0xf800, 0xf800, 0xf800, 0xf800, 0xf800,
  0xf800, 0xf800, 0xf800, 0xf800, 0xf800, 0xf800, 0xf800, 0xf800,
  0xf800, 0xf800, 0xf800, 0xf800, 0xf800, 0xf800, 0xf800, 0xf800,
  0xf800, 0xf800, 0xf800, 0xf800, 0xf800, 0xf800, 0xf800, 0xf800,
  0xf800, 0xf800, 0xf800, 0xf800, 0xf800, 0xf800, 0xf800, 0xf800,
  0xf800, 0xf800, 0xf800, 0xf800, 0xf800, 0xf800, 0xf800, 0xf800,
  0xf800, 0xf800, 0xf800, 0xf800, 0xf800, 0xf800, 0xf800, 0xf800,
  0xf800, 0xf800, 0xf800, 0xf800, 0xf800, 0xf800, 0xf800, 0xf800,
  0xf800, 0xf800, 0xf800, 0xf800, 0xf800, 0xf800, 0xf800, 0xf800,
  0xf800, 0xf800, 0xf800, 0xf800, 0xf800, 0xf800, 0xf800, 0xf800,
  0xf800, 0xf800, 0xf800, 0xf800, 0xf800, 0xf800, 0xf800, 0xf800,
  0xf800, 0xf800, 0xf800, 0xf800, 0xf800, 0xf800, 0xf800, 0xf800,
  0xf800, 0xf800, 0xf800, 0xf800, 0xf800, 0xf800, 0xf800, 0xf800,
  0xf800, 0xf800, 0xf800, 0xf800, 0xf800, 0xf800, 0xf800, 0xf800,
  0xf800, 0xf800, 0xf800, 0xf800, 0xf800, 0xf800, 0xf800, 0xf800,
  0xf800, 0xf800, 0xf800, 0xf800, 0xf800, 0xf800, 0xf800, 0xf800,
  0xf800, 0xf800, 0xf800, 0xf800, 0xf800, 0xf800, 0xf800, 0xf800,
  0xf800, 0xf800, 0xf800, 0xf800, 0xf800, 0xf800, 0xf800, 0xf800,
  0xf800, 0xf800, 0xf800, 0xf800, 0xf800, 0xf800, 0xf800, 0xf800,
  0xf800, 0xf800, 0xf800, 0xf800, 0xf800, 0xf800, 0xf800, 0xf800,
  0xf800, 0xf800, 0xf800, 0xf800, 0xf800, 0xf800, 0xf800, 0xf800,
  0xf800, 0xf800, 0xf800, 0xf800, 0xf800, 0xf800, 0xf800, 0xf800,
  0xf800, 0xf800, 0xf800, 0xf800, 0xf800, 0xf800, 0xf800, 0xf800,
  0xf800, 0xf800, 0xf800, 0xf800, 0xf800, 0xf800, 0xfda1, 0xfda0,
  0xfda0, 0xfda0, 0xfda0, 0xfda0, 0xfda0, 0xfda0, 0xfda0, 0xfda0,
  0xfda0, 0xfda0, 0xfda0, 0xfdc0, 0xfde0, 0xfde0, 0xfde1, 0xfdc0,
  0xfdc0, 0xfdc0, 0xfde0, 0xfdc0, 0xfde0, 0xfda0, 0xfda0, 0xfda0,
  0xfda0, 0xfda0, 0xfda0, 0xfda0, 0xfda0, 0xfda0, 0xfda0, 0xfda0,
  0xfdc0, 0xfda1, 0xfda1, 0xf800, 0xf800, 0xf800, 0xf800, 0xf800,
  0xf800, 0xf800, 0xf800, 0xf800, 0xf800, 0xf800, 0xf800, 0xf800,
  0xf800, 0xf800, 0xf800, 0xf800, 0xf800, 0xf800, 0xf800, 0xf800,
  0xf800, 0xf800, 0xf800, 0xf800, 0xf800, 0xf800, 0xf800, 0xf800,
  0xf800, 0xf800, 0xf800, 0xf800, 0xf800, 0xf800, 0xf800, 0xf800,
  0xf800, 0xf800, 0xf800, 0xf800, 0xf800, 0xf800, 0xf800, 0xf800,
  0xf800, 0xf800, 0xf800, 0xf800, 0xf800, 0xf800, 0xf800, 0xf800,
  0xf800, 0xf800, 0xf800, 0xf800, 0xf800, 0xf800, 0xf800, 0xf800,
  0xf800, 0xf800, 0xf800, 0xf800, 0xf800, 0xf800, 0xf800, 0xf800,
  0xf800, 0xf800, 0xf800, 0xf800, 0xf800, 0xf800, 0xf800, 0xf800,
  0xf800, 0xf800, 0xf800, 0xf800, 0xf800, 0xf800, 0xf800, 0xf800,
  0xf800, 0xf800, 0xf800, 0xf800, 0xf800, 0xf800, 0xf800, 0xf800,
  0xf800, 0xf800, 0xf800, 0xf800, 0xf800, 0xf800, 0xf800, 0xf800,
  0xf800, 0xf800, 0xf800, 0xf800, 0xf800, 0xf800, 0xf800, 0xf800,
  0xf800, 0xf800, 0xf800, 0xf800, 0xf800, 0xf800, 0xf800, 0xf800,
  0xf800, 0xf800, 0xf800, 0xf800, 0xf800, 0xf800, 0xf800, 0xf800,
  0xf800, 0xf800, 0xf800, 0xf800, 0xf800, 0xf800, 0xf800, 0xf800,
  0xf800, 0xf800, 0xf800, 0xf800, 0xf800, 0xf800, 0xf800, 0xf800,
  0xf800, 0xf800, 0xf800, 0xf800, 0xf800, 0xf800, 0xf800, 0xf800,
  0xf800, 0xf800, 0xf800, 0xf800, 0xf800, 0xf800, 0xf800, 0xf800,
  0xf800, 0xf800, 0xf800, 0xf800, 0xf800, 0xf800, 0xf800, 0xf800,
  0xf800, 0xf800, 0xf800, 0xf800, 0xf800, 0xf800, 0xf800, 0xf800,
  0xf800, 0xf800, 0xf800, 0xf800, 0xf800, 0xf800, 0xf800, 0xf800,
  0xf800, 0xf800, 0xf800, 0xf800, 0xf800, 0xf800, 0xf800, 0xf800,
  0xf800, 0xf800, 0xf800, 0xf800, 0xf800, 0xf800, 0xf800, 0xf800,
  0xf800, 0xf800, 0xf800, 0xf800, 0xf800, 0xfdc0, 0xfda0, 0xfda0,
  0xfda0, 0xfda0, 0xfda0, 0xfda0, 0xfda0, 0xfda0, 0xfda0, 0xfdc0,
  0xfdc1, 0xfdc0, 0xfdc0, 0xe520, 0xb420, 0x8b00, 0x6a40, 0x51e0,
  0x51c0, 0x5a00, 0x7280, 0x9360, 0xcc81, 0xf580, 0xfdc0, 0xfdc0,
  0xfdc0, 0xfda0, 0xfda0, 0xfdc0, 0xfda0, 0xfda0, 0xfda0, 0xfda0,
  0xfda0, 0xfdc0, 0xfda0, 0xfd80, 0xf800, 0xf800, 0xf800, 0xf800,
  0xf800, 0xf800, 0xf800, 0xf800, 0xf800, 0xf800, 0xf800, 0xf800,
  0xf800, 0xf800, 0xf800, 0xf800, 0xf800, 0xf800, 0xf800, 0xf800,
  0xf800, 0xf800, 0xf800, 0xf800, 0xf800, 0xf800, 0xf800, 0xf800,
  0xf800, 0xf800, 0xf800, 0xf800, 0xf800, 0xf800, 0xf800, 0xf800,
  0xf800, 0xf800, 0xf800, 0xf800, 0xf800, 0xf800, 0xf800, 0xf800,
  0xf800, 0xf800, 0xf800, 0xf800, 0xf800, 0xf800, 0xf800, 0xf800,
  0xf800, 0xf800, 0xf800, 0xf800, 0xf800, 0xf800, 0xf800, 0xf800,
  0xf800, 0xf800, 0xf800, 0xf800, 0xf800, 0xf800, 0xf800, 0xf800,
  0xf800, 0xf800, 0xf800, 0xf800, 0xf800, 0xf800, 0xf800, 0xf800,
  0xf800, 0xf800, 0xf800, 0xf800, 0xf800, 0xf800, 0xf800, 0xf800,
  0xf800, 0xf800, 0xf800, 0xf800, 0xf800, 0xf800, 0xf800, 0xf800,
  0xf800, 0xf800, 0xf800, 0xf800, 0xf800, 0xf800, 0xf800, 0xf800,
  0xf800, 0xf800, 0xf800, 0xf800, 0xf800, 0xf800, 0xf800, 0xf800,
  0xf800, 0xf800, 0xf800, 0xf800, 0xf800, 0xf800, 0xf800, 0xf800,
  0xf800, 0xf800, 0xf800, 0xf800, 0xf800, 0xf800, 0xf800, 0xf800,
  0xf800, 0xf800, 0xf800, 0xf800, 0xf800, 0xf800, 0xf800, 0xf800,
  0xf800, 0xf800, 0xf800, 0xf800, 0xf800, 0xf800, 0xf800, 0xf800,
  0xf800, 0xf800, 0xf800, 0xf800, 0xf800, 0xf800, 0xf800, 0xf800,
  0xf800, 0xf800, 0xf800, 0xf800, 0xf800, 0xf800, 0xf800, 0xf800,
  0xf800, 0xf800, 0xf800, 0xf800, 0xf800, 0xf800, 0xf800, 0xf800,
  0xf800, 0xf800, 0xf800, 0xf800, 0xf800, 0xf800, 0xf800, 0xf800,
  0xf800, 0xf800, 0xf800, 0xf800, 0xf800, 0xf800, 0xf800, 0xf800,
  0xf800, 0xf800, 0xf800, 0xf800, 0xf800, 0xf800, 0xf800, 0xf800,
  0xf800, 0xf800, 0xf800, 0xf800, 0xf800, 0xf800, 0xf800, 0xf800,
  0xf800, 0xf800, 0xf800, 0xf800, 0xfda0, 0xfdc0, 0xfda0, 0xfda0,
  0xfda0, 0xfda0, 0xfda0, 0xfda0, 0xfda0, 0xfdc0, 0xfdc0, 0xfdc1,
  0xf5a1, 0xb420, 0x5a01, 0x18a1, 0x0001, 0x0001, 0x0000, 0x0000,
  0x0000, 0x0000, 0x0000, 0x0001, 0x0821, 0x3101, 0x7b00, 0xdcc0,
  0xfde0, 0xfdc1, 0xfda1, 0xfda0, 0xfda0, 0xfda0, 0xfda0, 0xfda0,
  0xfda0, 0xfda0, 0xfda0, 0xfda0, 0xf800, 0xf800, 0xf800, 0xf800,
  0xf800, 0xf800, 0xf800, 0xf800, 0xf800, 0xf800, 0xf800, 0xf800,
  0xf800, 0xf800, 0xf800, 0xf800, 0xf800, 0xf800, 0xf800, 0xf800,
  0xf800, 0xf800, 0xf800, 0xf800, 0xf800, 0xf800, 0xf800, 0xf800,
  0xf800, 0xf800, 0xf800, 0xf800, 0xf800, 0xf800, 0xf800, 0xf800,
  0xf800, 0xf800, 0xf800, 0xf800, 0xf800, 0xf800, 0xf800, 0xf800,
  0xf800, 0xf800, 0xf800, 0xf800, 0xf800, 0xf800, 0xf800, 0xf800,
  0xf800, 0xf800, 0xf800, 0xf800, 0xf800, 0xf800, 0xf800, 0xf800,
  0xf800, 0xf800, 0xf800, 0xf800, 0xf800, 0xf800, 0xf800, 0xf800,
  0xf800, 0xf800, 0xf800, 0xf800, 0xf800, 0xf800, 0xf800, 0xf800,
  0xf800, 0xf800, 0xf800, 0xf800, 0xf800, 0xf800, 0xf800, 0xf800,
  0xf800, 0xf800, 0xf800, 0xf800, 0xf800, 0xf800, 0xf800, 0xf800,
  0xf800, 0xf800, 0xf800, 0xf800, 0xf800, 0xf800, 0xf800, 0xf800,
  0xf800, 0xf800, 0xf800, 0xf800, 0xf800, 0xf800, 0xf800, 0xf800,
  0xf800, 0xf800, 0xf800, 0xf800, 0xf800, 0xf800, 0xf800, 0xf800,
  0xf800, 0xf800, 0xf800, 0xf800, 0xf800, 0xf800, 0xf800, 0xf800,
  0xf800, 0xf800, 0xf800, 0xf800, 0xf800, 0xf800, 0xf800, 0xf800,
  0xf800, 0xf800, 0xf800, 0xf800, 0xf800, 0xf800, 0xf800, 0xf800,
  0xf800, 0xf800, 0xf800, 0xf800, 0xf800, 0xf800, 0xf800, 0xf800,
  0xf800, 0xf800, 0xf800, 0xf800, 0xf800, 0xf800, 0xf800, 0xf800,
  0xf800, 0xf800, 0xf800, 0xf800, 0xf800, 0xf800, 0xf800, 0xf800,
  0xf800, 0xf800, 0xf800, 0xf800, 0xf800, 0xf800, 0xf800, 0xf800,
  0xf800, 0xf800, 0xf800, 0xf800, 0xf800, 0xf800, 0xf800, 0xf800,
  0xf800, 0xf800, 0xf800, 0xf800, 0xf800, 0xf800, 0xf800, 0xf800,
  0xf800, 0xf800, 0xf800, 0xf800, 0xf800, 0xf800, 0xf800, 0xf800,
  0xf800, 0xf800, 0xf800, 0xf800, 0xfdc0, 0xfda0, 0xfda0, 0xfda0,
  0xfda0, 0xfda0, 0xfda0, 0xfda0, 0xfda0, 0xfda0, 0xfde0, 0xc480,
  0x49a1, 0x0020, 0x0001, 0x0000, 0x0000, 0x0000, 0x0000, 0x0000,
  0x0000, 0x0000, 0x0000, 0x0000, 0x0000, 0x0000, 0x0001, 0x1881,
  0x82e0, 0xed61, 0xfe00, 0xfda1, 0xfdc0, 0xfda0, 0xfda0, 0xfda0,
  0xfda0, 0xfda0, 0xfda0, 0xfda1, 0xfda0, 0xf800, 0xf800, 0xf800,
  0xf800, 0xf800, 0xf800, 0xf800, 0xf800, 0xf800, 0xf800, 0xf800,
  0xf800, 0xf800, 0xf800, 0xf800, 0xf800, 0xf800, 0xf800, 0xf800,
  0xf800, 0xf800, 0xf800, 0xf800, 0xf800, 0xf800, 0xf800, 0xf800,
  0xf800, 0xf800, 0xf800, 0xf800, 0xf800, 0xf800, 0xf800, 0xf800,
  0xf800, 0xf800, 0xf800, 0xf800, 0xf800, 0xf800, 0xf800, 0xf800,
  0xf800, 0xf800, 0xf800, 0xf800, 0xf800, 0xf800, 0xf800, 0xf800,
  0xf800, 0xf800, 0xf800, 0xf800, 0xf800, 0xf800, 0xf800, 0xf800,
  0xf800, 0xf800, 0xf800, 0xf800, 0xf800, 0xf800, 0xf800, 0xf800,
  0xf800, 0xf800, 0xf800, 0xf800, 0xf800, 0xf800, 0xf800, 0xf800,
  0xf800, 0xf800, 0xf800, 0xf800, 0xf800, 0xf800, 0xf800, 0xf800,
  0xf800, 0xf800, 0xf800, 0xf800, 0xf800, 0xf800, 0xf800, 0xf800,
  0xf800, 0xf800, 0xf800, 0xf800, 0xf800, 0xf800, 0xf800, 0xf800,
  0xf800, 0xf800, 0xf800, 0xf800, 0xf800, 0xf800, 0xf800, 0xf800,
  0xf800, 0xf800, 0xf800, 0xf800, 0xf800, 0xf800, 0xf800, 0xf800,
  0xf800, 0xf800, 0xf800, 0xf800, 0xf800, 0xf800, 0xf800, 0xf800,
  0xf800, 0xf800, 0xf800, 0xf800, 0xf800, 0xf800, 0xf800, 0xf800,
  0xf800, 0xf800, 0xf800, 0xf800, 0xf800, 0xf800, 0xf800, 0xf800,
  0xf800, 0xf800, 0xf800, 0xf800, 0xf800, 0xf800, 0xf800, 0xf800,
  0xf800, 0xf800, 0xf800, 0xf800, 0xf800, 0xf800, 0xf800, 0xf800,
  0xf800, 0xf800, 0xf800, 0xf800, 0xf800, 0xf800, 0xf800, 0xf800,
  0xf800, 0xf800, 0xf800, 0xf800, 0xf800, 0xf800, 0xf800, 0xf800,
  0xf800, 0xf800, 0xf800, 0xf800, 0xf800, 0xf800, 0xf800, 0xf800,
  0xf800, 0xf800, 0xf800, 0xf800, 0xf800, 0xf800, 0xf800, 0xf800,
  0xf800, 0xf800, 0xf800, 0xf800, 0xf800, 0xf800, 0xf800, 0xf800,
  0xf800, 0xf800, 0xf800, 0xfda0, 0xfda0, 0xfda0, 0xfdc0, 0xfda0,
  0xfda0, 0xfda0, 0xfda0, 0xfda0, 0xfdc0, 0xfdc1, 0x8321, 0x1061,
  0x0000, 0x0000, 0x0000, 0x0000, 0x0000, 0x0000, 0x0000, 0x0000,
  0x0000, 0x0000, 0x0000, 0x0020, 0x0020, 0x0000, 0x0020, 0x0000,
  0x0000, 0x3921, 0xc481, 0xfde1, 0xfda0, 0xfdc0, 0xfdc0, 0xfda0,
  0xfda0, 0xfda0, 0xfda0, 0xfdc0, 0xfdc0, 0xf800, 0xf800, 0xf800,
  0xf800, 0xf800, 0xf800, 0xf800, 0xf800, 0xf800, 0xf800, 0xf800,
  0xf800, 0xf800, 0xf800, 0xf800, 0xf800, 0xf800, 0xf800, 0xf800,
  0xf800, 0xf800, 0xf800, 0xf800, 0xf800, 0xf800, 0xf800, 0xf800,
  0xf800, 0xf800, 0xf800, 0xf800, 0xf800, 0xf800, 0xf800, 0xf800,
  0xf800, 0xf800, 0xf800, 0xf800, 0xf800, 0xf800, 0xf800, 0xf800,
  0xf800, 0xf800, 0xf800, 0xf800, 0xf800, 0xf800, 0xf800, 0xf800,
  0xf800, 0xf800, 0xf800, 0xf800, 0xf800, 0xf800, 0xf800, 0xf800,
  0xf800, 0xf800, 0xf800, 0xf800, 0xf800, 0xf800, 0xf800, 0xf800,
  0xf800, 0xf800, 0xf800, 0xf800, 0xf800, 0xf800, 0xf800, 0xf800,
  0xf800, 0xf800, 0xf800, 0xf800, 0xf800, 0xf800, 0xf800, 0xf800,
  0xf800, 0xf800, 0xf800, 0xf800, 0xf800, 0xf800, 0xf800, 0xf800,
  0xf800, 0xf800, 0xf800, 0xf800, 0xf800, 0xf800, 0xf800, 0xf800,
  0xf800, 0xf800, 0xf800, 0xf800, 0xf800, 0xf800, 0xf800, 0xf800,
  0xf800, 0xf800, 0xf800, 0xf800, 0xf800, 0xf800, 0xf800, 0xf800,
  0xf800, 0xf800, 0xf800, 0xf800, 0xf800, 0xf800, 0xf800, 0xf800,
  0xf800, 0xf800, 0xf800, 0xf800, 0xf800, 0xf800, 0xf800, 0xf800,
  0xf800, 0xf800, 0xf800, 0xf800, 0xf800, 0xf800, 0xf800, 0xf800,
  0xf800, 0xf800, 0xf800, 0xf800, 0xf800, 0xf800, 0xf800, 0xf800,
  0xf800, 0xf800, 0xf800, 0xf800, 0xf800, 0xf800, 0xf800, 0xf800,
  0xf800, 0xf800, 0xf800, 0xf800, 0xf800, 0xf800, 0xf800, 0xf800,
  0xf800, 0xf800, 0xf800, 0xf800, 0xf800, 0xf800, 0xf800, 0xf800,
  0xf800, 0xf800, 0xf800, 0xf800, 0xf800, 0xf800, 0xf800, 0xf800,
  0xf800, 0xf800, 0xf800, 0xf800, 0xf800, 0xf800, 0xf800, 0xf800,
  0xf800, 0xf800, 0xf800, 0xf800, 0xf800, 0xf800, 0xf800, 0xf800,
  0xf800, 0xf800, 0xf800, 0xfdc0, 0xfda0, 0xfda0, 0xfda0, 0xfda0,
  0xfda0, 0xfda0, 0xfda0, 0xfda0, 0xf5a0, 0x6a41, 0x0000, 0x0000,
  0x0000, 0x0000, 0x0000, 0x0000, 0x0000, 0x0000, 0x0000, 0x0000,
  0x0000, 0x0000, 0x0000, 0x0000, 0x0000, 0x0000, 0x0000, 0x0000,
  0x0000, 0x0000, 0x1881, 0xb400, 0xfdc0, 0xfdc0, 0xfda0, 0xfda0,
  0xfda0, 0xfda0, 0xfda0, 0xfda0, 0xfda0, 0xfda0, 0xf800, 0xf800,
  0xf800, 0xf800, 0xf800, 0xf800, 0xf800, 0xf800, 0xf800, 0xf800,
  0xf800, 0xf800, 0xf800, 0xf800, 0xf800, 0xf800, 0xf800, 0xf800,
  0xf800, 0xf800, 0xf800, 0xf800, 0xf800, 0xf800, 0xf800, 0xf800,
  0xf800, 0xf800, 0xf800, 0xf800, 0xf800, 0xf800, 0xf800, 0xf800,
  0xf800, 0xf800, 0xf800, 0xf800, 0xf800, 0xf800, 0xf800, 0xf800,
  0xf800, 0xf800, 0xf800, 0xf800, 0xf800, 0xf800, 0xf800, 0xf800,
  0xf800, 0xf800, 0xf800, 0xf800, 0xf800, 0xf800, 0xf800, 0xf800,
  0xf800, 0xf800, 0xf800, 0xf800, 0xf800, 0xf800, 0xf800, 0xf800,
  0xf800, 0xf800, 0xf800, 0xf800, 0xf800, 0xf800, 0xf800, 0xf800,
  0xf800, 0xf800, 0xf800, 0xf800, 0xf800, 0xf800, 0xf800, 0xf800,
  0xf800, 0xf800, 0xf800, 0xf800, 0xf800, 0xf800, 0xf800, 0xf800,
  0xf800, 0xf800, 0xf800, 0xf800, 0xf800, 0xf800, 0xf800, 0xf800,
  0xf800, 0xf800, 0xf800, 0xf800, 0xf800, 0xf800, 0xf800, 0xf800,
  0xf800, 0xf800, 0xf800, 0xf800, 0xf800, 0xf800, 0xf800, 0xf800,
  0xf800, 0xf800, 0xf800, 0xf800, 0xf800, 0xf800, 0xf800, 0xf800,
  0xf800, 0xf800, 0xf800, 0xf800, 0xf800, 0xf800, 0xf800, 0xf800,
  0xf800, 0xf800, 0xf800, 0xf800, 0xf800, 0xf800, 0xf800, 0xf800,
  0xf800, 0xf800, 0xf800, 0xf800, 0xf800, 0xf800, 0xf800, 0xf800,
  0xf800, 0xf800, 0xf800, 0xf800, 0xf800, 0xf800, 0xf800, 0xf800,
  0xf800, 0xf800, 0xf800, 0xf800, 0xf800, 0xf800, 0xf800, 0xf800,
  0xf800, 0xf800, 0xf800, 0xf800, 0xf800, 0xf800, 0xf800, 0xf800,
  0xf800, 0xf800, 0xf800, 0xf800, 0xf800, 0xf800, 0xf800, 0xf800,
  0xf800, 0xf800, 0xf800, 0xf800, 0xf800, 0xf800, 0xf800, 0xf800,
  0xf800, 0xf800, 0xf800, 0xf800, 0xf800, 0xf800, 0xf800, 0xf800,
  0xf800, 0xf800, 0xfd81, 0xfda0, 0xfda0, 0xfda0, 0xfda0, 0xfda0,
  0xfda0, 0xfda0, 0xfdc0, 0xf5a1, 0x6240, 0x0001, 0x0000, 0x0020,
  0x0001, 0x0000, 0x0000, 0x0000, 0x0000, 0x0000, 0x0000, 0x0000,
  0x0000, 0x0000, 0x0000, 0x0000, 0x0000, 0x0000, 0x0000, 0x0000,
  0x0000, 0x0000, 0x0020, 0x1060, 0xb400, 0xfde0, 0xfda0, 0xfda0,
  0xfdc0, 0xfda0, 0xfda0, 0xfda0, 0xfda0, 0xfda0, 0xf800, 0xf800,
  0xf800, 0xf800, 0xf800, 0xf800, 0xf800, 0xf800, 0xf800, 0xf800,
  0xf800, 0xf800, 0xf800, 0xf800, 0xf800, 0xf800, 0xf800, 0xf800,
  0xf800, 0xf800, 0xf800, 0xf800, 0xf800, 0xf800, 0xf800, 0xf800,
  0xf800, 0xf800, 0xf800, 0xf800, 0xf800, 0xf800, 0xf800, 0xf800,
  0xf800, 0xf800, 0xf800, 0xf800, 0xf800, 0xf800, 0xf800, 0xf800,
  0xf800, 0xf800, 0xf800, 0xf800, 0xf800, 0xf800, 0xf800, 0xf800,
  0xf800, 0xf800, 0xf800, 0xf800, 0xf800, 0xf800, 0xf800, 0xf800,
  0xf800, 0xf800, 0xf800, 0xf800, 0xf800, 0xf800, 0xf800, 0xf800,
  0xf800, 0xf800, 0xf800, 0xf800, 0xf800, 0xf800, 0xf800, 0xf800,
  0xf800, 0xf800, 0xf800, 0xf800, 0xf800, 0xf800, 0xf800, 0xf800,
  0xf800, 0xf800, 0xf800, 0xf800, 0xf800, 0xf800, 0xf800, 0xf800,
  0xf800, 0xf800, 0xf800, 0xf800, 0xf800, 0xf800, 0xf800, 0xf800,
  0xf800, 0xf800, 0xf800, 0xf800, 0xf800, 0xf800, 0xf800, 0xf800,
  0xf800, 0xf800, 0xf800, 0xf800, 0xf800, 0xf800, 0xf800, 0xf800,
  0xf800, 0xf800, 0xf800, 0xf800, 0xf800, 0xf800, 0xf800, 0xf800,
  0xf800, 0xf800, 0xf800, 0xf800, 0xf800, 0xf800, 0xf800, 0xf800,
  0xf800, 0xf800, 0xf800, 0xf800, 0xf800, 0xf800, 0xf800, 0xf800,
  0xf800, 0xf800, 0xf800, 0xf800, 0xf800, 0xf800, 0xf800, 0xf800,
  0xf800, 0xf800, 0xf800, 0xf800, 0xf800, 0xf800, 0xf800, 0xf800,
  0xf800, 0xf800, 0xf800, 0xf800, 0xf800, 0xf800, 0xf800, 0xf800,
  0xf800, 0xf800, 0xf800, 0xf800, 0xf800, 0xf800, 0xf800, 0xf800,
  0xf800, 0xf800, 0xf800, 0xf800, 0xf800, 0xf800, 0xf800, 0xf800,
  0xf800, 0xf800, 0xf800, 0xf800, 0xf800, 0xf800, 0xf800, 0xf800,
  0xf800, 0xf800, 0xf800, 0xf800, 0xf800, 0xf800, 0xf800, 0xf800,
  0xf800, 0xf800, 0xf5c0, 0xfda1, 0xfda0, 0xfda0, 0xfda0, 0xfda0,
  0xfda0, 0xfdc0, 0xfdc1, 0x8300, 0x0001, 0x0000, 0x0000, 0x0000,
  0x0000, 0x0000, 0x0000, 0x0000, 0x0000, 0x0000, 0x0000, 0x0000,
  0x0000, 0x0000, 0x0000, 0x0000, 0x0000, 0x0000, 0x0000, 0x0000,
  0x0000, 0x0000, 0x0040, 0x0001, 0x20a0, 0xccc1, 0xfe00, 0xfda0,
  0xfda0, 0xfda0, 0xfda0, 0xfda0, 0xfda0, 0xfda0, 0xfda1, 0xf800,
  0xf800, 0xf800, 0xf800, 0xf800, 0xf800, 0xf800, 0xf800, 0xf800,
  0xf800, 0xf800, 0xf800, 0xf800, 0xf800, 0xf800, 0xf800, 0xf800,
  0xf800, 0xf800, 0xf800, 0xf800, 0xf800, 0xf800, 0xf800, 0xf800,
  0xf800, 0xf800, 0xf800, 0xf800, 0xf800, 0xf800, 0xf800, 0xf800,
  0xf800, 0xf800, 0xf800, 0xf800, 0xf800, 0xf800, 0xf800, 0xf800,
  0xf800, 0xf800, 0xf800, 0xf800, 0xf800, 0xf800, 0xf800, 0xf800,
  0xf800, 0xf800, 0xf800, 0xf800, 0xf800, 0xf800, 0xf800, 0xf800,
  0xf800, 0xf800, 0xf800, 0xf800, 0xf800, 0xf800, 0xf800, 0xf800,
  0xf800, 0xf800, 0xf800, 0xf800, 0xf800, 0xf800, 0xf800, 0xf800,
  0xf800, 0xf800, 0xf800, 0xf800, 0xf800, 0xf800, 0xf800, 0xf800,
  0xf800, 0xf800, 0xf800, 0xf800, 0xf800, 0xf800, 0xf800, 0xf800,
  0xf800, 0xf800, 0xf800, 0xf800, 0xf800, 0xf800, 0xf800, 0xf800,
  0xf800, 0xf800, 0xf800, 0xf800, 0xf800, 0xf800, 0xf800, 0xf800,
  0xf800, 0xf800, 0xf800, 0xf800, 0xf800, 0xf800, 0xf800, 0xf800,
  0xf800, 0xf800, 0xf800, 0xf800, 0xf800, 0xf800, 0xf800, 0xf800,
  0xf800, 0xf800, 0xf800, 0xf800, 0xf800, 0xf800, 0xf800, 0xf800,
  0xf800, 0xf800, 0xf800, 0xf800, 0xf800, 0xf800, 0xf800, 0xf800,
  0xf800, 0xf800, 0xf800, 0xf800, 0xf800, 0xf800, 0xf800, 0xf800,
  0xf800, 0xf800, 0xf800, 0xf800, 0xf800, 0xf800, 0xf800, 0xf800,
  0xf800, 0xf800, 0xf800, 0xf800, 0xf800, 0xf800, 0xf800, 0xf800,
  0xf800, 0xf800, 0xf800, 0xf800, 0xf800, 0xf800, 0xf800, 0xf800,
  0xf800, 0xf800, 0xf800, 0xf800, 0xf800, 0xf800, 0xf800, 0xf800,
  0xf800, 0xf800, 0xf800, 0xf800, 0xf800, 0xf800, 0xf800, 0xf800,
  0xf800, 0xf800, 0xf800, 0xf800, 0xf800, 0xf800, 0xf800, 0xf800,
  0xf800, 0xfda0, 0xfdc0, 0xfda0, 0xfda0, 0xfda0, 0xfda0, 0xfdc0,
  0xfda0, 0xfde0, 0xb441, 0x0820, 0x0000, 0x0000, 0x0000, 0x0000,
  0x0000, 0x0000, 0x0000, 0x0000, 0x0000, 0x0000, 0x0020, 0x0000,
  0x0000, 0x0000, 0x0000, 0x0020, 0x0000, 0x0000, 0x0000, 0x0000,
  0x0000, 0x0000, 0x0000, 0x0000, 0x0000, 0x4961, 0xf5a0, 0xfda0,
  0xfda0, 0xfda0, 0xfda0, 0xfda0, 0xfda0, 0xfda0, 0xfda0, 0xfda0,
  0xf800, 0xf800, 0xf800, 0xf800, 0xf800, 0xf800, 0xf800, 0xf800,
  0xf800, 0xf800, 0xf800, 0xf800, 0xf800, 0xf800, 0xf800, 0xf800,
  0xf800, 0xf800, 0xf800, 0xf800, 0xf800, 0xf800, 0xf800, 0xf800,
  0xf800, 0xf800, 0xf800, 0xf800, 0xf800, 0xf800, 0xf800, 0xf800,
  0xf800, 0xf800, 0xf800, 0xf800, 0xf800, 0xf800, 0xf800, 0xf800,
  0xf800, 0xf800, 0xf800, 0xf800, 0xf800, 0xf800, 0xf800, 0xf800,
  0xf800, 0xf800, 0xf800, 0xf800, 0xf800, 0xf800, 0xf800, 0xf800,
  0xf800, 0xf800, 0xf800, 0xf800, 0xf800, 0xf800, 0xf800, 0xf800,
  0xf800, 0xf800, 0xf800, 0xf800, 0xf800, 0xf800, 0xf800, 0xf800,
  0xf800, 0xf800, 0xf800, 0xf800, 0xf800, 0xf800, 0xf800, 0xf800,
  0xf800, 0xf800, 0xf800, 0xf800, 0xf800, 0xf800, 0xf800, 0xf800,
  0xf800, 0xf800, 0xf800, 0xf800, 0xf800, 0xf800, 0xf800, 0xf800,
  0xf800, 0xf800, 0xf800, 0xf800, 0xf800, 0xf800, 0xf800, 0xf800,
  0xf800, 0xf800, 0xf800, 0xf800, 0xf800, 0xf800, 0xf800, 0xf800,
  0xf800, 0xf800, 0xf800, 0xf800, 0xf800, 0xf800, 0xf800, 0xf800,
  0xf800, 0xf800, 0xf800, 0xf800, 0xf800, 0xf800, 0xf800, 0xf800,
  0xf800, 0xf800, 0xf800, 0xf800, 0xf800, 0xf800, 0xf800, 0xf800,
  0xf800, 0xf800, 0xf800, 0xf800, 0xf800, 0xf800, 0xf800, 0xf800,
  0xf800, 0xf800, 0xf800, 0xf800, 0xf800, 0xf800, 0xf800, 0xf800,
  0xf800, 0xf800, 0xf800, 0xf800, 0xf800, 0xf800, 0xf800, 0xf800,
  0xf800, 0xf800, 0xf800, 0xf800, 0xf800, 0xf800, 0xf800, 0xf800,
  0xf800, 0xf800, 0xf800, 0xf800, 0xf800, 0xf800, 0xf800, 0xf800,
  0xf800, 0xf800, 0xf800, 0xf800, 0xf800, 0xf800, 0xf800, 0xf800,
  0xf800, 0xf800, 0xf800, 0xf800, 0xf800, 0xf800, 0xf800, 0xf800,
  0xfd80, 0xfda0, 0xfda0, 0xfda0, 0xfda0, 0xfda0, 0xfda0, 0xfdc0,
  0xfdc0, 0xf581, 0x3940, 0x0001, 0x0000, 0x0000, 0x0000, 0x0000,
  0x0000, 0x0000, 0x0000, 0x0000, 0x0002, 0x0001, 0x0000, 0x0001,
  0x0000, 0x0000, 0x0001, 0x0001, 0x0020, 0x0000, 0x0000, 0x0000,
  0x0000, 0x0000, 0x0000, 0x0000, 0x0000, 0x0000, 0x9302, 0xfde0,
  0xfda0, 0xfda0, 0xfda0, 0xfda0, 0xfda0, 0xfda0, 0xfdc0, 0xfda0,
  0xf800, 0xf800, 0xf800, 0xf800, 0xf800, 0xf800, 0xf800, 0xf800,
  0xf800, 0xf800, 0xf800, 0xf800, 0xf800, 0xf800, 0xf800, 0xf800,
  0xf800, 0xf800, 0xf800, 0xf800, 0xf800, 0xf800, 0xf800, 0xf800,
  0xf800, 0xf800, 0xf800, 0xf800, 0xf800, 0xf800, 0xf800, 0xf800,
  0xf800, 0xf800, 0xf800, 0xf800, 0xf800, 0xf800, 0xf800, 0xf800,
  0xf800, 0xf800, 0xf800, 0xf800, 0xf800, 0xf800, 0xf800, 0xf800,
  0xf800, 0xf800, 0xf800, 0xf800, 0xf800, 0xf800, 0xf800, 0xf800,
  0xf800, 0xf800, 0xf800, 0xf800, 0xf800, 0xf800, 0xf800, 0xf800,
  0xf800, 0xf800, 0xf800, 0xf800, 0xf800, 0xf800, 0xf800, 0xf800,
  0xf800, 0xf800, 0xf800, 0xf800, 0xf800, 0xf800, 0xf800, 0xf800,
  0xf800, 0xf800, 0xf800, 0xf800, 0xf800, 0xf800, 0xf800, 0xf800,
  0xf800, 0xf800, 0xf800, 0xf800, 0xf800, 0xf800, 0xf800, 0xf800,
  0xf800, 0xf800, 0xf800, 0xf800, 0xf800, 0xf800, 0xf800, 0xf800,
  0xf800, 0xf800, 0xf800, 0xf800, 0xf800, 0xf800, 0xf800, 0xf800,
  0xf800, 0xf800, 0xf800, 0xf800, 0xf800, 0xf800, 0xf800, 0xf800,
  0xf800, 0xf800, 0xf800, 0xf800, 0xf800, 0xf800, 0xf800, 0xf800,
  0xf800, 0xf800, 0xf800, 0xf800, 0xf800, 0xf800, 0xf800, 0xf800,
  0xf800, 0xf800, 0xf800, 0xf800, 0xf800, 0xf800, 0xf800, 0xf800,
  0xf800, 0xf800, 0xf800, 0xf800, 0xf800, 0xf800, 0xf800, 0xf800,
  0xf800, 0xf800, 0xf800, 0xf800, 0xf800, 0xf800, 0xf800, 0xf800,
  0xf800, 0xf800, 0xf800, 0xf800, 0xf800, 0xf800, 0xf800, 0xf800,
  0xf800, 0xf800, 0xf800, 0xf800, 0xf800, 0xf800, 0xf800, 0xf800,
  0xf800, 0xf800, 0xf800, 0xf800, 0xf800, 0xf800, 0xf800, 0xf800,
  0xf800, 0xf800, 0xf800, 0xf800, 0xf800, 0xf800, 0xf800, 0xf800,
  0xfda0, 0xfda0, 0xfda0, 0xfda0, 0xfda0, 0xfda0, 0xfda0, 0xfdc0,
  0xfde0, 0x8b41, 0x0000, 0x0020, 0x0000, 0x0000, 0x0000, 0x0000,
  0x0000, 0x0000, 0x0000, 0x0000, 0x0000, 0x3101, 0x7ac1, 0xa3c1,
  0xac01, 0x9360, 0x5a01, 0x18a1, 0x0000, 0x0000, 0x0000, 0x0000,
  0x0000, 0x0000, 0x0000, 0x0000, 0x0000, 0x0020, 0x2080, 0xdd01,
  0xfdc0, 0xfda0, 0xfda0, 0xfda0, 0xfda0, 0xfda0, 0xfda0, 0xfdc0,
  0xfda0, 0xf800, 0xf800, 0xf800, 0xf800, 0xf800, 0xf800, 0xf800,
  0xf800, 0xf800, 0xf800, 0xf800, 0xf800, 0xf800, 0xf800, 0xf800,
  0xf800, 0xf800, 0xf800, 0xf800, 0xf800, 0xf800, 0xf800, 0xf800,
  0xf800, 0xf800, 0xf800, 0xf800, 0xf800, 0xf800, 0xf800, 0xf800,
  0xf800, 0xf800, 0xf800, 0xf800, 0xf800, 0xf800, 0xf800, 0xf800,
  0xf800, 0xf800, 0xf800, 0xf800, 0xf800, 0xf800, 0xf800, 0xf800,
  0xf800, 0xf800, 0xf800, 0xf800, 0xf800, 0xf800, 0xf800, 0xf800,
  0xf800, 0xf800, 0xf800, 0xf800, 0xf800, 0xf800, 0xf800, 0xf800,
  0xf800, 0xf800, 0xf800, 0xf800, 0xf800, 0xf800, 0xf800, 0xf800,
  0xf800, 0xf800, 0xf800, 0xf800, 0xf800, 0xf800, 0xf800, 0xf800,
  0xf800, 0xf800, 0xf800, 0xf800, 0xf800, 0xf800, 0xf800, 0xf800,
  0xf800, 0xf800, 0xf800, 0xf800, 0xf800, 0xf800, 0xf800, 0xf800,
  0xf800, 0xf800, 0xf800, 0xf800, 0xf800, 0xf800, 0xf800, 0xf800,
  0xf800, 0xf800, 0xf800, 0xf800, 0xf800, 0xf800, 0xf800, 0xf800,
  0xf800, 0xf800, 0xf800, 0xf800, 0xf800, 0xf800, 0xf800, 0xf800,
  0xf800, 0xf800, 0xf800, 0xf800, 0xf800, 0xf800, 0xf800, 0xf800,
  0xf800, 0xf800, 0xf800, 0xf800, 0xf800, 0xf800, 0xf800, 0xf800,
  0xf800, 0xf800, 0xf800, 0xf800, 0xf800, 0xf800, 0xf800, 0xf800,
  0xf800, 0xf800, 0xf800, 0xf800, 0xf800, 0xf800, 0xf800, 0xf800,
  0xf800, 0xf800, 0xf800, 0xf800, 0xf800, 0xf800, 0xf800, 0xf800,
  0xf800, 0xf800, 0xf800, 0xf800, 0xf800, 0xf800, 0xf800, 0xf800,
  0xf800, 0xf800, 0xf800, 0xf800, 0xf800, 0xf800, 0xf800, 0xf800,
  0xf800, 0xf800, 0xf800, 0xf800, 0xf800, 0xf800, 0xf800, 0xf800,
  0xf800, 0xf800, 0xf800, 0xf800, 0xf800, 0xf800, 0xf800, 0xfd80,
  0xfdc0, 0xfda0, 0xfda0, 0xfda0, 0xfda0, 0xfda0, 0xfdc0, 0xfde0,
  0xe500, 0x20c1, 0x0000, 0x0000, 0x0001, 0x0000, 0x0000, 0x0000,
  0x0000, 0x0001, 0x0000, 0x2080, 0x9b60, 0xed80, 0xfde0, 0xfdc1,
  0xfdc0, 0xfde0, 0xfdc1, 0xdce1, 0x6200, 0x0001, 0x0020, 0x0000,
  0x0000, 0x0000, 0x0000, 0x0000, 0x0000, 0x0020, 0x0001, 0x6a61,
  0xfde1, 0xfda0, 0xfdc0, 0xfda0, 0xfda0, 0xfda0, 0xfda0, 0xfdc0,
  0xfdc0, 0xf800, 0xf800, 0xf800, 0xf800, 0xf800, 0xf800, 0xf800,
  0xf800, 0xf800, 0xf800, 0xf800, 0xf800, 0xf800, 0xf800, 0xf800,
  0xf800, 0xf800, 0xf800, 0xf800, 0xf800, 0xf800, 0xf800, 0xf800,
  0xf800, 0xf800, 0xf800, 0xf800, 0xf800, 0xf800, 0xf800, 0xf800,
  0xf800, 0xf800, 0xf800, 0xf800, 0xf800, 0xf800, 0xf800, 0xf800,
  0xf800, 0xf800, 0xf800, 0xf800, 0xf800, 0xf800, 0xf800, 0xf800,
  0xf800, 0xf800, 0xf800, 0xf800, 0xf800, 0xf800, 0xf800, 0xf800,
  0xf800, 0xf800, 0xf800, 0xf800, 0xf800, 0xf800, 0xf800, 0xf800,
  0xf800, 0xf800, 0xf800, 0xf800, 0xf800, 0xf800, 0xf800, 0xf800,
  0xf800, 0xf800, 0xf800, 0xf800, 0xf800, 0xf800, 0xf800, 0xf800,
  0xf800, 0xf800, 0xf800, 0xf800, 0xf800, 0xf800, 0xf800, 0xf800,
  0xf800, 0xf800, 0xf800, 0xf800, 0xf800, 0xf800, 0xf800, 0xf800,
  0xf800, 0xf800, 0xf800, 0xf800, 0xf800, 0xf800, 0xf800, 0xf800,
  0xf800, 0xf800, 0xf800, 0xf800, 0xf800, 0xf800, 0xf800, 0xf800,
  0xf800, 0xf800, 0xf800, 0xf800, 0xf800, 0xf800, 0xf800, 0xf800,
  0xf800, 0xf800, 0xf800, 0xf800, 0xf800, 0xf800, 0xf800, 0xf800,
  0xf800, 0xf800, 0xf800, 0xf800, 0xf800, 0xf800, 0xf800, 0xf800,
  0xf800, 0xf800, 0xf800, 0xf800, 0xf800, 0xf800, 0xf800, 0xf800,
  0xf800, 0xf800, 0xf800, 0xf800, 0xf800, 0xf800, 0xf800, 0xf800,
  0xf800, 0xf800, 0xf800, 0xf800, 0xf800, 0xf800, 0xf800, 0xf800,
  0xf800, 0xf800, 0xf800, 0xf800, 0xf800, 0xf800, 0xf800, 0xf800,
  0xf800, 0xf800, 0xf800, 0xf800, 0xf800, 0xf800, 0xf800, 0xf800,
  0xf800, 0xf800, 0xf800, 0xf800, 0xf800, 0xf800, 0xf800, 0xf800,
  0xf800, 0xf800, 0xf800, 0xf800, 0xf800, 0xf800, 0xf800, 0xfdc0,
  0xfda0, 0xfda0, 0xfda0, 0xfda0, 0xfda0, 0xfda0, 0xfda0, 0xfde1,
  0x6a60, 0x0001, 0x0000, 0x0000, 0x0000, 0x0000, 0x0000, 0x0000,
  0x0000, 0x0020, 0x20a1, 0xc481, 0xfde0, 0xfdc0, 0xfdc0, 0xfda0,
  0xfda0, 0xfda0, 0xfdc0, 0xfde1, 0xfde0, 0x7ac0, 0x0001, 0x0020,
  0x0000, 0x0000, 0x0000, 0x0000, 0x0000, 0x0020, 0x0001, 0x1040,
  0xc481, 0xfdc0, 0xfda0, 0xfda0, 0xfda0, 0xfda0, 0xfda0, 0xfda0,
  0xfda0, 0xfda0, 0xf800, 0xf800, 0xf800, 0xf800, 0xf800, 0xf800,
  0xf800, 0xf800, 0xf800, 0xf800, 0xf800, 0xf800, 0xf800, 0xf800,
  0xf800, 0xf800, 0xf800, 0xf800, 0xf800, 0xf800, 0xf800, 0xf800,
  0xf800, 0xf800, 0xf800, 0xf800, 0xf800, 0xf800, 0xf800, 0xf800,
  0xf800, 0xf800, 0xf800, 0xf800, 0xf800, 0xf800, 0xf800, 0xf800,
  0xf800, 0xf800, 0xf800, 0xf800, 0xf800, 0xf800, 0xf800, 0xf800,
  0xf800, 0xf800, 0xf800, 0xf800, 0xf800, 0xf800, 0xf800, 0xf800,
  0xf800, 0xf800, 0xf800, 0xf800, 0xf800, 0xf800, 0xf800, 0xf800,
  0xf800, 0xf800, 0xf800, 0xf800, 0xf800, 0xf800, 0xf800, 0xf800,
  0xf800, 0xf800, 0xf800, 0xf800, 0xf800, 0xf800, 0xf800, 0xf800,
  0xf800, 0xf800, 0xf800, 0xf800, 0xf800, 0xf800, 0xf800, 0xf800,
  0xf800, 0xf800, 0xf800, 0xf800, 0xf800, 0xf800, 0xf800, 0xf800,
  0xf800, 0xf800, 0xf800, 0xf800, 0xf800, 0xf800, 0xf800, 0xf800,
  0xf800, 0xf800, 0xf800, 0xf800, 0xf800, 0xf800, 0xf800, 0xf800,
  0xf800, 0xf800, 0xf800, 0xf800, 0xf800, 0xf800, 0xf800, 0xf800,
  0xf800, 0xf800, 0xf800, 0xf800, 0xf800, 0xf800, 0xf800, 0xf800,
  0xf800, 0xf800, 0xf800, 0xf800, 0xf800, 0xf800, 0xf800, 0xf800,
  0xf800, 0xf800, 0xf800, 0xf800, 0xf800, 0xf800, 0xf800, 0xf800,
  0xf800, 0xf800, 0xf800, 0xf800, 0xf800, 0xf800, 0xf800, 0xf800,
  0xf800, 0xf800, 0xf800, 0xf800, 0xf800, 0xf800, 0xf800, 0xf800,
  0xf800, 0xf800, 0xf800, 0xf800, 0xf800, 0xf800, 0xf800, 0xf800,
  0xf800, 0xf800, 0xf800, 0xf800, 0xf800, 0xf800, 0xf800, 0xf800,
  0xf800, 0xf800, 0xf800, 0xf800, 0xf800, 0xf800, 0xf800, 0xf800,
  0xf800, 0xf800, 0xf800, 0xf800, 0xf800, 0xf800, 0xfda0, 0xfdc0,
  0xfda1, 0xfda0, 0xfda0, 0xfda0, 0xfda0, 0xfda0, 0xfdc0, 0xc480,
  0x0860, 0x0000, 0x0000, 0x0000, 0x0000, 0x0000, 0x0000, 0x0000,
  0x0000, 0x0801, 0xabe0, 0xfde0, 0xfdc0, 0xfdc0, 0xfda0, 0xfda0,
  0xfda0, 0xfda0, 0xfdc0, 0xfdc0, 0xfdc1, 0xfda1, 0x51e1, 0x0000,
  0x0000, 0x0000, 0x0000, 0x0000, 0x0000, 0x0000, 0x0020, 0x0001,
  0x49a1, 0xfdc1, 0xfdc0, 0xfda0, 0xfda0, 0xfda0, 0xfda0, 0xfda0,
  0xfda0, 0xfda0, 0xf800, 0xf800, 0xf800, 0xf800, 0xf800, 0xf800,
  0xf800, 0xf800, 0xf800, 0xf800, 0xf800, 0xf800, 0xf800, 0xf800,
  0xf800, 0xf800, 0xf800, 0xf800, 0xf800, 0xf800, 0xf800, 0xf800,
  0xf800, 0xf800, 0xf800, 0xf800, 0xf800, 0xf800, 0xf800, 0xf800,
  0xf800, 0xf800, 0xf800, 0xf800, 0xf800, 0xf800, 0xf800, 0xf800,
  0xf800, 0xf800, 0xf800, 0xf800, 0xf800, 0xf800, 0xf800, 0xf800,
  0xf800, 0xf800, 0xf800, 0xf800, 0xf800, 0xf800, 0xf800, 0xf800,
  0xf800, 0xf800, 0xf800, 0xf800, 0xf800, 0xf800, 0xf800, 0xf800,
  0xf800, 0xf800, 0xf800, 0xf800, 0xf800, 0xf800, 0xf800, 0xf800,
  0xf800, 0xf800, 0xf800, 0xf800, 0xf800, 0xf800, 0xf800, 0xf800,
  0xf800, 0xf800, 0xf800, 0xf800, 0xf800, 0xf800, 0xf800, 0xf800,
  0xf800, 0xf800, 0xf800, 0xf800, 0xf800, 0xf800, 0xf800, 0xf800,
  0xf800, 0xf800, 0xf800, 0xf800, 0xf800, 0xf800, 0xf800, 0xf800,
  0xf800, 0xf800, 0xf800, 0xf800, 0xf800, 0xf800, 0xf800, 0xf800,
  0xf800, 0xf800, 0xf800, 0xf800, 0xf800, 0xf800, 0xf800, 0xf800,
  0xf800, 0xf800, 0xf800, 0xf800, 0xf800, 0xf800, 0xf800, 0xf800,
  0xf800, 0xf800, 0xf800, 0xf800, 0xf800, 0xf800, 0xf800, 0xf800,
  0xf800, 0xf800, 0xf800, 0xf800, 0xf800, 0xf800, 0xf800, 0xf800,
  0xf800, 0xf800, 0xf800, 0xf800, 0xf800, 0xf800, 0xf800, 0xf800,
  0xf800, 0xf800, 0xf800, 0xf800, 0xf800, 0xf800, 0xf800, 0xf800,
  0xf800, 0xf800, 0xf800, 0xf800, 0xf800, 0xf800, 0xf800, 0xf800,
  0xf800, 0xf800, 0xf800, 0xf800, 0xf800, 0xf800, 0xf800, 0xf800,
  0xf800, 0xf800, 0xf800, 0xf800, 0xf800, 0xf800, 0xf800, 0xf800,
  0xf800, 0xf800, 0xf800, 0xf800, 0xf800, 0xf800, 0xfda0, 0xfdc0,
  0xfda0, 0xfda0, 0xfda0, 0xfda0, 0xfdc0, 0xfdc0, 0xfda0, 0x51c0,
  0x0000, 0x0000, 0x0000, 0x0000, 0x0000, 0x0000, 0x0000, 0x0000,
  0x0000, 0x59e1, 0xf5c1, 0xfdc0, 0xfda0, 0xfdc0, 0xfdc0, 0xfdc0,
  0xfda0, 0xfda0, 0xfda0, 0xfdc0, 0xfdc0, 0xfde0, 0xccc1, 0x1861,
  0x0000, 0x0000, 0x0000, 0x0000, 0x0000, 0x0000, 0x0000, 0x0000,
  0x0000, 0xabc1, 0xfde0, 0xfda0, 0xfda0, 0xfda0, 0xfda0, 0xfda0,
  0xfda0, 0xfdc0, 0xfda0, 0xf800, 0xf800, 0xf800, 0xf800, 0xf800,
  0xf800, 0xf800, 0xf800, 0xf800, 0xf800, 0xf800, 0xf800, 0xf800,
  0xf800, 0xf800, 0xf800, 0xf800, 0xf800, 0xf800, 0xf800, 0xf800,
  0xf800, 0xf800, 0xf800, 0xf800, 0xf800, 0xf800, 0xf800, 0xf800,
  0xf800, 0xf800, 0xf800, 0xf800, 0xf800, 0xf800, 0xf800, 0xf800,
  0xf800, 0xf800, 0xf800, 0xf800, 0xf800, 0xf800, 0xf800, 0xf800,
  0xf800, 0xf800, 0xf800, 0xf800, 0xf800, 0xf800, 0xf800, 0xf800,
  0xf800, 0xf800, 0xf800, 0xf800, 0xf800, 0xf800, 0xf800, 0xf800,
  0xf800, 0xf800, 0xf800, 0xf800, 0xf800, 0xf800, 0xf800, 0xf800,
  0xf800, 0xf800, 0xf800, 0xf800, 0xf800, 0xf800, 0xf800, 0xf800,
  0xf800, 0xf800, 0xf800, 0xf800, 0xf800, 0xf800, 0xf800, 0xf800,
  0xf800, 0xf800, 0xf800, 0xf800, 0xf800, 0xf800, 0xf800, 0xf800,
  0xf800, 0xf800, 0xf800, 0xf800, 0xf800, 0xf800, 0xf800, 0xf800,
  0xf800, 0xf800, 0xf800, 0xf800, 0xf800, 0xf800, 0xf800, 0xf800,
  0xf800, 0xf800, 0xf800, 0xf800, 0xf800, 0xf800, 0xf800, 0xf800,
  0xf800, 0xf800, 0xf800, 0xf800, 0xf800, 0xf800, 0xf800, 0xf800,
  0xf800, 0xf800, 0xf800, 0xf800, 0xf800, 0xf800, 0xf800, 0xf800,
  0xf800, 0xf800, 0xf800, 0xf800, 0xf800, 0xf800, 0xf800, 0xf800,
  0xf800, 0xf800, 0xf800, 0xf800, 0xf800, 0xf800, 0xf800, 0xf800,
  0xf800, 0xf800, 0xf800, 0xf800, 0xf800, 0xf800, 0xf800, 0xf800,
  0xf800, 0xf800, 0xf800, 0xf800, 0xf800, 0xf800, 0xf800, 0xf800,
  0xf800, 0xf800, 0xf800, 0xf800, 0xf800, 0xf800, 0xf800, 0xf800,
  0xf800, 0xf800, 0xf800, 0xf800, 0xf800, 0xf800, 0xf800, 0xf800,
  0xf800, 0xf800, 0xf800, 0xf800, 0xf800, 0xfda0, 0xfda0, 0xfda0,
  0xfda0, 0xfda0, 0xfda0, 0xfda0, 0xfdc1, 0xfde1, 0xabc0, 0x0020,
  0x0000, 0x0000, 0x0000, 0x0000, 0x0000, 0x0000, 0x0000, 0x0001,
  0x1060, 0xccc2, 0xfde0, 0xfda1, 0xfda0, 0xfda0, 0xfda0, 0xfda0,
  0xfda0, 0xfda0, 0xfda0, 0xfda0, 0xfdc0, 0xfdc0, 0xfde1, 0x7aa1,
  0x0000, 0x0000, 0x0000, 0x0000, 0x0000, 0x0000, 0x0000, 0x0000,
  0x0000, 0x3101, 0xed61, 0xfdc1, 0xfda0, 0xfda0, 0xfda0, 0xfda0,
  0xfda0, 0xfda0, 0xfda0, 0xfda0, 0xf800, 0xf800, 0xf800, 0xf800,
  0xf800, 0xf800, 0xf800, 0xf800, 0xf800, 0xf800, 0xf800, 0xf800,
  0xf800, 0xf800, 0xf800, 0xf800, 0xf800, 0xf800, 0xf800, 0xf800,
  0xf800, 0xf800, 0xf800, 0xf800, 0xf800, 0xf800, 0xf800, 0xf800,
  0xf800, 0xf800, 0xf800, 0xf800, 0xf800, 0xf800, 0xf800, 0xf800,
  0xf800, 0xf800, 0xf800, 0xf800, 0xf800, 0xf800, 0xf800, 0xf800,
  0xf800, 0xf800, 0xf800, 0xf800, 0xf800, 0xf800, 0xf800, 0xf800,
  0xf800, 0xf800, 0xf800, 0xf800, 0xf800, 0xf800, 0xf800, 0xf800,
  0xf800, 0xf800, 0xf800, 0xf800, 0xf800, 0xf800, 0xf800, 0xf800,
  0xf800, 0xf800, 0xf800, 0xf800, 0xf800, 0xf800, 0xf800, 0xf800,
  0xf800, 0xf800, 0xf800, 0xf800, 0xf800, 0xf800, 0xf800, 0xf800,
  0xf800, 0xf800, 0xf800, 0xf800, 0xf800, 0xf800, 0xf800, 0xf800,
  0xf800, 0xf800, 0xf800, 0xf800, 0xf800, 0xf800, 0xf800, 0xf800,
  0xf800, 0xf800, 0xf800, 0xf800, 0xf800, 0xf800, 0xf800, 0xf800,
  0xf800, 0xf800, 0xf800, 0xf800, 0xf800, 0xf800, 0xf800, 0xf800,
  0xf800, 0xf800, 0xf800, 0xf800, 0xf800, 0xf800, 0xf800, 0xf800,
  0xf800, 0xf800, 0xf800, 0xf800, 0xf800, 0xf800, 0xf800, 0xf800,
  0xf800, 0xf800, 0xf800, 0xf800, 0xf800, 0xf800, 0xf800, 0xf800,
  0xf800, 0xf800, 0xf800, 0xf800, 0xf800, 0xf800, 0xf800, 0xf800,
  0xf800, 0xf800, 0xf800, 0xf800, 0xf800, 0xf800, 0xf800, 0xf800,
  0xf800, 0xf800, 0xf800, 0xf800, 0xf800, 0xf800, 0xf800, 0xf800,
  0xf800, 0xf800, 0xf800, 0xf800, 0xf800, 0xf800, 0xf800, 0xf800,
  0xf800, 0xf800, 0xf800, 0xf800, 0xf800, 0xf800, 0xf800, 0xf800,
  0xf800, 0xf800, 0xf800, 0xf800, 0xfda0, 0xfda0, 0xfda0, 0xfda0,
  0xfda0, 0xfda0, 0xfda0, 0xfdc0, 0xfda1, 0xed80, 0x3101, 0x0000,
  0x0000, 0x0000, 0x0000, 0x0000, 0x0000, 0x0000, 0x0001, 0x0000,
  0x72c1, 0xfde0, 0xfda0, 0xfdc0, 0xfda0, 0xfda0, 0xfda0, 0xfda0,
  0xfda0, 0xfda0, 0xfda0, 0xfda0, 0xfda0, 0xfda0, 0xfdc1, 0xe560,
  0x28c1, 0x0000, 0x0000, 0x0000, 0x0000, 0x0000, 0x0000, 0x0000,
  0x0001, 0x0000, 0x8b01, 0xfde0, 0xfda0, 0xfda0, 0xfda0, 0xfda0,
  0xfda0, 0xfda0, 0xfda0, 0xfda0, 0xf800, 0xf800, 0xf800, 0xf800,
  0xf800, 0xf800, 0xf800, 0xf800, 0xf800, 0xf800, 0xf800, 0xf800,
  0xf800, 0xf800, 0xf800, 0xf800, 0xf800, 0xf800, 0xf800, 0xf800,
  0xf800, 0xf800, 0xf800, 0xf800, 0xf800, 0xf800, 0xf800, 0xf800,
  0xf800, 0xf800, 0xf800, 0xf800, 0xf800, 0xf800, 0xf800, 0xf800,
  0xf800, 0xf800, 0xf800, 0xf800, 0xf800, 0xf800, 0xf800, 0xf800,
  0xf800, 0xf800, 0xf800, 0xf800, 0xf800, 0xf800, 0xf800, 0xf800,
  0xf800, 0xf800, 0xf800, 0xf800, 0xf800, 0xf800, 0xf800, 0xf800,
  0xf800, 0xf800, 0xf800, 0xf800, 0xf800, 0xf800, 0xf800, 0xf800,
  0xf800, 0xf800, 0xf800, 0xf800, 0xf800, 0xf800, 0xf800, 0xf800,
  0xf800, 0xf800, 0xf800, 0xf800, 0xf800, 0xf800, 0xf800, 0xf800,
  0xf800, 0xf800, 0xf800, 0xf800, 0xf800, 0xf800, 0xf800, 0xf800,
  0xf800, 0xf800, 0xf800, 0xf800, 0xf800, 0xf800, 0xf800, 0xf800,
  0xf800, 0xf800, 0xf800, 0xf800, 0xf800, 0xf800, 0xf800, 0xf800,
  0xf800, 0xf800, 0xf800, 0xf800, 0xf800, 0xf800, 0xf800, 0xf800,
  0xf800, 0xf800, 0xf800, 0xf800, 0xf800, 0xf800, 0xf800, 0xf800,
  0xf800, 0xf800, 0xf800, 0xf800, 0xf800, 0xf800, 0xf800, 0xf800,
  0xf800, 0xf800, 0xf800, 0xf800, 0xf800, 0xf800, 0xf800, 0xf800,
  0xf800, 0xf800, 0xf800, 0xf800, 0xf800, 0xf800, 0xf800, 0xf800,
  0xf800, 0xf800, 0xf800, 0xf800, 0xf800, 0xf800, 0xf800, 0xf800,
  0xf800, 0xf800, 0xf800, 0xf800, 0xf800, 0xf800, 0xf800, 0xf800,
  0xf800, 0xf800, 0xf800, 0xf800, 0xf800, 0xf800, 0xf800, 0xf800,
  0xf800, 0xf800, 0xf800, 0xf800, 0xf800, 0xf800, 0xf800, 0xf800,
  0xf800, 0xf800, 0xf800, 0xf800, 0xfda1, 0xfda0, 0xfda0, 0xfda0,
  0xfda0, 0xfda0, 0xfda0, 0xfdc0, 0xfdc1, 0x8300, 0x0001, 0x0000,
  0x0000, 0x0000, 0x0000, 0x0000, 0x0000, 0x0000, 0x0000, 0x20e0,
  0xe540, 0xfdc0, 0xfdc0, 0xfdc0, 0xfda0, 0xfda0, 0xfda0, 0xfda0,
  0xfda0, 0xfda0, 0xfda0, 0xfda0, 0xfda0, 0xfdc0, 0xfdc0, 0xfde0,
  0xa381, 0x0000, 0x0000, 0x0000, 0x0000, 0x0000, 0x0000, 0x0000,
  0x0021, 0x0001, 0x18a0, 0xdce0, 0xfdc0, 0xfda0, 0xfda0, 0xfda0,
  0xfda0, 0xfda0, 0xfda0, 0xfdc0, 0xfd80, 0xf800, 0xf800, 0xf800,
  0xf800, 0xf800, 0xf800, 0xf800, 0xf800, 0xf800, 0xf800, 0xf800,
  0xf800, 0xf800, 0xf800, 0xf800, 0xf800, 0xf800, 0xf800, 0xf800,
  0xf800, 0xf800, 0xf800, 0xf800, 0xf800, 0xf800, 0xf800, 0xf800,
  0xf800, 0xf800, 0xf800, 0xf800, 0xf800, 0xf800, 0xf800, 0xf800,
  0xf800, 0xf800, 0xf800, 0xf800, 0xf800, 0xf800, 0xf800, 0xf800,
  0xf800, 0xf800, 0xf800, 0xf800, 0xf800, 0xf800, 0xf800, 0xf800,
  0xf800, 0xf800, 0xf800, 0xf800, 0xf800, 0xf800, 0xf800, 0xf800,
  0xf800, 0xf800, 0xf800, 0xf800, 0xf800, 0xf800, 0xf800, 0xf800,
  0xf800, 0xf800, 0xf800, 0xf800, 0xf800, 0xf800, 0xf800, 0xf800,
  0xf800, 0xf800, 0xf800, 0xf800, 0xf800, 0xf800, 0xf800, 0xf800,
  0xf800, 0xf800, 0xf800, 0xf800, 0xf800, 0xf800, 0xf800, 0xf800,
  0xf800, 0xf800, 0xf800, 0xf800, 0xf800, 0xf800, 0xf800, 0xf800,
  0xf800, 0xf800, 0xf800, 0xf800, 0xf800, 0xf800, 0xf800, 0xf800,
  0xf800, 0xf800, 0xf800, 0xf800, 0xf800, 0xf800, 0xf800, 0xf800,
  0xf800, 0xf800, 0xf800, 0xf800, 0xf800, 0xf800, 0xf800, 0xf800,
  0xf800, 0xf800, 0xf800, 0xf800, 0xf800, 0xf800, 0xf800, 0xf800,
  0xf800, 0xf800, 0xf800, 0xf800, 0xf800, 0xf800, 0xf800, 0xf800,
  0xf800, 0xf800, 0xf800, 0xf800, 0xf800, 0xf800, 0xf800, 0xf800,
  0xf800, 0xf800, 0xf800, 0xf800, 0xf800, 0xf800, 0xf800, 0xf800,
  0xf800, 0xf800, 0xf800, 0xf800, 0xf800, 0xf800, 0xf800, 0xf800,
  0xf800, 0xf800, 0xf800, 0xf800, 0xf800, 0xf800, 0xf800, 0xf800,
  0xf800, 0xf800, 0xf800, 0xf800, 0xf800, 0xf800, 0xf800, 0xf800,
  0xf800, 0xf800, 0xf800, 0xfdc0, 0xfda0, 0xfda0, 0xfda0, 0xfda0,
  0xfdc0, 0xfdc0, 0xfdc0, 0xfdc0, 0xdd00, 0x20a0, 0x0000, 0x0000,
  0x0000, 0x0000, 0x0000, 0x0000, 0x0000, 0x0000, 0x0000, 0x9b61,
  0xfde0, 0xfda0, 0xfda0, 0xfda0, 0xfda0, 0xfda0, 0xfda0, 0xfda0,
  0xfda0, 0xfda0, 0xfda0, 0xfda0, 0xfda0, 0xfdc0, 0xfdc0, 0xfdc0,
  0xf5a2, 0x4182, 0x0000, 0x0800, 0x0020, 0x0000, 0x0000, 0x0000,
  0x0000, 0x0000, 0x0000, 0x6240, 0xfdc0, 0xfdc1, 0xfda1, 0xfda0,
  0xfda0, 0xfda0, 0xfda0, 0xfdc0, 0xfda0, 0xf800, 0xf800, 0xf800,
  0xf800, 0xf800, 0xf800, 0xf800, 0xf800, 0xf800, 0xf800, 0xf800,
  0xf800, 0xf800, 0xf800, 0xf800, 0xf800, 0xf800, 0xf800, 0xf800,
  0xf800, 0xf800, 0xf800, 0xf800, 0xf800, 0xf800, 0xf800, 0xf800,
  0xf800, 0xf800, 0xf800, 0xf800, 0xf800, 0xf800, 0xf800, 0xf800,
  0xf800, 0xf800, 0xf800, 0xf800, 0xf800, 0xf800, 0xf800, 0xf800,
  0xf800, 0xf800, 0xf800, 0xf800, 0xf800, 0xf800, 0xf800, 0xf800,
  0xf800, 0xf800, 0xf800, 0xf800, 0xf800, 0xf800, 0xf800, 0xf800,
  0xf800, 0xf800, 0xf800, 0xf800, 0xf800, 0xf800, 0xf800, 0xf800,
  0xf800, 0xf800, 0xf800, 0xf800, 0xf800, 0xf800, 0xf800, 0xf800,
  0xf800, 0xf800, 0xf800, 0xf800, 0xf800, 0xf800, 0xf800, 0xf800,
  0xf800, 0xf800, 0xf800, 0xf800, 0xf800, 0xf800, 0xf800, 0xf800,
  0xf800, 0xf800, 0xf800, 0xf800, 0xf800, 0xf800, 0xf800, 0xf800,
  0xf800, 0xf800, 0xf800, 0xf800, 0xf800, 0xf800, 0xf800, 0xf800,
  0xf800, 0xf800, 0xf800, 0xf800, 0xf800, 0xf800, 0xf800, 0xf800,
  0xf800, 0xf800, 0xf800, 0xf800, 0xf800, 0xf800, 0xf800, 0xf800,
  0xf800, 0xf800, 0xf800, 0xf800, 0xf800, 0xf800, 0xf800, 0xf800,
  0xf800, 0xf800, 0xf800, 0xf800, 0xf800, 0xf800, 0xf800, 0xf800,
  0xf800, 0xf800, 0xf800, 0xf800, 0xf800, 0xf800, 0xf800, 0xf800,
  0xf800, 0xf800, 0xf800, 0xf800, 0xf800, 0xf800, 0xf800, 0xf800,
  0xf800, 0xf800, 0xf800, 0xf800, 0xf800, 0xf800, 0xf800, 0xf800,
  0xf800, 0xf800, 0xf800, 0xf800, 0xf800, 0xf800, 0xf800, 0xf800,
  0xf800, 0xf800, 0xf800, 0xf800, 0xf800, 0xf800, 0xf800, 0xf800,
  0xf800, 0xf800, 0xf800, 0xfdc0, 0xfda0, 0xfda0, 0xfda0, 0xfda0,
  0xfda0, 0xfda0, 0xfdc0, 0xfde0, 0x6a20, 0x0000, 0x0000, 0x0000,
  0x0000, 0x0000, 0x0000, 0x0000, 0x0000, 0x0000, 0x4140, 0xf5a1,
  0xfda0, 0xfdc0, 0xfda0, 0xfda0, 0xfda0, 0xfda0, 0xfda0, 0xfda0,
  0xfda0, 0xfda0, 0xfda0, 0xfda0, 0xfda0, 0xfda0, 0xfdc0, 0xfd81,
  0xfdc0, 0xbc41, 0x0821, 0x0000, 0x0000, 0x0000, 0x0000, 0x0000,
  0x0000, 0x0000, 0x0000, 0x0820, 0xbc41, 0xfde0, 0xfda1, 0xfda0,
  0xfda0, 0xfda0, 0xfda0, 0xfda0, 0xfda0, 0xfda0, 0xf800, 0xf800,
  0xf800, 0xf800, 0xf800, 0xf800, 0xf800, 0xf800, 0xf800, 0xf800,
  0xf800, 0xf800, 0xf800, 0xf800, 0xf800, 0xf800, 0xf800, 0xf800,
  0xf800, 0xf800, 0xf800, 0xf800, 0xf800, 0xf800, 0xf800, 0xf800,
  0xf800, 0xf800, 0xf800, 0xf800, 0xf800, 0xf800, 0xf800, 0xf800,
  0xf800, 0xf800, 0xf800, 0xf800, 0xf800, 0xf800, 0xf800, 0xf800,
  0xf800, 0xf800, 0xf800, 0xf800, 0xf800, 0xf800, 0xf800, 0xf800,
  0xf800, 0xf800, 0xf800, 0xf800, 0xf800, 0xf800, 0xf800, 0xf800,
  0xf800, 0xf800, 0xf800, 0xf800, 0xf800, 0xf800, 0xf800, 0xf800,
  0xf800, 0xf800, 0xf800, 0xf800, 0xf800, 0xf800, 0xf800, 0xf800,
  0xf800, 0xf800, 0xf800, 0xf800, 0xf800, 0xf800, 0xf800, 0xf800,
  0xf800, 0xf800, 0xf800, 0xf800, 0xf800, 0xf800, 0xf800, 0xf800,
  0xf800, 0xf800, 0xf800, 0xf800, 0xf800, 0xf800, 0xf800, 0xf800,
  0xf800, 0xf800, 0xf800, 0xf800, 0xf800, 0xf800, 0xf800, 0xf800,
  0xf800, 0xf800, 0xf800, 0xf800, 0xf800, 0xf800, 0xf800, 0xf800,
  0xf800, 0xf800, 0xf800, 0xf800, 0xf800, 0xf800, 0xf800, 0xf800,
  0xf800, 0xf800, 0xf800, 0xf800, 0xf800, 0xf800, 0xf800, 0xf800,
  0xf800, 0xf800, 0xf800, 0xf800, 0xf800, 0xf800, 0xf800, 0xf800,
  0xf800, 0xf800, 0xf800, 0xf800, 0xf800, 0xf800, 0xf800, 0xf800,
  0xf800, 0xf800, 0xf800, 0xf800, 0xf800, 0xf800, 0xf800, 0xf800,
  0xf800, 0xf800, 0xf800, 0xf800, 0xf800, 0xf800, 0xf800, 0xf800,
  0xf800, 0xf800, 0xf800, 0xf800, 0xf800, 0xf800, 0xf800, 0xf800,
  0xf800, 0xf800, 0xf800, 0xf800, 0xf800, 0xf800, 0xf800, 0xf800,
  0xf800, 0xf800, 0xfd80, 0xfdc0, 0xfdc0, 0xfda0, 0xfda0, 0xfda0,
  0xfda0, 0xfdc0, 0xfdc0, 0xbc40, 0x0821, 0x0021, 0x0000, 0x0000,
  0x0000, 0x0000, 0x0000, 0x0000, 0x0000, 0x0820, 0xbc21, 0xfde0,
  0xfda0, 0xfda0, 0xfda0, 0xfda0, 0xfda0, 0xfda0, 0xfda0, 0xfda0,
  0xfda0, 0xfda0, 0xfda0, 0xfda0, 0xfda0, 0xfda0, 0xfdc0, 0xfda0,
  0xfdc0, 0xfda0, 0x5a20, 0x0000, 0x0000, 0x0000, 0x0000, 0x0000,
  0x0000, 0x0000, 0x0000, 0x0000, 0x4180, 0xf5a0, 0xfdc0, 0xfda0,
  0xfda0, 0xfda0, 0xfda0, 0xfda0, 0xfda0, 0xfda0, 0xfda0, 0xf800,
  0xf800, 0xf800, 0xf800, 0xf800, 0xf800, 0xf800, 0xf800, 0xf800,
  0xf800, 0xf800, 0xf800, 0xf800, 0xf800, 0xf800, 0xf800, 0xf800,
  0xf800, 0xf800, 0xf800, 0xf800, 0xf800, 0xf800, 0xf800, 0xf800,
  0xf800, 0xf800, 0xf800, 0xf800, 0xf800, 0xf800, 0xf800, 0xf800,
  0xf800, 0xf800, 0xf800, 0xf800, 0xf800, 0xf800, 0xf800, 0xf800,
  0xf800, 0xf800, 0xf800, 0xf800, 0xf800, 0xf800, 0xf800, 0xf800,
  0xf800, 0xf800, 0xf800, 0xf800, 0xf800, 0xf800, 0xf800, 0xf800,
  0xf800, 0xf800, 0xf800, 0xf800, 0xf800, 0xf800, 0xf800, 0xf800,
  0xf800, 0xf800, 0xf800, 0xf800, 0xf800, 0xf800, 0xf800, 0xf800,
  0xf800, 0xf800, 0xf800, 0xf800, 0xf800, 0xf800, 0xf800, 0xf800,
  0xf800, 0xf800, 0xf800, 0xf800, 0xf800, 0xf800, 0xf800, 0xf800,
  0xf800, 0xf800, 0xf800, 0xf800, 0xf800, 0xf800, 0xf800, 0xf800,
  0xf800, 0xf800, 0xf800, 0xf800, 0xf800, 0xf800, 0xf800, 0xf800,
  0xf800, 0xf800, 0xf800, 0xf800, 0xf800, 0xf800, 0xf800, 0xf800,
  0xf800, 0xf800, 0xf800, 0xf800, 0xf800, 0xf800, 0xf800, 0xf800,
  0xf800, 0xf800, 0xf800, 0xf800, 0xf800, 0xf800, 0xf800, 0xf800,
  0xf800, 0xf800, 0xf800, 0xf800, 0xf800, 0xf800, 0xf800, 0xf800,
  0xf800, 0xf800, 0xf800, 0xf800, 0xf800, 0xf800, 0xf800, 0xf800,
  0xf800, 0xf800, 0xf800, 0xf800, 0xf800, 0xf800, 0xf800, 0xf800,
  0xf800, 0xf800, 0xf800, 0xf800, 0xf800, 0xf800, 0xf800, 0xf800,
  0xf800, 0xf800, 0xf800, 0xf800, 0xf800, 0xf800, 0xf800, 0xf800,
  0xf800, 0xf800, 0xf800, 0xf800, 0xf800, 0xf800, 0xf800, 0xf800,
  0xf800, 0xf800, 0xfda0, 0xfdc0, 0xfda0, 0xfda0, 0xfda0, 0xfda0,
  0xfda0, 0xfdc0, 0xf5a1, 0x4981, 0x0000, 0x0000, 0x0000, 0x0000,
  0x0000, 0x0000, 0x0000, 0x0000, 0x0000, 0x6200, 0xfdc1, 0xfda0,
  0xfda0, 0xfda0, 0xfda0, 0xfda0, 0xfda0, 0xfda0, 0xfda0, 0xfda0,
  0xfda0, 0xfda0, 0xfda0, 0xfda0, 0xfda0, 0xfda0, 0xfda0, 0xfda0,
  0xfdc0, 0xfdc0, 0xd4e0, 0x1881, 0x0000, 0x0000, 0x0000, 0x0000,
  0x0000, 0x0000, 0x0000, 0x0000, 0x0001, 0x9ba0, 0xfdc0, 0xfda0,
  0xfdc0, 0xfda0, 0xfda0, 0xfda0, 0xfda0, 0xfdc0, 0xfda0, 0xf800,
  0xf800, 0xf800, 0xf800, 0xf800, 0xf800, 0xf800, 0xf800, 0xf800,
  0xf800, 0xf800, 0xf800, 0xf800, 0xf800, 0xf800, 0xf800, 0xf800,
  0xf800, 0xf800, 0xf800, 0xf800, 0xf800, 0xf800, 0xf800, 0xf800,
  0xf800, 0xf800, 0xf800, 0xf800, 0xf800, 0xf800, 0xf800, 0xf800,
  0xf800, 0xf800, 0xf800, 0xf800, 0xf800, 0xf800, 0xf800, 0xf800,
  0xf800, 0xf800, 0xf800, 0xf800, 0xf800, 0xf800, 0xf800, 0xf800,
  0xf800, 0xf800, 0xf800, 0xf800, 0xf800, 0xf800, 0xf800, 0xf800,
  0xf800, 0xf800, 0xf800, 0xf800, 0xf800, 0xf800, 0xf800, 0xf800,
  0xf800, 0xf800, 0xf800, 0xf800, 0xf800, 0xf800, 0xf800, 0xf800,
  0xf800, 0xf800, 0xf800, 0xf800, 0xf800, 0xf800, 0xf800, 0xf800,
  0xf800, 0xf800, 0xf800, 0xf800, 0xf800, 0xf800, 0xf800, 0xf800,
  0xf800, 0xf800, 0xf800, 0xf800, 0xf800, 0xf800, 0xf800, 0xf800,
  0xf800, 0xf800, 0xf800, 0xf800, 0xf800, 0xf800, 0xf800, 0xf800,
  0xf800, 0xf800, 0xf800, 0xf800, 0xf800, 0xf800, 0xf800, 0xf800,
  0xf800, 0xf800, 0xf800, 0xf800, 0xf800, 0xf800, 0xf800, 0xf800,
  0xf800, 0xf800, 0xf800, 0xf800, 0xf800, 0xf800, 0xf800, 0xf800,
  0xf800, 0xf800, 0xf800, 0xf800, 0xf800, 0xf800, 0xf800, 0xf800,
  0xf800, 0xf800, 0xf800, 0xf800, 0xf800, 0xf800, 0xf800, 0xf800,
  0xf800, 0xf800, 0xf800, 0xf800, 0xf800, 0xf800, 0xf800, 0xf800,
  0xf800, 0xf800, 0xf800, 0xf800, 0xf800, 0xf800, 0xf800, 0xf800,
  0xf800, 0xf800, 0xf800, 0xf800, 0xf800, 0xf800, 0xf800, 0xf800,
  0xf800, 0xf800, 0xf800, 0xf800, 0xf800, 0xf800, 0xf800, 0xf800,
  0xf800, 0xfdc0, 0xfda0, 0xfda0, 0xfda0, 0xfda0, 0xfda0, 0xfda0,
  0xfda0, 0xfde1, 0xa3a0, 0x0000, 0x0000, 0x0000, 0x0000, 0x0000,
  0x0000, 0x0000, 0x0020, 0x0021, 0x1881, 0xd4e0, 0xfde0, 0xfda0,
  0xfdc0, 0xfda0, 0xfda0, 0xfda0, 0xfda0, 0xfda0, 0xfda0, 0xfda0,
  0xfda0, 0xfda0, 0xfda0, 0xfda0, 0xfda0, 0xfda0, 0xfda0, 0xfda0,
  0xfda0, 0xfdc0, 0xfdc1, 0x8321, 0x0001, 0x0000, 0x0000, 0x0000,
  0x0000, 0x0000, 0x0000, 0x0020, 0x0000, 0x28e0, 0xe540, 0xfdc0,
  0xfd80, 0xfda0, 0xfda0, 0xfda0, 0xfda0, 0xfdc0, 0xfda1, 0xfda0,
  0xf800, 0xf800, 0xf800, 0xf800, 0xf800, 0xf800, 0xf800, 0xf800,
  0xf800, 0xf800, 0xf800, 0xf800, 0xf800, 0xf800, 0xf800, 0xf800,
  0xf800, 0xf800, 0xf800, 0xf800, 0xf800, 0xf800, 0xf800, 0xf800,
  0xf800, 0xf800, 0xf800, 0xf800, 0xf800, 0xf800, 0xf800, 0xf800,
  0xf800, 0xf800, 0xf800, 0xf800, 0xf800, 0xf800, 0xf800, 0xf800,
  0xf800, 0xf800, 0xf800, 0xf800, 0xf800, 0xf800, 0xf800, 0xf800,
  0xf800, 0xf800, 0xf800, 0xf800, 0xf800, 0xf800, 0xf800, 0xf800,
  0xf800, 0xf800, 0xf800, 0xf800, 0xf800, 0xf800, 0xf800, 0xf800,
  0xf800, 0xf800, 0xf800, 0xf800, 0xf800, 0xf800, 0xf800, 0xf800,
  0xf800, 0xf800, 0xf800, 0xf800, 0xf800, 0xf800, 0xf800, 0xf800,
  0xf800, 0xf800, 0xf800, 0xf800, 0xf800, 0xf800, 0xf800, 0xf800,
  0xf800, 0xf800, 0xf800, 0xf800, 0xf800, 0xf800, 0xf800, 0xf800,
  0xf800, 0xf800, 0xf800, 0xf800, 0xf800, 0xf800, 0xf800, 0xf800,
  0xf800, 0xf800, 0xf800, 0xf800, 0xf800, 0xf800, 0xf800, 0xf800,
  0xf800, 0xf800, 0xf800, 0xf800, 0xf800, 0xf800, 0xf800, 0xf800,
  0xf800, 0xf800, 0xf800, 0xf800, 0xf800, 0xf800, 0xf800, 0xf800,
  0xf800, 0xf800, 0xf800, 0xf800, 0xf800, 0xf800, 0xf800, 0xf800,
  0xf800, 0xf800, 0xf800, 0xf800, 0xf800, 0xf800, 0xf800, 0xf800,
  0xf800, 0xf800, 0xf800, 0xf800, 0xf800, 0xf800, 0xf800, 0xf800,
  0xf800, 0xf800, 0xf800, 0xf800, 0xf800, 0xf800, 0xf800, 0xf800,
  0xf800, 0xf800, 0xf800, 0xf800, 0xf800, 0xf800, 0xf800, 0xf800,
  0xf800, 0xf800, 0xf800, 0xf800, 0xf800, 0xf800, 0xf800, 0xf800,
  0xfda0, 0xfdc0, 0xfda0, 0xfda0, 0xfda0, 0xfda0, 0xfda0, 0xfda0,
  0xfdc1, 0xe521, 0x28e0, 0x0000, 0x0000, 0x0000, 0x0000, 0x0000,
  0x0000, 0x0000, 0x0021, 0x0000, 0x8ae1, 0xfde0, 0xfda0, 0xfdc0,
  0xfda0, 0xfda0, 0xfda0, 0xfda0, 0xfda0, 0xfda0, 0xfda0, 0xfda0,
  0xfda0, 0xfda0, 0xfda0, 0xfda0, 0xfda0, 0xfda0, 0xfda0, 0xfda0,
  0xfda0, 0xfda1, 0xfda1, 0xed61, 0x28e0, 0x0000, 0x0000, 0x0000,
  0x0000, 0x0000, 0x0000, 0x0000, 0x0000, 0x0001, 0x7ae0, 0xfde0,
  0xfda0, 0xfda0, 0xfdc0, 0xfda0, 0xfda0, 0xfdc0, 0xfda0, 0xfda0,
  0xf800, 0xf800, 0xf800, 0xf800, 0xf800, 0xf800, 0xf800, 0xf800,
  0xf800, 0xf800, 0xf800, 0xf800, 0xf800, 0xf800, 0xf800, 0xf800,
  0xf800, 0xf800, 0xf800, 0xf800, 0xf800, 0xf800, 0xf800, 0xf800,
  0xf800, 0xf800, 0xf800, 0xf800, 0xf800, 0xf800, 0xf800, 0xf800,
  0xf800, 0xf800, 0xf800, 0xf800, 0xf800, 0xf800, 0xf800, 0xf800,
  0xf800, 0xf800, 0xf800, 0xf800, 0xf800, 0xf800, 0xf800, 0xf800,
  0xf800, 0xf800, 0xf800, 0xf800, 0xf800, 0xf800, 0xf800, 0xf800,
  0xf800, 0xf800, 0xf800, 0xf800, 0xf800, 0xf800, 0xf800, 0xf800,
  0xf800, 0xf800, 0xf800, 0xf800, 0xf800, 0xf800, 0xf800, 0xf800,
  0xf800, 0xf800, 0xf800, 0xf800, 0xf800, 0xf800, 0xf800, 0xf800,
  0xf800, 0xf800, 0xf800, 0xf800, 0xf800, 0xf800, 0xf800, 0xf800,
  0xf800, 0xf800, 0xf800, 0xf800, 0xf800, 0xf800, 0xf800, 0xf800,
  0xf800, 0xf800, 0xf800, 0xf800, 0xf800, 0xf800, 0xf800, 0xf800,
  0xf800, 0xf800, 0xf800, 0xf800, 0xf800, 0xf800, 0xf800, 0xf800,
  0xf800, 0xf800, 0xf800, 0xf800, 0xf800, 0xf800, 0xf800, 0xf800,
  0xf800, 0xf800, 0xf800, 0xf800, 0xf800, 0xf800, 0xf800, 0xf800,
  0xf800, 0xf800, 0xf800, 0xf800, 0xf800, 0xf800, 0xf800, 0xf800,
  0xf800, 0xf800, 0xf800, 0xf800, 0xf800, 0xf800, 0xf800, 0xf800,
  0xf800, 0xf800, 0xf800, 0xf800, 0xf800, 0xf800, 0xf800, 0xf800,
  0xf800, 0xf800, 0xf800, 0xf800, 0xf800, 0xf800, 0xf800, 0xf800,
  0xf800, 0xf800, 0xf800, 0xf800, 0xf800, 0xf800, 0xf800, 0xf800,
  0xf800, 0xf800, 0xf800, 0xf800, 0xf800, 0xf800, 0xf800, 0xf800,
  0xfdc0, 0xfda0, 0xfda0, 0xfda0, 0xfda0, 0xfda0, 0xfdc0, 0xfda0,
  0xfdc1, 0x7ae0, 0x0000, 0x0000, 0x0000, 0x0000, 0x0000, 0x0000,
  0x0000, 0x0000, 0x0001, 0x3100, 0xed61, 0xfdc0, 0xfda0, 0xfda0,
  0xfda0, 0xfda0, 0xfda0, 0xfda0, 0xfda0, 0xfda0, 0xfda0, 0xfda0,
  0xfda0, 0xfda0, 0xfda0, 0xfda0, 0xfda0, 0xfda0, 0xfda0, 0xfda0,
  0xfda0, 0xfda0, 0xfdc0, 0xfde1, 0xa3a0, 0x0000, 0x0000, 0x0000,
  0x0000, 0x0000, 0x0000, 0x0000, 0x0000, 0x0020, 0x1861, 0xd4c1,
  0xfde0, 0xfdc0, 0xfdc0, 0xfda0, 0xfda0, 0xfda0, 0xfdc0, 0xfda0,
  0xfda0, 0xf800, 0xf800, 0xf800, 0xf800, 0xf800, 0xf800, 0xf800,
  0xf800, 0xf800, 0xf800, 0xf800, 0xf800, 0xf800, 0xf800, 0xf800,
  0xf800, 0xf800, 0xf800, 0xf800, 0xf800, 0xf800, 0xf800, 0xf800,
  0xf800, 0xf800, 0xf800, 0xf800, 0xf800, 0xf800, 0xf800, 0xf800,
  0xf800, 0xf800, 0xf800, 0xf800, 0xf800, 0xf800, 0xf800, 0xf800,
  0xf800, 0xf800, 0xf800, 0xf800, 0xf800, 0xf800, 0xf800, 0xf800,
  0xf800, 0xf800, 0xf800, 0xf800, 0xf800, 0xf800, 0xf800, 0xf800,
  0xf800, 0xf800, 0xf800, 0xf800, 0xf800, 0xf800, 0xf800, 0xf800,
  0xf800, 0xf800, 0xf800, 0xf800, 0xf800, 0xf800, 0xf800, 0xf800,
  0xf800, 0xf800, 0xf800, 0xf800, 0xf800, 0xf800, 0xf800, 0xf800,
  0xf800, 0xf800, 0xf800, 0xf800, 0xf800, 0xf800, 0xf800, 0xf800,
  0xf800, 0xf800, 0xf800, 0xf800, 0xf800, 0xf800, 0xf800, 0xf800,
  0xf800, 0xf800, 0xf800, 0xf800, 0xf800, 0xf800, 0xf800, 0xf800,
  0xf800, 0xf800, 0xf800, 0xf800, 0xf800, 0xf800, 0xf800, 0xf800,
  0xf800, 0xf800, 0xf800, 0xf800, 0xf800, 0xf800, 0xf800, 0xf800,
  0xf800, 0xf800, 0xf800, 0xf800, 0xf800, 0xf800, 0xf800, 0xf800,
  0xf800, 0xf800, 0xf800, 0xf800, 0xf800, 0xf800, 0xf800, 0xf800,
  0xf800, 0xf800, 0xf800, 0xf800, 0xf800, 0xf800, 0xf800, 0xf800,
  0xf800, 0xf800, 0xf800, 0xf800, 0xf800, 0xf800, 0xf800, 0xf800,
  0xf800, 0xf800, 0xf800, 0xf800, 0xf800, 0xf800, 0xf800, 0xf800,
  0xf800, 0xf800, 0xf800, 0xf800, 0xf800, 0xf800, 0xf800, 0xf800,
  0xf800, 0xf800, 0xf800, 0xf800, 0xf800, 0xf800, 0xf800, 0xfda0,
  0xfda0, 0xfda0, 0xfda0, 0xfda0, 0xfda0, 0xfdc0, 0xfdc0, 0xfdc0,
  0xd4c1, 0x1860, 0x0000, 0x0000, 0x0000, 0x0000, 0x0000, 0x0000,
  0x0000, 0x0000, 0x0000, 0xa3c1, 0xfde0, 0xfda0, 0xfda0, 0xfda0,
  0xfda0, 0xfda0, 0xfda0, 0xfda0, 0xfda0, 0xfda0, 0xfda0, 0xfda0,
  0xfda0, 0xfda0, 0xfda0, 0xfda0, 0xfda0, 0xfda0, 0xfda0, 0xfda0,
  0xfda0, 0xfda0, 0xfda0, 0xfdc0, 0xfda0, 0x49a0, 0x0000, 0x0020,
  0x0000, 0x0000, 0x0000, 0x0000, 0x0000, 0x0000, 0x0000, 0x5a01,
  0xfdc1, 0xfdc0, 0xfda0, 0xfda0, 0xfda0, 0xfda0, 0xfda0, 0xfda0,
  0xfda0, 0xf800, 0xf800, 0xf800, 0xf800, 0xf800, 0xf800, 0xf800,
  0xf800, 0xf800, 0xf800, 0xf800, 0xf800, 0xf800, 0xf800, 0xf800,
  0xf800, 0xf800, 0xf800, 0xf800, 0xf800, 0xf800, 0xf800, 0xf800,
  0xf800, 0xf800, 0xf800, 0xf800, 0xf800, 0xf800, 0xf800, 0xf800,
  0xf800, 0xf800, 0xf800, 0xf800, 0xf800, 0xf800, 0xf800, 0xf800,
  0xf800, 0xf800, 0xf800, 0xf800, 0xf800, 0xf800, 0xf800, 0xf800,
  0xf800, 0xf800, 0xf800, 0xf800, 0xf800, 0xf800, 0xf800, 0xf800,
  0xf800, 0xf800, 0xf800, 0xf800, 0xf800, 0xf800, 0xf800, 0xf800,
  0xf800, 0xf800, 0xf800, 0xf800, 0xf800, 0xf800, 0xf800, 0xf800,
  0xf800, 0xf800, 0xf800, 0xf800, 0xf800, 0xf800, 0xf800, 0xf800,
  0xf800, 0xf800, 0xf800, 0xf800, 0xf800, 0xf800, 0xf800, 0xf800,
  0xf800, 0xf800, 0xf800, 0xf800, 0xf800, 0xf800, 0xf800, 0xf800,
  0xf800, 0xf800, 0xf800, 0xf800, 0xf800, 0xf800, 0xf800, 0xf800,
  0xf800, 0xf800, 0xf800, 0xf800, 0xf800, 0xf800, 0xf800, 0xf800,
  0xf800, 0xf800, 0xf800, 0xf800, 0xf800, 0xf800, 0xf800, 0xf800,
  0xf800, 0xf800, 0xf800, 0xf800, 0xf800, 0xf800, 0xf800, 0xf800,
  0xf800, 0xf800, 0xf800, 0xf800, 0xf800, 0xf800, 0xf800, 0xf800,
  0xf800, 0xf800, 0xf800, 0xf800, 0xf800, 0xf800, 0xf800, 0xf800,
  0xf800, 0xf800, 0xf800, 0xf800, 0xf800, 0xf800, 0xf800, 0xf800,
  0xf800, 0xf800, 0xf800, 0xf800, 0xf800, 0xf800, 0xf800, 0xf800,
  0xf800, 0xf800, 0xf800, 0xf800, 0xf800, 0xf800, 0xf800, 0xf800,
  0xf800, 0xf800, 0xf800, 0xf800, 0xf800, 0xf800, 0xf800, 0xfda0,
  0xfdc0, 0xfda0, 0xfda0, 0xfda0, 0xfdc0, 0xfdc0, 0xfda0, 0xfdc1,
  0x5a00, 0x0001, 0x0020, 0x0000, 0x0000, 0x0000, 0x0000, 0x0000,
  0x0000, 0x0000, 0x4980, 0xf5c1, 0xfda0, 0xfdc0, 0xfda0, 0xfda0,
  0xfda0, 0xfda0, 0xfda0, 0xfda0, 0xfda0, 0xfda0, 0xfda0, 0xfda0,
  0xfda0, 0xfda0, 0xfda0, 0xfda0, 0xfda0, 0xfda0, 0xfda0, 0xfda0,
  0xfda0, 0xfda0, 0xfda0, 0xfda0, 0xfdc0, 0xc461, 0x0841, 0x0000,
  0x0000, 0x0000, 0x0000, 0x0000, 0x0000, 0x0000, 0x0000, 0x0022,
  0xb441, 0xfde1, 0xfda0, 0xfda0, 0xfda0, 0xfda0, 0xfda0, 0xfda0,
  0xfda0, 0xfda0, 0xf800, 0xf800, 0xf800, 0xf800, 0xf800, 0xf800,
  0xf800, 0xf800, 0xf800, 0xf800, 0xf800, 0xf800, 0xf800, 0xf800,
  0xf800, 0xf800, 0xf800, 0xf800, 0xf800, 0xf800, 0xf800, 0xf800,
  0xf800, 0xf800, 0xf800, 0xf800, 0xf800, 0xf800, 0xf800, 0xf800,
  0xf800, 0xf800, 0xf800, 0xf800, 0xf800, 0xf800, 0xf800, 0xf800,
  0xf800, 0xf800, 0xf800, 0xf800, 0xf800, 0xf800, 0xf800, 0xf800,
  0xf800, 0xf800, 0xf800, 0xf800, 0xf800, 0xf800, 0xf800, 0xf800,
  0xf800, 0xf800, 0xf800, 0xf800, 0xf800, 0xf800, 0xf800, 0xf800,
  0xf800, 0xf800, 0xf800, 0xf800, 0xf800, 0xf800, 0xf800, 0xf800,
  0xf800, 0xf800, 0xf800, 0xf800, 0xf800, 0xf800, 0xf800, 0xf800,
  0xf800, 0xf800, 0xf800, 0xf800, 0xf800, 0xf800, 0xf800, 0xf800,
  0xf800, 0xf800, 0xf800, 0xf800, 0xf800, 0xf800, 0xf800, 0xf800,
  0xf800, 0xf800, 0xf800, 0xf800, 0xf800, 0xf800, 0xf800, 0xf800,
  0xf800, 0xf800, 0xf800, 0xf800, 0xf800, 0xf800, 0xf800, 0xf800,
  0xf800, 0xf800, 0xf800, 0xf800, 0xf800, 0xf800, 0xf800, 0xf800,
  0xf800, 0xf800, 0xf800, 0xf800, 0xf800, 0xf800, 0xf800, 0xf800,
  0xf800, 0xf800, 0xf800, 0xf800, 0xf800, 0xf800, 0xf800, 0xf800,
  0xf800, 0xf800, 0xf800, 0xf800, 0xf800, 0xf800, 0xf800, 0xf800,
  0xf800, 0xf800, 0xf800, 0xf800, 0xf800, 0xf800, 0xf800, 0xf800,
  0xf800, 0xf800, 0xf800, 0xf800, 0xf800, 0xf800, 0xf800, 0xf800,
  0xf800, 0xf800, 0xf800, 0xf800, 0xf800, 0xf800, 0xf800, 0xf800,
  0xf800, 0xf800, 0xf800, 0xf800, 0xf800, 0xf800, 0xfda0, 0xfda0,
  0xfdc0, 0xfda0, 0xfda0, 0xfda0, 0xfdc0, 0xfdc0, 0xfdc0, 0xbc21,
  0x0820, 0x0000, 0x0000, 0x0000, 0x0000, 0x0000, 0x0000, 0x0000,
  0x0000, 0x0860, 0xc461, 0xfde0, 0xfda0, 0xfdc1, 0xfda0, 0xfda0,
  0xfda0, 0xfda0, 0xfda0, 0xfda0, 0xfda0, 0xfda0, 0xfda0, 0xfda0,
  0xfda0, 0xfda0, 0xfda0, 0xfda0, 0xfda0, 0xfda0, 0xfda0, 0xfda0,
  0xfda0, 0xfda0, 0xfda0, 0xfda0, 0xfda0, 0xfdc1, 0x6a40, 0x0000,
  0x0000, 0x0000, 0x0000, 0x0000, 0x0000, 0x0000, 0x0000, 0x0001,
  0x3961, 0xeda0, 0xfdc0, 0xfda0, 0xfda0, 0xfda0, 0xfda0, 0xfda0,
  0xfda0, 0xfdc1, 0xfd80, 0xf800, 0xf800, 0xf800, 0xf800, 0xf800,
  0xf800, 0xf800, 0xf800, 0xf800, 0xf800, 0xf800, 0xf800, 0xf800,
  0xf800, 0xf800, 0xf800, 0xf800, 0xf800, 0xf800, 0xf800, 0xf800,
  0xf800, 0xf800, 0xf800, 0xf800, 0xf800, 0xf800, 0xf800, 0xf800,
  0xf800, 0xf800, 0xf800, 0xf800, 0xf800, 0xf800, 0xf800, 0xf800,
  0xf800, 0xf800, 0xf800, 0xf800, 0xf800, 0xf800, 0xf800, 0xf800,
  0xf800, 0xf800, 0xf800, 0xf800, 0xf800, 0xf800, 0xf800, 0xf800,
  0xf800, 0xf800, 0xf800, 0xf800, 0xf800, 0xf800, 0xf800, 0xf800,
  0xf800, 0xf800, 0xf800, 0xf800, 0xf800, 0xf800, 0xf800, 0xf800,
  0xf800, 0xf800, 0xf800, 0xf800, 0xf800, 0xf800, 0xf800, 0xf800,
  0xf800, 0xf800, 0xf800, 0xf800, 0xf800, 0xf800, 0xf800, 0xf800,
  0xf800, 0xf800, 0xf800, 0xf800, 0xf800, 0xf800, 0xf800, 0xf800,
  0xf800, 0xf800, 0xf800, 0xf800, 0xf800, 0xf800, 0xf800, 0xf800,
  0xf800, 0xf800, 0xf800, 0xf800, 0xf800, 0xf800, 0xf800, 0xf800,
  0xf800, 0xf800, 0xf800, 0xf800, 0xf800, 0xf800, 0xf800, 0xf800,
  0xf800, 0xf800, 0xf800, 0xf800, 0xf800, 0xf800, 0xf800, 0xf800,
  0xf800, 0xf800, 0xf800, 0xf800, 0xf800, 0xf800, 0xf800, 0xf800,
  0xf800, 0xf800, 0xf800, 0xf800, 0xf800, 0xf800, 0xf800, 0xf800,
  0xf800, 0xf800, 0xf800, 0xf800, 0xf800, 0xf800, 0xf800, 0xf800,
  0xf800, 0xf800, 0xf800, 0xf800, 0xf800, 0xf800, 0xf800, 0xf800,
  0xf800, 0xf800, 0xf800, 0xf800, 0xf800, 0xf800, 0xf800, 0xf800,
  0xf800, 0xf800, 0xf800, 0xf800, 0xf800, 0xfda0, 0xfda0, 0xfda0,
  0xfda0, 0xfda0, 0xfda0, 0xfda0, 0xfda0, 0xfdc1, 0xf580, 0x4161,
  0x0000, 0x0000, 0x0000, 0x0000, 0x0000, 0x0000, 0x0000, 0x0020,
  0x0000, 0x6a61, 0xfdc0, 0xfda0, 0xfda0, 0xfda0, 0xfda0, 0xfda0,
  0xfda0, 0xfda0, 0xfda0, 0xfda0, 0xfda0, 0xfda0, 0xfda0, 0xfda0,
  0xfda0, 0xfda0, 0xfda0, 0xfda0, 0xfda0, 0xfda0, 0xfda0, 0xfda0,
  0xfda0, 0xfda0, 0xfda0, 0xfda0, 0xfda0, 0xfdc0, 0xdd01, 0x18a1,
  0x0000, 0x0000, 0x0000, 0x0000, 0x0000, 0x0000, 0x0000, 0x0000,
  0x0001, 0x9b80, 0xfde0, 0xfdc0, 0xfdc0, 0xfda0, 0xfda0, 0xfda0,
  0xfda0, 0xfda0, 0xfda0, 0xf800, 0xf800, 0xf800, 0xf800, 0xf800,
  0xf800, 0xf800, 0xf800, 0xf800, 0xf800, 0xf800, 0xf800, 0xf800,
  0xf800, 0xf800, 0xf800, 0xf800, 0xf800, 0xf800, 0xf800, 0xf800,
  0xf800, 0xf800, 0xf800, 0xf800, 0xf800, 0xf800, 0xf800, 0xf800,
  0xf800, 0xf800, 0xf800, 0xf800, 0xf800, 0xf800, 0xf800, 0xf800,
  0xf800, 0xf800, 0xf800, 0xf800, 0xf800, 0xf800, 0xf800, 0xf800,
  0xf800, 0xf800, 0xf800, 0xf800, 0xf800, 0xf800, 0xf800, 0xf800,
  0xf800, 0xf800, 0xf800, 0xf800, 0xf800, 0xf800, 0xf800, 0xf800,
  0xf800, 0xf800, 0xf800, 0xf800, 0xf800, 0xf800, 0xf800, 0xf800,
  0xf800, 0xf800, 0xf800, 0xf800, 0xf800, 0xf800, 0xf800, 0xf800,
  0xf800, 0xf800, 0xf800, 0xf800, 0xf800, 0xf800, 0xf800, 0xf800,
  0xf800, 0xf800, 0xf800, 0xf800, 0xf800, 0xf800, 0xf800, 0xf800,
  0xf800, 0xf800, 0xf800, 0xf800, 0xf800, 0xf800, 0xf800, 0xf800,
  0xf800, 0xf800, 0xf800, 0xf800, 0xf800, 0xf800, 0xf800, 0xf800,
  0xf800, 0xf800, 0xf800, 0xf800, 0xf800, 0xf800, 0xf800, 0xf800,
  0xf800, 0xf800, 0xf800, 0xf800, 0xf800, 0xf800, 0xf800, 0xf800,
  0xf800, 0xf800, 0xf800, 0xf800, 0xf800, 0xf800, 0xf800, 0xf800,
  0xf800, 0xf800, 0xf800, 0xf800, 0xf800, 0xf800, 0xf800, 0xf800,
  0xf800, 0xf800, 0xf800, 0xf800, 0xf800, 0xf800, 0xf800, 0xf800,
  0xf800, 0xf800, 0xf800, 0xf800, 0xf800, 0xf800, 0xf800, 0xf800,
  0xf800, 0xf800, 0xf800, 0xf800, 0xf800, 0xf800, 0xf800, 0xf800,
  0xf800, 0xf800, 0xf800, 0xf800, 0xf800, 0xfda0, 0xfdc0, 0xfda0,
  0xfda0, 0xfda0, 0xfda0, 0xfda0, 0xfdc0, 0xfde1, 0x9b80, 0x0000,
  0x0000, 0x0000, 0x0000, 0x0000, 0x0000, 0x0000, 0x0000, 0x0001,
  0x18a0, 0xd501, 0xfdc0, 0xfda0, 0xfda0, 0xfda0, 0xfda0, 0xfda0,
  0xfda0, 0xfda0, 0xfda0, 0xfda0, 0xfda0, 0xfda0, 0xfda0, 0xfda0,
  0xfda0, 0xfda0, 0xfda0, 0xfda0, 0xfda0, 0xfda0, 0xfda0, 0xfda0,
  0xfda0, 0xfda0, 0xfda0, 0xfda0, 0xfda0, 0xfdc0, 0xfde1, 0x8b20,
  0x0001, 0x0020, 0x0000, 0x0000, 0x0000, 0x0000, 0x0000, 0x0000,
  0x0000, 0x28c1, 0xe521, 0xfdc0, 0xfdc1, 0xfda0, 0xfda0, 0xfda0,
  0xfda0, 0xfda0, 0xfda0, 0xfda0, 0xf800, 0xf800, 0xf800, 0xf800,
  0xf800, 0xf800, 0xf800, 0xf800, 0xf800, 0xf800, 0xf800, 0xf800,
  0xf800, 0xf800, 0xf800, 0xf800, 0xf800, 0xf800, 0xf800, 0xf800,
  0xf800, 0xf800, 0xf800, 0xf800, 0xf800, 0xf800, 0xf800, 0xf800,
  0xf800, 0xf800, 0xf800, 0xf800, 0xf800, 0xf800, 0xf800, 0xf800,
  0xf800, 0xf800, 0xf800, 0xf800, 0xf800, 0xf800, 0xf800, 0xf800,
  0xf800, 0xf800, 0xf800, 0xf800, 0xf800, 0xf800, 0xf800, 0xf800,
  0xf800, 0xf800, 0xf800, 0xf800, 0xf800, 0xf800, 0xf800, 0xf800,
  0xf800, 0xf800, 0xf800, 0xf800, 0xf800, 0xf800, 0xf800, 0xf800,
  0xf800, 0xf800, 0xf800, 0xf800, 0xf800, 0xf800, 0xf800, 0xf800,
  0xf800, 0xf800, 0xf800, 0xf800, 0xf800, 0xf800, 0xf800, 0xf800,
  0xf800, 0xf800, 0xf800, 0xf800, 0xf800, 0xf800, 0xf800, 0xf800,
  0xf800, 0xf800, 0xf800, 0xf800, 0xf800, 0xf800, 0xf800, 0xf800,
  0xf800, 0xf800, 0xf800, 0xf800, 0xf800, 0xf800, 0xf800, 0xf800,
  0xf800, 0xf800, 0xf800, 0xf800, 0xf800, 0xf800, 0xf800, 0xf800,
  0xf800, 0xf800, 0xf800, 0xf800, 0xf800, 0xf800, 0xf800, 0xf800,
  0xf800, 0xf800, 0xf800, 0xf800, 0xf800, 0xf800, 0xf800, 0xf800,
  0xf800, 0xf800, 0xf800, 0xf800, 0xf800, 0xf800, 0xf800, 0xf800,
  0xf800, 0xf800, 0xf800, 0xf800, 0xf800, 0xf800, 0xf800, 0xf800,
  0xf800, 0xf800, 0xf800, 0xf800, 0xf800, 0xf800, 0xf800, 0xf800,
  0xf800, 0xf800, 0xf800, 0xf800, 0xf800, 0xf800, 0xf800, 0xf800,
  0xf800, 0xf800, 0xf800, 0xf800, 0xfda0, 0xfda0, 0xfdc0, 0xfda0,
  0xfda0, 0xfda0, 0xfda0, 0xfda0, 0xfdc0, 0xdd20, 0x20c1, 0x0000,
  0x0000, 0x0000, 0x0000, 0x0000, 0x0000, 0x0000, 0x0000, 0x0000,
  0x8b20, 0xfde0, 0xfda0, 0xfda0, 0xfda0, 0xfda0, 0xfda0, 0xfda0,
  0xfda0, 0xfda0, 0xfda0, 0xfda0, 0xfda0, 0xfda0, 0xfda0, 0xfda0,
  0xfda0, 0xfda0, 0xfda0, 0xfda0, 0xfda0, 0xfda0, 0xfda0, 0xfda0,
  0xfda0, 0xfda0, 0xfda0, 0xfda0, 0xfda0, 0xfdc0, 0xfdc0, 0xed81,
  0x3940, 0x0001, 0x0020, 0x0000, 0x0000, 0x0000, 0x0000, 0x0000,
  0x0020, 0x0000, 0x7281, 0xfde1, 0xfda0, 0xfda0, 0xfda0, 0xfda0,
  0xfda0, 0xfda0, 0xfda0, 0xfdc0, 0xf800, 0xf800, 0xf800, 0xf800,
  0xf800, 0xf800, 0xf800, 0xf800, 0xf800, 0xf800, 0xf800, 0xf800,
  0xf800, 0xf800, 0xf800, 0xf800, 0xf800, 0xf800, 0xf800, 0xf800,
  0xf800, 0xf800, 0xf800, 0xf800, 0xf800, 0xf800, 0xf800, 0xf800,
  0xf800, 0xf800, 0xf800, 0xf800, 0xf800, 0xf800, 0xf800, 0xf800,
  0xf800, 0xf800, 0xf800, 0xf800, 0xf800, 0xf800, 0xf800, 0xf800,
  0xf800, 0xf800, 0xf800, 0xf800, 0xf800, 0xf800, 0xf800, 0xf800,
  0xf800, 0xf800, 0xf800, 0xf800, 0xf800, 0xf800, 0xf800, 0xf800,
  0xf800, 0xf800, 0xf800, 0xf800, 0xf800, 0xf800, 0xf800, 0xf800,
  0xf800, 0xf800, 0xf800, 0xf800, 0xf800, 0xf800, 0xf800, 0xf800,
  0xf800, 0xf800, 0xf800, 0xf800, 0xf800, 0xf800, 0xf800, 0xf800,
  0xf800, 0xf800, 0xf800, 0xf800, 0xf800, 0xf800, 0xf800, 0xf800,
  0xf800, 0xf800, 0xf800, 0xf800, 0xf800, 0xf800, 0xf800, 0xf800,
  0xf800, 0xf800, 0xf800, 0xf800, 0xf800, 0xf800, 0xf800, 0xf800,
  0xf800, 0xf800, 0xf800, 0xf800, 0xf800, 0xf800, 0xf800, 0xf800,
  0xf800, 0xf800, 0xf800, 0xf800, 0xf800, 0xf800, 0xf800, 0xf800,
  0xf800, 0xf800, 0xf800, 0xf800, 0xf800, 0xf800, 0xf800, 0xf800,
  0xf800, 0xf800, 0xf800, 0xf800, 0xf800, 0xf800, 0xf800, 0xf800,
  0xf800, 0xf800, 0xf800, 0xf800, 0xf800, 0xf800, 0xf800, 0xf800,
  0xf800, 0xf800, 0xf800, 0xf800, 0xf800, 0xf800, 0xf800, 0xf800,
  0xf800, 0xf800, 0xf800, 0xf800, 0xf800, 0xf800, 0xf800, 0xf800,
  0xf800, 0xf800, 0xf800, 0xf800, 0xfda1, 0xfda0, 0xfda0, 0xfda0,
  0xfda0, 0xfda0, 0xfdc0, 0xfda0, 0xfdc1, 0x7ac0, 0x0001, 0x0020,
  0x0000, 0x0000, 0x0000, 0x0000, 0x0000, 0x0020, 0x0000, 0x3121,
  0xed61, 0xfdc0, 0xfdc0, 0xfda0, 0xfda0, 0xfda0, 0xfda0, 0xfda0,
  0xfda0, 0xfda0, 0xfda0, 0xfda0, 0xfda0, 0xfda0, 0xfda0, 0xfda0,
  0xfda0, 0xfda0, 0xfda0, 0xfda0, 0xfda0, 0xfda0, 0xfda0, 0xfda0,
  0xfda0, 0xfda0, 0xfda0, 0xfda0, 0xfda0, 0xfda0, 0xfda0, 0xfde0,
  0xac01, 0x0021, 0x0000, 0x0000, 0x0000, 0x0000, 0x0000, 0x0000,
  0x0000, 0x0000, 0x1061, 0xccc0, 0xfdc1, 0xfda0, 0xfda0, 0xfda0,
  0xfda0, 0xfda0, 0xfda0, 0xfda0, 0xfda0, 0xf800, 0xf800, 0xf800,
  0xf800, 0xf800, 0xf800, 0xf800, 0xf800, 0xf800, 0xf800, 0xf800,
  0xf800, 0xf800, 0xf800, 0xf800, 0xf800, 0xf800, 0xf800, 0xf800,
  0xf800, 0xf800, 0xf800, 0xf800, 0xf800, 0xf800, 0xf800, 0xf800,
  0xf800, 0xf800, 0xf800, 0xf800, 0xf800, 0xf800, 0xf800, 0xf800,
  0xf800, 0xf800, 0xf800, 0xf800, 0xf800, 0xf800, 0xf800, 0xf800,
  0xf800, 0xf800, 0xf800, 0xf800, 0xf800, 0xf800, 0xf800, 0xf800,
  0xf800, 0xf800, 0xf800, 0xf800, 0xf800, 0xf800, 0xf800, 0xf800,
  0xf800, 0xf800, 0xf800, 0xf800, 0xf800, 0xf800, 0xf800, 0xf800,
  0xf800, 0xf800, 0xf800, 0xf800, 0xf800, 0xf800, 0xf800, 0xf800,
  0xf800, 0xf800, 0xf800, 0xf800, 0xf800, 0xf800, 0xf800, 0xf800,
  0xf800, 0xf800, 0xf800, 0xf800, 0xf800, 0xf800, 0xf800, 0xf800,
  0xf800, 0xf800, 0xf800, 0xf800, 0xf800, 0xf800, 0xf800, 0xf800,
  0xf800, 0xf800, 0xf800, 0xf800, 0xf800, 0xf800, 0xf800, 0xf800,
  0xf800, 0xf800, 0xf800, 0xf800, 0xf800, 0xf800, 0xf800, 0xf800,
  0xf800, 0xf800, 0xf800, 0xf800, 0xf800, 0xf800, 0xf800, 0xf800,
  0xf800, 0xf800, 0xf800, 0xf800, 0xf800, 0xf800, 0xf800, 0xf800,
  0xf800, 0xf800, 0xf800, 0xf800, 0xf800, 0xf800, 0xf800, 0xf800,
  0xf800, 0xf800, 0xf800, 0xf800, 0xf800, 0xf800, 0xf800, 0xf800,
  0xf800, 0xf800, 0xf800, 0xf800, 0xf800, 0xf800, 0xf800, 0xf800,
  0xf800, 0xf800, 0xf800, 0xf800, 0xf800, 0xf800, 0xf800, 0xf800,
  0xf800, 0xf800, 0xf800, 0xfda0, 0xfda0, 0xfda0, 0xfda0, 0xfda0,
  0xfda0, 0xfdc0, 0xfdc1, 0xfdc0, 0xcca1, 0x1060, 0x0000, 0x0020,
  0x0000, 0x0000, 0x0000, 0x0000, 0x0000, 0x0020, 0x0000, 0xabe2,
  0xfde0, 0xfda0, 0xfdc0, 0xfda0, 0xfda0, 0xfda0, 0xfda0, 0xfda0,
  0xfda0, 0xfda0, 0xfda0, 0xfda0, 0xfda0, 0xfda0, 0xfda0, 0xfda0,
  0xfda0, 0xfda0, 0xfda0, 0xfda0, 0xfda0, 0xfda0, 0xfda0, 0xfda0,
  0xfda0, 0xfda0, 0xfda0, 0xfda0, 0xfda0, 0xfda0, 0xfda0, 0xfdc0,
  0xfdc0, 0x51e0, 0x0000, 0x0000, 0x0000, 0x0000, 0x0000, 0x0000,
  0x0000, 0x0000, 0x0000, 0x51e1, 0xfda1, 0xfda0, 0xfda0, 0xfda0,
  0xfda0, 0xfda0, 0xfda0, 0xfda0, 0xfda0, 0xf800, 0xf800, 0xf800,
  0xf800, 0xf800, 0xf800, 0xf800, 0xf800, 0xf800, 0xf800, 0xf800,
  0xf800, 0xf800, 0xf800, 0xf800, 0xf800, 0xf800, 0xf800, 0xf800,
  0xf800, 0xf800, 0xf800, 0xf800, 0xf800, 0xf800, 0xf800, 0xf800,
  0xf800, 0xf800, 0xf800, 0xf800, 0xf800, 0xf800, 0xf800, 0xf800,
  0xf800, 0xf800, 0xf800, 0xf800, 0xf800, 0xf800, 0xf800, 0xf800,
  0xf800, 0xf800, 0xf800, 0xf800, 0xf800, 0xf800, 0xf800, 0xf800,
  0xf800, 0xf800, 0xf800, 0xf800, 0xf800, 0xf800, 0xf800, 0xf800,
  0xf800, 0xf800, 0xf800, 0xf800, 0xf800, 0xf800, 0xf800, 0xf800,
  0xf800, 0xf800, 0xf800, 0xf800, 0xf800, 0xf800, 0xf800, 0xf800,
  0xf800, 0xf800, 0xf800, 0xf800, 0xf800, 0xf800, 0xf800, 0xf800,
  0xf800, 0xf800, 0xf800, 0xf800, 0xf800, 0xf800, 0xf800, 0xf800,
  0xf800, 0xf800, 0xf800, 0xf800, 0xf800, 0xf800, 0xf800, 0xf800,
  0xf800, 0xf800, 0xf800, 0xf800, 0xf800, 0xf800, 0xf800, 0xf800,
  0xf800, 0xf800, 0xf800, 0xf800, 0xf800, 0xf800, 0xf800, 0xf800,
  0xf800, 0xf800, 0xf800, 0xf800, 0xf800, 0xf800, 0xf800, 0xf800,
  0xf800, 0xf800, 0xf800, 0xf800, 0xf800, 0xf800, 0xf800, 0xf800,
  0xf800, 0xf800, 0xf800, 0xf800, 0xf800, 0xf800, 0xf800, 0xf800,
  0xf800, 0xf800, 0xf800, 0xf800, 0xf800, 0xf800, 0xf800, 0xf800,
  0xf800, 0xf800, 0xf800, 0xf800, 0xf800, 0xf800, 0xf800, 0xf800,
  0xf800, 0xf800, 0xf800, 0xf800, 0xf800, 0xf800, 0xf800, 0xf800,
  0xf800, 0xf800, 0xf800, 0xfda0, 0xfda0, 0xfda0, 0xfda0, 0xfda0,
  0xfda0, 0xfda0, 0xfdc0, 0xfdc1, 0x51e0, 0x0001, 0x0000, 0x0000,
  0x0000, 0x0000, 0x0000, 0x0000, 0x0000, 0x0001, 0x51c0, 0xfda0,
  0xfda0, 0xfdc0, 0xfda0, 0xfda0, 0xfda0, 0xfda0, 0xfda0, 0xfda0,
  0xfda0, 0xfda0, 0xfda0, 0xfda0, 0xfda0, 0xfda0, 0xfda0, 0xfda0,
  0xfda0, 0xfda0, 0xfda0, 0xfda0, 0xfda0, 0xfda0, 0xfda0, 0xfda0,
  0xfda0, 0xfda0, 0xfda0, 0xfda0, 0xfda0, 0xfda0, 0xfda0, 0xfda0,
  0xfdc1, 0xcca0, 0x1061, 0x0000, 0x0000, 0x0000, 0x0000, 0x0000,
  0x0000, 0x0000, 0x0000, 0x0020, 0xac00, 0xfdc0, 0xfda0, 0xfda0,
  0xfda0, 0xfda0, 0xfda0, 0xfda0, 0xfd80, 0xfda0, 0xf800, 0xf800,
  0xf800, 0xf800, 0xf800, 0xf800, 0xf800, 0xf800, 0xf800, 0xf800,
  0xf800, 0xf800, 0xf800, 0xf800, 0xf800, 0xf800, 0xf800, 0xf800,
  0xf800, 0xf800, 0xf800, 0xf800, 0xf800, 0xf800, 0xf800, 0xf800,
  0xf800, 0xf800, 0xf800, 0xf800, 0xf800, 0xf800, 0xf800, 0xf800,
  0xf800, 0xf800, 0xf800, 0xf800, 0xf800, 0xf800, 0xf800, 0xf800,
  0xf800, 0xf800, 0xf800, 0xf800, 0xf800, 0xf800, 0xf800, 0xf800,
  0xf800, 0xf800, 0xf800, 0xf800, 0xf800, 0xf800, 0xf800, 0xf800,
  0xf800, 0xf800, 0xf800, 0xf800, 0xf800, 0xf800, 0xf800, 0xf800,
  0xf800, 0xf800, 0xf800, 0xf800, 0xf800, 0xf800, 0xf800, 0xf800,
  0xf800, 0xf800, 0xf800, 0xf800, 0xf800, 0xf800, 0xf800, 0xf800,
  0xf800, 0xf800, 0xf800, 0xf800, 0xf800, 0xf800, 0xf800, 0xf800,
  0xf800, 0xf800, 0xf800, 0xf800, 0xf800, 0xf800, 0xf800, 0xf800,
  0xf800, 0xf800, 0xf800, 0xf800, 0xf800, 0xf800, 0xf800, 0xf800,
  0xf800, 0xf800, 0xf800, 0xf800, 0xf800, 0xf800, 0xf800, 0xf800,
  0xf800, 0xf800, 0xf800, 0xf800, 0xf800, 0xf800, 0xf800, 0xf800,
  0xf800, 0xf800, 0xf800, 0xf800, 0xf800, 0xf800, 0xf800, 0xf800,
  0xf800, 0xf800, 0xf800, 0xf800, 0xf800, 0xf800, 0xf800, 0xf800,
  0xf800, 0xf800, 0xf800, 0xf800, 0xf800, 0xf800, 0xf800, 0xf800,
  0xf800, 0xf800, 0xf800, 0xf800, 0xf800, 0xf800, 0xf800, 0xf800,
  0xf800, 0xf800, 0xf800, 0xf800, 0xf800, 0xf800, 0xf800, 0xf800,
  0xf800, 0xf800, 0xfdc0, 0xfda0, 0xfda0, 0xfda0, 0xfda0, 0xfda0,
  0xfda0, 0xfda0, 0xfde0, 0xb401, 0x0040, 0x0000, 0x0000, 0x0000,
  0x0000, 0x0000, 0x0000, 0x0000, 0x0001, 0x1041, 0xcc81, 0xfdc0,
  0xfda0, 0xfdc0, 0xfda0, 0xfda0, 0xfda0, 0xfda0, 0xfda0, 0xfda0,
  0xfda0, 0xfda0, 0xfda0, 0xfda0, 0xfda0, 0xfda0, 0xfda0, 0xfda0,
  0xfda0, 0xfda0, 0xfda0, 0xfda0, 0xfda0, 0xfda0, 0xfda0, 0xfda0,
  0xfda0, 0xfda0, 0xfda0, 0xfda0, 0xfda0, 0xfda0, 0xfda0, 0xfda0,
  0xfda0, 0xfde1, 0x7a81, 0x0001, 0x0000, 0x0000, 0x0000, 0x0000,
  0x0000, 0x0000, 0x0000, 0x0000, 0x3921, 0xed60, 0xfdc0, 0xfda0,
  0xfda0, 0xfda0, 0xfda0, 0xfda0, 0xfdc0, 0xfda0, 0xfd80, 0xf800,
  0xf800, 0xf800, 0xf800, 0xf800, 0xf800, 0xf800, 0xf800, 0xf800,
  0xf800, 0xf800, 0xf800, 0xf800, 0xf800, 0xf800, 0xf800, 0xf800,
  0xf800, 0xf800, 0xf800, 0xf800, 0xf800, 0xf800, 0xf800, 0xf800,
  0xf800, 0xf800, 0xf800, 0xf800, 0xf800, 0xf800, 0xf800, 0xf800,
  0xf800, 0xf800, 0xf800, 0xf800, 0xf800, 0xf800, 0xf800, 0xf800,
  0xf800, 0xf800, 0xf800, 0xf800, 0xf800, 0xf800, 0xf800, 0xf800,
  0xf800, 0xf800, 0xf800, 0xf800, 0xf800, 0xf800, 0xf800, 0xf800,
  0xf800, 0xf800, 0xf800, 0xf800, 0xf800, 0xf800, 0xf800, 0xf800,
  0xf800, 0xf800, 0xf800, 0xf800, 0xf800, 0xf800, 0xf800, 0xf800,
  0xf800, 0xf800, 0xf800, 0xf800, 0xf800, 0xf800, 0xf800, 0xf800,
  0xf800, 0xf800, 0xf800, 0xf800, 0xf800, 0xf800, 0xf800, 0xf800,
  0xf800, 0xf800, 0xf800, 0xf800, 0xf800, 0xf800, 0xf800, 0xf800,
  0xf800, 0xf800, 0xf800, 0xf800, 0xf800, 0xf800, 0xf800, 0xf800,
  0xf800, 0xf800, 0xf800, 0xf800, 0xf800, 0xf800, 0xf800, 0xf800,
  0xf800, 0xf800, 0xf800, 0xf800, 0xf800, 0xf800, 0xf800, 0xf800,
  0xf800, 0xf800, 0xf800, 0xf800, 0xf800, 0xf800, 0xf800, 0xf800,
  0xf800, 0xf800, 0xf800, 0xf800, 0xf800, 0xf800, 0xf800, 0xf800,
  0xf800, 0xf800, 0xf800, 0xf800, 0xf800, 0xf800, 0xf800, 0xf800,
  0xf800, 0xf800, 0xf800, 0xf800, 0xf800, 0xf800, 0xf800, 0xf800,
  0xf800, 0xf800, 0xf800, 0xf800, 0xf800, 0xf800, 0xf800, 0xf800,
  0xf800, 0xfda0, 0xfda0, 0xfda0, 0xfda0, 0xfda0, 0xfda0, 0xfda0,
  0xfda0, 0xfdc0, 0xf561, 0x3920, 0x0000, 0x0000, 0x0000, 0x0000,
  0x0000, 0x0000, 0x0000, 0x0000, 0x0001, 0x72a0, 0xfde1, 0xfda0,
  0xfda0, 0xfda0, 0xfda0, 0xfda0, 0xfda0, 0xfda0, 0xfda0, 0xfda0,
  0xfda0, 0xfda0, 0xfda0, 0xfda0, 0xfda0, 0xfda0, 0xfda0, 0xfda0,
  0xfda0, 0xfda0, 0xfda0, 0xfda0, 0xfda0, 0xfda0, 0xfda0, 0xfda0,
  0xfda0, 0xfda0, 0xfda0, 0xfda0, 0xfda0, 0xfda0, 0xfda0, 0xfda0,
  0xfda1, 0xfdc0, 0xdd01, 0x28e0, 0x0000, 0x0001, 0x0020, 0x0000,
  0x0000, 0x0000, 0x0000, 0x0000, 0x0000, 0x8b21, 0xfe00, 0xfda1,
  0xfdc0, 0xfda0, 0xfda0, 0xfda0, 0xfda0, 0xfda0, 0xfda0, 0xf800,
  0xf800, 0xf800, 0xf800, 0xf800, 0xf800, 0xf800, 0xf800, 0xf800,
  0xf800, 0xf800, 0xf800, 0xf800, 0xf800, 0xf800, 0xf800, 0xf800,
  0xf800, 0xf800, 0xf800, 0xf800, 0xf800, 0xf800, 0xf800, 0xf800,
  0xf800, 0xf800, 0xf800, 0xf800, 0xf800, 0xf800, 0xf800, 0xf800,
  0xf800, 0xf800, 0xf800, 0xf800, 0xf800, 0xf800, 0xf800, 0xf800,
  0xf800, 0xf800, 0xf800, 0xf800, 0xf800, 0xf800, 0xf800, 0xf800,
  0xf800, 0xf800, 0xf800, 0xf800, 0xf800, 0xf800, 0xf800, 0xf800,
  0xf800, 0xf800, 0xf800, 0xf800, 0xf800, 0xf800, 0xf800, 0xf800,
  0xf800, 0xf800, 0xf800, 0xf800, 0xf800, 0xf800, 0xf800, 0xf800,
  0xf800, 0xf800, 0xf800, 0xf800, 0xf800, 0xf800, 0xf800, 0xf800,
  0xf800, 0xf800, 0xf800, 0xf800, 0xf800, 0xf800, 0xf800, 0xf800,
  0xf800, 0xf800, 0xf800, 0xf800, 0xf800, 0xf800, 0xf800, 0xf800,
  0xf800, 0xf800, 0xf800, 0xf800, 0xf800, 0xf800, 0xf800, 0xf800,
  0xf800, 0xf800, 0xf800, 0xf800, 0xf800, 0xf800, 0xf800, 0xf800,
  0xf800, 0xf800, 0xf800, 0xf800, 0xf800, 0xf800, 0xf800, 0xf800,
  0xf800, 0xf800, 0xf800, 0xf800, 0xf800, 0xf800, 0xf800, 0xf800,
  0xf800, 0xf800, 0xf800, 0xf800, 0xf800, 0xf800, 0xf800, 0xf800,
  0xf800, 0xf800, 0xf800, 0xf800, 0xf800, 0xf800, 0xf800, 0xf800,
  0xf800, 0xf800, 0xf800, 0xf800, 0xf800, 0xf800, 0xf800, 0xf800,
  0xf800, 0xf800, 0xf800, 0xf800, 0xf800, 0xf800, 0xf800, 0xf800,
  0xf800, 0xfda0, 0xfda0, 0xfda0, 0xfda0, 0xfda0, 0xfda0, 0xfda0,
  0xfda0, 0xfde1, 0x9341, 0x0001, 0x0000, 0x0000, 0x0000, 0x0000,
  0x0000, 0x0000, 0x0000, 0x0000, 0x20c1, 0xe521, 0xfdc1, 0xfda0,
  0xfda0, 0xfda0, 0xfda0, 0xfda0, 0xfda0, 0xfda0, 0xfda0, 0xfda0,
  0xfda0, 0xfda0, 0xfda0, 0xfda0, 0xfda0, 0xfda0, 0xfda0, 0xfda0,
  0xfda0, 0xfda0, 0xfda0, 0xfda0, 0xfda0, 0xfda0, 0xfda0, 0xfda0,
  0xfda0, 0xfda0, 0xfda0, 0xfda0, 0xfda0, 0xfda0, 0xfda0, 0xfda0,
  0xfdc0, 0xfda0, 0xfde0, 0x9361, 0x0000, 0x0000, 0x0020, 0x0000,
  0x0000, 0x0000, 0x0020, 0x0000, 0x0000, 0x1880, 0xd521, 0xfdc0,
  0xfdc0, 0xfda0, 0xfda0, 0xfda0, 0xfda0, 0xfda0, 0xfda0, 0xfdc0,
  0xf800, 0xf800, 0xf800, 0xf800, 0xf800, 0xf800, 0xf800, 0xf800,
  0xf800, 0xf800, 0xf800, 0xf800, 0xf800, 0xf800, 0xf800, 0xf800,
  0xf800, 0xf800, 0xf800, 0xf800, 0xf800, 0xf800, 0xf800, 0xf800,
  0xf800, 0xf800, 0xf800, 0xf800, 0xf800, 0xf800, 0xf800, 0xf800,
  0xf800, 0xf800, 0xf800, 0xf800, 0xf800, 0xf800, 0xf800, 0xf800,
  0xf800, 0xf800, 0xf800, 0xf800, 0xf800, 0xf800, 0xf800, 0xf800,
  0xf800, 0xf800, 0xf800, 0xf800, 0xf800, 0xf800, 0xf800, 0xf800,
  0xf800, 0xf800, 0xf800, 0xf800, 0xf800, 0xf800, 0xf800, 0xf800,
  0xf800, 0xf800, 0xf800, 0xf800, 0xf800, 0xf800, 0xf800, 0xf800,
  0xf800, 0xf800, 0xf800, 0xf800, 0xf800, 0xf800, 0xf800, 0xf800,
  0xf800, 0xf800, 0xf800, 0xf800, 0xf800, 0xf800, 0xf800, 0xf800,
  0xf800, 0xf800, 0xf800, 0xf800, 0xf800, 0xf800, 0xf800, 0xf800,
  0xf800, 0xf800, 0xf800, 0xf800, 0xf800, 0xf800, 0xf800, 0xf800,
  0xf800, 0xf800, 0xf800, 0xf800, 0xf800, 0xf800, 0xf800, 0xf800,
  0xf800, 0xf800, 0xf800, 0xf800, 0xf800, 0xf800, 0xf800, 0xf800,
  0xf800, 0xf800, 0xf800, 0xf800, 0xf800, 0xf800, 0xf800, 0xf800,
  0xf800, 0xf800, 0xf800, 0xf800, 0xf800, 0xf800, 0xf800, 0xf800,
  0xf800, 0xf800, 0xf800, 0xf800, 0xf800, 0xf800, 0xf800, 0xf800,
  0xf800, 0xf800, 0xf800, 0xf800, 0xf800, 0xf800, 0xf800, 0xf800,
  0xf800, 0xf800, 0xf800, 0xf800, 0xf800, 0xf800, 0xf800, 0xf800,
  0xfd80, 0xfdc0, 0xfda0, 0xfda0, 0xfda0, 0xfda0, 0xfda0, 0xfda0,
  0xfdc0, 0xdd01, 0x20c0, 0x0020, 0x0000, 0x0000, 0x0000, 0x0000,
  0x0000, 0x0000, 0x0000, 0x0000, 0x9340, 0xfde0, 0xfdc0, 0xfda0,
  0xfda0, 0xfda0, 0xfda0, 0xfda0, 0xfda0, 0xfda0, 0xfda0, 0xfda0,
  0xfda0, 0xfda0, 0xfda0, 0xfda0, 0xfdc0, 0xfde0, 0xfde0, 0xfde0,
  0xfde0, 0xfde0, 0xfde0, 0xfdc0, 0xfda0, 0xfda0, 0xfdc0, 0xfda0,
  0xfda0, 0xfda0, 0xfda0, 0xfda0, 0xfda0, 0xfda0, 0xfda0, 0xfda0,
  0xfda0, 0xfdc0, 0xfda0, 0xf581, 0x4160, 0x0000, 0x0000, 0x0000,
  0x0000, 0x0000, 0x0000, 0x0000, 0x0000, 0x0001, 0x6a81, 0xfde0,
  0xfda0, 0xfda0, 0xfda0, 0xfda0, 0xfda0, 0xfda0, 0xfda0, 0xfda1,
  0xf800, 0xf800, 0xf800, 0xf800, 0xf800, 0xf800, 0xf800, 0xf800,
  0xf800, 0xf800, 0xf800, 0xf800, 0xf800, 0xf800, 0xf800, 0xf800,
  0xf800, 0xf800, 0xf800, 0xf800, 0xf800, 0xf800, 0xf800, 0xf800,
  0xf800, 0xf800, 0xf800, 0xf800, 0xf800, 0xf800, 0xf800, 0xf800,
  0xf800, 0xf800, 0xf800, 0xf800, 0xf800, 0xf800, 0xf800, 0xf800,
  0xf800, 0xf800, 0xf800, 0xf800, 0xf800, 0xf800, 0xf800, 0xf800,
  0xf800, 0xf800, 0xf800, 0xf800, 0xf800, 0xf800, 0xf800, 0xf800,
  0xf800, 0xf800, 0xf800, 0xf800, 0xf800, 0xf800, 0xf800, 0xf800,
  0xf800, 0xf800, 0xf800, 0xf800, 0xf800, 0xf800, 0xf800, 0xf800,
  0xf800, 0xf800, 0xf800, 0xf800, 0xf800, 0xf800, 0xf800, 0xf800,
  0xf800, 0xf800, 0xf800, 0xf800, 0xf800, 0xf800, 0xf800, 0xf800,
  0xf800, 0xf800, 0xf800, 0xf800, 0xf800, 0xf800, 0xf800, 0xf800,
  0xf800, 0xf800, 0xf800, 0xf800, 0xf800, 0xf800, 0xf800, 0xf800,
  0xf800, 0xf800, 0xf800, 0xf800, 0xf800, 0xf800, 0xf800, 0xf800,
  0xf800, 0xf800, 0xf800, 0xf800, 0xf800, 0xf800, 0xf800, 0xf800,
  0xf800, 0xf800, 0xf800, 0xf800, 0xf800, 0xf800, 0xf800, 0xf800,
  0xf800, 0xf800, 0xf800, 0xf800, 0xf800, 0xf800, 0xf800, 0xf800,
  0xf800, 0xf800, 0xf800, 0xf800, 0xf800, 0xf800, 0xf800, 0xf800,
  0xf800, 0xf800, 0xf800, 0xf800, 0xf800, 0xf800, 0xf800, 0xf800,
  0xf800, 0xf800, 0xf800, 0xf800, 0xf800, 0xf800, 0xf800, 0xf800,
  0xfda0, 0xfda0, 0xfda0, 0xfda0, 0xfda0, 0xfda0, 0xfda0, 0xfdc1,
  0xfde0, 0x6a60, 0x0000, 0x0000, 0x0000, 0x0000, 0x0000, 0x0000,
  0x0000, 0x0000, 0x0000, 0x4122, 0xed81, 0xfdc0, 0xfdc0, 0xfdc0,
  0xfda0, 0xfda0, 0xfda0, 0xfda0, 0xfda0, 0xfda0, 0xfda0, 0xfda0,
  0xfda0, 0xfda1, 0xfde0, 0xfdc1, 0xdd21, 0xabc0, 0x82e1, 0x6a61,
  0x6a41, 0x7aa0, 0x9ba0, 0xd4e1, 0xfdc0, 0xfde0, 0xfdc0, 0xfda0,
  0xfdc0, 0xfda0, 0xfda0, 0xfda0, 0xfda0, 0xfda0, 0xfda0, 0xfda0,
  0xfda0, 0xfdc0, 0xfda0, 0xfde1, 0xb420, 0x0821, 0x0000, 0x0000,
  0x0000, 0x0000, 0x0000, 0x0000, 0x0000, 0x0001, 0x1040, 0xc461,
  0xfde1, 0xfda0, 0xfdc0, 0xfda0, 0xfda0, 0xfda0, 0xfda0, 0xfda0,
  0xfdc0, 0xf800, 0xf800, 0xf800, 0xf800, 0xf800, 0xf800, 0xf800,
  0xf800, 0xf800, 0xf800, 0xf800, 0xf800, 0xf800, 0xf800, 0xf800,
  0xf800, 0xf800, 0xf800, 0xf800, 0xf800, 0xf800, 0xf800, 0xf800,
  0xf800, 0xf800, 0xf800, 0xf800, 0xf800, 0xf800, 0xf800, 0xf800,
  0xf800, 0xf800, 0xf800, 0xf800, 0xf800, 0xf800, 0xf800, 0xf800,
  0xf800, 0xf800, 0xf800, 0xf800, 0xf800, 0xf800, 0xf800, 0xf800,
  0xf800, 0xf800, 0xf800, 0xf800, 0xf800, 0xf800, 0xf800, 0xf800,
  0xf800, 0xf800, 0xf800, 0xf800, 0xf800, 0xf800, 0xf800, 0xf800,
  0xf800, 0xf800, 0xf800, 0xf800, 0xf800, 0xf800, 0xf800, 0xf800,
  0xf800, 0xf800, 0xf800, 0xf800, 0xf800, 0xf800, 0xf800, 0xf800,
  0xf800, 0xf800, 0xf800, 0xf800, 0xf800, 0xf800, 0xf800, 0xf800,
  0xf800, 0xf800, 0xf800, 0xf800, 0xf800, 0xf800, 0xf800, 0xf800,
  0xf800, 0xf800, 0xf800, 0xf800, 0xf800, 0xf800, 0xf800, 0xf800,
  0xf800, 0xf800, 0xf800, 0xf800, 0xf800, 0xf800, 0xf800, 0xf800,
  0xf800, 0xf800, 0xf800, 0xf800, 0xf800, 0xf800, 0xf800, 0xf800,
  0xf800, 0xf800, 0xf800, 0xf800, 0xf800, 0xf800, 0xf800, 0xf800,
  0xf800, 0xf800, 0xf800, 0xf800, 0xf800, 0xf800, 0xf800, 0xf800,
  0xf800, 0xf800, 0xf800, 0xf800, 0xf800, 0xf800, 0xf800, 0xf800,
  0xf800, 0xf800, 0xf800, 0xf800, 0xf800, 0xf800, 0xf800, 0xf800,
  0xf800, 0xf800, 0xf800, 0xf800, 0xf800, 0xf800, 0xf800, 0xfda0,
  0xfda0, 0xfda0, 0xfda0, 0xfda0, 0xfda0, 0xfdc0, 0xfda0, 0xfdc0,
  0xc4a1, 0x0841, 0x0000, 0x0000, 0x0000, 0x0000, 0x0000, 0x0000,
  0x0020, 0x0000, 0x0801, 0xb420, 0xfde0, 0xfda1, 0xfdc0, 0xfda0,
  0xfda0, 0xfda0, 0xfda0, 0xfda0, 0xfda0, 0xfda0, 0xfda0, 0xfda0,
  0xfdc0, 0xfde0, 0xdd00, 0x6a61, 0x18a1, 0x0000, 0x0000, 0x0000,
  0x0000, 0x0000, 0x0000, 0x1060, 0x5201, 0xcca1, 0xfda1, 0xfdc1,
  0xfda0, 0xfda0, 0xfda0, 0xfda0, 0xfda0, 0xfda0, 0xfda0, 0xfda0,
  0xfda0, 0xfda0, 0xfda0, 0xfdc0, 0xfdc1, 0x6200, 0x0000, 0x0000,
  0x0000, 0x0000, 0x0000, 0x0000, 0x0000, 0x0021, 0x0000, 0x5181,
  0xfda0, 0xfdc0, 0xfda0, 0xfdc0, 0xfda0, 0xfda0, 0xfda0, 0xfdc0,
  0xfda0, 0xf800, 0xf800, 0xf800, 0xf800, 0xf800, 0xf800, 0xf800,
  0xf800, 0xf800, 0xf800, 0xf800, 0xf800, 0xf800, 0xf800, 0xf800,
  0xf800, 0xf800, 0xf800, 0xf800, 0xf800, 0xf800, 0xf800, 0xf800,
  0xf800, 0xf800, 0xf800, 0xf800, 0xf800, 0xf800, 0xf800, 0xf800,
  0xf800, 0xf800, 0xf800, 0xf800, 0xf800, 0xf800, 0xf800, 0xf800,
  0xf800, 0xf800, 0xf800, 0xf800, 0xf800, 0xf800, 0xf800, 0xf800,
  0xf800, 0xf800, 0xf800, 0xf800, 0xf800, 0xf800, 0xf800, 0xf800,
  0xf800, 0xf800, 0xf800, 0xf800, 0xf800, 0xf800, 0xf800, 0xf800,
  0xf800, 0xf800, 0xf800, 0xf800, 0xf800, 0xf800, 0xf800, 0xf800,
  0xf800, 0xf800, 0xf800, 0xf800, 0xf800, 0xf800, 0xf800, 0xf800,
  0xf800, 0xf800, 0xf800, 0xf800, 0xf800, 0xf800, 0xf800, 0xf800,
  0xf800, 0xf800, 0xf800, 0xf800, 0xf800, 0xf800, 0xf800, 0xf800,
  0xf800, 0xf800, 0xf800, 0xf800, 0xf800, 0xf800, 0xf800, 0xf800,
  0xf800, 0xf800, 0xf800, 0xf800, 0xf800, 0xf800, 0xf800, 0xf800,
  0xf800, 0xf800, 0xf800, 0xf800, 0xf800, 0xf800, 0xf800, 0xf800,
  0xf800, 0xf800, 0xf800, 0xf800, 0xf800, 0xf800, 0xf800, 0xf800,
  0xf800, 0xf800, 0xf800, 0xf800, 0xf800, 0xf800, 0xf800, 0xf800,
  0xf800, 0xf800, 0xf800, 0xf800, 0xf800, 0xf800, 0xf800, 0xf800,
  0xf800, 0xf800, 0xf800, 0xf800, 0xf800, 0xf800, 0xf800, 0xf800,
  0xf800, 0xf800, 0xf800, 0xf800, 0xf800, 0xf800, 0xf800, 0xfda0,
  0xfda0, 0xfda0, 0xfda0, 0xfda0, 0xfda0, 0xfda0, 0xfdc0, 0xf5a1,
  0x49c2, 0x0000, 0x0000, 0x0000, 0x0000, 0x0000, 0x0000, 0x0000,
  0x0020, 0x0000, 0x5a00, 0xfdc0, 0xfdc0, 0xfda0, 0xfda0, 0xfda0,
  0xfda0, 0xfda0, 0xfda0, 0xfda0, 0xfda0, 0xfda0, 0xfda0, 0xfda0,
  0xfde0, 0xb3e1, 0x20a2, 0x0000, 0x0000, 0x0001, 0x0000, 0x0020,
  0x0020, 0x0020, 0x0021, 0x0001, 0x0000, 0x1041, 0x9381, 0xfde0,
  0xfda1, 0xfdc0, 0xfda0, 0xfda0, 0xfda0, 0xfda0, 0xfda0, 0xfda0,
  0xfda0, 0xfda0, 0xfda0, 0xfda0, 0xfdc1, 0xd4e1, 0x1060, 0x0000,
  0x0000, 0x0000, 0x0000, 0x0000, 0x0000, 0x0000, 0x0001, 0x0001,
  0xa3c0, 0xfde0, 0xfdc0, 0xfda0, 0xfda0, 0xfda0, 0xfda0, 0xfda0,
  0xfdc0, 0xfda0, 0xf800, 0xf800, 0xf800, 0xf800, 0xf800, 0xf800,
  0xf800, 0xf800, 0xf800, 0xf800, 0xf800, 0xf800, 0xf800, 0xf800,
  0xf800, 0xf800, 0xf800, 0xf800, 0xf800, 0xf800, 0xf800, 0xf800,
  0xf800, 0xf800, 0xf800, 0xf800, 0xf800, 0xf800, 0xf800, 0xf800,
  0xf800, 0xf800, 0xf800, 0xf800, 0xf800, 0xf800, 0xf800, 0xf800,
  0xf800, 0xf800, 0xf800, 0xf800, 0xf800, 0xf800, 0xf800, 0xf800,
  0xf800, 0xf800, 0xf800, 0xf800, 0xf800, 0xf800, 0xf800, 0xf800,
  0xf800, 0xf800, 0xf800, 0xf800, 0xf800, 0xf800, 0xf800, 0xf800,
  0xf800, 0xf800, 0xf800, 0xf800, 0xf800, 0xf800, 0xf800, 0xf800,
  0xf800, 0xf800, 0xf800, 0xf800, 0xf800, 0xf800, 0xf800, 0xf800,
  0xf800, 0xf800, 0xf800, 0xf800, 0xf800, 0xf800, 0xf800, 0xf800,
  0xf800, 0xf800, 0xf800, 0xf800, 0xf800, 0xf800, 0xf800, 0xf800,
  0xf800, 0xf800, 0xf800, 0xf800, 0xf800, 0xf800, 0xf800, 0xf800,
  0xf800, 0xf800, 0xf800, 0xf800, 0xf800, 0xf800, 0xf800, 0xf800,
  0xf800, 0xf800, 0xf800, 0xf800, 0xf800, 0xf800, 0xf800, 0xf800,
  0xf800, 0xf800, 0xf800, 0xf800, 0xf800, 0xf800, 0xf800, 0xf800,
  0xf800, 0xf800, 0xf800, 0xf800, 0xf800, 0xf800, 0xf800, 0xf800,
  0xf800, 0xf800, 0xf800, 0xf800, 0xf800, 0xf800, 0xf800, 0xf800,
  0xf800, 0xf800, 0xf800, 0xf800, 0xf800, 0xf800, 0xf800, 0xf800,
  0xf800, 0xf800, 0xf800, 0xf800, 0xf800, 0xf800, 0xfda0, 0xfda0,
  0xfda0, 0xfda0, 0xfda0, 0xfda0, 0xfda0, 0xfda0, 0xfde0, 0xa3e1,
  0x0001, 0x0020, 0x0000, 0x0000, 0x0000, 0x0000, 0x0000, 0x0000,
  0x0000, 0x1061, 0xccc0, 0xfdc0, 0xfdc0, 0xfdc0, 0xfda0, 0xfda0,
  0xfda0, 0xfda0, 0xfda0, 0xfda0, 0xfda0, 0xfda0, 0xfdc0, 0xfde0,
  0xb402, 0x1040, 0x0000, 0x0000, 0x0000, 0x0000, 0x0000, 0x0000,
  0x0000, 0x0000, 0x0000, 0x0000, 0x0000, 0x0000, 0x0821, 0xa381,
  0xfde0, 0xfdc0, 0xfda0, 0xfda0, 0xfda0, 0xfda0, 0xfda0, 0xfda0,
  0xfda0, 0xfda0, 0xfda0, 0xfda0, 0xfdc0, 0xfde1, 0x82c1, 0x0001,
  0x0020, 0x0001, 0x0000, 0x0000, 0x0000, 0x0000, 0x0000, 0x0000,
  0x3100, 0xed60, 0xfdc0, 0xfda0, 0xfda0, 0xfda0, 0xfda0, 0xfda0,
  0xfdc0, 0xfda0, 0xfda0, 0xf800, 0xf800, 0xf800, 0xf800, 0xf800,
  0xf800, 0xf800, 0xf800, 0xf800, 0xf800, 0xf800, 0xf800, 0xf800,
  0xf800, 0xf800, 0xf800, 0xf800, 0xf800, 0xf800, 0xf800, 0xf800,
  0xf800, 0xf800, 0xf800, 0xf800, 0xf800, 0xf800, 0xf800, 0xf800,
  0xf800, 0xf800, 0xf800, 0xf800, 0xf800, 0xf800, 0xf800, 0xf800,
  0xf800, 0xf800, 0xf800, 0xf800, 0xf800, 0xf800, 0xf800, 0xf800,
  0xf800, 0xf800, 0xf800, 0xf800, 0xf800, 0xf800, 0xf800, 0xf800,
  0xf800, 0xf800, 0xf800, 0xf800, 0xf800, 0xf800, 0xf800, 0xf800,
  0xf800, 0xf800, 0xf800, 0xf800, 0xf800, 0xf800, 0xf800, 0xf800,
  0xf800, 0xf800, 0xf800, 0xf800, 0xf800, 0xf800, 0xf800, 0xf800,
  0xf800, 0xf800, 0xf800, 0xf800, 0xf800, 0xf800, 0xf800, 0xf800,
  0xf800, 0xf800, 0xf800, 0xf800, 0xf800, 0xf800, 0xf800, 0xf800,
  0xf800, 0xf800, 0xf800, 0xf800, 0xf800, 0xf800, 0xf800, 0xf800,
  0xf800, 0xf800, 0xf800, 0xf800, 0xf800, 0xf800, 0xf800, 0xf800,
  0xf800, 0xf800, 0xf800, 0xf800, 0xf800, 0xf800, 0xf800, 0xf800,
  0xf800, 0xf800, 0xf800, 0xf800, 0xf800, 0xf800, 0xf800, 0xf800,
  0xf800, 0xf800, 0xf800, 0xf800, 0xf800, 0xf800, 0xf800, 0xf800,
  0xf800, 0xf800, 0xf800, 0xf800, 0xf800, 0xf800, 0xf800, 0xf800,
  0xf800, 0xf800, 0xf800, 0xf800, 0xf800, 0xf800, 0xf800, 0xf800,
  0xf800, 0xf800, 0xf800, 0xf800, 0xf800, 0xfda0, 0xfda1, 0xfda0,
  0xfda0, 0xfda0, 0xfda0, 0xfdc0, 0xfdc0, 0xfdc0, 0xed40, 0x3120,
  0x0000, 0x0000, 0x0000, 0x0000, 0x0000, 0x0000, 0x0000, 0x0000,
  0x0000, 0x7ae1, 0xfde0, 0xfdc0, 0xfda0, 0xfda0, 0xfda0, 0xfda0,
  0xfda0, 0xfda0, 0xfda0, 0xfda0, 0xfda0, 0xfdc1, 0xfdc0, 0xe521,
  0x28e0, 0x0000, 0x0000, 0x0000, 0x0000, 0x0000, 0x0000, 0x0000,
  0x0000, 0x0000, 0x0000, 0x0000, 0x0000, 0x0000, 0x0000, 0x18a0,
  0xd500, 0xfdc0, 0xfda0, 0xfda0, 0xfda0, 0xfda0, 0xfda0, 0xfda0,
  0xfda0, 0xfda0, 0xfda0, 0xfda0, 0xfdc0, 0xfdc0, 0xe560, 0x28e0,
  0x0001, 0x0001, 0x0000, 0x0000, 0x0000, 0x0000, 0x0000, 0x0000,
  0x0000, 0x82e1, 0xfde0, 0xfda1, 0xfdc0, 0xfda0, 0xfda0, 0xfda0,
  0xfda0, 0xfda0, 0xfdc0, 0xf800, 0xf800, 0xf800, 0xf800, 0xf800,
  0xf800, 0xf800, 0xf800, 0xf800, 0xf800, 0xf800, 0xf800, 0xf800,
  0xf800, 0xf800, 0xf800, 0xf800, 0xf800, 0xf800, 0xf800, 0xf800,
  0xf800, 0xf800, 0xf800, 0xf800, 0xf800, 0xf800, 0xf800, 0xf800,
  0xf800, 0xf800, 0xf800, 0xf800, 0xf800, 0xf800, 0xf800, 0xf800,
  0xf800, 0xf800, 0xf800, 0xf800, 0xf800, 0xf800, 0xf800, 0xf800,
  0xf800, 0xf800, 0xf800, 0xf800, 0xf800, 0xf800, 0xf800, 0xf800,
  0xf800, 0xf800, 0xf800, 0xf800, 0xf800, 0xf800, 0xf800, 0xf800,
  0xf800, 0xf800, 0xf800, 0xf800, 0xf800, 0xf800, 0xf800, 0xf800,
  0xf800, 0xf800, 0xf800, 0xf800, 0xf800, 0xf800, 0xf800, 0xf800,
  0xf800, 0xf800, 0xf800, 0xf800, 0xf800, 0xf800, 0xf800, 0xf800,
  0xf800, 0xf800, 0xf800, 0xf800, 0xf800, 0xf800, 0xf800, 0xf800,
  0xf800, 0xf800, 0xf800, 0xf800, 0xf800, 0xf800, 0xf800, 0xf800,
  0xf800, 0xf800, 0xf800, 0xf800, 0xf800, 0xf800, 0xf800, 0xf800,
  0xf800, 0xf800, 0xf800, 0xf800, 0xf800, 0xf800, 0xf800, 0xf800,
  0xf800, 0xf800, 0xf800, 0xf800, 0xf800, 0xf800, 0xf800, 0xf800,
  0xf800, 0xf800, 0xf800, 0xf800, 0xf800, 0xf800, 0xf800, 0xf800,
  0xf800, 0xf800, 0xf800, 0xf800, 0xf800, 0xf800, 0xf800, 0xf800,
  0xf800, 0xf800, 0xf800, 0xf800, 0xf800, 0xf800, 0xf800, 0xf800,
  0xf800, 0xf800, 0xf800, 0xf800, 0xf800, 0xfda0, 0xfda0, 0xfdc0,
  0xfda0, 0xfda0, 0xfdc0, 0xfdc0, 0xfda0, 0xfde1, 0x8b00, 0x0001,
  0x0021, 0x0000, 0x0000, 0x0000, 0x0000, 0x0000, 0x0000, 0x0000,
  0x28c1, 0xe542, 0xfdc0, 0xfda0, 0xfda0, 0xfda0, 0xfda0, 0xfda0,
  0xfda0, 0xfda0, 0xfda0, 0xfda0, 0xfda0, 0xfdc0, 0xfdc0, 0x8b21,
  0x0001, 0x0000, 0x0000, 0x0000, 0x0000, 0x0000, 0x0000, 0x0000,
  0x0000, 0x0000, 0x0000, 0x0000, 0x0000, 0x0000, 0x0020, 0x0001,
  0x72c1, 0xfdc0, 0xfda0, 0xfda0, 0xfda0, 0xfda0, 0xfda0, 0xfda0,
  0xfda0, 0xfda0, 0xfda0, 0xfdc0, 0xfdc0, 0xfdc0, 0xfde0, 0x9b80,
  0x0001, 0x0000, 0x0000, 0x0000, 0x0000, 0x0000, 0x0000, 0x0000,
  0x0000, 0x1860, 0xd4e1, 0xfdc0, 0xfdc0, 0xfda0, 0xfda0, 0xfda0,
  0xfda0, 0xfda0, 0xfdc0, 0xfda0, 0xf800, 0xf800, 0xf800, 0xf800,
  0xf800, 0xf800, 0xf800, 0xf800, 0xf800, 0xf800, 0xf800, 0xf800,
  0xf800, 0xf800, 0xf800, 0xf800, 0xf800, 0xf800, 0xf800, 0xf800,
  0xf800, 0xf800, 0xf800, 0xf800, 0xf800, 0xf800, 0xf800, 0xf800,
  0xf800, 0xf800, 0xf800, 0xf800, 0xf800, 0xf800, 0xf800, 0xf800,
  0xf800, 0xf800, 0xf800, 0xf800, 0xf800, 0xf800, 0xf800, 0xf800,
  0xf800, 0xf800, 0xf800, 0xf800, 0xf800, 0xf800, 0xf800, 0xf800,
  0xf800, 0xf800, 0xf800, 0xf800, 0xf800, 0xf800, 0xf800, 0xf800,
  0xf800, 0xf800, 0xf800, 0xf800, 0xf800, 0xf800, 0xf800, 0xf800,
  0xf800, 0xf800, 0xf800, 0xf800, 0xf800, 0xf800, 0xf800, 0xf800,
  0xf800, 0xf800, 0xf800, 0xf800, 0xf800, 0xf800, 0xf800, 0xf800,
  0xf800, 0xf800, 0xf800, 0xf800, 0xf800, 0xf800, 0xf800, 0xf800,
  0xf800, 0xf800, 0xf800, 0xf800, 0xf800, 0xf800, 0xf800, 0xf800,
  0xf800, 0xf800, 0xf800, 0xf800, 0xf800, 0xf800, 0xf800, 0xf800,
  0xf800, 0xf800, 0xf800, 0xf800, 0xf800, 0xf800, 0xf800, 0xf800,
  0xf800, 0xf800, 0xf800, 0xf800, 0xf800, 0xf800, 0xf800, 0xf800,
  0xf800, 0xf800, 0xf800, 0xf800, 0xf800, 0xf800, 0xf800, 0xf800,
  0xf800, 0xf800, 0xf800, 0xf800, 0xf800, 0xf800, 0xf800, 0xf800,
  0xf800, 0xf800, 0xf800, 0xf800, 0xf800, 0xf800, 0xf800, 0xf800,
  0xf800, 0xf800, 0xf800, 0xf800, 0xfd80, 0xfda0, 0xfdc0, 0xfda0,
  0xfda0, 0xfda0, 0xfda0, 0xfda0, 0xfdc0, 0xd501, 0x18a0, 0x0000,
  0x0001, 0x0000, 0x0000, 0x0000, 0x0000, 0x0020, 0x0000, 0x0000,
  0x9b80, 0xfde0, 0xfdc0, 0xfda0, 0xfda0, 0xfda0, 0xfda0, 0xfda0,
  0xfda0, 0xfda0, 0xfda0, 0xfda0, 0xfda0, 0xfda0, 0xfdc1, 0x4180,
  0x0000, 0x0000, 0x0000, 0x0000, 0x0000, 0x0000, 0x0000, 0x0000,
  0x0000, 0x0000, 0x0000, 0x0000, 0x0000, 0x0000, 0x0000, 0x0000,
  0x3100, 0xf580, 0xfdc0, 0xfda0, 0xfda0, 0xfda0, 0xfda0, 0xfda0,
  0xfda0, 0xfda0, 0xfda0, 0xfda0, 0xfdc0, 0xfda0, 0xfdc0, 0xf5a0,
  0x4180, 0x0000, 0x0000, 0x0000, 0x0000, 0x0000, 0x0000, 0x0000,
  0x0000, 0x0001, 0x6221, 0xfdc0, 0xfda0, 0xfda0, 0xfdc0, 0xfda0,
  0xfda0, 0xfda0, 0xfda0, 0xfda0, 0xf800, 0xf800, 0xf800, 0xf800,
  0xf800, 0xf800, 0xf800, 0xf800, 0xf800, 0xf800, 0xf800, 0xf800,
  0xf800, 0xf800, 0xf800, 0xf800, 0xf800, 0xf800, 0xf800, 0xf800,
  0xf800, 0xf800, 0xf800, 0xf800, 0xf800, 0xf800, 0xf800, 0xf800,
  0xf800, 0xf800, 0xf800, 0xf800, 0xf800, 0xf800, 0xf800, 0xf800,
  0xf800, 0xf800, 0xf800, 0xf800, 0xf800, 0xf800, 0xf800, 0xf800,
  0xf800, 0xf800, 0xf800, 0xf800, 0xf800, 0xf800, 0xf800, 0xf800,
  0xf800, 0xf800, 0xf800, 0xf800, 0xf800, 0xf800, 0xf800, 0xf800,
  0xf800, 0xf800, 0xf800, 0xf800, 0xf800, 0xf800, 0xf800, 0xf800,
  0xf800, 0xf800, 0xf800, 0xf800, 0xf800, 0xf800, 0xf800, 0xf800,
  0xf800, 0xf800, 0xf800, 0xf800, 0xf800, 0xf800, 0xf800, 0xf800,
  0xf800, 0xf800, 0xf800, 0xf800, 0xf800, 0xf800, 0xf800, 0xf800,
  0xf800, 0xf800, 0xf800, 0xf800, 0xf800, 0xf800, 0xf800, 0xf800,
  0xf800, 0xf800, 0xf800, 0xf800, 0xf800, 0xf800, 0xf800, 0xf800,
  0xf800, 0xf800, 0xf800, 0xf800, 0xf800, 0xf800, 0xf800, 0xf800,
  0xf800, 0xf800, 0xf800, 0xf800, 0xf800, 0xf800, 0xf800, 0xf800,
  0xf800, 0xf800, 0xf800, 0xf800, 0xf800, 0xf800, 0xf800, 0xf800,
  0xf800, 0xf800, 0xf800, 0xf800, 0xf800, 0xf800, 0xf800, 0xf800,
  0xf800, 0xf800, 0xf800, 0xf800, 0xf800, 0xf800, 0xf800, 0xf800,
  0xf800, 0xf800, 0xf800, 0xf800, 0xfda0, 0xfda0, 0xfda0, 0xfda0,
  0xfda0, 0xfda0, 0xfda0, 0xfda1, 0xfdc1, 0x6221, 0x0000, 0x0000,
  0x0000, 0x0000, 0x0000, 0x0000, 0x0000, 0x0041, 0x0000, 0x4161,
  0xf5a0, 0xfdc0, 0xfda0, 0xfda0, 0xfda0, 0xfda0, 0xfda0, 0xfda0,
  0xfda0, 0xfda0, 0xfda0, 0xfda0, 0xfda0, 0xfdc0, 0xed40, 0x20c0,
  0x0001, 0x0000, 0x0000, 0x0000, 0x0000, 0x0000, 0x0000, 0x0000,
  0x0000, 0x0000, 0x0000, 0x0000, 0x0000, 0x0000, 0x0000, 0x0000,
  0x1060, 0xdce0, 0xfdc0, 0xfda0, 0xfda0, 0xfda0, 0xfda0, 0xfda0,
  0xfda0, 0xfda0, 0xfda0, 0xfda0, 0xfda0, 0xfda0, 0xfdc0, 0xfdc1,
  0xb460, 0x0821, 0x0000, 0x0000, 0x0000, 0x0000, 0x0000, 0x0000,
  0x0000, 0x0001, 0x0840, 0xbc40, 0xfde0, 0xfda0, 0xfdc0, 0xfda0,
  0xfda0, 0xfda0, 0xfda0, 0xfdc0, 0xfda0, 0xf800, 0xf800, 0xf800,
  0xf800, 0xf800, 0xf800, 0xf800, 0xf800, 0xf800, 0xf800, 0xf800,
  0xf800, 0xf800, 0xf800, 0xf800, 0xf800, 0xf800, 0xf800, 0xf800,
  0xf800, 0xf800, 0xf800, 0xf800, 0xf800, 0xf800, 0xf800, 0xf800,
  0xf800, 0xf800, 0xf800, 0xf800, 0xf800, 0xf800, 0xf800, 0xf800,
  0xf800, 0xf800, 0xf800, 0xf800, 0xf800, 0xf800, 0xf800, 0xf800,
  0xf800, 0xf800, 0xf800, 0xf800, 0xf800, 0xf800, 0xf800, 0xf800,
  0xf800, 0xf800, 0xf800, 0xf800, 0xf800, 0xf800, 0xf800, 0xf800,
  0xf800, 0xf800, 0xf800, 0xf800, 0xf800, 0xf800, 0xf800, 0xf800,
  0xf800, 0xf800, 0xf800, 0xf800, 0xf800, 0xf800, 0xf800, 0xf800,
  0xf800, 0xf800, 0xf800, 0xf800, 0xf800, 0xf800, 0xf800, 0xf800,
  0xf800, 0xf800, 0xf800, 0xf800, 0xf800, 0xf800, 0xf800, 0xf800,
  0xf800, 0xf800, 0xf800, 0xf800, 0xf800, 0xf800, 0xf800, 0xf800,
  0xf800, 0xf800, 0xf800, 0xf800, 0xf800, 0xf800, 0xf800, 0xf800,
  0xf800, 0xf800, 0xf800, 0xf800, 0xf800, 0xf800, 0xf800, 0xf800,
  0xf800, 0xf800, 0xf800, 0xf800, 0xf800, 0xf800, 0xf800, 0xf800,
  0xf800, 0xf800, 0xf800, 0xf800, 0xf800, 0xf800, 0xf800, 0xf800,
  0xf800, 0xf800, 0xf800, 0xf800, 0xf800, 0xf800, 0xf800, 0xf800,
  0xf800, 0xf800, 0xf800, 0xf800, 0xf800, 0xf800, 0xf800, 0xf800,
  0xf800, 0xf800, 0xf800, 0xfda0, 0xfda0, 0xfda0, 0xfda0, 0xfda0,
  0xfda0, 0xfda0, 0xfda0, 0xfde1, 0xbc60, 0x0821, 0x0000, 0x0000,
  0x0000, 0x0000, 0x0000, 0x0000, 0x0000, 0x0021, 0x0821, 0xbc40,
  0xfde0, 0xfda0, 0xfda0, 0xfda0, 0xfda0, 0xfda0, 0xfda0, 0xfda0,
  0xfda0, 0xfda0, 0xfda0, 0xfda0, 0xfda0, 0xfdc0, 0xdce0, 0x1880,
  0x0001, 0x0000, 0x0000, 0x0000, 0x0000, 0x0000, 0x0000, 0x0000,
  0x0000, 0x0000, 0x0000, 0x0000, 0x0000, 0x0000, 0x0000, 0x0000,
  0x0820, 0xcc80, 0xfdc0, 0xfda0, 0xfda0, 0xfda0, 0xfda0, 0xfda0,
  0xfda0, 0xfda0, 0xfda0, 0xfda0, 0xfda0, 0xfda0, 0xfdc0, 0xfda0,
  0xfdc0, 0x5a41, 0x0000, 0x0000, 0x0000, 0x0000, 0x0000, 0x0000,
  0x0000, 0x0000, 0x0001, 0x4180, 0xf5a1, 0xfda0, 0xfdc0, 0xfda0,
  0xfda0, 0xfda0, 0xfda0, 0xfda0, 0xfdc0, 0xf800, 0xf800, 0xf800,
  0xf800, 0xf800, 0xf800, 0xf800, 0xf800, 0xf800, 0xf800, 0xf800,
  0xf800, 0xf800, 0xf800, 0xf800, 0xf800, 0xf800, 0xf800, 0xf800,
  0xf800, 0xf800, 0xf800, 0xf800, 0xf800, 0xf800, 0xf800, 0xf800,
  0xf800, 0xf800, 0xf800, 0xf800, 0xf800, 0xf800, 0xf800, 0xf800,
  0xf800, 0xf800, 0xf800, 0xf800, 0xf800, 0xf800, 0xf800, 0xf800,
  0xf800, 0xf800, 0xf800, 0xf800, 0xf800, 0xf800, 0xf800, 0xf800,
  0xf800, 0xf800, 0xf800, 0xf800, 0xf800, 0xf800, 0xf800, 0xf800,
  0xf800, 0xf800, 0xf800, 0xf800, 0xf800, 0xf800, 0xf800, 0xf800,
  0xf800, 0xf800, 0xf800, 0xf800, 0xf800, 0xf800, 0xf800, 0xf800,
  0xf800, 0xf800, 0xf800, 0xf800, 0xf800, 0xf800, 0xf800, 0xf800,
  0xf800, 0xf800, 0xf800, 0xf800, 0xf800, 0xf800, 0xf800, 0xf800,
  0xf800, 0xf800, 0xf800, 0xf800, 0xf800, 0xf800, 0xf800, 0xf800,
  0xf800, 0xf800, 0xf800, 0xf800, 0xf800, 0xf800, 0xf800, 0xf800,
  0xf800, 0xf800, 0xf800, 0xf800, 0xf800, 0xf800, 0xf800, 0xf800,
  0xf800, 0xf800, 0xf800, 0xf800, 0xf800, 0xf800, 0xf800, 0xf800,
  0xf800, 0xf800, 0xf800, 0xf800, 0xf800, 0xf800, 0xf800, 0xf800,
  0xf800, 0xf800, 0xf800, 0xf800, 0xf800, 0xf800, 0xf800, 0xf800,
  0xf800, 0xf800, 0xf800, 0xf800, 0xf800, 0xf800, 0xf800, 0xf800,
  0xf800, 0xf800, 0xf800, 0xfdc1, 0xfda0, 0xfda0, 0xfda0, 0xfda0,
  0xfdc0, 0xfda0, 0xfdc0, 0xf5a1, 0x4961, 0x0000, 0x0000, 0x0000,
  0x0000, 0x0000, 0x0000, 0x0000, 0x0000, 0x0000, 0x6221, 0xfde0,
  0xfdc0, 0xfda0, 0xfda0, 0xfda0, 0xfda0, 0xfda0, 0xfda0, 0xfda0,
  0xfda0, 0xfda0, 0xfda0, 0xfda0, 0xfda0, 0xfdc0, 0xdce0, 0x1081,
  0x0000, 0x0000, 0x0000, 0x0000, 0x0000, 0x0000, 0x0000, 0x0000,
  0x0000, 0x0000, 0x0000, 0x0000, 0x0000, 0x0000, 0x0020, 0x0000,
  0x0820, 0xc480, 0xfde0, 0xfda0, 0xfda0, 0xfda0, 0xfda0, 0xfda0,
  0xfda0, 0xfda0, 0xfda0, 0xfda0, 0xfda0, 0xfda0, 0xfda0, 0xfdc0,
  0xfdc1, 0xd4e0, 0x1080, 0x0000, 0x0000, 0x0000, 0x0000, 0x0000,
  0x0000, 0x0000, 0x0001, 0x0000, 0x9b82, 0xfe00, 0xfda0, 0xfda0,
  0xfda0, 0xfda0, 0xfdc0, 0xfdc0, 0xfda0, 0xfda0, 0xf800, 0xf800,
  0xf800, 0xf800, 0xf800, 0xf800, 0xf800, 0xf800, 0xf800, 0xf800,
  0xf800, 0xf800, 0xf800, 0xf800, 0xf800, 0xf800, 0xf800, 0xf800,
  0xf800, 0xf800, 0xf800, 0xf800, 0xf800, 0xf800, 0xf800, 0xf800,
  0xf800, 0xf800, 0xf800, 0xf800, 0xf800, 0xf800, 0xf800, 0xf800,
  0xf800, 0xf800, 0xf800, 0xf800, 0xf800, 0xf800, 0xf800, 0xf800,
  0xf800, 0xf800, 0xf800, 0xf800, 0xf800, 0xf800, 0xf800, 0xf800,
  0xf800, 0xf800, 0xf800, 0xf800, 0xf800, 0xf800, 0xf800, 0xf800,
  0xf800, 0xf800, 0xf800, 0xf800, 0xf800, 0xf800, 0xf800, 0xf800,
  0xf800, 0xf800, 0xf800, 0xf800, 0xf800, 0xf800, 0xf800, 0xf800,
  0xf800, 0xf800, 0xf800, 0xf800, 0xf800, 0xf800, 0xf800, 0xf800,
  0xf800, 0xf800, 0xf800, 0xf800, 0xf800, 0xf800, 0xf800, 0xf800,
  0xf800, 0xf800, 0xf800, 0xf800, 0xf800, 0xf800, 0xf800, 0xf800,
  0xf800, 0xf800, 0xf800, 0xf800, 0xf800, 0xf800, 0xf800, 0xf800,
  0xf800, 0xf800, 0xf800, 0xf800, 0xf800, 0xf800, 0xf800, 0xf800,
  0xf800, 0xf800, 0xf800, 0xf800, 0xf800, 0xf800, 0xf800, 0xf800,
  0xf800, 0xf800, 0xf800, 0xf800, 0xf800, 0xf800, 0xf800, 0xf800,
  0xf800, 0xf800, 0xf800, 0xf800, 0xf800, 0xf800, 0xf800, 0xf800,
  0xf800, 0xf800, 0xf800, 0xf800, 0xf800, 0xf800, 0xf800, 0xf800,
  0xf800, 0xf800, 0xfda0, 0xfda0, 0xfda0, 0xfda0, 0xfda0, 0xfda0,
  0xfdc0, 0xfda0, 0xfde0, 0x9ba1, 0x0001, 0x0000, 0x0000, 0x0000,
  0x0000, 0x0000, 0x0000, 0x0000, 0x0000, 0x1881, 0xdce1, 0xfde0,
  0xfda0, 0xfda0, 0xfda0, 0xfda0, 0xfda0, 0xfda0, 0xfda0, 0xfda0,
  0xfda0, 0xfda0, 0xfda0, 0xfda0, 0xfda0, 0xfdc0, 0xdd01, 0x18a1,
  0x0000, 0x0000, 0x0000, 0x0000, 0x0000, 0x0000, 0x0000, 0x0000,
  0x0000, 0x0000, 0x0000, 0x0000, 0x0000, 0x0000, 0x0000, 0x0000,
  0x0840, 0xcca0, 0xfdc0, 0xfda0, 0xfda0, 0xfda0, 0xfda0, 0xfda0,
  0xfda0, 0xfda0, 0xfda0, 0xfda0, 0xfda0, 0xfda0, 0xfda0, 0xfda0,
  0xfda0, 0xfde0, 0x8301, 0x0000, 0x0000, 0x0000, 0x0000, 0x0000,
  0x0000, 0x0000, 0x0000, 0x0000, 0x28c1, 0xed41, 0xfdc0, 0xfda0,
  0xfda0, 0xfda0, 0xfda0, 0xfda0, 0xfda0, 0xfdc0, 0xfda0, 0xf800,
  0xf800, 0xf800, 0xf800, 0xf800, 0xf800, 0xf800, 0xf800, 0xf800,
  0xf800, 0xf800, 0xf800, 0xf800, 0xf800, 0xf800, 0xf800, 0xf800,
  0xf800, 0xf800, 0xf800, 0xf800, 0xf800, 0xf800, 0xf800, 0xf800,
  0xf800, 0xf800, 0xf800, 0xf800, 0xf800, 0xf800, 0xf800, 0xf800,
  0xf800, 0xf800, 0xf800, 0xf800, 0xf800, 0xf800, 0xf800, 0xf800,
  0xf800, 0xf800, 0xf800, 0xf800, 0xf800, 0xf800, 0xf800, 0xf800,
  0xf800, 0xf800, 0xf800, 0xf800, 0xf800, 0xf800, 0xf800, 0xf800,
  0xf800, 0xf800, 0xf800, 0xf800, 0xf800, 0xf800, 0xf800, 0xf800,
  0xf800, 0xf800, 0xf800, 0xf800, 0xf800, 0xf800, 0xf800, 0xf800,
  0xf800, 0xf800, 0xf800, 0xf800, 0xf800, 0xf800, 0xf800, 0xf800,
  0xf800, 0xf800, 0xf800, 0xf800, 0xf800, 0xf800, 0xf800, 0xf800,
  0xf800, 0xf800, 0xf800, 0xf800, 0xf800, 0xf800, 0xf800, 0xf800,
  0xf800, 0xf800, 0xf800, 0xf800, 0xf800, 0xf800, 0xf800, 0xf800,
  0xf800, 0xf800, 0xf800, 0xf800, 0xf800, 0xf800, 0xf800, 0xf800,
  0xf800, 0xf800, 0xf800, 0xf800, 0xf800, 0xf800, 0xf800, 0xf800,
  0xf800, 0xf800, 0xf800, 0xf800, 0xf800, 0xf800, 0xf800, 0xf800,
  0xf800, 0xf800, 0xf800, 0xf800, 0xf800, 0xf800, 0xf800, 0xf800,
  0xf800, 0xf800, 0xf800, 0xf800, 0xf800, 0xf800, 0xf800, 0xf800,
  0xf800, 0xfda0, 0xfda0, 0xfda0, 0xfda0, 0xfda0, 0xfda0, 0xfdc0,
  0xfdc0, 0xfda0, 0xe541, 0x28e0, 0x0000, 0x0000, 0x0000, 0x0000,
  0x0000, 0x0000, 0x0000, 0x0020, 0x0000, 0x82e1, 0xfe01, 0xfdc0,
  0xfda0, 0xfda0, 0xfda0, 0xfda0, 0xfda0, 0xfda0, 0xfda0, 0xfda0,
  0xfda0, 0xfda0, 0xfda0, 0xfda0, 0xfda0, 0xfdc0, 0xed40, 0x20c0,
  0x0000, 0x0000, 0x0000, 0x0000, 0x0000, 0x0000, 0x0000, 0x0000,
  0x0000, 0x0000, 0x0000, 0x0000, 0x0000, 0x0000, 0x0000, 0x0000,
  0x1060, 0xdce0, 0xfdc0, 0xfda0, 0xfda0, 0xfda0, 0xfda0, 0xfda0,
  0xfda0, 0xfda0, 0xfda0, 0xfda0, 0xfda0, 0xfda0, 0xfda0, 0xfda0,
  0xfda0, 0xfdc0, 0xed60, 0x2901, 0x0000, 0x0000, 0x0000, 0x0000,
  0x0000, 0x0000, 0x0000, 0x0000, 0x0000, 0x7ac1, 0xfdc1, 0xfdc0,
  0xfda0, 0xfda0, 0xfda0, 0xfda0, 0xfda0, 0xfda0, 0xfda1, 0xf800,
  0xf800, 0xf800, 0xf800, 0xf800, 0xf800, 0xf800, 0xf800, 0xf800,
  0xf800, 0xf800, 0xf800, 0xf800, 0xf800, 0xf800, 0xf800, 0xf800,
  0xf800, 0xf800, 0xf800, 0xf800, 0xf800, 0xf800, 0xf800, 0xf800,
  0xf800, 0xf800, 0xf800, 0xf800, 0xf800, 0xf800, 0xf800, 0xf800,
  0xf800, 0xf800, 0xf800, 0xf800, 0xf800, 0xf800, 0xf800, 0xf800,
  0xf800, 0xf800, 0xf800, 0xf800, 0xf800, 0xf800, 0xf800, 0xf800,
  0xf800, 0xf800, 0xf800, 0xf800, 0xf800, 0xf800, 0xf800, 0xf800,
  0xf800, 0xf800, 0xf800, 0xf800, 0xf800, 0xf800, 0xf800, 0xf800,
  0xf800, 0xf800, 0xf800, 0xf800, 0xf800, 0xf800, 0xf800, 0xf800,
  0xf800, 0xf800, 0xf800, 0xf800, 0xf800, 0xf800, 0xf800, 0xf800,
  0xf800, 0xf800, 0xf800, 0xf800, 0xf800, 0xf800, 0xf800, 0xf800,
  0xf800, 0xf800, 0xf800, 0xf800, 0xf800, 0xf800, 0xf800, 0xf800,
  0xf800, 0xf800, 0xf800, 0xf800, 0xf800, 0xf800, 0xf800, 0xf800,
  0xf800, 0xf800, 0xf800, 0xf800, 0xf800, 0xf800, 0xf800, 0xf800,
  0xf800, 0xf800, 0xf800, 0xf800, 0xf800, 0xf800, 0xf800, 0xf800,
  0xf800, 0xf800, 0xf800, 0xf800, 0xf800, 0xf800, 0xf800, 0xf800,
  0xf800, 0xf800, 0xf800, 0xf800, 0xf800, 0xf800, 0xf800, 0xf800,
  0xf800, 0xf800, 0xf800, 0xf800, 0xf800, 0xf800, 0xf800, 0xf800,
  0xf800, 0xfda0, 0xfda0, 0xfda0, 0xfda0, 0xfda0, 0xfda0, 0xfdc0,
  0xfdc0, 0xfde1, 0x7ac2, 0x0000, 0x0021, 0x0000, 0x0000, 0x0000,
  0x0000, 0x0000, 0x0020, 0x0001, 0x3100, 0xed61, 0xfdc0, 0xfda0,
  0xfda0, 0xfda0, 0xfda0, 0xfda0, 0xfda0, 0xfda0, 0xfda0, 0xfda0,
  0xfda0, 0xfda0, 0xfda0, 0xfda0, 0xfda0, 0xfdc0, 0xfda0, 0x3100,
  0x0000, 0x0000, 0x0000, 0x0000, 0x0000, 0x0000, 0x0000, 0x0000,
  0x0000, 0x0000, 0x0000, 0x0000, 0x0000, 0x0000, 0x0000, 0x0000,
  0x20a0, 0xed40, 0xfdc0, 0xfda0, 0xfda0, 0xfda0, 0xfda0, 0xfda0,
  0xfda0, 0xfda0, 0xfda0, 0xfda0, 0xfda0, 0xfda0, 0xfda0, 0xfda0,
  0xfda0, 0xfda0, 0xfde0, 0xa3c1, 0x0021, 0x0000, 0x0000, 0x0000,
  0x0000, 0x0000, 0x0000, 0x0000, 0x0000, 0x1060, 0xccc0, 0xfdc0,
  0xfda0, 0xfda0, 0xfda0, 0xfda0, 0xfda0, 0xfda0, 0xfda0, 0xfda1,
  0xf800, 0xf800, 0xf800, 0xf800, 0xf800, 0xf800, 0xf800, 0xf800,
  0xf800, 0xf800, 0xf800, 0xf800, 0xf800, 0xf800, 0xf800, 0xf800,
  0xf800, 0xf800, 0xf800, 0xf800, 0xf800, 0xf800, 0xf800, 0xf800,
  0xf800, 0xf800, 0xf800, 0xf800, 0xf800, 0xf800, 0xf800, 0xf800,
  0xf800, 0xf800, 0xf800, 0xf800, 0xf800, 0xf800, 0xf800, 0xf800,
  0xf800, 0xf800, 0xf800, 0xf800, 0xf800, 0xf800, 0xf800, 0xf800,
  0xf800, 0xf800, 0xf800, 0xf800, 0xf800, 0xf800, 0xf800, 0xf800,
  0xf800, 0xf800, 0xf800, 0xf800, 0xf800, 0xf800, 0xf800, 0xf800,
  0xf800, 0xf800, 0xf800, 0xf800, 0xf800, 0xf800, 0xf800, 0xf800,
  0xf800, 0xf800, 0xf800, 0xf800, 0xf800, 0xf800, 0xf800, 0xf800,
  0xf800, 0xf800, 0xf800, 0xf800, 0xf800, 0xf800, 0xf800, 0xf800,
  0xf800, 0xf800, 0xf800, 0xf800, 0xf800, 0xf800, 0xf800, 0xf800,
  0xf800, 0xf800, 0xf800, 0xf800, 0xf800, 0xf800, 0xf800, 0xf800,
  0xf800, 0xf800, 0xf800, 0xf800, 0xf800, 0xf800, 0xf800, 0xf800,
  0xf800, 0xf800, 0xf800, 0xf800, 0xf800, 0xf800, 0xf800, 0xf800,
  0xf800, 0xf800, 0xf800, 0xf800, 0xf800, 0xf800, 0xf800, 0xf800,
  0xf800, 0xf800, 0xf800, 0xf800, 0xf800, 0xf800, 0xf800, 0xf800,
  0xf800, 0xf800, 0xf800, 0xf800, 0xf800, 0xf800, 0xf800, 0xf800,
  0xfda0, 0xfda0, 0xfda0, 0xfda0, 0xfda0, 0xfda0, 0xfda0, 0xfda0,
  0xfdc0, 0xcce0, 0x1860, 0x0000, 0x0000, 0x0000, 0x0000, 0x0000,
  0x0000, 0x0000, 0x0000, 0x0001, 0xaba1, 0xfde0, 0xfda0, 0xfdc0,
  0xfda0, 0xfda0, 0xfda0, 0xfda0, 0xfda0, 0xfda0, 0xfda0, 0xfda0,
  0xfda0, 0xfda0, 0xfda0, 0xfda0, 0xfda0, 0xfdc0, 0xfda1, 0x3960,
  0x0000, 0x0000, 0x0000, 0x0000, 0x0000, 0x0000, 0x0000, 0x0000,
  0x0000, 0x0000, 0x0000, 0x0000, 0x0000, 0x0000, 0x0000, 0x0000,
  0x28e0, 0xf560, 0xfdc0, 0xfda0, 0xfda0, 0xfda0, 0xfda0, 0xfda0,
  0xfda0, 0xfda0, 0xfda0, 0xfda0, 0xfda0, 0xfda0, 0xfda0, 0xfda0,
  0xfda0, 0xfda0, 0xfdc1, 0xfdc0, 0x49a0, 0x0000, 0x0000, 0x0000,
  0x0000, 0x0000, 0x0000, 0x0000, 0x0000, 0x0001, 0x5a01, 0xfdc1,
  0xfda1, 0xfdc0, 0xfda0, 0xfda0, 0xfda0, 0xfda0, 0xfda0, 0xfda0,
  0xf800, 0xf800, 0xf800, 0xf800, 0xf800, 0xf800, 0xf800, 0xf800,
  0xf800, 0xf800, 0xf800, 0xf800, 0xf800, 0xf800, 0xf800, 0xf800,
  0xf800, 0xf800, 0xf800, 0xf800, 0xf800, 0xf800, 0xf800, 0xf800,
  0xf800, 0xf800, 0xf800, 0xf800, 0xf800, 0xf800, 0xf800, 0xf800,
  0xf800, 0xf800, 0xf800, 0xf800, 0xf800, 0xf800, 0xf800, 0xf800,
  0xf800, 0xf800, 0xf800, 0xf800, 0xf800, 0xf800, 0xf800, 0xf800,
  0xf800, 0xf800, 0xf800, 0xf800, 0xf800, 0xf800, 0xf800, 0xf800,
  0xf800, 0xf800, 0xf800, 0xf800, 0xf800, 0xf800, 0xf800, 0xf800,
  0xf800, 0xf800, 0xf800, 0xf800, 0xf800, 0xf800, 0xf800, 0xf800,
  0xf800, 0xf800, 0xf800, 0xf800, 0xf800, 0xf800, 0xf800, 0xf800,
  0xf800, 0xf800, 0xf800, 0xf800, 0xf800, 0xf800, 0xf800, 0xf800,
  0xf800, 0xf800, 0xf800, 0xf800, 0xf800, 0xf800, 0xf800, 0xf800,
  0xf800, 0xf800, 0xf800, 0xf800, 0xf800, 0xf800, 0xf800, 0xf800,
  0xf800, 0xf800, 0xf800, 0xf800, 0xf800, 0xf800, 0xf800, 0xf800,
  0xf800, 0xf800, 0xf800, 0xf800, 0xf800, 0xf800, 0xf800, 0xf800,
  0xf800, 0xf800, 0xf800, 0xf800, 0xf800, 0xf800, 0xf800, 0xf800,
  0xf800, 0xf800, 0xf800, 0xf800, 0xf800, 0xf800, 0xf800, 0xf800,
  0xf800, 0xf800, 0xf800, 0xf800, 0xf800, 0xf800, 0xf800, 0xf800,
  0xfda0, 0xfda0, 0xfda0, 0xfda0, 0xfda0, 0xfda0, 0xfda0, 0xfda0,
  0xfde1, 0x61e1, 0x0001, 0x0000, 0x0000, 0x0000, 0x0000, 0x0000,
  0x0000, 0x0020, 0x0000, 0x49a0, 0xf5a1, 0xfdc0, 0xfda0, 0xfda0,
  0xfda0, 0xfda0, 0xfda0, 0xfda0, 0xfda0, 0xfda0, 0xfda0, 0xfda0,
  0xfda0, 0xfda0, 0xfda0, 0xfda0, 0xfda0, 0xfdc0, 0xfdc1, 0x49c0,
  0x0000, 0x0000, 0x0000, 0x0000, 0x0000, 0x0000, 0x0000, 0x0000,
  0x0000, 0x0000, 0x0000, 0x0000, 0x0000, 0x0000, 0x0000, 0x0000,
  0x3940, 0xfda0, 0xfdc0, 0xfda0, 0xfda0, 0xfda0, 0xfda0, 0xfda0,
  0xfda0, 0xfda0, 0xfda0, 0xfda0, 0xfda0, 0xfda0, 0xfda0, 0xfda0,
  0xfda0, 0xfda0, 0xfdc0, 0xfdc0, 0xc461, 0x1020, 0x0000, 0x0000,
  0x0000, 0x0000, 0x0000, 0x0000, 0x0000, 0x0000, 0x0820, 0xb420,
  0xfdc0, 0xfdc0, 0xfda1, 0xfda0, 0xfda0, 0xfda0, 0xfda0, 0xfda0,
  0xfda0, 0xf800, 0xf800, 0xf800, 0xf800, 0xf800, 0xf800, 0xf800,
  0xf800, 0xf800, 0xf800, 0xf800, 0xf800, 0xf800, 0xf800, 0xf800,
  0xf800, 0xf800, 0xf800, 0xf800, 0xf800, 0xf800, 0xf800, 0xf800,
  0xf800, 0xf800, 0xf800, 0xf800, 0xf800, 0xf800, 0xf800, 0xf800,
  0xf800, 0xf800, 0xf800, 0xf800, 0xf800, 0xf800, 0xf800, 0xf800,
  0xf800, 0xf800, 0xf800, 0xf800, 0xf800, 0xf800, 0xf800, 0xf800,
  0xf800, 0xf800, 0xf800, 0xf800, 0xf800, 0xf800, 0xf800, 0xf800,
  0xf800, 0xf800, 0xf800, 0xf800, 0xf800, 0xf800, 0xf800, 0xf800,
  0xf800, 0xf800, 0xf800, 0xf800, 0xf800, 0xf800, 0xf800, 0xf800,
  0xf800, 0xf800, 0xf800, 0xf800, 0xf800, 0xf800, 0xf800, 0xf800,
  0xf800, 0xf800, 0xf800, 0xf800, 0xf800, 0xf800, 0xf800, 0xf800,
  0xf800, 0xf800, 0xf800, 0xf800, 0xf800, 0xf800, 0xf800, 0xf800,
  0xf800, 0xf800, 0xf800, 0xf800, 0xf800, 0xf800, 0xf800, 0xf800,
  0xf800, 0xf800, 0xf800, 0xf800, 0xf800, 0xf800, 0xf800, 0xf800,
  0xf800, 0xf800, 0xf800, 0xf800, 0xf800, 0xf800, 0xf800, 0xf800,
  0xf800, 0xf800, 0xf800, 0xf800, 0xf800, 0xf800, 0xf800, 0xf800,
  0xf800, 0xf800, 0xf800, 0xf800, 0xf800, 0xf800, 0xf800, 0xf800,
  0xf800, 0xf800, 0xf800, 0xf800, 0xf800, 0xf800, 0xf800, 0xfda0,
  0xfda0, 0xfda0, 0xfda0, 0xfda0, 0xfda0, 0xfda0, 0xfda0, 0xfde1,
  0xac20, 0x0800, 0x0020, 0x0000, 0x0000, 0x0000, 0x0000, 0x0000,
  0x0000, 0x0001, 0x1041, 0xcc62, 0xfde0, 0xfda0, 0xfda0, 0xfda0,
  0xfda0, 0xfda0, 0xfda0, 0xfda0, 0xfda0, 0xfda0, 0xfda0, 0xfda0,
  0xfda0, 0xfda0, 0xfda0, 0xfda0, 0xfda0, 0xfdc0, 0xfdc0, 0x6240,
  0x0000, 0x0000, 0x0000, 0x0000, 0x0000, 0x0000, 0x0000, 0x0000,
  0x0000, 0x0000, 0x0000, 0x0000, 0x0000, 0x0000, 0x0000, 0x0000,
  0x49a1, 0xfdc0, 0xfdc0, 0xfda0, 0xfda0, 0xfda0, 0xfda0, 0xfda0,
  0xfda0, 0xfda0, 0xfda0, 0xfda0, 0xfda0, 0xfda0, 0xfda0, 0xfda0,
  0xfda0, 0xfda0, 0xfda0, 0xfdc0, 0xfdc1, 0x6a60, 0x0001, 0x0000,
  0x0000, 0x0000, 0x0000, 0x0000, 0x0000, 0x0000, 0x0001, 0x3940,
  0xed81, 0xfdc0, 0xfdc1, 0xfda0, 0xfda0, 0xfda0, 0xfda0, 0xfda0,
  0xfda0, 0xfd80, 0xf800, 0xf800, 0xf800, 0xf800, 0xf800, 0xf800,
  0xf800, 0xf800, 0xf800, 0xf800, 0xf800, 0xf800, 0xf800, 0xf800,
  0xf800, 0xf800, 0xf800, 0xf800, 0xf800, 0xf800, 0xf800, 0xf800,
  0xf800, 0xf800, 0xf800, 0xf800, 0xf800, 0xf800, 0xf800, 0xf800,
  0xf800, 0xf800, 0xf800, 0xf800, 0xf800, 0xf800, 0xf800, 0xf800,
  0xf800, 0xf800, 0xf800, 0xf800, 0xf800, 0xf800, 0xf800, 0xf800,
  0xf800, 0xf800, 0xf800, 0xf800, 0xf800, 0xf800, 0xf800, 0xf800,
  0xf800, 0xf800, 0xf800, 0xf800, 0xf800, 0xf800, 0xf800, 0xf800,
  0xf800, 0xf800, 0xf800, 0xf800, 0xf800, 0xf800, 0xf800, 0xf800,
  0xf800, 0xf800, 0xf800, 0xf800, 0xf800, 0xf800, 0xf800, 0xf800,
  0xf800, 0xf800, 0xf800, 0xf800, 0xf800, 0xf800, 0xf800, 0xf800,
  0xf800, 0xf800, 0xf800, 0xf800, 0xf800, 0xf800, 0xf800, 0xf800,
  0xf800, 0xf800, 0xf800, 0xf800, 0xf800, 0xf800, 0xf800, 0xf800,
  0xf800, 0xf800, 0xf800, 0xf800, 0xf800, 0xf800, 0xf800, 0xf800,
  0xf800, 0xf800, 0xf800, 0xf800, 0xf800, 0xf800, 0xf800, 0xf800,
  0xf800, 0xf800, 0xf800, 0xf800, 0xf800, 0xf800, 0xf800, 0xf800,
  0xf800, 0xf800, 0xf800, 0xf800, 0xf800, 0xf800, 0xf800, 0xf800,
  0xf800, 0xf800, 0xf800, 0xf800, 0xf800, 0xf800, 0xfd80, 0xf5c0,
  0xfda0, 0xfda0, 0xfda0, 0xfda0, 0xfdc0, 0xfdc0, 0xfda1, 0xf581,
  0x4141, 0x0001, 0x0000, 0x0000, 0x0000, 0x0000, 0x0000, 0x0000,
  0x0000, 0x0000, 0x6a80, 0xfdc0, 0xfda0, 0xfda0, 0xfda0, 0xfda0,
  0xfda0, 0xfda0, 0xfda0, 0xfda0, 0xfda0, 0xfda0, 0xfda0, 0xfda0,
  0xfda0, 0xfda0, 0xfda0, 0xfda0, 0xfda0, 0xfdc0, 0xfdc0, 0x72a0,
  0x0000, 0x0000, 0x0000, 0x0000, 0x0000, 0x0000, 0x0000, 0x0000,
  0x0000, 0x0000, 0x0000, 0x0000, 0x0000, 0x0000, 0x0000, 0x0000,
  0x5a01, 0xfde0, 0xfda0, 0xfda0, 0xfda0, 0xfda0, 0xfda0, 0xfda0,
  0xfda0, 0xfda0, 0xfda0, 0xfda0, 0xfda0, 0xfda0, 0xfda0, 0xfda0,
  0xfda0, 0xfda0, 0xfda0, 0xfdc0, 0xfdc1, 0xdd21, 0x18a1, 0x0001,
  0x0000, 0x0000, 0x0000, 0x0000, 0x0000, 0x0800, 0x0000, 0x0001,
  0x9360, 0xfde1, 0xfda0, 0xfda0, 0xfda0, 0xfda0, 0xfda0, 0xfda0,
  0xfda0, 0xfda0, 0xf800, 0xf800, 0xf800, 0xf800, 0xf800, 0xf800,
  0xf800, 0xf800, 0xf800, 0xf800, 0xf800, 0xf800, 0xf800, 0xf800,
  0xf800, 0xf800, 0xf800, 0xf800, 0xf800, 0xf800, 0xf800, 0xf800,
  0xf800, 0xf800, 0xf800, 0xf800, 0xf800, 0xf800, 0xf800, 0xf800,
  0xf800, 0xf800, 0xf800, 0xf800, 0xf800, 0xf800, 0xf800, 0xf800,
  0xf800, 0xf800, 0xf800, 0xf800, 0xf800, 0xf800, 0xf800, 0xf800,
  0xf800, 0xf800, 0xf800, 0xf800, 0xf800, 0xf800, 0xf800, 0xf800,
  0xf800, 0xf800, 0xf800, 0xf800, 0xf800, 0xf800, 0xf800, 0xf800,
  0xf800, 0xf800, 0xf800, 0xf800, 0xf800, 0xf800, 0xf800, 0xf800,
  0xf800, 0xf800, 0xf800, 0xf800, 0xf800, 0xf800, 0xf800, 0xf800,
  0xf800, 0xf800, 0xf800, 0xf800, 0xf800, 0xf800, 0xf800, 0xf800,
  0xf800, 0xf800, 0xf800, 0xf800, 0xf800, 0xf800, 0xf800, 0xf800,
  0xf800, 0xf800, 0xf800, 0xf800, 0xf800, 0xf800, 0xf800, 0xf800,
  0xf800, 0xf800, 0xf800, 0xf800, 0xf800, 0xf800, 0xf800, 0xf800,
  0xf800, 0xf800, 0xf800, 0xf800, 0xf800, 0xf800, 0xf800, 0xf800,
  0xf800, 0xf800, 0xf800, 0xf800, 0xf800, 0xf800, 0xf800, 0xf800,
  0xf800, 0xf800, 0xf800, 0xf800, 0xf800, 0xf800, 0xf800, 0xf800,
  0xf800, 0xf800, 0xf800, 0xf800, 0xf800, 0xf800, 0xfda0, 0xfda0,
  0xfda0, 0xfda0, 0xfda0, 0xfda0, 0xfda0, 0xfdc0, 0xfde1, 0x9361,
  0x0000, 0x0020, 0x0020, 0x0000, 0x0000, 0x0000, 0x0020, 0x0821,
  0x0000, 0x20a0, 0xdd02, 0xfdc0, 0xfdc0, 0xfda0, 0xfda0, 0xfda0,
  0xfda0, 0xfda0, 0xfda0, 0xfda0, 0xfda0, 0xfda0, 0xfda0, 0xfda0,
  0xfda0, 0xfda0, 0xfda0, 0xfda0, 0xfda0, 0xfdc0, 0xfdc0, 0x8ae0,
  0x0001, 0x0000, 0x0000, 0x0000, 0x0000, 0x0000, 0x0000, 0x0000,
  0x0000, 0x0000, 0x0000, 0x0000, 0x0000, 0x0000, 0x0000, 0x0001,
  0x6a60, 0xfde0, 0xfda0, 0xfda0, 0xfda0, 0xfda0, 0xfda0, 0xfda0,
  0xfda0, 0xfda0, 0xfda0, 0xfda0, 0xfda0, 0xfda0, 0xfda0, 0xfda0,
  0xfda0, 0xfda0, 0xfda0, 0xfda0, 0xfda0, 0xfde0, 0x8b40, 0x0000,
  0x0000, 0x0000, 0x0000, 0x0000, 0x0000, 0x0000, 0x0000, 0x0000,
  0x20a1, 0xe521, 0xfdc0, 0xfda0, 0xfda0, 0xfda0, 0xfda0, 0xfda0,
  0xfda0, 0xfdc0, 0xfda0, 0xf800, 0xf800, 0xf800, 0xf800, 0xf800,
  0xf800, 0xf800, 0xf800, 0xf800, 0xf800, 0xf800, 0xf800, 0xf800,
  0xf800, 0xf800, 0xf800, 0xf800, 0xf800, 0xf800, 0xf800, 0xf800,
  0xf800, 0xf800, 0xf800, 0xf800, 0xf800, 0xf800, 0xf800, 0xf800,
  0xf800, 0xf800, 0xf800, 0xf800, 0xf800, 0xf800, 0xf800, 0xf800,
  0xf800, 0xf800, 0xf800, 0xf800, 0xf800, 0xf800, 0xf800, 0xf800,
  0xf800, 0xf800, 0xf800, 0xf800, 0xf800, 0xf800, 0xf800, 0xf800,
  0xf800, 0xf800, 0xf800, 0xf800, 0xf800, 0xf800, 0xf800, 0xf800,
  0xf800, 0xf800, 0xf800, 0xf800, 0xf800, 0xf800, 0xf800, 0xf800,
  0xf800, 0xf800, 0xf800, 0xf800, 0xf800, 0xf800, 0xf800, 0xf800,
  0xf800, 0xf800, 0xf800, 0xf800, 0xf800, 0xf800, 0xf800, 0xf800,
  0xf800, 0xf800, 0xf800, 0xf800, 0xf800, 0xf800, 0xf800, 0xf800,
  0xf800, 0xf800, 0xf800, 0xf800, 0xf800, 0xf800, 0xf800, 0xf800,
  0xf800, 0xf800, 0xf800, 0xf800, 0xf800, 0xf800, 0xf800, 0xf800,
  0xf800, 0xf800, 0xf800, 0xf800, 0xf800, 0xf800, 0xf800, 0xf800,
  0xf800, 0xf800, 0xf800, 0xf800, 0xf800, 0xf800, 0xf800, 0xf800,
  0xf800, 0xf800, 0xf800, 0xf800, 0xf800, 0xf800, 0xf800, 0xf800,
  0xf800, 0xf800, 0xf800, 0xf800, 0xf800, 0xfda0, 0xfda0, 0xfda0,
  0xfda0, 0xfda0, 0xfda0, 0xfda0, 0xfda0, 0xfde0, 0xe541, 0x20a1,
  0x0000, 0x0020, 0x0001, 0x0000, 0x0000, 0x0000, 0x0000, 0x0000,
  0x0000, 0x8b41, 0xfde1, 0xfdc0, 0xfdc0, 0xfda0, 0xfda0, 0xfda0,
  0xfda0, 0xfda0, 0xfda0, 0xfda0, 0xfda0, 0xfda0, 0xfda0, 0xfda0,
  0xfda0, 0xfda0, 0xfda0, 0xfda0, 0xfda0, 0xfdc0, 0xfde0, 0x9b60,
  0x0000, 0x0000, 0x0000, 0x0000, 0x0000, 0x0000, 0x0000, 0x0000,
  0x0000, 0x0000, 0x0000, 0x0000, 0x0000, 0x0000, 0x0000, 0x0000,
  0x7ae0, 0xfde0, 0xfda0, 0xfda0, 0xfda0, 0xfda0, 0xfda0, 0xfda0,
  0xfda0, 0xfda0, 0xfda0, 0xfda0, 0xfda0, 0xfda0, 0xfda0, 0xfda0,
  0xfda0, 0xfda0, 0xfda0, 0xfda0, 0xfda0, 0xfdc0, 0xf561, 0x3120,
  0x0000, 0x0000, 0x0000, 0x0000, 0x0000, 0x0000, 0x0000, 0x0000,
  0x0001, 0x6a81, 0xfdc0, 0xfda0, 0xfda0, 0xfda0, 0xfda0, 0xfda0,
  0xfda0, 0xfda1, 0xfdc0, 0xf800, 0xf800, 0xf800, 0xf800, 0xf800,
  0xf800, 0xf800, 0xf800, 0xf800, 0xf800, 0xf800, 0xf800, 0xf800,
  0xf800, 0xf800, 0xf800, 0xf800, 0xf800, 0xf800, 0xf800, 0xf800,
  0xf800, 0xf800, 0xf800, 0xf800, 0xf800, 0xf800, 0xf800, 0xf800,
  0xf800, 0xf800, 0xf800, 0xf800, 0xf800, 0xf800, 0xf800, 0xf800,
  0xf800, 0xf800, 0xf800, 0xf800, 0xf800, 0xf800, 0xf800, 0xf800,
  0xf800, 0xf800, 0xf800, 0xf800, 0xf800, 0xf800, 0xf800, 0xf800,
  0xf800, 0xf800, 0xf800, 0xf800, 0xf800, 0xf800, 0xf800, 0xf800,
  0xf800, 0xf800, 0xf800, 0xf800, 0xf800, 0xf800, 0xf800, 0xf800,
  0xf800, 0xf800, 0xf800, 0xf800, 0xf800, 0xf800, 0xf800, 0xf800,
  0xf800, 0xf800, 0xf800, 0xf800, 0xf800, 0xf800, 0xf800, 0xf800,
  0xf800, 0xf800, 0xf800, 0xf800, 0xf800, 0xf800, 0xf800, 0xf800,
  0xf800, 0xf800, 0xf800, 0xf800, 0xf800, 0xf800, 0xf800, 0xf800,
  0xf800, 0xf800, 0xf800, 0xf800, 0xf800, 0xf800, 0xf800, 0xf800,
  0xf800, 0xf800, 0xf800, 0xf800, 0xf800, 0xf800, 0xf800, 0xf800,
  0xf800, 0xf800, 0xf800, 0xf800, 0xf800, 0xf800, 0xf800, 0xf800,
  0xf800, 0xf800, 0xf800, 0xf800, 0xf800, 0xf800, 0xf800, 0xf800,
  0xf800, 0xf800, 0xf800, 0xf800, 0xf800, 0xfdc0, 0xfda0, 0xfda0,
  0xfda0, 0xfda0, 0xfda0, 0xfda0, 0xfdc0, 0xfde0, 0x7a81, 0x0000,
  0x0000, 0x0000, 0x0000, 0x0000, 0x0000, 0x0000, 0x0000, 0x0001,
  0x3921, 0xed81, 0xfdc0, 0xfdc0, 0xfdc0, 0xfda0, 0xfda0, 0xfda0,
  0xfda0, 0xfda0, 0xfda0, 0xfda0, 0xfda0, 0xfda0, 0xfda0, 0xfda0,
  0xfda0, 0xfda0, 0xfda0, 0xfda0, 0xfda0, 0xfda0, 0xfde0, 0xa3c1,
  0x0000, 0x0000, 0x0000, 0x0000, 0x0000, 0x0000, 0x0000, 0x0000,
  0x0000, 0x0000, 0x0000, 0x0000, 0x0000, 0x0000, 0x0000, 0x0000,
  0x9341, 0xfde0, 0xfda0, 0xfda0, 0xfda0, 0xfda0, 0xfda0, 0xfda0,
  0xfda0, 0xfda0, 0xfda0, 0xfda0, 0xfda0, 0xfda0, 0xfda0, 0xfda0,
  0xfda0, 0xfda0, 0xfda0, 0xfda0, 0xfda0, 0xfda0, 0xfde0, 0xb3e1,
  0x0000, 0x0000, 0x0000, 0x0000, 0x0000, 0x0000, 0x0000, 0x0000,
  0x0000, 0x0840, 0xcc81, 0xfdc0, 0xfda0, 0xfda0, 0xfda0, 0xfda0,
  0xfda0, 0xfda0, 0xfdc0, 0xfd80, 0xf800, 0xf800, 0xf800, 0xf800,
  0xf800, 0xf800, 0xf800, 0xf800, 0xf800, 0xf800, 0xf800, 0xf800,
  0xf800, 0xf800, 0xf800, 0xf800, 0xf800, 0xf800, 0xf800, 0xf800,
  0xf800, 0xf800, 0xf800, 0xf800, 0xf800, 0xf800, 0xf800, 0xf800,
  0xf800, 0xf800, 0xf800, 0xf800, 0xf800, 0xf800, 0xf800, 0xf800,
  0xf800, 0xf800, 0xf800, 0xf800, 0xf800, 0xf800, 0xf800, 0xf800,
  0xf800, 0xf800, 0xf800, 0xf800, 0xf800, 0xf800, 0xf800, 0xf800,
  0xf800, 0xf800, 0xf800, 0xf800, 0xf800, 0xf800, 0xf800, 0xf800,
  0xf800, 0xf800, 0xf800, 0xf800, 0xf800, 0xf800, 0xf800, 0xf800,
  0xf800, 0xf800, 0xf800, 0xf800, 0xf800, 0xf800, 0xf800, 0xf800,
  0xf800, 0xf800, 0xf800, 0xf800, 0xf800, 0xf800, 0xf800, 0xf800,
  0xf800, 0xf800, 0xf800, 0xf800, 0xf800, 0xf800, 0xf800, 0xf800,
  0xf800, 0xf800, 0xf800, 0xf800, 0xf800, 0xf800, 0xf800, 0xf800,
  0xf800, 0xf800, 0xf800, 0xf800, 0xf800, 0xf800, 0xf800, 0xf800,
  0xf800, 0xf800, 0xf800, 0xf800, 0xf800, 0xf800, 0xf800, 0xf800,
  0xf800, 0xf800, 0xf800, 0xf800, 0xf800, 0xf800, 0xf800, 0xf800,
  0xf800, 0xf800, 0xf800, 0xf800, 0xf800, 0xf800, 0xf800, 0xf800,
  0xf800, 0xf800, 0xf800, 0xf800, 0xfda0, 0xfdc0, 0xfda0, 0xfda0,
  0xfda0, 0xfda0, 0xfda0, 0xfda0, 0xfde1, 0xcc80, 0x1041, 0x0000,
  0x0000, 0x0000, 0x0000, 0x0000, 0x0000, 0x0000, 0x0000, 0x0020,
  0xb3c1, 0xfde0, 0xfda0, 0xfdc0, 0xfda0, 0xfda0, 0xfda0, 0xfda0,
  0xfda0, 0xfda0, 0xfda0, 0xfda0, 0xfda0, 0xfda0, 0xfda0, 0xfda0,
  0xfda0, 0xfda0, 0xfda0, 0xfda0, 0xfda0, 0xfda0, 0xfde0, 0xbc01,
  0x0020, 0x0000, 0x0000, 0x0000, 0x0000, 0x0000, 0x0000, 0x0000,
  0x0000, 0x0000, 0x0000, 0x0000, 0x0000, 0x0000, 0x0000, 0x0001,
  0xa3a0, 0xfde0, 0xfda0, 0xfda0, 0xfda0, 0xfda0, 0xfda0, 0xfda0,
  0xfda0, 0xfda0, 0xfda0, 0xfda0, 0xfda0, 0xfda0, 0xfda0, 0xfda0,
  0xfda0, 0xfda0, 0xfda0, 0xfda0, 0xfda0, 0xfda0, 0xfdc0, 0xfdc1,
  0x51c1, 0x0000, 0x0001, 0x0000, 0x0000, 0x0000, 0x0000, 0x0000,
  0x0000, 0x0000, 0x49c1, 0xfda0, 0xfdc1, 0xfdc0, 0xfda0, 0xfda0,
  0xfda0, 0xfda0, 0xfda0, 0xfda0, 0xf800, 0xf800, 0xf800, 0xf800,
  0xf800, 0xf800, 0xf800, 0xf800, 0xf800, 0xf800, 0xf800, 0xf800,
  0xf800, 0xf800, 0xf800, 0xf800, 0xf800, 0xf800, 0xf800, 0xf800,
  0xf800, 0xf800, 0xf800, 0xf800, 0xf800, 0xf800, 0xf800, 0xf800,
  0xf800, 0xf800, 0xf800, 0xf800, 0xf800, 0xf800, 0xf800, 0xf800,
  0xf800, 0xf800, 0xf800, 0xf800, 0xf800, 0xf800, 0xf800, 0xf800,
  0xf800, 0xf800, 0xf800, 0xf800, 0xf800, 0xf800, 0xf800, 0xf800,
  0xf800, 0xf800, 0xf800, 0xf800, 0xf800, 0xf800, 0xf800, 0xf800,
  0xf800, 0xf800, 0xf800, 0xf800, 0xf800, 0xf800, 0xf800, 0xf800,
  0xf800, 0xf800, 0xf800, 0xf800, 0xf800, 0xf800, 0xf800, 0xf800,
  0xf800, 0xf800, 0xf800, 0xf800, 0xf800, 0xf800, 0xf800, 0xf800,
  0xf800, 0xf800, 0xf800, 0xf800, 0xf800, 0xf800, 0xf800, 0xf800,
  0xf800, 0xf800, 0xf800, 0xf800, 0xf800, 0xf800, 0xf800, 0xf800,
  0xf800, 0xf800, 0xf800, 0xf800, 0xf800, 0xf800, 0xf800, 0xf800,
  0xf800, 0xf800, 0xf800, 0xf800, 0xf800, 0xf800, 0xf800, 0xf800,
  0xf800, 0xf800, 0xf800, 0xf800, 0xf800, 0xf800, 0xf800, 0xf800,
  0xf800, 0xf800, 0xf800, 0xf800, 0xf800, 0xf800, 0xf800, 0xf800,
  0xf800, 0xf800, 0xf800, 0xf800, 0xfda1, 0xfda0, 0xfda0, 0xfda0,
  0xfda0, 0xfda0, 0xfda0, 0xfdc0, 0xfdc0, 0x51c1, 0x0001, 0x0000,
  0x0000, 0x0000, 0x0000, 0x0000, 0x0000, 0x0000, 0x0000, 0x51e1,
  0xf5c1, 0xfda1, 0xfda0, 0xfda0, 0xfda0, 0xfda0, 0xfda0, 0xfda0,
  0xfda0, 0xfda0, 0xfda0, 0xfda0, 0xfda0, 0xfda0, 0xfda0, 0xfda0,
  0xfda0, 0xfda0, 0xfda0, 0xfda0, 0xfda0, 0xfda0, 0xfde0, 0xcc60,
  0x0820, 0x0000, 0x0000, 0x0000, 0x0000, 0x0000, 0x0000, 0x0000,
  0x0000, 0x0000, 0x0000, 0x0000, 0x0000, 0x0000, 0x0000, 0x0000,
  0xb400, 0xfde0, 0xfda0, 0xfda0, 0xfda0, 0xfda0, 0xfda0, 0xfda0,
  0xfda0, 0xfda0, 0xfda0, 0xfda0, 0xfda0, 0xfda0, 0xfda0, 0xfda0,
  0xfda0, 0xfda0, 0xfda0, 0xfda0, 0xfda0, 0xfda0, 0xfdc1, 0xfdc0,
  0xcca1, 0x1060, 0x0000, 0x0000, 0x0000, 0x0000, 0x0000, 0x0000,
  0x0000, 0x0000, 0x0000, 0xa3e0, 0xfdc0, 0xfda0, 0xfdc0, 0xfda0,
  0xfda0, 0xfda0, 0xfda0, 0xfda0, 0xfda0, 0xf800, 0xf800, 0xf800,
  0xf800, 0xf800, 0xf800, 0xf800, 0xf800, 0xf800, 0xf800, 0xf800,
  0xf800, 0xf800, 0xf800, 0xf800, 0xf800, 0xf800, 0xf800, 0xf800,
  0xf800, 0xf800, 0xf800, 0xf800, 0xf800, 0xf800, 0xf800, 0xf800,
  0xf800, 0xf800, 0xf800, 0xf800, 0xf800, 0xf800, 0xf800, 0xf800,
  0xf800, 0xf800, 0xf800, 0xf800, 0xf800, 0xf800, 0xf800, 0xf800,
  0xf800, 0xf800, 0xf800, 0xf800, 0xf800, 0xf800, 0xf800, 0xf800,
  0xf800, 0xf800, 0xf800, 0xf800, 0xf800, 0xf800, 0xf800, 0xf800,
  0xf800, 0xf800, 0xf800, 0xf800, 0xf800, 0xf800, 0xf800, 0xf800,
  0xf800, 0xf800, 0xf800, 0xf800, 0xf800, 0xf800, 0xf800, 0xf800,
  0xf800, 0xf800, 0xf800, 0xf800, 0xf800, 0xf800, 0xf800, 0xf800,
  0xf800, 0xf800, 0xf800, 0xf800, 0xf800, 0xf800, 0xf800, 0xf800,
  0xf800, 0xf800, 0xf800, 0xf800, 0xf800, 0xf800, 0xf800, 0xf800,
  0xf800, 0xf800, 0xf800, 0xf800, 0xf800, 0xf800, 0xf800, 0xf800,
  0xf800, 0xf800, 0xf800, 0xf800, 0xf800, 0xf800, 0xf800, 0xf800,
  0xf800, 0xf800, 0xf800, 0xf800, 0xf800, 0xf800, 0xf800, 0xf800,
  0xf800, 0xf800, 0xf800, 0xf800, 0xf800, 0xf800, 0xf800, 0xf800,
  0xf800, 0xf800, 0xf800, 0xfd80, 0xfdc0, 0xfda0, 0xfda0, 0xfda0,
  0xfda0, 0xfda0, 0xfda0, 0xfde0, 0xabe1, 0x0020, 0x0021, 0x0020,
  0x0000, 0x0000, 0x0000, 0x0000, 0x0000, 0x0000, 0x1060, 0xd481,
  0xfde0, 0xfdc1, 0xfda0, 0xfda0, 0xfda0, 0xfda0, 0xfda0, 0xfda0,
  0xfda0, 0xfda0, 0xfda0, 0xfda0, 0xfda0, 0xfda0, 0xfda0, 0xfda0,
  0xfda0, 0xfda0, 0xfda0, 0xfda0, 0xfda0, 0xfdc0, 0xfdc0, 0xd4e0,
  0x1040, 0x0000, 0x0000, 0x0000, 0x0000, 0x0000, 0x0000, 0x0000,
  0x0000, 0x0000, 0x0000, 0x0000, 0x0000, 0x0000, 0x0000, 0x0021,
  0xc460, 0xfdc0, 0xfda0, 0xfda0, 0xfda0, 0xfda0, 0xfda0, 0xfda0,
  0xfda0, 0xfda0, 0xfda0, 0xfda0, 0xfda0, 0xfda0, 0xfda0, 0xfda0,
  0xfda0, 0xfda0, 0xfda0, 0xfda0, 0xfda0, 0xfda0, 0xfdc0, 0xfda0,
  0xfde0, 0x7aa0, 0x0000, 0x0000, 0x0000, 0x0000, 0x0000, 0x0000,
  0x0000, 0x0000, 0x0000, 0x3121, 0xed81, 0xfda0, 0xfdc0, 0xfda0,
  0xfda0, 0xfda0, 0xfda0, 0xfda0, 0xfda0, 0xfda0, 0xf800, 0xf800,
  0xf800, 0xf800, 0xf800, 0xf800, 0xf800, 0xf800, 0xf800, 0xf800,
  0xf800, 0xf800, 0xf800, 0xf800, 0xf800, 0xf800, 0xf800, 0xf800,
  0xf800, 0xf800, 0xf800, 0xf800, 0xf800, 0xf800, 0xf800, 0xf800,
  0xf800, 0xf800, 0xf800, 0xf800, 0xf800, 0xf800, 0xf800, 0xf800,
  0xf800, 0xf800, 0xf800, 0xf800, 0xf800, 0xf800, 0xf800, 0xf800,
  0xf800, 0xf800, 0xf800, 0xf800, 0xf800, 0xf800, 0xf800, 0xf800,
  0xf800, 0xf800, 0xf800, 0xf800, 0xf800, 0xf800, 0xf800, 0xf800,
  0xf800, 0xf800, 0xf800, 0xf800, 0xf800, 0xf800, 0xf800, 0xf800,
  0xf800, 0xf800, 0xf800, 0xf800, 0xf800, 0xf800, 0xf800, 0xf800,
  0xf800, 0xf800, 0xf800, 0xf800, 0xf800, 0xf800, 0xf800, 0xf800,
  0xf800, 0xf800, 0xf800, 0xf800, 0xf800, 0xf800, 0xf800, 0xf800,
  0xf800, 0xf800, 0xf800, 0xf800, 0xf800, 0xf800, 0xf800, 0xf800,
  0xf800, 0xf800, 0xf800, 0xf800, 0xf800, 0xf800, 0xf800, 0xf800,
  0xf800, 0xf800, 0xf800, 0xf800, 0xf800, 0xf800, 0xf800, 0xf800,
  0xf800, 0xf800, 0xf800, 0xf800, 0xf800, 0xf800, 0xf800, 0xf800,
  0xf800, 0xf800, 0xf800, 0xf800, 0xf800, 0xf800, 0xf800, 0xf800,
  0xf800, 0xf800, 0xfda0, 0xfda0, 0xfdc0, 0xfda0, 0xfda0, 0xfda0,
  0xfda0, 0xfda0, 0xfdc0, 0xed80, 0x3120, 0x0000, 0x0000, 0x0000,
  0x0000, 0x0000, 0x0000, 0x0020, 0x0800, 0x0000, 0x72a1, 0xfde1,
  0xfdc0, 0xfda0, 0xfda0, 0xfda0, 0xfda0, 0xfda0, 0xfda0, 0xfda0,
  0xfda0, 0xfda0, 0xfda0, 0xfda0, 0xfda0, 0xfda0, 0xfda0, 0xfda0,
  0xfda0, 0xfda0, 0xfda0, 0xfda0, 0xfda0, 0xfda0, 0xfdc0, 0xe521,
  0x1060, 0x0000, 0x0000, 0x0000, 0x0000, 0x0000, 0x0000, 0x0000,
  0x0000, 0x0000, 0x0000, 0x0000, 0x0000, 0x0000, 0x0000, 0x0841,
  0xcca0, 0xfdc0, 0xfda0, 0xfda0, 0xfda0, 0xfda0, 0xfda0, 0xfda0,
  0xfda0, 0xfda0, 0xfda0, 0xfda0, 0xfda0, 0xfda0, 0xfda0, 0xfda0,
  0xfda0, 0xfda0, 0xfda0, 0xfda0, 0xfda0, 0xfda0, 0xfdc0, 0xfda0,
  0xfdc0, 0xe520, 0x20c1, 0x0000, 0x0000, 0x0000, 0x0000, 0x0000,
  0x0000, 0x0000, 0x0000, 0x0000, 0x8b20, 0xfde0, 0xfda0, 0xfda0,
  0xfdc0, 0xfda0, 0xfda0, 0xfda0, 0xfda0, 0xfda0, 0xf800, 0xf800,
  0xf800, 0xf800, 0xf800, 0xf800, 0xf800, 0xf800, 0xf800, 0xf800,
  0xf800, 0xf800, 0xf800, 0xf800, 0xf800, 0xf800, 0xf800, 0xf800,
  0xf800, 0xf800, 0xf800, 0xf800, 0xf800, 0xf800, 0xf800, 0xf800,
  0xf800, 0xf800, 0xf800, 0xf800, 0xf800, 0xf800, 0xf800, 0xf800,
  0xf800, 0xf800, 0xf800, 0xf800, 0xf800, 0xf800, 0xf800, 0xf800,
  0xf800, 0xf800, 0xf800, 0xf800, 0xf800, 0xf800, 0xf800, 0xf800,
  0xf800, 0xf800, 0xf800, 0xf800, 0xf800, 0xf800, 0xf800, 0xf800,
  0xf800, 0xf800, 0xf800, 0xf800, 0xf800, 0xf800, 0xf800, 0xf800,
  0xf800, 0xf800, 0xf800, 0xf800, 0xf800, 0xf800, 0xf800, 0xf800,
  0xf800, 0xf800, 0xf800, 0xf800, 0xf800, 0xf800, 0xf800, 0xf800,
  0xf800, 0xf800, 0xf800, 0xf800, 0xf800, 0xf800, 0xf800, 0xf800,
  0xf800, 0xf800, 0xf800, 0xf800, 0xf800, 0xf800, 0xf800, 0xf800,
  0xf800, 0xf800, 0xf800, 0xf800, 0xf800, 0xf800, 0xf800, 0xf800,
  0xf800, 0xf800, 0xf800, 0xf800, 0xf800, 0xf800, 0xf800, 0xf800,
  0xf800, 0xf800, 0xf800, 0xf800, 0xf800, 0xf800, 0xf800, 0xf800,
  0xf800, 0xf800, 0xf800, 0xf800, 0xf800, 0xf800, 0xf800, 0xf800,
  0xf800, 0xf800, 0xfda0, 0xfda0, 0xfda0, 0xfda0, 0xfda0, 0xfda0,
  0xfda0, 0xfda1, 0xfde0, 0x8b22, 0x0000, 0x0000, 0x0000, 0x0000,
  0x0000, 0x0000, 0x0000, 0x0021, 0x0000, 0x28c1, 0xe540, 0xfdc1,
  0xfdc0, 0xfdc0, 0xfda0, 0xfda0, 0xfda0, 0xfda0, 0xfda0, 0xfda0,
  0xfda0, 0xfda0, 0xfda0, 0xfda0, 0xfda0, 0xfda0, 0xfda0, 0xfda0,
  0xfda0, 0xfda0, 0xfda0, 0xfda0, 0xfda0, 0xfda0, 0xfdc0, 0xed41,
  0x20a0, 0x0000, 0x0000, 0x0000, 0x0000, 0x0000, 0x0000, 0x0000,
  0x0000, 0x0000, 0x0000, 0x0000, 0x0000, 0x0000, 0x0000, 0x1060,
  0xdce0, 0xfdc0, 0xfda0, 0xfda0, 0xfda0, 0xfda0, 0xfda0, 0xfda0,
  0xfda0, 0xfda0, 0xfda0, 0xfda0, 0xfda0, 0xfda0, 0xfda0, 0xfda0,
  0xfda0, 0xfda0, 0xfda0, 0xfda0, 0xfda0, 0xfda0, 0xfda0, 0xfda0,
  0xfdc0, 0xfde0, 0x9b80, 0x0000, 0x0000, 0x0000, 0x0000, 0x0000,
  0x0000, 0x0000, 0x0000, 0x0000, 0x20a1, 0xdd00, 0xfde0, 0xfdc0,
  0xfdc0, 0xfdc0, 0xfda0, 0xfda0, 0xfda0, 0xfdc0, 0xfda0, 0xf800,
  0xf800, 0xf800, 0xf800, 0xf800, 0xf800, 0xf800, 0xf800, 0xf800,
  0xf800, 0xf800, 0xf800, 0xf800, 0xf800, 0xf800, 0xf800, 0xf800,
  0xf800, 0xf800, 0xf800, 0xf800, 0xf800, 0xf800, 0xf800, 0xf800,
  0xf800, 0xf800, 0xf800, 0xf800, 0xf800, 0xf800, 0xf800, 0xf800,
  0xf800, 0xf800, 0xf800, 0xf800, 0xf800, 0xf800, 0xf800, 0xf800,
  0xf800, 0xf800, 0xf800, 0xf800, 0xf800, 0xf800, 0xf800, 0xf800,
  0xf800, 0xf800, 0xf800, 0xf800, 0xf800, 0xf800, 0xf800, 0xf800,
  0xf800, 0xf800, 0xf800, 0xf800, 0xf800, 0xf800, 0xf800, 0xf800,
  0xf800, 0xf800, 0xf800, 0xf800, 0xf800, 0xf800, 0xf800, 0xf800,
  0xf800, 0xf800, 0xf800, 0xf800, 0xf800, 0xf800, 0xf800, 0xf800,
  0xf800, 0xf800, 0xf800, 0xf800, 0xf800, 0xf800, 0xf800, 0xf800,
  0xf800, 0xf800, 0xf800, 0xf800, 0xf800, 0xf800, 0xf800, 0xf800,
  0xf800, 0xf800, 0xf800, 0xf800, 0xf800, 0xf800, 0xf800, 0xf800,
  0xf800, 0xf800, 0xf800, 0xf800, 0xf800, 0xf800, 0xf800, 0xf800,
  0xf800, 0xf800, 0xf800, 0xf800, 0xf800, 0xf800, 0xf800, 0xf800,
  0xf800, 0xf800, 0xf800, 0xf800, 0xf800, 0xf800, 0xf800, 0xf800,
  0xf800, 0xfda0, 0xfda0, 0xfda0, 0xfda0, 0xfda0, 0xfda0, 0xfda0,
  0xfda0, 0xfdc0, 0xdd01, 0x18a1, 0x0000, 0x0000, 0x0000, 0x0000,
  0x0000, 0x0000, 0x0000, 0x0000, 0x0000, 0x9361, 0xfde0, 0xfda0,
  0xfda0, 0xfda0, 0xfda0, 0xfda0, 0xfda0, 0xfda0, 0xfda0, 0xfda0,
  0xfda0, 0xfda0, 0xfda0, 0xfda0, 0xfda0, 0xfda0, 0xfda0, 0xfda0,
  0xfda0, 0xfda0, 0xfda0, 0xfda0, 0xfda0, 0xfda0, 0xfdc0, 0xf561,
  0x28e1, 0x0000, 0x0000, 0x0000, 0x0000, 0x0000, 0x0000, 0x0000,
  0x0000, 0x0000, 0x0000, 0x0000, 0x0000, 0x0000, 0x0000, 0x1880,
  0xe500, 0xfdc0, 0xfda0, 0xfda0, 0xfda0, 0xfda0, 0xfda0, 0xfda0,
  0xfda0, 0xfda0, 0xfda0, 0xfda0, 0xfda0, 0xfda0, 0xfda0, 0xfda0,
  0xfda0, 0xfda0, 0xfda0, 0xfda0, 0xfda0, 0xfda0, 0xfda0, 0xfda0,
  0xfda0, 0xfda1, 0xf581, 0x3961, 0x0000, 0x0000, 0x0000, 0x0000,
  0x0000, 0x0000, 0x0000, 0x0021, 0x0001, 0x6a60, 0xfde1, 0xfdc0,
  0xfdc0, 0xfda0, 0xfda0, 0xfda0, 0xfda0, 0xfdc0, 0xfda0, 0xf800,
  0xf800, 0xf800, 0xf800, 0xf800, 0xf800, 0xf800, 0xf800, 0xf800,
  0xf800, 0xf800, 0xf800, 0xf800, 0xf800, 0xf800, 0xf800, 0xf800,
  0xf800, 0xf800, 0xf800, 0xf800, 0xf800, 0xf800, 0xf800, 0xf800,
  0xf800, 0xf800, 0xf800, 0xf800, 0xf800, 0xf800, 0xf800, 0xf800,
  0xf800, 0xf800, 0xf800, 0xf800, 0xf800, 0xf800, 0xf800, 0xf800,
  0xf800, 0xf800, 0xf800, 0xf800, 0xf800, 0xf800, 0xf800, 0xf800,
  0xf800, 0xf800, 0xf800, 0xf800, 0xf800, 0xf800, 0xf800, 0xf800,
  0xf800, 0xf800, 0xf800, 0xf800, 0xf800, 0xf800, 0xf800, 0xf800,
  0xf800, 0xf800, 0xf800, 0xf800, 0xf800, 0xf800, 0xf800, 0xf800,
  0xf800, 0xf800, 0xf800, 0xf800, 0xf800, 0xf800, 0xf800, 0xf800,
  0xf800, 0xf800, 0xf800, 0xf800, 0xf800, 0xf800, 0xf800, 0xf800,
  0xf800, 0xf800, 0xf800, 0xf800, 0xf800, 0xf800, 0xf800, 0xf800,
  0xf800, 0xf800, 0xf800, 0xf800, 0xf800, 0xf800, 0xf800, 0xf800,
  0xf800, 0xf800, 0xf800, 0xf800, 0xf800, 0xf800, 0xf800, 0xf800,
  0xf800, 0xf800, 0xf800, 0xf800, 0xf800, 0xf800, 0xf800, 0xf800,
  0xf800, 0xf800, 0xf800, 0xf800, 0xf800, 0xf800, 0xf800, 0xf800,
  0xf800, 0xfdc0, 0xfdc0, 0xfda0, 0xfda0, 0xfda0, 0xfdc0, 0xfdc0,
  0xfda0, 0xfdc0, 0x6a61, 0x0001, 0x0000, 0x0000, 0x0000, 0x0000,
  0x0000, 0x0000, 0x0000, 0x0001, 0x3961, 0xeda0, 0xfda1, 0xfda0,
  0xfda0, 0xfda0, 0xfda0, 0xfda0, 0xfda0, 0xfda0, 0xfda0, 0xfda0,
  0xfda0, 0xfda0, 0xfda0, 0xfda0, 0xfda0, 0xfda0, 0xfda0, 0xfda0,
  0xfda0, 0xfda0, 0xfda0, 0xfda0, 0xfda0, 0xfda0, 0xfdc0, 0xf580,
  0x3941, 0x0000, 0x0000, 0x0000, 0x0000, 0x0000, 0x0000, 0x0000,
  0x0000, 0x0000, 0x0000, 0x0000, 0x0000, 0x0000, 0x0000, 0x20e0,
  0xed40, 0xfdc0, 0xfda0, 0xfda0, 0xfda0, 0xfda0, 0xfda0, 0xfda0,
  0xfda0, 0xfda0, 0xfda0, 0xfda0, 0xfda0, 0xfda0, 0xfda0, 0xfda0,
  0xfda0, 0xfda0, 0xfda0, 0xfda0, 0xfda0, 0xfda0, 0xfda0, 0xfda0,
  0xfda0, 0xfda0, 0xfde0, 0xbc20, 0x0820, 0x0000, 0x0000, 0x0000,
  0x0000, 0x0000, 0x0000, 0x0001, 0x0000, 0x0840, 0xc461, 0xfde0,
  0xfdc0, 0xfda0, 0xfda0, 0xfda0, 0xfda0, 0xfdc0, 0xfda0, 0xfda0,
  0xf800, 0xf800, 0xf800, 0xf800, 0xf800, 0xf800, 0xf800, 0xf800,
  0xf800, 0xf800, 0xf800, 0xf800, 0xf800, 0xf800, 0xf800, 0xf800,
  0xf800, 0xf800, 0xf800, 0xf800, 0xf800, 0xf800, 0xf800, 0xf800,
  0xf800, 0xf800, 0xf800, 0xf800, 0xf800, 0xf800, 0xf800, 0xf800,
  0xf800, 0xf800, 0xf800, 0xf800, 0xf800, 0xf800, 0xf800, 0xf800,
  0xf800, 0xf800, 0xf800, 0xf800, 0xf800, 0xf800, 0xf800, 0xf800,
  0xf800, 0xf800, 0xf800, 0xf800, 0xf800, 0xf800, 0xf800, 0xf800,
  0xf800, 0xf800, 0xf800, 0xf800, 0xf800, 0xf800, 0xf800, 0xf800,
  0xf800, 0xf800, 0xf800, 0xf800, 0xf800, 0xf800, 0xf800, 0xf800,
  0xf800, 0xf800, 0xf800, 0xf800, 0xf800, 0xf800, 0xf800, 0xf800,
  0xf800, 0xf800, 0xf800, 0xf800, 0xf800, 0xf800, 0xf800, 0xf800,
  0xf800, 0xf800, 0xf800, 0xf800, 0xf800, 0xf800, 0xf800, 0xf800,
  0xf800, 0xf800, 0xf800, 0xf800, 0xf800, 0xf800, 0xf800, 0xf800,
  0xf800, 0xf800, 0xf800, 0xf800, 0xf800, 0xf800, 0xf800, 0xf800,
  0xf800, 0xf800, 0xf800, 0xf800, 0xf800, 0xf800, 0xf800, 0xf800,
  0xf800, 0xf800, 0xf800, 0xf800, 0xf800, 0xf800, 0xf800, 0xf800,
  0xfda0, 0xfda0, 0xfdc0, 0xfda0, 0xfda0, 0xfda0, 0xfda0, 0xfda0,
  0xfde0, 0xc460, 0x0840, 0x0000, 0x0000, 0x0000, 0x0000, 0x0000,
  0x0000, 0x0000, 0x0000, 0x0021, 0xb441, 0xfdc1, 0xfdc0, 0xfda0,
  0xfda0, 0xfda0, 0xfda0, 0xfda0, 0xfda0, 0xfda0, 0xfda0, 0xfda0,
  0xfda0, 0xfda0, 0xfda0, 0xfda0, 0xfda0, 0xfda0, 0xfda0, 0xfda0,
  0xfda0, 0xfda0, 0xfda0, 0xfda0, 0xfda0, 0xfda0, 0xfda0, 0xfda0,
  0x4180, 0x0000, 0x0000, 0x0000, 0x0000, 0x0000, 0x0000, 0x0000,
  0x0000, 0x0000, 0x0000, 0x0000, 0x0000, 0x0000, 0x0000, 0x2920,
  0xf580, 0xfdc0, 0xfda0, 0xfda0, 0xfda0, 0xfda0, 0xfda0, 0xfda0,
  0xfda0, 0xfda0, 0xfda0, 0xfda0, 0xfda0, 0xfda0, 0xfda0, 0xfda0,
  0xfda0, 0xfda0, 0xfda0, 0xfda0, 0xfda0, 0xfda0, 0xfda0, 0xfda0,
  0xfda0, 0xfda0, 0xfdc0, 0xfdc0, 0x5a01, 0x0001, 0x0001, 0x0000,
  0x0000, 0x0000, 0x0000, 0x0000, 0x0000, 0x0000, 0x4980, 0xfda1,
  0xfda1, 0xfda0, 0xfda0, 0xfda0, 0xfda0, 0xfda0, 0xfda0, 0xfdc0,
  0xf800, 0xf800, 0xf800, 0xf800, 0xf800, 0xf800, 0xf800, 0xf800,
  0xf800, 0xf800, 0xf800, 0xf800, 0xf800, 0xf800, 0xf800, 0xf800,
  0xf800, 0xf800, 0xf800, 0xf800, 0xf800, 0xf800, 0xf800, 0xf800,
  0xf800, 0xf800, 0xf800, 0xf800, 0xf800, 0xf800, 0xf800, 0xf800,
  0xf800, 0xf800, 0xf800, 0xf800, 0xf800, 0xf800, 0xf800, 0xf800,
  0xf800, 0xf800, 0xf800, 0xf800, 0xf800, 0xf800, 0xf800, 0xf800,
  0xf800, 0xf800, 0xf800, 0xf800, 0xf800, 0xf800, 0xf800, 0xf800,
  0xf800, 0xf800, 0xf800, 0xf800, 0xf800, 0xf800, 0xf800, 0xf800,
  0xf800, 0xf800, 0xf800, 0xf800, 0xf800, 0xf800, 0xf800, 0xf800,
  0xf800, 0xf800, 0xf800, 0xf800, 0xf800, 0xf800, 0xf800, 0xf800,
  0xf800, 0xf800, 0xf800, 0xf800, 0xf800, 0xf800, 0xf800, 0xf800,
  0xf800, 0xf800, 0xf800, 0xf800, 0xf800, 0xf800, 0xf800, 0xf800,
  0xf800, 0xf800, 0xf800, 0xf800, 0xf800, 0xf800, 0xf800, 0xf800,
  0xf800, 0xf800, 0xf800, 0xf800, 0xf800, 0xf800, 0xf800, 0xf800,
  0xf800, 0xf800, 0xf800, 0xf800, 0xf800, 0xf800, 0xf800, 0xf800,
  0xf800, 0xf800, 0xf800, 0xf800, 0xf800, 0xf800, 0xf800, 0xf800,
  0xfda0, 0xfda0, 0xfdc0, 0xfda0, 0xfda0, 0xfda0, 0xfda1, 0xfda0,
  0xf5a1, 0x49c1, 0x0001, 0x0000, 0x0000, 0x0000, 0x0000, 0x0000,
  0x0000, 0x0000, 0x0000, 0x5a21, 0xfdc0, 0xfda0, 0xfdc0, 0xfda0,
  0xfda0, 0xfda0, 0xfda0, 0xfda0, 0xfda0, 0xfda0, 0xfda0, 0xfda0,
  0xfda0, 0xfda0, 0xfda0, 0xfda0, 0xfda0, 0xfda0, 0xfda0, 0xfda0,
  0xfda0, 0xfda0, 0xfda0, 0xfda0, 0xfda0, 0xfda0, 0xfda0, 0xfdc0,
  0x51e0, 0x0000, 0x0000, 0x0000, 0x0000, 0x0000, 0x0000, 0x0000,
  0x0000, 0x0000, 0x0000, 0x0000, 0x0000, 0x0000, 0x0000, 0x3940,
  0xfda0, 0xfda0, 0xfda0, 0xfda0, 0xfda0, 0xfda0, 0xfda0, 0xfda0,
  0xfda0, 0xfda0, 0xfda0, 0xfda0, 0xfda0, 0xfda0, 0xfda0, 0xfda0,
  0xfda0, 0xfda0, 0xfda0, 0xfda0, 0xfda0, 0xfda0, 0xfda0, 0xfda0,
  0xfdc0, 0xfda0, 0xfda0, 0xfdc0, 0xdcc1, 0x1861, 0x0020, 0x0000,
  0x0000, 0x0000, 0x0000, 0x0000, 0x0000, 0x0000, 0x0000, 0xa3a0,
  0xfde1, 0xfdc0, 0xfda0, 0xfda0, 0xfda0, 0xfda0, 0xfda0, 0xfda0,
  0xfda1, 0xf800, 0xf800, 0xf800, 0xf800, 0xf800, 0xf800, 0xf800,
  0xf800, 0xf800, 0xf800, 0xf800, 0xf800, 0xf800, 0xf800, 0xf800,
  0xf800, 0xf800, 0xf800, 0xf800, 0xf800, 0xf800, 0xf800, 0xf800,
  0xf800, 0xf800, 0xf800, 0xf800, 0xf800, 0xf800, 0xf800, 0xf800,
  0xf800, 0xf800, 0xf800, 0xf800, 0xf800, 0xf800, 0xf800, 0xf800,
  0xf800, 0xf800, 0xf800, 0xf800, 0xf800, 0xf800, 0xf800, 0xf800,
  0xf800, 0xf800, 0xf800, 0xf800, 0xf800, 0xf800, 0xf800, 0xf800,
  0xf800, 0xf800, 0xf800, 0xf800, 0xf800, 0xf800, 0xf800, 0xf800,
  0xf800, 0xf800, 0xf800, 0xf800, 0xf800, 0xf800, 0xf800, 0xf800,
  0xf800, 0xf800, 0xf800, 0xf800, 0xf800, 0xf800, 0xf800, 0xf800,
  0xf800, 0xf800, 0xf800, 0xf800, 0xf800, 0xf800, 0xf800, 0xf800,
  0xf800, 0xf800, 0xf800, 0xf800, 0xf800, 0xf800, 0xf800, 0xf800,
  0xf800, 0xf800, 0xf800, 0xf800, 0xf800, 0xf800, 0xf800, 0xf800,
  0xf800, 0xf800, 0xf800, 0xf800, 0xf800, 0xf800, 0xf800, 0xf800,
  0xf800, 0xf800, 0xf800, 0xf800, 0xf800, 0xf800, 0xf800, 0xf800,
  0xf800, 0xf800, 0xf800, 0xf800, 0xf800, 0xf800, 0xf800, 0xfda0,
  0xfdc0, 0xfda0, 0xfda0, 0xfda0, 0xfda0, 0xfdc0, 0xfda0, 0xfde0,
  0xa3a2, 0x0001, 0x0021, 0x0000, 0x0000, 0x0000, 0x0000, 0x0000,
  0x0000, 0x0000, 0x1060, 0xd4c0, 0xfde0, 0xfdc0, 0xfda0, 0xfda0,
  0xfda0, 0xfda0, 0xfda0, 0xfda0, 0xfda0, 0xfda0, 0xfda0, 0xfda0,
  0xfda0, 0xfda0, 0xfda0, 0xfda0, 0xfda0, 0xfda0, 0xfda0, 0xfda0,
  0xfda0, 0xfda0, 0xfda0, 0xfda0, 0xfda0, 0xfdc0, 0xfda0, 0xfdc0,
  0x6221, 0x0000, 0x0000, 0x0000, 0x0000, 0x0000, 0x0000, 0x0000,
  0x0000, 0x0000, 0x0000, 0x0000, 0x0000, 0x0000, 0x0000, 0x49a0,
  0xfdc0, 0xfda0, 0xfda0, 0xfda0, 0xfda0, 0xfda0, 0xfda0, 0xfda0,
  0xfda0, 0xfda0, 0xfda0, 0xfda0, 0xfda0, 0xfda0, 0xfda0, 0xfda0,
  0xfda0, 0xfda0, 0xfda0, 0xfda0, 0xfda0, 0xfda0, 0xfda0, 0xfda0,
  0xfda0, 0xfda0, 0xfda0, 0xfda0, 0xfde1, 0x82e1, 0x0001, 0x0000,
  0x0000, 0x0000, 0x0000, 0x0000, 0x0000, 0x0000, 0x0001, 0x2900,
  0xe541, 0xfdc0, 0xfda0, 0xfdc0, 0xfda0, 0xfda0, 0xfda0, 0xfda0,
  0xfda0, 0xfda0, 0xf800, 0xf800, 0xf800, 0xf800, 0xf800, 0xf800,
  0xf800, 0xf800, 0xf800, 0xf800, 0xf800, 0xf800, 0xf800, 0xf800,
  0xf800, 0xf800, 0xf800, 0xf800, 0xf800, 0xf800, 0xf800, 0xf800,
  0xf800, 0xf800, 0xf800, 0xf800, 0xf800, 0xf800, 0xf800, 0xf800,
  0xf800, 0xf800, 0xf800, 0xf800, 0xf800, 0xf800, 0xf800, 0xf800,
  0xf800, 0xf800, 0xf800, 0xf800, 0xf800, 0xf800, 0xf800, 0xf800,
  0xf800, 0xf800, 0xf800, 0xf800, 0xf800, 0xf800, 0xf800, 0xf800,
  0xf800, 0xf800, 0xf800, 0xf800, 0xf800, 0xf800, 0xf800, 0xf800,
  0xf800, 0xf800, 0xf800, 0xf800, 0xf800, 0xf800, 0xf800, 0xf800,
  0xf800, 0xf800, 0xf800, 0xf800, 0xf800, 0xf800, 0xf800, 0xf800,
  0xf800, 0xf800, 0xf800, 0xf800, 0xf800, 0xf800, 0xf800, 0xf800,
  0xf800, 0xf800, 0xf800, 0xf800, 0xf800, 0xf800, 0xf800, 0xf800,
  0xf800, 0xf800, 0xf800, 0xf800, 0xf800, 0xf800, 0xf800, 0xf800,
  0xf800, 0xf800, 0xf800, 0xf800, 0xf800, 0xf800, 0xf800, 0xf800,
  0xf800, 0xf800, 0xf800, 0xf800, 0xf800, 0xf800, 0xf800, 0xf800,
  0xf800, 0xf800, 0xf800, 0xf800, 0xf800, 0xf800, 0xfda0, 0xfda0,
  0xfda0, 0xfda0, 0xfda0, 0xfda0, 0xfda0, 0xfda0, 0xfdc0, 0xed41,
  0x3100, 0x0000, 0x0000, 0x0000, 0x0000, 0x0000, 0x0000, 0x0000,
  0x0820, 0x0000, 0x7ac1, 0xfde0, 0xfda0, 0xfda0, 0xfda0, 0xfda0,
  0xfda0, 0xfda0, 0xfda0, 0xfda0, 0xfda0, 0xfda0, 0xfda0, 0xfda0,
  0xfda0, 0xfda0, 0xfda0, 0xfda0, 0xfda0, 0xfda0, 0xfda0, 0xfda0,
  0xfda0, 0xfda0, 0xfda0, 0xfda0, 0xfda0, 0xfdc0, 0xfdc0, 0xfde0,
  0x6a80, 0x0000, 0x0000, 0x0000, 0x0000, 0x0000, 0x0000, 0x0000,
  0x0000, 0x0000, 0x0000, 0x0000, 0x0000, 0x0000, 0x0000, 0x5200,
  0xfdc1, 0xfdc0, 0xfda0, 0xfda0, 0xfda0, 0xfda0, 0xfda0, 0xfda0,
  0xfda0, 0xfda0, 0xfda0, 0xfda0, 0xfda0, 0xfda0, 0xfda0, 0xfda0,
  0xfda0, 0xfda0, 0xfda0, 0xfda0, 0xfda0, 0xfda0, 0xfda0, 0xfda0,
  0xfda0, 0xfda0, 0xfda0, 0xfda0, 0xfda0, 0xe560, 0x2902, 0x0000,
  0x0000, 0x0000, 0x0000, 0x0000, 0x0000, 0x0000, 0x0000, 0x0000,
  0x82e1, 0xfde0, 0xfda0, 0xfdc0, 0xfda0, 0xfda0, 0xfda0, 0xfda0,
  0xfda0, 0xfda0, 0xf800, 0xf800, 0xf800, 0xf800, 0xf800, 0xf800,
  0xf800, 0xf800, 0xf800, 0xf800, 0xf800, 0xf800, 0xf800, 0xf800,
  0xf800, 0xf800, 0xf800, 0xf800, 0xf800, 0xf800, 0xf800, 0xf800,
  0xf800, 0xf800, 0xf800, 0xf800, 0xf800, 0xf800, 0xf800, 0xf800,
  0xf800, 0xf800, 0xf800, 0xf800, 0xf800, 0xf800, 0xf800, 0xf800,
  0xf800, 0xf800, 0xf800, 0xf800, 0xf800, 0xf800, 0xf800, 0xf800,
  0xf800, 0xf800, 0xf800, 0xf800, 0xf800, 0xf800, 0xf800, 0xf800,
  0xf800, 0xf800, 0xf800, 0xf800, 0xf800, 0xf800, 0xf800, 0xf800,
  0xf800, 0xf800, 0xf800, 0xf800, 0xf800, 0xf800, 0xf800, 0xf800,
  0xf800, 0xf800, 0xf800, 0xf800, 0xf800, 0xf800, 0xf800, 0xf800,
  0xf800, 0xf800, 0xf800, 0xf800, 0xf800, 0xf800, 0xf800, 0xf800,
  0xf800, 0xf800, 0xf800, 0xf800, 0xf800, 0xf800, 0xf800, 0xf800,
  0xf800, 0xf800, 0xf800, 0xf800, 0xf800, 0xf800, 0xf800, 0xf800,
  0xf800, 0xf800, 0xf800, 0xf800, 0xf800, 0xf800, 0xf800, 0xf800,
  0xf800, 0xf800, 0xf800, 0xf800, 0xf800, 0xf800, 0xf800, 0xf800,
  0xf800, 0xf800, 0xf800, 0xf800, 0xf800, 0xf800, 0xfda0, 0xfdc0,
  0xfda0, 0xfda0, 0xfda0, 0xfda0, 0xfda0, 0xfda0, 0xfde0, 0x7b01,
  0x0000, 0x0000, 0x0000, 0x0000, 0x0000, 0x0000, 0x0000, 0x0000,
  0x0000, 0x28e1, 0xe541, 0xfdc0, 0xfda0, 0xfda0, 0xfda0, 0xfda0,
  0xfda0, 0xfda0, 0xfda0, 0xfda0, 0xfda0, 0xfda0, 0xfda0, 0xfda0,
  0xfda0, 0xfda0, 0xfda0, 0xfda0, 0xfda0, 0xfda0, 0xfda0, 0xfda0,
  0xfda0, 0xfda0, 0xfda0, 0xfda0, 0xfda0, 0xfdc0, 0xfdc0, 0xfde0,
  0x7ae0, 0x0000, 0x0000, 0x0000, 0x0000, 0x0000, 0x0000, 0x0000,
  0x0000, 0x0000, 0x0000, 0x0000, 0x0000, 0x0000, 0x0000, 0x6240,
  0xfdc1, 0xfdc0, 0xfda0, 0xfda0, 0xfda0, 0xfda0, 0xfda0, 0xfda0,
  0xfda0, 0xfda0, 0xfda0, 0xfda0, 0xfda0, 0xfda0, 0xfda0, 0xfda0,
  0xfda0, 0xfda0, 0xfda0, 0xfda0, 0xfda0, 0xfda0, 0xfda0, 0xfda0,
  0xfda0, 0xfda0, 0xfda0, 0xfdc0, 0xfdc0, 0xfdc1, 0x9ba0, 0x0000,
  0x0000, 0x0000, 0x0000, 0x0000, 0x0000, 0x0000, 0x0000, 0x0001,
  0x1860, 0xd4e1, 0xfdc0, 0xfda0, 0xfda0, 0xfda0, 0xfda0, 0xfda0,
  0xfda0, 0xfda0, 0xfda0, 0xf800, 0xf800, 0xf800, 0xf800, 0xf800,
  0xf800, 0xf800, 0xf800, 0xf800, 0xf800, 0xf800, 0xf800, 0xf800,
  0xf800, 0xf800, 0xf800, 0xf800, 0xf800, 0xf800, 0xf800, 0xf800,
  0xf800, 0xf800, 0xf800, 0xf800, 0xf800, 0xf800, 0xf800, 0xf800,
  0xf800, 0xf800, 0xf800, 0xf800, 0xf800, 0xf800, 0xf800, 0xf800,
  0xf800, 0xf800, 0xf800, 0xf800, 0xf800, 0xf800, 0xf800, 0xf800,
  0xf800, 0xf800, 0xf800, 0xf800, 0xf800, 0xf800, 0xf800, 0xf800,
  0xf800, 0xf800, 0xf800, 0xf800, 0xf800, 0xf800, 0xf800, 0xf800,
  0xf800, 0xf800, 0xf800, 0xf800, 0xf800, 0xf800, 0xf800, 0xf800,
  0xf800, 0xf800, 0xf800, 0xf800, 0xf800, 0xf800, 0xf800, 0xf800,
  0xf800, 0xf800, 0xf800, 0xf800, 0xf800, 0xf800, 0xf800, 0xf800,
  0xf800, 0xf800, 0xf800, 0xf800, 0xf800, 0xf800, 0xf800, 0xf800,
  0xf800, 0xf800, 0xf800, 0xf800, 0xf800, 0xf800, 0xf800, 0xf800,
  0xf800, 0xf800, 0xf800, 0xf800, 0xf800, 0xf800, 0xf800, 0xf800,
  0xf800, 0xf800, 0xf800, 0xf800, 0xf800, 0xf800, 0xf800, 0xf800,
  0xf800, 0xf800, 0xf800, 0xf800, 0xf800, 0xfda0, 0xfda1, 0xfda0,
  0xfda0, 0xfda0, 0xfda0, 0xfda0, 0xfda0, 0xfdc0, 0xcce1, 0x1881,
  0x0001, 0x0000, 0x0000, 0x0000, 0x0000, 0x0000, 0x0000, 0x0020,
  0x0001, 0xa381, 0xfde1, 0xfda0, 0xfda0, 0xfda0, 0xfda0, 0xfda0,
  0xfda0, 0xfda0, 0xfda0, 0xfda0, 0xfda0, 0xfda0, 0xfda0, 0xfda0,
  0xfda0, 0xfda0, 0xfda0, 0xfda0, 0xfda0, 0xfda0, 0xfda0, 0xfda0,
  0xfda0, 0xfda0, 0xfda0, 0xfda0, 0xfda0, 0xfdc0, 0xfda0, 0xfde0,
  0x8b20, 0x0000, 0x0000, 0x0000, 0x0000, 0x0000, 0x0000, 0x0000,
  0x0000, 0x0000, 0x0000, 0x0000, 0x0000, 0x0000, 0x0000, 0x72a0,
  0xfdc0, 0xfdc0, 0xfda0, 0xfda0, 0xfda0, 0xfda0, 0xfda0, 0xfda0,
  0xfda0, 0xfda0, 0xfda0, 0xfda0, 0xfda0, 0xfda0, 0xfda0, 0xfda0,
  0xfda0, 0xfda0, 0xfda0, 0xfda0, 0xfda0, 0xfda0, 0xfda0, 0xfda0,
  0xfda0, 0xfda0, 0xfda0, 0xfda0, 0xfda0, 0xfda0, 0xf5a1, 0x4960,
  0x0000, 0x0000, 0x0000, 0x0000, 0x0000, 0x0000, 0x0020, 0x0020,
  0x0000, 0x6241, 0xfdc1, 0xfda0, 0xfda0, 0xfda0, 0xfda0, 0xfda0,
  0xfdc0, 0xfda0, 0xfda0, 0xf800, 0xf800, 0xf800, 0xf800, 0xf800,
  0xf800, 0xf800, 0xf800, 0xf800, 0xf800, 0xf800, 0xf800, 0xf800,
  0xf800, 0xf800, 0xf800, 0xf800, 0xf800, 0xf800, 0xf800, 0xf800,
  0xf800, 0xf800, 0xf800, 0xf800, 0xf800, 0xf800, 0xf800, 0xf800,
  0xf800, 0xf800, 0xf800, 0xf800, 0xf800, 0xf800, 0xf800, 0xf800,
  0xf800, 0xf800, 0xf800, 0xf800, 0xf800, 0xf800, 0xf800, 0xf800,
  0xf800, 0xf800, 0xf800, 0xf800, 0xf800, 0xf800, 0xf800, 0xf800,
  0xf800, 0xf800, 0xf800, 0xf800, 0xf800, 0xf800, 0xf800, 0xf800,
  0xf800, 0xf800, 0xf800, 0xf800, 0xf800, 0xf800, 0xf800, 0xf800,
  0xf800, 0xf800, 0xf800, 0xf800, 0xf800, 0xf800, 0xf800, 0xf800,
  0xf800, 0xf800, 0xf800, 0xf800, 0xf800, 0xf800, 0xf800, 0xf800,
  0xf800, 0xf800, 0xf800, 0xf800, 0xf800, 0xf800, 0xf800, 0xf800,
  0xf800, 0xf800, 0xf800, 0xf800, 0xf800, 0xf800, 0xf800, 0xf800,
  0xf800, 0xf800, 0xf800, 0xf800, 0xf800, 0xf800, 0xf800, 0xf800,
  0xf800, 0xf800, 0xf800, 0xf800, 0xf800, 0xf800, 0xf800, 0xf800,
  0xf800, 0xf800, 0xf800, 0xf800, 0xf800, 0xfda0, 0xfda0, 0xfda0,
  0xfda0, 0xfda0, 0xfda0, 0xfdc0, 0xfda0, 0xfdc0, 0x6220, 0x0002,
  0x0021, 0x0000, 0x0000, 0x0000, 0x0000, 0x0000, 0x0000, 0x0000,
  0x4181, 0xfdc0, 0xfda1, 0xfda0, 0xfda0, 0xfda0, 0xfda0, 0xfda0,
  0xfda0, 0xfda0, 0xfda0, 0xfda0, 0xfda0, 0xfda0, 0xfda0, 0xfda0,
  0xfda0, 0xfda0, 0xfda0, 0xfda0, 0xfda0, 0xfda0, 0xfda0, 0xfda0,
  0xfda0, 0xfda0, 0xfda0, 0xfda0, 0xfda0, 0xfda0, 0xfdc0, 0xfde0,
  0x9b80, 0x0000, 0x0000, 0x0000, 0x0000, 0x0000, 0x0000, 0x0000,
  0x0000, 0x0000, 0x0000, 0x0000, 0x0000, 0x0000, 0x0000, 0x82e0,
  0xfde0, 0xfdc0, 0xfda0, 0xfda0, 0xfda0, 0xfda0, 0xfda0, 0xfda0,
  0xfda0, 0xfda0, 0xfda0, 0xfda0, 0xfda0, 0xfda0, 0xfda0, 0xfda0,
  0xfda0, 0xfda0, 0xfda0, 0xfda0, 0xfda0, 0xfda0, 0xfda0, 0xfda0,
  0xfda0, 0xfda0, 0xfda0, 0xfda0, 0xfda0, 0xfda0, 0xfdc0, 0xbc61,
  0x0821, 0x0000, 0x0000, 0x0000, 0x0000, 0x0000, 0x0000, 0x0000,
  0x0000, 0x0841, 0xbc21, 0xfde0, 0xfda0, 0xfda0, 0xfda0, 0xfda0,
  0xfda0, 0xfda0, 0xfda0, 0xfd80, 0xf800, 0xf800, 0xf800, 0xf800,
  0xf800, 0xf800, 0xf800, 0xf800, 0xf800, 0xf800, 0xf800, 0xf800,
  0xf800, 0xf800, 0xf800, 0xf800, 0xf800, 0xf800, 0xf800, 0xf800,
  0xf800, 0xf800, 0xf800, 0xf800, 0xf800, 0xf800, 0xf800, 0xf800,
  0xf800, 0xf800, 0xf800, 0xf800, 0xf800, 0xf800, 0xf800, 0xf800,
  0xf800, 0xf800, 0xf800, 0xf800, 0xf800, 0xf800, 0xf800, 0xf800,
  0xf800, 0xf800, 0xf800, 0xf800, 0xf800, 0xf800, 0xf800, 0xf800,
  0xf800, 0xf800, 0xf800, 0xf800, 0xf800, 0xf800, 0xf800, 0xf800,
  0xf800, 0xf800, 0xf800, 0xf800, 0xf800, 0xf800, 0xf800, 0xf800,
  0xf800, 0xf800, 0xf800, 0xf800, 0xf800, 0xf800, 0xf800, 0xf800,
  0xf800, 0xf800, 0xf800, 0xf800, 0xf800, 0xf800, 0xf800, 0xf800,
  0xf800, 0xf800, 0xf800, 0xf800, 0xf800, 0xf800, 0xf800, 0xf800,
  0xf800, 0xf800, 0xf800, 0xf800, 0xf800, 0xf800, 0xf800, 0xf800,
  0xf800, 0xf800, 0xf800, 0xf800, 0xf800, 0xf800, 0xf800, 0xf800,
  0xf800, 0xf800, 0xf800, 0xf800, 0xf800, 0xf800, 0xf800, 0xf800,
  0xf800, 0xf800, 0xf800, 0xf800, 0xfda0, 0xfda0, 0xfda0, 0xfda0,
  0xfda0, 0xfda0, 0xfda0, 0xfdc0, 0xfde0, 0xbc21, 0x0840, 0x0020,
  0x0000, 0x0000, 0x0000, 0x0000, 0x0000, 0x0000, 0x0001, 0x0821,
  0xbc61, 0xfdc1, 0xfdc0, 0xfda0, 0xfda0, 0xfda0, 0xfda0, 0xfda0,
  0xfda0, 0xfda0, 0xfda0, 0xfda0, 0xfda0, 0xfda0, 0xfda0, 0xfda0,
  0xfda0, 0xfda0, 0xfda0, 0xfda0, 0xfda0, 0xfda0, 0xfda0, 0xfda0,
  0xfda0, 0xfda0, 0xfda0, 0xfda0, 0xfda0, 0xfda0, 0xfdc0, 0xfde0,
  0xabc0, 0x0000, 0x0000, 0x0000, 0x0000, 0x0000, 0x0000, 0x0000,
  0x0000, 0x0000, 0x0000, 0x0000, 0x0000, 0x0000, 0x0000, 0x9340,
  0xfde0, 0xfda0, 0xfda0, 0xfda0, 0xfda0, 0xfda0, 0xfda0, 0xfda0,
  0xfda0, 0xfda0, 0xfda0, 0xfda0, 0xfda0, 0xfda0, 0xfda0, 0xfda0,
  0xfda0, 0xfda0, 0xfda0, 0xfda0, 0xfda0, 0xfda0, 0xfda0, 0xfda0,
  0xfda0, 0xfda0, 0xfda0, 0xfda0, 0xfda0, 0xfda0, 0xfda0, 0xfdc0,
  0x6260, 0x0000, 0x0000, 0x0000, 0x0000, 0x0000, 0x0000, 0x0000,
  0x0000, 0x0001, 0x4181, 0xf5a1, 0xfdc0, 0xfda0, 0xfda0, 0xfda0,
  0xfda0, 0xfda0, 0xfda0, 0xfdc0, 0xf800, 0xf800, 0xf800, 0xf800,
  0xf800, 0xf800, 0xf800, 0xf800, 0xf800, 0xf800, 0xf800, 0xf800,
  0xf800, 0xf800, 0xf800, 0xf800, 0xf800, 0xf800, 0xf800, 0xf800,
  0xf800, 0xf800, 0xf800, 0xf800, 0xf800, 0xf800, 0xf800, 0xf800,
  0xf800, 0xf800, 0xf800, 0xf800, 0xf800, 0xf800, 0xf800, 0xf800,
  0xf800, 0xf800, 0xf800, 0xf800, 0xf800, 0xf800, 0xf800, 0xf800,
  0xf800, 0xf800, 0xf800, 0xf800, 0xf800, 0xf800, 0xf800, 0xf800,
  0xf800, 0xf800, 0xf800, 0xf800, 0xf800, 0xf800, 0xf800, 0xf800,
  0xf800, 0xf800, 0xf800, 0xf800, 0xf800, 0xf800, 0xf800, 0xf800,
  0xf800, 0xf800, 0xf800, 0xf800, 0xf800, 0xf800, 0xf800, 0xf800,
  0xf800, 0xf800, 0xf800, 0xf800, 0xf800, 0xf800, 0xf800, 0xf800,
  0xf800, 0xf800, 0xf800, 0xf800, 0xf800, 0xf800, 0xf800, 0xf800,
  0xf800, 0xf800, 0xf800, 0xf800, 0xf800, 0xf800, 0xf800, 0xf800,
  0xf800, 0xf800, 0xf800, 0xf800, 0xf800, 0xf800, 0xf800, 0xf800,
  0xf800, 0xf800, 0xf800, 0xf800, 0xf800, 0xf800, 0xf800, 0xf800,
  0xf800, 0xf800, 0xf800, 0xfda0, 0xfda0, 0xfda0, 0xfda0, 0xfda0,
  0xfda0, 0xfda0, 0xfdc0, 0xfdc0, 0xf5a1, 0x4161, 0x0000, 0x0000,
  0x0000, 0x0000, 0x0000, 0x0000, 0x0000, 0x0020, 0x0001, 0x6a41,
  0xfdc0, 0xfda1, 0xfdc0, 0xfda0, 0xfda0, 0xfda0, 0xfda0, 0xfda0,
  0xfda0, 0xfda0, 0xfda0, 0xfda0, 0xfda0, 0xfda0, 0xfda0, 0xfda0,
  0xfda0, 0xfda0, 0xfda0, 0xfda0, 0xfda0, 0xfda0, 0xfda0, 0xfda0,
  0xfda0, 0xfda0, 0xfda0, 0xfda0, 0xfda0, 0xfda0, 0xfdc0, 0xfdc0,
  0xb420, 0x0000, 0x0000, 0x0000, 0x0000, 0x0000, 0x0000, 0x0000,
  0x0000, 0x0000, 0x0000, 0x0000, 0x0000, 0x0000, 0x0000, 0xa3a1,
  0xfde0, 0xfda0, 0xfda0, 0xfda0, 0xfda0, 0xfda0, 0xfda0, 0xfda0,
  0xfda0, 0xfda0, 0xfda0, 0xfda0, 0xfda0, 0xfda0, 0xfda0, 0xfda0,
  0xfda0, 0xfda0, 0xfda0, 0xfda0, 0xfda0, 0xfda0, 0xfda0, 0xfda0,
  0xfda0, 0xfda0, 0xfda0, 0xfda0, 0xfda0, 0xfda0, 0xfda0, 0xfdc1,
  0xdd01, 0x18a1, 0x0000, 0x0000, 0x0000, 0x0000, 0x0000, 0x0000,
  0x0000, 0x0000, 0x0000, 0x9b80, 0xfde0, 0xfda0, 0xfda0, 0xfda0,
  0xfda0, 0xfda0, 0xfda0, 0xfda0, 0xfda0, 0xf800, 0xf800, 0xf800,
  0xf800, 0xf800, 0xf800, 0xf800, 0xf800, 0xf800, 0xf800, 0xf800,
  0xf800, 0xf800, 0xf800, 0xf800, 0xf800, 0xf800, 0xf800, 0xf800,
  0xf800, 0xf800, 0xf800, 0xf800, 0xf800, 0xf800, 0xf800, 0xf800,
  0xf800, 0xf800, 0xf800, 0xf800, 0xf800, 0xf800, 0xf800, 0xf800,
  0xf800, 0xf800, 0xf800, 0xf800, 0xf800, 0xf800, 0xf800, 0xf800,
  0xf800, 0xf800, 0xf800, 0xf800, 0xf800, 0xf800, 0xf800, 0xf800,
  0xf800, 0xf800, 0xf800, 0xf800, 0xf800, 0xf800, 0xf800, 0xf800,
  0xf800, 0xf800, 0xf800, 0xf800, 0xf800, 0xf800, 0xf800, 0xf800,
  0xf800, 0xf800, 0xf800, 0xf800, 0xf800, 0xf800, 0xf800, 0xf800,
  0xf800, 0xf800, 0xf800, 0xf800, 0xf800, 0xf800, 0xf800, 0xf800,
  0xf800, 0xf800, 0xf800, 0xf800, 0xf800, 0xf800, 0xf800, 0xf800,
  0xf800, 0xf800, 0xf800, 0xf800, 0xf800, 0xf800, 0xf800, 0xf800,
  0xf800, 0xf800, 0xf800, 0xf800, 0xf800, 0xf800, 0xf800, 0xf800,
  0xf800, 0xf800, 0xf800, 0xf800, 0xf800, 0xf800, 0xf800, 0xf800,
  0xf800, 0xf800, 0xf800, 0xfda0, 0xfda0, 0xfda0, 0xfda0, 0xfda0,
  0xfda0, 0xfda0, 0xfdc0, 0xfde1, 0x9ba0, 0x0001, 0x0000, 0x0000,
  0x0000, 0x0000, 0x0000, 0x0000, 0x0000, 0x0001, 0x18a1, 0xd501,
  0xfdc1, 0xfdc0, 0xfda1, 0xfda0, 0xfda0, 0xfda0, 0xfda0, 0xfda0,
  0xfda0, 0xfda0, 0xfda0, 0xfda0, 0xfda0, 0xfda0, 0xfda0, 0xfda0,
  0xfda0, 0xfda0, 0xfda0, 0xfda0, 0xfda0, 0xfda0, 0xfda0, 0xfda0,
  0xfda0, 0xfda0, 0xfda0, 0xfda0, 0xfda0, 0xfda0, 0xfdc0, 0xfdc0,
  0xc460, 0x0000, 0x0000, 0x0000, 0x0000, 0x0000, 0x0000, 0x0000,
  0x0000, 0x0000, 0x0000, 0x0000, 0x0000, 0x0000, 0x0001, 0xabe1,
  0xfde0, 0xfda0, 0xfda0, 0xfda0, 0xfda0, 0xfda0, 0xfda0, 0xfda0,
  0xfda0, 0xfda0, 0xfda0, 0xfda0, 0xfda0, 0xfda0, 0xfda0, 0xfda0,
  0xfda0, 0xfda0, 0xfda0, 0xfda0, 0xfda0, 0xfda0, 0xfda0, 0xfda0,
  0xfda0, 0xfda0, 0xfda0, 0xfda0, 0xfda0, 0xfda0, 0xfda0, 0xfdc0,
  0xfde1, 0x8b40, 0x0001, 0x0000, 0x0000, 0x0020, 0x0000, 0x0000,
  0x0000, 0x0000, 0x0001, 0x20e1, 0xe541, 0xfdc1, 0xfdc0, 0xfda0,
  0xfda0, 0xfda0, 0xfda0, 0xfda1, 0xfda1, 0xfda0, 0xf800, 0xf800,
  0xf800, 0xf800, 0xf800, 0xf800, 0xf800, 0xf800, 0xf800, 0xf800,
  0xf800, 0xf800, 0xf800, 0xf800, 0xf800, 0xf800, 0xf800, 0xf800,
  0xf800, 0xf800, 0xf800, 0xf800, 0xf800, 0xf800, 0xf800, 0xf800,
  0xf800, 0xf800, 0xf800, 0xf800, 0xf800, 0xf800, 0xf800, 0xf800,
  0xf800, 0xf800, 0xf800, 0xf800, 0xf800, 0xf800, 0xf800, 0xf800,
  0xf800, 0xf800, 0xf800, 0xf800, 0xf800, 0xf800, 0xf800, 0xf800,
  0xf800, 0xf800, 0xf800, 0xf800, 0xf800, 0xf800, 0xf800, 0xf800,
  0xf800, 0xf800, 0xf800, 0xf800, 0xf800, 0xf800, 0xf800, 0xf800,
  0xf800, 0xf800, 0xf800, 0xf800, 0xf800, 0xf800, 0xf800, 0xf800,
  0xf800, 0xf800, 0xf800, 0xf800, 0xf800, 0xf800, 0xf800, 0xf800,
  0xf800, 0xf800, 0xf800, 0xf800, 0xf800, 0xf800, 0xf800, 0xf800,
  0xf800, 0xf800, 0xf800, 0xf800, 0xf800, 0xf800, 0xf800, 0xf800,
  0xf800, 0xf800, 0xf800, 0xf800, 0xf800, 0xf800, 0xf800, 0xf800,
  0xf800, 0xf800, 0xf800, 0xf800, 0xf800, 0xf800, 0xf800, 0xf800,
  0xf800, 0xf800, 0xfda0, 0xfda0, 0xfda0, 0xfda0, 0xfda0, 0xfda0,
  0xfda0, 0xfda0, 0xfdc0, 0xe541, 0x28c0, 0x0000, 0x0000, 0x0000,
  0x0000, 0x0000, 0x0000, 0x0000, 0x0000, 0x0000, 0x8320, 0xfde0,
  0xfda0, 0xfda0, 0xfda0, 0xfda0, 0xfda0, 0xfda0, 0xfda0, 0xfda0,
  0xfda0, 0xfda0, 0xfda0, 0xfda0, 0xfda0, 0xfda0, 0xfda0, 0xfda0,
  0xfda0, 0xfda0, 0xfda0, 0xfda0, 0xfda0, 0xfda0, 0xfda0, 0xfda0,
  0xfda0, 0xfda0, 0xfda0, 0xfda0, 0xfda0, 0xfda0, 0xfda0, 0xfdc0,
  0xd480, 0x0020, 0x0000, 0x0000, 0x0000, 0x0000, 0x0000, 0x0000,
  0x0000, 0x0000, 0x0000, 0x0000, 0x0000, 0x0000, 0x0001, 0xbc20,
  0xfe00, 0xfda0, 0xfda0, 0xfda0, 0xfda0, 0xfda0, 0xfda0, 0xfda0,
  0xfda0, 0xfda0, 0xfda0, 0xfda0, 0xfda0, 0xfda0, 0xfda0, 0xfda0,
  0xfda0, 0xfda0, 0xfda0, 0xfda0, 0xfda0, 0xfda0, 0xfda0, 0xfda0,
  0xfda0, 0xfda0, 0xfda0, 0xfda0, 0xfda0, 0xfda0, 0xfda0, 0xfdc0,
  0xfdc0, 0xed61, 0x3101, 0x0000, 0x0000, 0x0000, 0x0000, 0x0000,
  0x0000, 0x0000, 0x0020, 0x0001, 0x7ae1, 0xfde1, 0xfdc0, 0xfda0,
  0xfda0, 0xfda0, 0xfda0, 0xfda0, 0xfda0, 0xfda0, 0xf800, 0xf800,
  0xf800, 0xf800, 0xf800, 0xf800, 0xf800, 0xf800, 0xf800, 0xf800,
  0xf800, 0xf800, 0xf800, 0xf800, 0xf800, 0xf800, 0xf800, 0xf800,
  0xf800, 0xf800, 0xf800, 0xf800, 0xf800, 0xf800, 0xf800, 0xf800,
  0xf800, 0xf800, 0xf800, 0xf800, 0xf800, 0xf800, 0xf800, 0xf800,
  0xf800, 0xf800, 0xf800, 0xf800, 0xf800, 0xf800, 0xf800, 0xf800,
  0xf800, 0xf800, 0xf800, 0xf800, 0xf800, 0xf800, 0xf800, 0xf800,
  0xf800, 0xf800, 0xf800, 0xf800, 0xf800, 0xf800, 0xf800, 0xf800,
  0xf800, 0xf800, 0xf800, 0xf800, 0xf800, 0xf800, 0xf800, 0xf800,
  0xf800, 0xf800, 0xf800, 0xf800, 0xf800, 0xf800, 0xf800, 0xf800,
  0xf800, 0xf800, 0xf800, 0xf800, 0xf800, 0xf800, 0xf800, 0xf800,
  0xf800, 0xf800, 0xf800, 0xf800, 0xf800, 0xf800, 0xf800, 0xf800,
  0xf800, 0xf800, 0xf800, 0xf800, 0xf800, 0xf800, 0xf800, 0xf800,
  0xf800, 0xf800, 0xf800, 0xf800, 0xf800, 0xf800, 0xf800, 0xf800,
  0xf800, 0xf800, 0xf800, 0xf800, 0xf800, 0xf800, 0xf800, 0xf800,
  0xf800, 0xf800, 0xfda1, 0xfda0, 0xfda0, 0xfda0, 0xfda0, 0xfda0,
  0xfda0, 0xfda0, 0xfdc1, 0x72e0, 0x0000, 0x0000, 0x0000, 0x0000,
  0x0000, 0x0000, 0x0000, 0x0000, 0x0001, 0x3121, 0xed61, 0xfdc0,
  0xfda0, 0xfda0, 0xfda0, 0xfda0, 0xfda0, 0xfda0, 0xfda0, 0xfda0,
  0xfda0, 0xfda0, 0xfda0, 0xfda0, 0xfda0, 0xfda0, 0xfda0, 0xfda0,
  0xfda0, 0xfda0, 0xfda0, 0xfda0, 0xfda0, 0xfda0, 0xfda0, 0xfda0,
  0xfda0, 0xfda0, 0xfda0, 0xfda0, 0xfda0, 0xfda0, 0xfdc0, 0xfdc0,
  0xd4c0, 0x1060, 0x0000, 0x0000, 0x0000, 0x0000, 0x0000, 0x0000,
  0x0000, 0x0000, 0x0000, 0x0000, 0x0000, 0x0000, 0x0020, 0xc460,
  0xfde0, 0xfda0, 0xfda0, 0xfda0, 0xfda0, 0xfda0, 0xfda0, 0xfda0,
  0xfda0, 0xfda0, 0xfda0, 0xfda0, 0xfda0, 0xfda0, 0xfda0, 0xfda0,
  0xfda0, 0xfda0, 0xfda0, 0xfda0, 0xfda0, 0xfda0, 0xfda0, 0xfda0,
  0xfda0, 0xfda0, 0xfda0, 0xfda0, 0xfda0, 0xfda0, 0xfda0, 0xfdc0,
  0xfdc1, 0xfde0, 0xabc1, 0x0800, 0x0020, 0x0000, 0x0000, 0x0000,
  0x0000, 0x0000, 0x0000, 0x0001, 0x1041, 0xd4c1, 0xfdc1, 0xfdc0,
  0xfda0, 0xfda0, 0xfda0, 0xfda0, 0xfda0, 0xfda0, 0xfda0, 0xf800,
  0xf800, 0xf800, 0xf800, 0xf800, 0xf800, 0xf800, 0xf800, 0xf800,
  0xf800, 0xf800, 0xf800, 0xf800, 0xf800, 0xf800, 0xf800, 0xf800,
  0xf800, 0xf800, 0xf800, 0xf800, 0xf800, 0xf800, 0xf800, 0xf800,
  0xf800, 0xf800, 0xf800, 0xf800, 0xf800, 0xf800, 0xf800, 0xf800,
  0xf800, 0xf800, 0xf800, 0xf800, 0xf800, 0xf800, 0xf800, 0xf800,
  0xf800, 0xf800, 0xf800, 0xf800, 0xf800, 0xf800, 0xf800, 0xf800,
  0xf800, 0xf800, 0xf800, 0xf800, 0xf800, 0xf800, 0xf800, 0xf800,
  0xf800, 0xf800, 0xf800, 0xf800, 0xf800, 0xf800, 0xf800, 0xf800,
  0xf800, 0xf800, 0xf800, 0xf800, 0xf800, 0xf800, 0xf800, 0xf800,
  0xf800, 0xf800, 0xf800, 0xf800, 0xf800, 0xf800, 0xf800, 0xf800,
  0xf800, 0xf800, 0xf800, 0xf800, 0xf800, 0xf800, 0xf800, 0xf800,
  0xf800, 0xf800, 0xf800, 0xf800, 0xf800, 0xf800, 0xf800, 0xf800,
  0xf800, 0xf800, 0xf800, 0xf800, 0xf800, 0xf800, 0xf800, 0xf800,
  0xf800, 0xf800, 0xf800, 0xf800, 0xf800, 0xf800, 0xf800, 0xf800,
  0xf800, 0xfd80, 0xfdc0, 0xfda0, 0xfda0, 0xfda0, 0xfda0, 0xfda0,
  0xfda0, 0xfdc0, 0xd4c1, 0x1041, 0x0000, 0x0000, 0x0000, 0x0000,
  0x0000, 0x0000, 0x0000, 0x0000, 0x0020, 0xabc2, 0xfe00, 0xfda0,
  0xfda0, 0xfda0, 0xfda0, 0xfda0, 0xfda0, 0xfda0, 0xfda0, 0xfda0,
  0xfda0, 0xfda0, 0xfda0, 0xfda0, 0xfda0, 0xfda0, 0xfda0, 0xfda0,
  0xfda0, 0xfda0, 0xfda0, 0xfda0, 0xfda0, 0xfda0, 0xfda0, 0xfda0,
  0xfda0, 0xfda0, 0xfda0, 0xfda0, 0xfda0, 0xfda0, 0xfdc0, 0xfdc0,
  0xdd00, 0x1880, 0x0000, 0x0020, 0x0000, 0x0000, 0x0000, 0x0000,
  0x0000, 0x0000, 0x0000, 0x0000, 0x0000, 0x0000, 0x0840, 0xcca0,
  0xfde0, 0xfda0, 0xfda0, 0xfda0, 0xfda0, 0xfda0, 0xfda0, 0xfda0,
  0xfda0, 0xfda0, 0xfda0, 0xfda0, 0xfda0, 0xfda0, 0xfda0, 0xfda0,
  0xfda0, 0xfda0, 0xfda0, 0xfda0, 0xfda0, 0xfda0, 0xfda0, 0xfda0,
  0xfda0, 0xfda0, 0xfda0, 0xfda0, 0xfda0, 0xfda0, 0xfda0, 0xfda0,
  0xfdc0, 0xfdc0, 0xfda0, 0x51c0, 0x0002, 0x0000, 0x0000, 0x0000,
  0x0000, 0x0000, 0x0000, 0x0000, 0x0000, 0x59e2, 0xfde0, 0xfda1,
  0xfda0, 0xfda0, 0xfda0, 0xfda0, 0xfda0, 0xfda0, 0xfdc0, 0xf800,
  0xf800, 0xf800, 0xf800, 0xf800, 0xf800, 0xf800, 0xf800, 0xf800,
  0xf800, 0xf800, 0xf800, 0xf800, 0xf800, 0xf800, 0xf800, 0xf800,
  0xf800, 0xf800, 0xf800, 0xf800, 0xf800, 0xf800, 0xf800, 0xf800,
  0xf800, 0xf800, 0xf800, 0xf800, 0xf800, 0xf800, 0xf800, 0xf800,
  0xf800, 0xf800, 0xf800, 0xf800, 0xf800, 0xf800, 0xf800, 0xf800,
  0xf800, 0xf800, 0xf800, 0xf800, 0xf800, 0xf800, 0xf800, 0xf800,
  0xf800, 0xf800, 0xf800, 0xf800, 0xf800, 0xf800, 0xf800, 0xf800,
  0xf800, 0xf800, 0xf800, 0xf800, 0xf800, 0xf800, 0xf800, 0xf800,
  0xf800, 0xf800, 0xf800, 0xf800, 0xf800, 0xf800, 0xf800, 0xf800,
  0xf800, 0xf800, 0xf800, 0xf800, 0xf800, 0xf800, 0xf800, 0xf800,
  0xf800, 0xf800, 0xf800, 0xf800, 0xf800, 0xf800, 0xf800, 0xf800,
  0xf800, 0xf800, 0xf800, 0xf800, 0xf800, 0xf800, 0xf800, 0xf800,
  0xf800, 0xf800, 0xf800, 0xf800, 0xf800, 0xf800, 0xf800, 0xf800,
  0xf800, 0xf800, 0xf800, 0xf800, 0xf800, 0xf800, 0xf800, 0xf800,
  0xf800, 0xfda0, 0xfda0, 0xfda0, 0xfda0, 0xfda0, 0xfda0, 0xfdc0,
  0xfda0, 0xfdc0, 0x51e1, 0x0000, 0x0000, 0x0000, 0x0000, 0x0000,
  0x0000, 0x0000, 0x0020, 0x0000, 0x51c1, 0xf5a1, 0xfda0, 0xfda0,
  0xfda0, 0xfda0, 0xfda0, 0xfda0, 0xfda0, 0xfda0, 0xfda0, 0xfda0,
  0xfda0, 0xfda0, 0xfda0, 0xfda0, 0xfda0, 0xfda0, 0xfda0, 0xfda0,
  0xfda0, 0xfda0, 0xfda0, 0xfda0, 0xfda0, 0xfda0, 0xfda0, 0xfda0,
  0xfda0, 0xfda0, 0xfda0, 0xfda0, 0xfda0, 0xfda0, 0xfda0, 0xfdc0,
  0xed40, 0x18c1, 0x0000, 0x0020, 0x0000, 0x0000, 0x0000, 0x0000,
  0x0000, 0x0000, 0x0000, 0x0000, 0x0000, 0x0000, 0x1060, 0xd4e0,
  0xfde0, 0xfdc0, 0xfda0, 0xfda0, 0xfda0, 0xfda0, 0xfda0, 0xfda0,
  0xfda0, 0xfda0, 0xfda0, 0xfda0, 0xfda0, 0xfda0, 0xfda0, 0xfda0,
  0xfda0, 0xfda0, 0xfda0, 0xfda0, 0xfda0, 0xfda0, 0xfda0, 0xfda0,
  0xfda0, 0xfda0, 0xfda0, 0xfda0, 0xfda0, 0xfda0, 0xfda0, 0xfda0,
  0xfda0, 0xfda0, 0xfdc0, 0xc4a0, 0x1041, 0x0000, 0x0000, 0x0000,
  0x0000, 0x0000, 0x0000, 0x0000, 0x0000, 0x0020, 0xb400, 0xfde1,
  0xfda0, 0xfda0, 0xfda0, 0xfda0, 0xfda0, 0xfda0, 0xfdc0, 0xfda0,
  0xf800, 0xf800, 0xf800, 0xf800, 0xf800, 0xf800, 0xf800, 0xf800,
  0xf800, 0xf800, 0xf800, 0xf800, 0xf800, 0xf800, 0xf800, 0xf800,
  0xf800, 0xf800, 0xf800, 0xf800, 0xf800, 0xf800, 0xf800, 0xf800,
  0xf800, 0xf800, 0xf800, 0xf800, 0xf800, 0xf800, 0xf800, 0xf800,
  0xf800, 0xf800, 0xf800, 0xf800, 0xf800, 0xf800, 0xf800, 0xf800,
  0xf800, 0xf800, 0xf800, 0xf800, 0xf800, 0xf800, 0xf800, 0xf800,
  0xf800, 0xf800, 0xf800, 0xf800, 0xf800, 0xf800, 0xf800, 0xf800,
  0xf800, 0xf800, 0xf800, 0xf800, 0xf800, 0xf800, 0xf800, 0xf800,
  0xf800, 0xf800, 0xf800, 0xf800, 0xf800, 0xf800, 0xf800, 0xf800,
  0xf800, 0xf800, 0xf800, 0xf800, 0xf800, 0xf800, 0xf800, 0xf800,
  0xf800, 0xf800, 0xf800, 0xf800, 0xf800, 0xf800, 0xf800, 0xf800,
  0xf800, 0xf800, 0xf800, 0xf800, 0xf800, 0xf800, 0xf800, 0xf800,
  0xf800, 0xf800, 0xf800, 0xf800, 0xf800, 0xf800, 0xf800, 0xf800,
  0xf800, 0xf800, 0xf800, 0xf800, 0xf800, 0xf800, 0xf800, 0xf800,
  0xfda0, 0xfda0, 0xfda0, 0xfda0, 0xfda0, 0xfda0, 0xfdc0, 0xfdc0,
  0xfdc1, 0xac20, 0x0800, 0x0000, 0x0000, 0x0000, 0x0000, 0x0000,
  0x0000, 0x0000, 0x0001, 0x1040, 0xc481, 0xfde0, 0xfda0, 0xfda0,
  0xfda0, 0xfda0, 0xfda0, 0xfda0, 0xfda0, 0xfda0, 0xfda0, 0xfda0,
  0xfda0, 0xfda0, 0xfda0, 0xfda0, 0xfda0, 0xfda0, 0xfda0, 0xfda0,
  0xfda0, 0xfda0, 0xfda0, 0xfda0, 0xfda0, 0xfda0, 0xfda0, 0xfda0,
  0xfda0, 0xfda0, 0xfda0, 0xfda0, 0xfda0, 0xfda0, 0xfda0, 0xfdc0,
  0xed60, 0x20e0, 0x0000, 0x0020, 0x0000, 0x0000, 0x0000, 0x0000,
  0x0000, 0x0000, 0x0000, 0x0000, 0x0000, 0x0000, 0x1880, 0xdd20,
  0xfdc0, 0xfda0, 0xfda0, 0xfda0, 0xfda0, 0xfda0, 0xfda0, 0xfda0,
  0xfda0, 0xfda0, 0xfda0, 0xfda0, 0xfda0, 0xfda0, 0xfda0, 0xfda0,
  0xfda0, 0xfda0, 0xfda0, 0xfda0, 0xfda0, 0xfda0, 0xfda0, 0xfda0,
  0xfda0, 0xfda0, 0xfda0, 0xfda0, 0xfda0, 0xfda0, 0xfda0, 0xfda0,
  0xfda0, 0xfda0, 0xfda0, 0xfdc0, 0x6aa1, 0x0001, 0x0000, 0x0000,
  0x0000, 0x0000, 0x0000, 0x0000, 0x0000, 0x0000, 0x3921, 0xf581,
  0xfdc0, 0xfda0, 0xfda0, 0xfda0, 0xfda0, 0xfda0, 0xfdc0, 0xfda0,
  0xfd80, 0xf800, 0xf800, 0xf800, 0xf800, 0xf800, 0xf800, 0xf800,
  0xf800, 0xf800, 0xf800, 0xf800, 0xf800, 0xf800, 0xf800, 0xf800,
  0xf800, 0xf800, 0xf800, 0xf800, 0xf800, 0xf800, 0xf800, 0xf800,
  0xf800, 0xf800, 0xf800, 0xf800, 0xf800, 0xf800, 0xf800, 0xf800,
  0xf800, 0xf800, 0xf800, 0xf800, 0xf800, 0xf800, 0xf800, 0xf800,
  0xf800, 0xf800, 0xf800, 0xf800, 0xf800, 0xf800, 0xf800, 0xf800,
  0xf800, 0xf800, 0xf800, 0xf800, 0xf800, 0xf800, 0xf800, 0xf800,
  0xf800, 0xf800, 0xf800, 0xf800, 0xf800, 0xf800, 0xf800, 0xf800,
  0xf800, 0xf800, 0xf800, 0xf800, 0xf800, 0xf800, 0xf800, 0xf800,
  0xf800, 0xf800, 0xf800, 0xf800, 0xf800, 0xf800, 0xf800, 0xf800,
  0xf800, 0xf800, 0xf800, 0xf800, 0xf800, 0xf800, 0xf800, 0xf800,
  0xf800, 0xf800, 0xf800, 0xf800, 0xf800, 0xf800, 0xf800, 0xf800,
  0xf800, 0xf800, 0xf800, 0xf800, 0xf800, 0xf800, 0xf800, 0xf800,
  0xf800, 0xf800, 0xf800, 0xf800, 0xf800, 0xf800, 0xf800, 0xfda0,
  0xfda0, 0xfda0, 0xfda0, 0xfda0, 0xfda0, 0xfda0, 0xfda0, 0xfdc0,
  0xed80, 0x3941, 0x0000, 0x0000, 0x0000, 0x0000, 0x0000, 0x0000,
  0x0000, 0x0000, 0x0000, 0x7261, 0xfdc0, 0xfda0, 0xfdc0, 0xfda0,
  0xfda0, 0xfda0, 0xfda0, 0xfda0, 0xfda0, 0xfda0, 0xfda0, 0xfda0,
  0xfda0, 0xfda0, 0xfda0, 0xfda0, 0xfda0, 0xfda0, 0xfda0, 0xfda0,
  0xfda0, 0xfda0, 0xfda0, 0xfda0, 0xfda0, 0xfda0, 0xfda0, 0xfda0,
  0xfda0, 0xfda0, 0xfda0, 0xfda0, 0xfda0, 0xfda0, 0xfda0, 0xfdc0,
  0xf580, 0x3100, 0x0000, 0x0020, 0x0000, 0x0000, 0x0000, 0x0000,
  0x0000, 0x0000, 0x0000, 0x0000, 0x0000, 0x0000, 0x18a0, 0xe541,
  0xfdc0, 0xfda0, 0xfda0, 0xfda0, 0xfda0, 0xfda0, 0xfda0, 0xfda0,
  0xfda0, 0xfda0, 0xfda0, 0xfda0, 0xfda0, 0xfda0, 0xfda0, 0xfda0,
  0xfda0, 0xfda0, 0xfda0, 0xfda0, 0xfda0, 0xfda0, 0xfda0, 0xfda0,
  0xfda0, 0xfda0, 0xfda0, 0xfda0, 0xfda0, 0xfda0, 0xfda0, 0xfda0,
  0xfda0, 0xfda0, 0xfda0, 0xfdc1, 0xdd01, 0x20a1, 0x0000, 0x0000,
  0x0000, 0x0000, 0x0000, 0x0000, 0x0000, 0x0020, 0x0001, 0x9341,
  0xfde0, 0xfda0, 0xfda0, 0xfda0, 0xfda0, 0xfda0, 0xfda0, 0xfdc0,
  0xfda0, 0xf800, 0xf800, 0xf800, 0xf800, 0xf800, 0xf800, 0xf800,
  0xf800, 0xf800, 0xf800, 0xf800, 0xf800, 0xf800, 0xf800, 0xf800,
  0xf800, 0xf800, 0xf800, 0xf800, 0xf800, 0xf800, 0xf800, 0xf800,
  0xf800, 0xf800, 0xf800, 0xf800, 0xf800, 0xf800, 0xf800, 0xf800,
  0xf800, 0xf800, 0xf800, 0xf800, 0xf800, 0xf800, 0xf800, 0xf800,
  0xf800, 0xf800, 0xf800, 0xf800, 0xf800, 0xf800, 0xf800, 0xf800,
  0xf800, 0xf800, 0xf800, 0xf800, 0xf800, 0xf800, 0xf800, 0xf800,
  0xf800, 0xf800, 0xf800, 0xf800, 0xf800, 0xf800, 0xf800, 0xf800,
  0xf800, 0xf800, 0xf800, 0xf800, 0xf800, 0xf800, 0xf800, 0xf800,
  0xf800, 0xf800, 0xf800, 0xf800, 0xf800, 0xf800, 0xf800, 0xf800,
  0xf800, 0xf800, 0xf800, 0xf800, 0xf800, 0xf800, 0xf800, 0xf800,
  0xf800, 0xf800, 0xf800, 0xf800, 0xf800, 0xf800, 0xf800, 0xf800,
  0xf800, 0xf800, 0xf800, 0xf800, 0xf800, 0xf800, 0xf800, 0xf800,
  0xf800, 0xf800, 0xf800, 0xf800, 0xf800, 0xf800, 0xf800, 0xfda0,
  0xfda0, 0xfda0, 0xfda0, 0xfda0, 0xfda0, 0xfda0, 0xfda0, 0xfde1,
  0x9b61, 0x0001, 0x0000, 0x0000, 0x0000, 0x0000, 0x0000, 0x0000,
  0x0000, 0x0000, 0x20c0, 0xdd01, 0xfdc0, 0xfda0, 0xfdc0, 0xfda0,
  0xfda0, 0xfda0, 0xfda0, 0xfda0, 0xfda0, 0xfda0, 0xfda0, 0xfda0,
  0xfda0, 0xfda0, 0xfda0, 0xfda0, 0xfda0, 0xfda0, 0xfda0, 0xfda0,
  0xfda0, 0xfda0, 0xfda0, 0xfda0, 0xfda0, 0xfda0, 0xfda0, 0xfda0,
  0xfda0, 0xfda0, 0xfda0, 0xfda0, 0xfda0, 0xfda0, 0xfda0, 0xfdc0,
  0xfda0, 0x3940, 0x0000, 0x0000, 0x0000, 0x0000, 0x0000, 0x0000,
  0x0000, 0x0000, 0x0000, 0x0000, 0x0000, 0x0000, 0x20c0, 0xed60,
  0xfdc0, 0xfda0, 0xfda0, 0xfda0, 0xfda0, 0xfda0, 0xfda0, 0xfda0,
  0xfda0, 0xfda0, 0xfda0, 0xfda0, 0xfda0, 0xfda0, 0xfda0, 0xfda0,
  0xfda0, 0xfda0, 0xfda0, 0xfda0, 0xfda0, 0xfda0, 0xfda0, 0xfda0,
  0xfda0, 0xfda0, 0xfda0, 0xfda0, 0xfda0, 0xfda0, 0xfda0, 0xfda0,
  0xfda0, 0xfda0, 0xfdc0, 0xfda0, 0xfde0, 0x9341, 0x0001, 0x0020,
  0x0000, 0x0000, 0x0000, 0x0000, 0x0000, 0x0000, 0x0000, 0x18a0,
  0xdd20, 0xfde0, 0xfda0, 0xfda0, 0xfda0, 0xfda0, 0xfda0, 0xfdc0,
  0xfda0, 0xfda0, 0xf800, 0xf800, 0xf800, 0xf800, 0xf800, 0xf800,
  0xf800, 0xf800, 0xf800, 0xf800, 0xf800, 0xf800, 0xf800, 0xf800,
  0xf800, 0xf800, 0xf800, 0xf800, 0xf800, 0xf800, 0xf800, 0xf800,
  0xf800, 0xf800, 0xf800, 0xf800, 0xf800, 0xf800, 0xf800, 0xf800,
  0xf800, 0xf800, 0xf800, 0xf800, 0xf800, 0xf800, 0xf800, 0xf800,
  0xf800, 0xf800, 0xf800, 0xf800, 0xf800, 0xf800, 0xf800, 0xf800,
  0xf800, 0xf800, 0xf800, 0xf800, 0xf800, 0xf800, 0xf800, 0xf800,
  0xf800, 0xf800, 0xf800, 0xf800, 0xf800, 0xf800, 0xf800, 0xf800,
  0xf800, 0xf800, 0xf800, 0xf800, 0xf800, 0xf800, 0xf800, 0xf800,
  0xf800, 0xf800, 0xf800, 0xf800, 0xf800, 0xf800, 0xf800, 0xf800,
  0xf800, 0xf800, 0xf800, 0xf800, 0xf800, 0xf800, 0xf800, 0xf800,
  0xf800, 0xf800, 0xf800, 0xf800, 0xf800, 0xf800, 0xf800, 0xf800,
  0xf800, 0xf800, 0xf800, 0xf800, 0xf800, 0xf800, 0xf800, 0xf800,
  0xf800, 0xf800, 0xf800, 0xf800, 0xf800, 0xf800, 0xfd80, 0xfda0,
  0xfdc0, 0xfda0, 0xfda0, 0xfda0, 0xfda0, 0xfda0, 0xfdc0, 0xe520,
  0x20a1, 0x0020, 0x0001, 0x0000, 0x0000, 0x0000, 0x0000, 0x0000,
  0x0000, 0x0000, 0x9340, 0xfde1, 0xfdc0, 0xfda0, 0xfda0, 0xfda0,
  0xfda0, 0xfda0, 0xfda0, 0xfda0, 0xfda0, 0xfda0, 0xfda0, 0xfda0,
  0xfda0, 0xfda0, 0xfda0, 0xfda0, 0xfda0, 0xfda0, 0xfda0, 0xfda0,
  0xfda0, 0xfda0, 0xfda0, 0xfda0, 0xfda0, 0xfda0, 0xfda0, 0xfda0,
  0xfda0, 0xfda0, 0xfda0, 0xfda0, 0xfda0, 0xfda0, 0xfda0, 0xfdc0,
  0xfda0, 0x4160, 0x0000, 0x0000, 0x0000, 0x0000, 0x0000, 0x0000,
  0x0000, 0x0000, 0x0000, 0x0000, 0x0000, 0x0000, 0x28e0, 0xf580,
  0xfdc0, 0xfda0, 0xfda0, 0xfda0, 0xfda0, 0xfda0, 0xfda0, 0xfda0,
  0xfda0, 0xfda0, 0xfda0, 0xfda0, 0xfda0, 0xfda0, 0xfda0, 0xfda0,
  0xfda0, 0xfda0, 0xfda0, 0xfda0, 0xfda0, 0xfda0, 0xfda0, 0xfda0,
  0xfda0, 0xfda0, 0xfda0, 0xfda0, 0xfda0, 0xfda0, 0xfda0, 0xfda0,
  0xfda0, 0xfda0, 0xfda0, 0xfda1, 0xfda0, 0xf561, 0x3941, 0x0001,
  0x0000, 0x0000, 0x0000, 0x0000, 0x0000, 0x0000, 0x0000, 0x0000,
  0x6a81, 0xfde0, 0xfda0, 0xfda0, 0xfda0, 0xfda0, 0xfda0, 0xfda0,
  0xfda0, 0xfda0, 0xf800, 0xf800, 0xf800, 0xf800, 0xf800, 0xf800,
  0xf800, 0xf800, 0xf800, 0xf800, 0xf800, 0xf800, 0xf800, 0xf800,
  0xf800, 0xf800, 0xf800, 0xf800, 0xf800, 0xf800, 0xf800, 0xf800,
  0xf800, 0xf800, 0xf800, 0xf800, 0xf800, 0xf800, 0xf800, 0xf800,
  0xf800, 0xf800, 0xf800, 0xf800, 0xf800, 0xf800, 0xf800, 0xf800,
  0xf800, 0xf800, 0xf800, 0xf800, 0xf800, 0xf800, 0xf800, 0xf800,
  0xf800, 0xf800, 0xf800, 0xf800, 0xf800, 0xf800, 0xf800, 0xf800,
  0xf800, 0xf800, 0xf800, 0xf800, 0xf800, 0xf800, 0xf800, 0xf800,
  0xf800, 0xf800, 0xf800, 0xf800, 0xf800, 0xf800, 0xf800, 0xf800,
  0xf800, 0xf800, 0xf800, 0xf800, 0xf800, 0xf800, 0xf800, 0xf800,
  0xf800, 0xf800, 0xf800, 0xf800, 0xf800, 0xf800, 0xf800, 0xf800,
  0xf800, 0xf800, 0xf800, 0xf800, 0xf800, 0xf800, 0xf800, 0xf800,
  0xf800, 0xf800, 0xf800, 0xf800, 0xf800, 0xf800, 0xf800, 0xf800,
  0xf800, 0xf800, 0xf800, 0xf800, 0xf800, 0xf800, 0xfda0, 0xfdc0,
  0xfda0, 0xfda0, 0xfda0, 0xfdc0, 0xfda0, 0xfda0, 0xfde0, 0x7281,
  0x0001, 0x0021, 0x0000, 0x0000, 0x0000, 0x0000, 0x0000, 0x0000,
  0x0000, 0x3920, 0xf581, 0xfdc1, 0xfda0, 0xfda0, 0xfda0, 0xfda0,
  0xfda0, 0xfda0, 0xfda0, 0xfda0, 0xfda0, 0xfda0, 0xfda0, 0xfda0,
  0xfda0, 0xfda0, 0xfda0, 0xfda0, 0xfda0, 0xfda0, 0xfda0, 0xfda0,
  0xfda0, 0xfda0, 0xfda0, 0xfda0, 0xfda0, 0xfda0, 0xfda0, 0xfda0,
  0xfda0, 0xfda0, 0xfda0, 0xfda0, 0xfda0, 0xfda0, 0xfda0, 0xfda0,
  0xfdc0, 0x49a0, 0x0001, 0x0000, 0x0000, 0x0000, 0x0000, 0x0000,
  0x0000, 0x0000, 0x0000, 0x0000, 0x0000, 0x0000, 0x3121, 0xfda0,
  0xfdc0, 0xfda0, 0xfda0, 0xfda0, 0xfda0, 0xfda0, 0xfda0, 0xfda0,
  0xfda0, 0xfda0, 0xfda0, 0xfda0, 0xfda0, 0xfda0, 0xfda0, 0xfda0,
  0xfda0, 0xfda0, 0xfda0, 0xfda0, 0xfda0, 0xfda0, 0xfda0, 0xfda0,
  0xfda0, 0xfda0, 0xfda0, 0xfda0, 0xfda0, 0xfda0, 0xfda0, 0xfda0,
  0xfda0, 0xfda0, 0xfda0, 0xfda0, 0xfda0, 0xfde0, 0xb400, 0x0820,
  0x0000, 0x0000, 0x0000, 0x0000, 0x0000, 0x0000, 0x0000, 0x0000,
  0x0861, 0xc4a1, 0xfdc1, 0xfdc0, 0xfda0, 0xfda0, 0xfda0, 0xfda0,
  0xfda0, 0xfda0, 0xfda0, 0xf800, 0xf800, 0xf800, 0xf800, 0xf800,
  0xf800, 0xf800, 0xf800, 0xf800, 0xf800, 0xf800, 0xf800, 0xf800,
  0xf800, 0xf800, 0xf800, 0xf800, 0xf800, 0xf800, 0xf800, 0xf800,
  0xf800, 0xf800, 0xf800, 0xf800, 0xf800, 0xf800, 0xf800, 0xf800,
  0xf800, 0xf800, 0xf800, 0xf800, 0xf800, 0xf800, 0xf800, 0xf800,
  0xf800, 0xf800, 0xf800, 0xf800, 0xf800, 0xf800, 0xf800, 0xf800,
  0xf800, 0xf800, 0xf800, 0xf800, 0xf800, 0xf800, 0xf800, 0xf800,
  0xf800, 0xf800, 0xf800, 0xf800, 0xf800, 0xf800, 0xf800, 0xf800,
  0xf800, 0xf800, 0xf800, 0xf800, 0xf800, 0xf800, 0xf800, 0xf800,
  0xf800, 0xf800, 0xf800, 0xf800, 0xf800, 0xf800, 0xf800, 0xf800,
  0xf800, 0xf800, 0xf800, 0xf800, 0xf800, 0xf800, 0xf800, 0xf800,
  0xf800, 0xf800, 0xf800, 0xf800, 0xf800, 0xf800, 0xf800, 0xf800,
  0xf800, 0xf800, 0xf800, 0xf800, 0xf800, 0xf800, 0xf800, 0xf800,
  0xf800, 0xf800, 0xf800, 0xf800, 0xf800, 0xfda0, 0xfda0, 0xfdc0,
  0xfda0, 0xfda0, 0xfda0, 0xfda0, 0xfda0, 0xfde0, 0xcc80, 0x0840,
  0x0000, 0x0000, 0x0000, 0x0000, 0x0000, 0x0000, 0x0001, 0x0000,
  0x0820, 0xb3e1, 0xfde0, 0xfdc0, 0xfda0, 0xfda0, 0xfda0, 0xfda0,
  0xfda0, 0xfda0, 0xfda0, 0xfda0, 0xfda0, 0xfda0, 0xfda0, 0xfda0,
  0xfda0, 0xfda0, 0xfda0, 0xfda0, 0xfda0, 0xfda0, 0xfda0, 0xfda0,
  0xfda0, 0xfda0, 0xfda0, 0xfda0, 0xfda0, 0xfda0, 0xfda0, 0xfda0,
  0xfda0, 0xfda0, 0xfda0, 0xfda0, 0xfda0, 0xfda0, 0xfda0, 0xfda0,
  0xfdc0, 0x51c0, 0x0001, 0x0000, 0x0000, 0x0000, 0x0000, 0x0000,
  0x0000, 0x0000, 0x0000, 0x0000, 0x0000, 0x0000, 0x3961, 0xfda0,
  0xfdc0, 0xfda0, 0xfda0, 0xfda0, 0xfda0, 0xfda0, 0xfda0, 0xfda0,
  0xfda0, 0xfda0, 0xfda0, 0xfda0, 0xfda0, 0xfda0, 0xfda0, 0xfda0,
  0xfda0, 0xfda0, 0xfda0, 0xfda0, 0xfda0, 0xfda0, 0xfda0, 0xfda0,
  0xfda0, 0xfda0, 0xfda0, 0xfda0, 0xfda0, 0xfda0, 0xfda0, 0xfda0,
  0xfda0, 0xfda0, 0xfda0, 0xfdc0, 0xfdc0, 0xfda1, 0xfdc0, 0x5201,
  0x0001, 0x0000, 0x0000, 0x0000, 0x0000, 0x0000, 0x0000, 0x0000,
  0x0001, 0x51c1, 0xf5c1, 0xfdc1, 0xfdc0, 0xfda0, 0xfda0, 0xfda0,
  0xfda0, 0xfdc0, 0xfdc0, 0xf800, 0xf800, 0xf800, 0xf800, 0xf800,
  0xf800, 0xf800, 0xf800, 0xf800, 0xf800, 0xf800, 0xf800, 0xf800,
  0xf800, 0xf800, 0xf800, 0xf800, 0xf800, 0xf800, 0xf800, 0xf800,
  0xf800, 0xf800, 0xf800, 0xf800, 0xf800, 0xf800, 0xf800, 0xf800,
  0xf800, 0xf800, 0xf800, 0xf800, 0xf800, 0xf800, 0xf800, 0xf800,
  0xf800, 0xf800, 0xf800, 0xf800, 0xf800, 0xf800, 0xf800, 0xf800,
  0xf800, 0xf800, 0xf800, 0xf800, 0xf800, 0xf800, 0xf800, 0xf800,
  0xf800, 0xf800, 0xf800, 0xf800, 0xf800, 0xf800, 0xf800, 0xf800,
  0xf800, 0xf800, 0xf800, 0xf800, 0xf800, 0xf800, 0xf800, 0xf800,
  0xf800, 0xf800, 0xf800, 0xf800, 0xf800, 0xf800, 0xf800, 0xf800,
  0xf800, 0xf800, 0xf800, 0xf800, 0xf800, 0xf800, 0xf800, 0xf800,
  0xf800, 0xf800, 0xf800, 0xf800, 0xf800, 0xf800, 0xf800, 0xf800,
  0xf800, 0xf800, 0xf800, 0xf800, 0xf800, 0xf800, 0xf800, 0xf800,
  0xf800, 0xf800, 0xf800, 0xf800, 0xf800, 0xfdc0, 0xfda0, 0xfda0,
  0xfda0, 0xfda0, 0xfda0, 0xfdc0, 0xfda1, 0xfdc1, 0x49c1, 0x0000,
  0x0000, 0x0000, 0x0000, 0x0000, 0x0000, 0x0000, 0x0021, 0x0001,
  0x51e0, 0xfda1, 0xfdc0, 0xfdc0, 0xfda0, 0xfda0, 0xfda0, 0xfda0,
  0xfda0, 0xfda0, 0xfda0, 0xfda0, 0xfda0, 0xfda0, 0xfda0, 0xfda0,
  0xfda0, 0xfda0, 0xfda0, 0xfda0, 0xfda0, 0xfda0, 0xfda0, 0xfda0,
  0xfda0, 0xfda0, 0xfda0, 0xfda0, 0xfda0, 0xfda0, 0xfda0, 0xfda0,
  0xfda0, 0xfda0, 0xfda0, 0xfda0, 0xfda0, 0xfda0, 0xfda0, 0xfda0,
  0xfde0, 0x6200, 0x0000, 0x0000, 0x0000, 0x0000, 0x0000, 0x0000,
  0x0000, 0x0000, 0x0000, 0x0000, 0x0000, 0x0000, 0x41a0, 0xfda0,
  0xfdc0, 0xfda0, 0xfda0, 0xfda0, 0xfda0, 0xfda0, 0xfda0, 0xfda0,
  0xfda0, 0xfda0, 0xfda0, 0xfda0, 0xfda0, 0xfda0, 0xfda0, 0xfda0,
  0xfda0, 0xfda0, 0xfda0, 0xfda0, 0xfda0, 0xfda0, 0xfda0, 0xfda0,
  0xfda0, 0xfda0, 0xfda0, 0xfda0, 0xfda0, 0xfda0, 0xfda0, 0xfda0,
  0xfda0, 0xfda0, 0xfda0, 0xfda0, 0xfda0, 0xfdc0, 0xfdc0, 0xccc0,
  0x1061, 0x0000, 0x0000, 0x0000, 0x0000, 0x0000, 0x0000, 0x0000,
  0x0000, 0x0020, 0xabc1, 0xfde0, 0xfda0, 0xfda0, 0xfda0, 0xfda0,
  0xfda0, 0xfdc0, 0xfda0, 0xfda0, 0xf800, 0xf800, 0xf800, 0xf800,
  0xf800, 0xf800, 0xf800, 0xf800, 0xf800, 0xf800, 0xf800, 0xf800,
  0xf800, 0xf800, 0xf800, 0xf800, 0xf800, 0xf800, 0xf800, 0xf800,
  0xf800, 0xf800, 0xf800, 0xf800, 0xf800, 0xf800, 0xf800, 0xf800,
  0xf800, 0xf800, 0xf800, 0xf800, 0xf800, 0xf800, 0xf800, 0xf800,
  0xf800, 0xf800, 0xf800, 0xf800, 0xf800, 0xf800, 0xf800, 0xf800,
  0xf800, 0xf800, 0xf800, 0xf800, 0xf800, 0xf800, 0xf800, 0xf800,
  0xf800, 0xf800, 0xf800, 0xf800, 0xf800, 0xf800, 0xf800, 0xf800,
  0xf800, 0xf800, 0xf800, 0xf800, 0xf800, 0xf800, 0xf800, 0xf800,
  0xf800, 0xf800, 0xf800, 0xf800, 0xf800, 0xf800, 0xf800, 0xf800,
  0xf800, 0xf800, 0xf800, 0xf800, 0xf800, 0xf800, 0xf800, 0xf800,
  0xf800, 0xf800, 0xf800, 0xf800, 0xf800, 0xf800, 0xf800, 0xf800,
  0xf800, 0xf800, 0xf800, 0xf800, 0xf800, 0xf800, 0xf800, 0xf800,
  0xf800, 0xf800, 0xf800, 0xf800, 0xfda0, 0xfda0, 0xfda0, 0xfda0,
  0xfda0, 0xfda0, 0xfda0, 0xfda0, 0xfde0, 0xabe0, 0x0000, 0x0000,
  0x0000, 0x0000, 0x0000, 0x0000, 0x0000, 0x0000, 0x0000, 0x1061,
  0xd4c0, 0xfde0, 0xfdc0, 0xfda0, 0xfdc0, 0xfda0, 0xfda0, 0xfda0,
  0xfda0, 0xfda0, 0xfda0, 0xfda0, 0xfda0, 0xfda0, 0xfda0, 0xfda0,
  0xfda0, 0xfda0, 0xfda0, 0xfda0, 0xfda0, 0xfda0, 0xfda0, 0xfda0,
  0xfda0, 0xfda0, 0xfda0, 0xfda0, 0xfda0, 0xfda0, 0xfda0, 0xfda0,
  0xfda0, 0xfda0, 0xfda0, 0xfda0, 0xfda0, 0xfda0, 0xfda0, 0xfda0,
  0xfde0, 0x6a60, 0x0000, 0x0000, 0x0000, 0x0000, 0x0000, 0x0000,
  0x0000, 0x0000, 0x0000, 0x0000, 0x0000, 0x0000, 0x51e0, 0xfda0,
  0xfdc0, 0xfda0, 0xfda0, 0xfda0, 0xfda0, 0xfda0, 0xfda0, 0xfda0,
  0xfda0, 0xfda0, 0xfda0, 0xfda0, 0xfda0, 0xfda0, 0xfda0, 0xfda0,
  0xfda0, 0xfda0, 0xfda0, 0xfda0, 0xfda0, 0xfda0, 0xfda0, 0xfda0,
  0xfda0, 0xfda0, 0xfda0, 0xfda0, 0xfda0, 0xfda0, 0xfda0, 0xfda0,
  0xfda0, 0xfda0, 0xfda0, 0xfda0, 0xfda0, 0xfda0, 0xfda0, 0xfdc0,
  0x7aa2, 0x0000, 0x0000, 0x0000, 0x0000, 0x0000, 0x0000, 0x0000,
  0x0000, 0x0000, 0x3901, 0xed61, 0xfda1, 0xfda0, 0xfdc0, 0xfda0,
  0xfda0, 0xfdc0, 0xfda0, 0xfda0, 0xfda0, 0xf800, 0xf800, 0xf800,
  0xf800, 0xf800, 0xf800, 0xf800, 0xf800, 0xf800, 0xf800, 0xf800,
  0xf800, 0xf800, 0xf800, 0xf800, 0xf800, 0xf800, 0xf800, 0xf800,
  0xf800, 0xf800, 0xf800, 0xf800, 0xf800, 0xf800, 0xf800, 0xf800,
  0xf800, 0xf800, 0xf800, 0xf800, 0xf800, 0xf800, 0xf800, 0xf800,
  0xf800, 0xf800, 0xf800, 0xf800, 0xf800, 0xf800, 0xf800, 0xf800,
  0xf800, 0xf800, 0xf800, 0xf800, 0xf800, 0xf800, 0xf800, 0xf800,
  0xf800, 0xf800, 0xf800, 0xf800, 0xf800, 0xf800, 0xf800, 0xf800,
  0xf800, 0xf800, 0xf800, 0xf800, 0xf800, 0xf800, 0xf800, 0xf800,
  0xf800, 0xf800, 0xf800, 0xf800, 0xf800, 0xf800, 0xf800, 0xf800,
  0xf800, 0xf800, 0xf800, 0xf800, 0xf800, 0xf800, 0xf800, 0xf800,
  0xf800, 0xf800, 0xf800, 0xf800, 0xf800, 0xf800, 0xf800, 0xf800,
  0xf800, 0xf800, 0xf800, 0xf800, 0xf800, 0xf800, 0xf800, 0xf800,
  0xf800, 0xf800, 0xf800, 0xfda0, 0xfda0, 0xfda0, 0xfda0, 0xfda0,
  0xfda0, 0xfdc0, 0xfda0, 0xfdc0, 0xed60, 0x3101, 0x0000, 0x0000,
  0x0000, 0x0000, 0x0000, 0x0000, 0x0000, 0x0000, 0x0001, 0x7ac0,
  0xfde0, 0xfda0, 0xfda0, 0xfdc0, 0xfda0, 0xfda0, 0xfda0, 0xfda0,
  0xfda0, 0xfda0, 0xfda0, 0xfda0, 0xfda0, 0xfda0, 0xfda0, 0xfda0,
  0xfda0, 0xfda0, 0xfda0, 0xfda0, 0xfda0, 0xfda0, 0xfda0, 0xfda0,
  0xfda0, 0xfda0, 0xfda0, 0xfda0, 0xfda0, 0xfda0, 0xfda0, 0xfda0,
  0xfda0, 0xfda0, 0xfda0, 0xfda0, 0xfda0, 0xfda0, 0xfda0, 0xfda0,
  0xfde0, 0x72a0, 0x0000, 0x0020, 0x0000, 0x0000, 0x0000, 0x0000,
  0x0000, 0x0000, 0x0000, 0x0000, 0x0000, 0x0000, 0x6220, 0xfdc0,
  0xfdc0, 0xfda0, 0xfda0, 0xfda0, 0xfda0, 0xfda0, 0xfda0, 0xfda0,
  0xfda0, 0xfda0, 0xfda0, 0xfda0, 0xfda0, 0xfda0, 0xfda0, 0xfda0,
  0xfda0, 0xfda0, 0xfda0, 0xfda0, 0xfda0, 0xfda0, 0xfda0, 0xfda0,
  0xfda0, 0xfda0, 0xfda0, 0xfda0, 0xfda0, 0xfda0, 0xfda0, 0xfda0,
  0xfda0, 0xfda0, 0xfda0, 0xfda0, 0xfda0, 0xfda0, 0xfda0, 0xfdc0,
  0xe540, 0x20c0, 0x0000, 0x0000, 0x0000, 0x0000, 0x0000, 0x0000,
  0x0020, 0x0001, 0x0000, 0x8322, 0xfde1, 0xfdc0, 0xfdc0, 0xfda0,
  0xfda0, 0xfda0, 0xfda0, 0xfdc0, 0xfda0, 0xf800, 0xf800, 0xf800,
  0xf800, 0xf800, 0xf800, 0xf800, 0xf800, 0xf800, 0xf800, 0xf800,
  0xf800, 0xf800, 0xf800, 0xf800, 0xf800, 0xf800, 0xf800, 0xf800,
  0xf800, 0xf800, 0xf800, 0xf800, 0xf800, 0xf800, 0xf800, 0xf800,
  0xf800, 0xf800, 0xf800, 0xf800, 0xf800, 0xf800, 0xf800, 0xf800,
  0xf800, 0xf800, 0xf800, 0xf800, 0xf800, 0xf800, 0xf800, 0xf800,
  0xf800, 0xf800, 0xf800, 0xf800, 0xf800, 0xf800, 0xf800, 0xf800,
  0xf800, 0xf800, 0xf800, 0xf800, 0xf800, 0xf800, 0xf800, 0xf800,
  0xf800, 0xf800, 0xf800, 0xf800, 0xf800, 0xf800, 0xf800, 0xf800,
  0xf800, 0xf800, 0xf800, 0xf800, 0xf800, 0xf800, 0xf800, 0xf800,
  0xf800, 0xf800, 0xf800, 0xf800, 0xf800, 0xf800, 0xf800, 0xf800,
  0xf800, 0xf800, 0xf800, 0xf800, 0xf800, 0xf800, 0xf800, 0xf800,
  0xf800, 0xf800, 0xf800, 0xf800, 0xf800, 0xf800, 0xf800, 0xf800,
  0xf800, 0xf800, 0xf800, 0xfdc0, 0xfdc0, 0xfda0, 0xfda0, 0xfda0,
  0xfda0, 0xfdc0, 0xfda0, 0xfde0, 0x8b21, 0x0000, 0x0000, 0x0000,
  0x0000, 0x0000, 0x0000, 0x0000, 0x0000, 0x0000, 0x20c1, 0xe521,
  0xfdc0, 0xfdc0, 0xfda0, 0xfda0, 0xfda0, 0xfda0, 0xfda0, 0xfda0,
  0xfda0, 0xfda0, 0xfda0, 0xfda0, 0xfda0, 0xfda0, 0xfda0, 0xfda0,
  0xfda0, 0xfda0, 0xfda0, 0xfda0, 0xfda0, 0xfda0, 0xfda0, 0xfda0,
  0xfda0, 0xfda0, 0xfda0, 0xfda0, 0xfda0, 0xfda0, 0xfda0, 0xfda0,
  0xfda0, 0xfda0, 0xfda0, 0xfda0, 0xfda0, 0xfda0, 0xfda0, 0xfda0,
  0xfde0, 0x82e0, 0x0001, 0x0000, 0x0000, 0x0000, 0x0000, 0x0000,
  0x0000, 0x0000, 0x0000, 0x0000, 0x0000, 0x0000, 0x6a60, 0xfdc0,
  0xfda0, 0xfda0, 0xfda0, 0xfda0, 0xfda0, 0xfda0, 0xfda0, 0xfda0,
  0xfda0, 0xfda0, 0xfda0, 0xfda0, 0xfda0, 0xfda0, 0xfda0, 0xfda0,
  0xfda0, 0xfda0, 0xfda0, 0xfda0, 0xfda0, 0xfda0, 0xfda0, 0xfda0,
  0xfda0, 0xfda0, 0xfda0, 0xfda0, 0xfda0, 0xfda0, 0xfda0, 0xfda0,
  0xfda0, 0xfda0, 0xfda0, 0xfda0, 0xfda0, 0xfda0, 0xfda0, 0xfda0,
  0xfde0, 0x9b80, 0x0001, 0x0021, 0x0040, 0x0000, 0x0000, 0x0000,
  0x0000, 0x0000, 0x0000, 0x18a0, 0xdcc1, 0xfdc0, 0xfdc0, 0xfda0,
  0xfda0, 0xfda0, 0xfda0, 0xfda0, 0xfda0, 0xfda0, 0xf800, 0xf800,
  0xf800, 0xf800, 0xf800, 0xf800, 0xf800, 0xf800, 0xf800, 0xf800,
  0xf800, 0xf800, 0xf800, 0xf800, 0xf800, 0xf800, 0xf800, 0xf800,
  0xf800, 0xf800, 0xf800, 0xf800, 0xf800, 0xf800, 0xf800, 0xf800,
  0xf800, 0xf800, 0xf800, 0xf800, 0xf800, 0xf800, 0xf800, 0xf800,
  0xf800, 0xf800, 0xf800, 0xf800, 0xf800, 0xf800, 0xf800, 0xf800,
  0xf800, 0xf800, 0xf800, 0xf800, 0xf800, 0xf800, 0xf800, 0xf800,
  0xf800, 0xf800, 0xf800, 0xf800, 0xf800, 0xf800, 0xf800, 0xf800,
  0xf800, 0xf800, 0xf800, 0xf800, 0xf800, 0xf800, 0xf800, 0xf800,
  0xf800, 0xf800, 0xf800, 0xf800, 0xf800, 0xf800, 0xf800, 0xf800,
  0xf800, 0xf800, 0xf800, 0xf800, 0xf800, 0xf800, 0xf800, 0xf800,
  0xf800, 0xf800, 0xf800, 0xf800, 0xf800, 0xf800, 0xf800, 0xf800,
  0xf800, 0xf800, 0xf800, 0xf800, 0xf800, 0xf800, 0xf800, 0xf800,
  0xf800, 0xf800, 0xfda0, 0xfdc0, 0xfda0, 0xfda0, 0xfda0, 0xfda0,
  0xfda0, 0xfdc0, 0xfdc0, 0xd4e1, 0x20a0, 0x0000, 0x0001, 0x0000,
  0x0000, 0x0000, 0x0000, 0x0000, 0x0000, 0x0000, 0x9380, 0xfde0,
  0xfda0, 0xfdc0, 0xfda0, 0xfda0, 0xfda0, 0xfda0, 0xfda0, 0xfda0,
  0xfda0, 0xfda0, 0xfda0, 0xfda0, 0xfda0, 0xfda0, 0xfda0, 0xfda0,
  0xfda0, 0xfda0, 0xfda0, 0xfda0, 0xfda0, 0xfda0, 0xfda0, 0xfda0,
  0xfda0, 0xfda0, 0xfda0, 0xfda0, 0xfda0, 0xfda0, 0xfda0, 0xfda0,
  0xfda0, 0xfda0, 0xfda0, 0xfda0, 0xfda0, 0xfda0, 0xfda0, 0xfda0,
  0xfde0, 0x8b20, 0x0001, 0x0000, 0x0000, 0x0000, 0x0000, 0x0000,
  0x0000, 0x0000, 0x0000, 0x0000, 0x0000, 0x0000, 0x7280, 0xfde0,
  0xfda0, 0xfdc0, 0xfda0, 0xfda0, 0xfda0, 0xfda0, 0xfda0, 0xfda0,
  0xfda0, 0xfda0, 0xfda0, 0xfda0, 0xfda0, 0xfda0, 0xfda0, 0xfda0,
  0xfda0, 0xfda0, 0xfda0, 0xfda0, 0xfda0, 0xfda0, 0xfda0, 0xfda0,
  0xfda0, 0xfda0, 0xfda0, 0xfda0, 0xfda0, 0xfda0, 0xfda0, 0xfda0,
  0xfda0, 0xfda0, 0xfda0, 0xfda0, 0xfda0, 0xfda0, 0xfda0, 0xfda0,
  0xfdc0, 0xf5a0, 0x4161, 0x0001, 0x0000, 0x0000, 0x0000, 0x0000,
  0x0000, 0x0000, 0x0000, 0x0000, 0x6a41, 0xfde1, 0xfda1, 0xfda0,
  0xfda0, 0xfda0, 0xfda0, 0xfda0, 0xfda0, 0xfda0, 0xf800, 0xf800,
  0xf800, 0xf800, 0xf800, 0xf800, 0xf800, 0xf800, 0xf800, 0xf800,
  0xf800, 0xf800, 0xf800, 0xf800, 0xf800, 0xf800, 0xf800, 0xf800,
  0xf800, 0xf800, 0xf800, 0xf800, 0xf800, 0xf800, 0xf800, 0xf800,
  0xf800, 0xf800, 0xf800, 0xf800, 0xf800, 0xf800, 0xf800, 0xf800,
  0xf800, 0xf800, 0xf800, 0xf800, 0xf800, 0xf800, 0xf800, 0xf800,
  0xf800, 0xf800, 0xf800, 0xf800, 0xf800, 0xf800, 0xf800, 0xf800,
  0xf800, 0xf800, 0xf800, 0xf800, 0xf800, 0xf800, 0xf800, 0xf800,
  0xf800, 0xf800, 0xf800, 0xf800, 0xf800, 0xf800, 0xf800, 0xf800,
  0xf800, 0xf800, 0xf800, 0xf800, 0xf800, 0xf800, 0xf800, 0xf800,
  0xf800, 0xf800, 0xf800, 0xf800, 0xf800, 0xf800, 0xf800, 0xf800,
  0xf800, 0xf800, 0xf800, 0xf800, 0xf800, 0xf800, 0xf800, 0xf800,
  0xf800, 0xf800, 0xf800, 0xf800, 0xf800, 0xf800, 0xf800, 0xf800,
  0xf800, 0xf800, 0xfdc0, 0xfda0, 0xfda0, 0xfda0, 0xfda0, 0xfda0,
  0xfda0, 0xfdc0, 0xfde1, 0x6a41, 0x0000, 0x0001, 0x0000, 0x0000,
  0x0000, 0x0000, 0x0000, 0x0000, 0x0000, 0x3960, 0xf580, 0xfdc1,
  0xfdc0, 0xfda0, 0xfda0, 0xfda0, 0xfda0, 0xfda0, 0xfda0, 0xfda0,
  0xfda0, 0xfda0, 0xfda0, 0xfda0, 0xfda0, 0xfda0, 0xfda0, 0xfda0,
  0xfda0, 0xfda0, 0xfda0, 0xfda0, 0xfda0, 0xfda0, 0xfda0, 0xfda0,
  0xfda0, 0xfda0, 0xfda0, 0xfda0, 0xfda0, 0xfda0, 0xfda0, 0xfda0,
  0xfda0, 0xfda0, 0xfda0, 0xfda0, 0xfda0, 0xfda0, 0xfda0, 0xfda0,
  0xfde0, 0x9380, 0x0001, 0x0020, 0x0000, 0x0000, 0x0000, 0x0000,
  0x0000, 0x0000, 0x0000, 0x0000, 0x0000, 0x0000, 0x72e0, 0xfe00,
  0xfda1, 0xfdc0, 0xfda0, 0xfda0, 0xfda0, 0xfda0, 0xfda0, 0xfda0,
  0xfda0, 0xfda0, 0xfda0, 0xfda0, 0xfda0, 0xfda0, 0xfda0, 0xfda0,
  0xfda0, 0xfda0, 0xfda0, 0xfda0, 0xfda0, 0xfda0, 0xfda0, 0xfda0,
  0xfda0, 0xfda0, 0xfda0, 0xfda0, 0xfda0, 0xfda0, 0xfda0, 0xfda0,
  0xfda0, 0xfda0, 0xfda0, 0xfda0, 0xfda0, 0xfda0, 0xfda0, 0xfda0,
  0xfda0, 0xfde1, 0xbc20, 0x0821, 0x0000, 0x0000, 0x0000, 0x0000,
  0x0000, 0x0000, 0x0000, 0x0000, 0x0840, 0xc441, 0xfde0, 0xfda0,
  0xfda0, 0xfda0, 0xfda0, 0xfda0, 0xfda0, 0xfda0, 0xfda0, 0xf800,
  0xf800, 0xf800, 0xf800, 0xf800, 0xf800, 0xf800, 0xf800, 0xf800,
  0xf800, 0xf800, 0xf800, 0xf800, 0xf800, 0xf800, 0xf800, 0xf800,
  0xf800, 0xf800, 0xf800, 0xf800, 0xf800, 0xf800, 0xf800, 0xf800,
  0xf800, 0xf800, 0xf800, 0xf800, 0xf800, 0xf800, 0xf800, 0xf800,
  0xf800, 0xf800, 0xf800, 0xf800, 0xf800, 0xf800, 0xf800, 0xf800,
  0xf800, 0xf800, 0xf800, 0xf800, 0xf800, 0xf800, 0xf800, 0xf800,
  0xf800, 0xf800, 0xf800, 0xf800, 0xf800, 0xf800, 0xf800, 0xf800,
  0xf800, 0xf800, 0xf800, 0xf800, 0xf800, 0xf800, 0xf800, 0xf800,
  0xf800, 0xf800, 0xf800, 0xf800, 0xf800, 0xf800, 0xf800, 0xf800,
  0xf800, 0xf800, 0xf800, 0xf800, 0xf800, 0xf800, 0xf800, 0xf800,
  0xf800, 0xf800, 0xf800, 0xf800, 0xf800, 0xf800, 0xf800, 0xf800,
  0xf800, 0xf800, 0xf800, 0xf800, 0xf800, 0xf800, 0xf800, 0xf800,
  0xf800, 0xfda0, 0xfda0, 0xfda0, 0xfda0, 0xfda0, 0xfda0, 0xfda0,
  0xfda0, 0xfde0, 0xc461, 0x0820, 0x0000, 0x0000, 0x0000, 0x0000,
  0x0000, 0x0000, 0x0000, 0x0000, 0x0820, 0xbc21, 0xfdc0, 0xfdc0,
  0xfda0, 0xfda0, 0xfda0, 0xfda0, 0xfda0, 0xfda0, 0xfda0, 0xfda0,
  0xfda0, 0xfda0, 0xfda0, 0xfda0, 0xfda0, 0xfda0, 0xfda0, 0xfda0,
  0xfda0, 0xfda0, 0xfda0, 0xfda0, 0xfda0, 0xfda0, 0xfda0, 0xfda0,
  0xfda0, 0xfda0, 0xfda0, 0xfda0, 0xfda0, 0xfda0, 0xfda0, 0xfda0,
  0xfda0, 0xfda0, 0xfda0, 0xfda0, 0xfda0, 0xfda0, 0xfda0, 0xfda0,
  0xfde0, 0xa3a0, 0x0000, 0x0000, 0x0000, 0x0000, 0x0000, 0x0000,
  0x0000, 0x0000, 0x0000, 0x0000, 0x0000, 0x0000, 0x8300, 0xfe00,
  0xfda0, 0xfda0, 0xfda0, 0xfda0, 0xfda0, 0xfda0, 0xfda0, 0xfda0,
  0xfda0, 0xfda0, 0xfda0, 0xfda0, 0xfda0, 0xfda0, 0xfda0, 0xfda0,
  0xfda0, 0xfda0, 0xfda0, 0xfda0, 0xfda0, 0xfda0, 0xfda0, 0xfda0,
  0xfda0, 0xfda0, 0xfda0, 0xfda0, 0xfda0, 0xfda0, 0xfda0, 0xfda0,
  0xfda0, 0xfda0, 0xfda0, 0xfda0, 0xfda0, 0xfda0, 0xfda0, 0xfda0,
  0xfda0, 0xfda0, 0xfde0, 0x6201, 0x0000, 0x0000, 0x0000, 0x0000,
  0x0000, 0x0000, 0x0000, 0x0000, 0x0001, 0x4981, 0xf5a1, 0xfdc0,
  0xfdc0, 0xfda0, 0xfda0, 0xfda0, 0xfda0, 0xfda0, 0xfda0, 0xf800,
  0xf800, 0xf800, 0xf800, 0xf800, 0xf800, 0xf800, 0xf800, 0xf800,
  0xf800, 0xf800, 0xf800, 0xf800, 0xf800, 0xf800, 0xf800, 0xf800,
  0xf800, 0xf800, 0xf800, 0xf800, 0xf800, 0xf800, 0xf800, 0xf800,
  0xf800, 0xf800, 0xf800, 0xf800, 0xf800, 0xf800, 0xf800, 0xf800,
  0xf800, 0xf800, 0xf800, 0xf800, 0xf800, 0xf800, 0xf800, 0xf800,
  0xf800, 0xf800, 0xf800, 0xf800, 0xf800, 0xf800, 0xf800, 0xf800,
  0xf800, 0xf800, 0xf800, 0xf800, 0xf800, 0xf800, 0xf800, 0xf800,
  0xf800, 0xf800, 0xf800, 0xf800, 0xf800, 0xf800, 0xf800, 0xf800,
  0xf800, 0xf800, 0xf800, 0xf800, 0xf800, 0xf800, 0xf800, 0xf800,
  0xf800, 0xf800, 0xf800, 0xf800, 0xf800, 0xf800, 0xf800, 0xf800,
  0xf800, 0xf800, 0xf800, 0xf800, 0xf800, 0xf800, 0xf800, 0xf800,
  0xf800, 0xf800, 0xf800, 0xf800, 0xf800, 0xf800, 0xf800, 0xf800,
  0xf800, 0xfda1, 0xfda0, 0xfda0, 0xfda0, 0xfda0, 0xfda0, 0xfda0,
  0xfdc0, 0xfda1, 0x4980, 0x0000, 0x0000, 0x0000, 0x0000, 0x0000,
  0x0000, 0x0000, 0x0000, 0x0000, 0x5a20, 0xfdc0, 0xfdc0, 0xfda0,
  0xfda0, 0xfda0, 0xfda0, 0xfda0, 0xfda0, 0xfda0, 0xfda0, 0xfda0,
  0xfda0, 0xfda0, 0xfda0, 0xfda0, 0xfda0, 0xfda0, 0xfda0, 0xfda0,
  0xfda0, 0xfda0, 0xfda0, 0xfda0, 0xfda0, 0xfda0, 0xfda0, 0xfda0,
  0xfda0, 0xfda0, 0xfda0, 0xfda0, 0xfda0, 0xfda0, 0xfda0, 0xfda0,
  0xfda0, 0xfda0, 0xfda0, 0xfda0, 0xfda0, 0xfda0, 0xfda0, 0xfda0,
  0xfde0, 0xabc0, 0x0000, 0x0000, 0x0000, 0x0000, 0x0000, 0x0000,
  0x0000, 0x0000, 0x0000, 0x0000, 0x0000, 0x0000, 0x8b20, 0xfde0,
  0xfda0, 0xfda0, 0xfda0, 0xfda0, 0xfda0, 0xfda0, 0xfda0, 0xfda0,
  0xfda0, 0xfda0, 0xfda0, 0xfda0, 0xfda0, 0xfda0, 0xfda0, 0xfda0,
  0xfda0, 0xfda0, 0xfda0, 0xfda0, 0xfda0, 0xfda0, 0xfda0, 0xfda0,
  0xfda0, 0xfda0, 0xfda0, 0xfda0, 0xfda0, 0xfda0, 0xfda0, 0xfda0,
  0xfda0, 0xfda0, 0xfda0, 0xfda0, 0xfda0, 0xfda0, 0xfda0, 0xfda0,
  0xfda0, 0xfdc0, 0xfde0, 0xd4e1, 0x1861, 0x0000, 0x0020, 0x0000,
  0x0000, 0x0000, 0x0000, 0x0000, 0x0000, 0x0000, 0xa3a1, 0xfdc0,
  0xfda0, 0xfda0, 0xfda0, 0xfda0, 0xfda0, 0xfda0, 0xfda0, 0xfda0,
  0xf800, 0xf800, 0xf800, 0xf800, 0xf800, 0xf800, 0xf800, 0xf800,
  0xf800, 0xf800, 0xf800, 0xf800, 0xf800, 0xf800, 0xf800, 0xf800,
  0xf800, 0xf800, 0xf800, 0xf800, 0xf800, 0xf800, 0xf800, 0xf800,
  0xf800, 0xf800, 0xf800, 0xf800, 0xf800, 0xf800, 0xf800, 0xf800,
  0xf800, 0xf800, 0xf800, 0xf800, 0xf800, 0xf800, 0xf800, 0xf800,
  0xf800, 0xf800, 0xf800, 0xf800, 0xf800, 0xf800, 0xf800, 0xf800,
  0xf800, 0xf800, 0xf800, 0xf800, 0xf800, 0xf800, 0xf800, 0xf800,
  0xf800, 0xf800, 0xf800, 0xf800, 0xf800, 0xf800, 0xf800, 0xf800,
  0xf800, 0xf800, 0xf800, 0xf800, 0xf800, 0xf800, 0xf800, 0xf800,
  0xf800, 0xf800, 0xf800, 0xf800, 0xf800, 0xf800, 0xf800, 0xf800,
  0xf800, 0xf800, 0xf800, 0xf800, 0xf800, 0xf800, 0xf800, 0xf800,
  0xf800, 0xf800, 0xf800, 0xf800, 0xf800, 0xf800, 0xf800, 0xf800,
  0xfda0, 0xfda1, 0xfda0, 0xfda0, 0xfda0, 0xfda0, 0xfda0, 0xfda0,
  0xfde0, 0x9bc0, 0x0000, 0x0000, 0x0000, 0x0000, 0x0000, 0x0000,
  0x0000, 0x0000, 0x0001, 0x1860, 0xd4c1, 0xfdc0, 0xfda0, 0xfda0,
  0xfda0, 0xfda0, 0xfda0, 0xfda0, 0xfda0, 0xfda0, 0xfda0, 0xfda0,
  0xfda0, 0xfda0, 0xfda0, 0xfda0, 0xfda0, 0xfda0, 0xfda0, 0xfda0,
  0xfda0, 0xfda0, 0xfda0, 0xfda0, 0xfda0, 0xfda0, 0xfda0, 0xfda0,
  0xfda0, 0xfda0, 0xfda0, 0xfda0, 0xfda0, 0xfda0, 0xfda0, 0xfda0,
  0xfda0, 0xfda0, 0xfda0, 0xfda0, 0xfda0, 0xfda0, 0xfda0, 0xfda0,
  0xfde0, 0xac00, 0x0000, 0x0000, 0x0000, 0x0000, 0x0000, 0x0000,
  0x0000, 0x0000, 0x0000, 0x0000, 0x0000, 0x0000, 0x9360, 0xfde0,
  0xfdc0, 0xfda0, 0xfda0, 0xfda0, 0xfda0, 0xfda0, 0xfda0, 0xfda0,
  0xfda0, 0xfda0, 0xfda0, 0xfda0, 0xfda0, 0xfda0, 0xfda0, 0xfda0,
  0xfda0, 0xfda0, 0xfda0, 0xfda0, 0xfda0, 0xfda0, 0xfda0, 0xfda0,
  0xfda0, 0xfda0, 0xfda0, 0xfda0, 0xfda0, 0xfda0, 0xfda0, 0xfda0,
  0xfda0, 0xfda0, 0xfda0, 0xfda0, 0xfda0, 0xfda0, 0xfda0, 0xfda0,
  0xfda0, 0xfda0, 0xfdc0, 0xfde1, 0x82e1, 0x0000, 0x0020, 0x0000,
  0x0000, 0x0000, 0x0000, 0x0000, 0x0820, 0x0000, 0x28e1, 0xed42,
  0xfdc0, 0xfdc0, 0xfda0, 0xfda0, 0xfda0, 0xfda0, 0xfda0, 0xfda0,
  0xfda0, 0xf800, 0xf800, 0xf800, 0xf800, 0xf800, 0xf800, 0xf800,
  0xf800, 0xf800, 0xf800, 0xf800, 0xf800, 0xf800, 0xf800, 0xf800,
  0xf800, 0xf800, 0xf800, 0xf800, 0xf800, 0xf800, 0xf800, 0xf800,
  0xf800, 0xf800, 0xf800, 0xf800, 0xf800, 0xf800, 0xf800, 0xf800,
  0xf800, 0xf800, 0xf800, 0xf800, 0xf800, 0xf800, 0xf800, 0xf800,
  0xf800, 0xf800, 0xf800, 0xf800, 0xf800, 0xf800, 0xf800, 0xf800,
  0xf800, 0xf800, 0xf800, 0xf800, 0xf800, 0xf800, 0xf800, 0xf800,
  0xf800, 0xf800, 0xf800, 0xf800, 0xf800, 0xf800, 0xf800, 0xf800,
  0xf800, 0xf800, 0xf800, 0xf800, 0xf800, 0xf800, 0xf800, 0xf800,
  0xf800, 0xf800, 0xf800, 0xf800, 0xf800, 0xf800, 0xf800, 0xf800,
  0xf800, 0xf800, 0xf800, 0xf800, 0xf800, 0xf800, 0xf800, 0xf800,
  0xf800, 0xf800, 0xf800, 0xf800, 0xf800, 0xf800, 0xf800, 0xfd80,
  0xfdc0, 0xfda0, 0xfda0, 0xfda0, 0xfda0, 0xfda0, 0xfdc0, 0xfdc1,
  0xed61, 0x28e1, 0x0001, 0x0020, 0x0000, 0x0000, 0x0000, 0x0000,
  0x0000, 0x0000, 0x0001, 0x82e0, 0xfde0, 0xfdc0, 0xfda0, 0xfda0,
  0xfda0, 0xfda0, 0xfda0, 0xfda0, 0xfda0, 0xfda0, 0xfda0, 0xfda0,
  0xfda0, 0xfda0, 0xfda0, 0xfda0, 0xfda0, 0xfda0, 0xfda0, 0xfda0,
  0xfda0, 0xfda0, 0xfda0, 0xfda0, 0xfda0, 0xfda0, 0xfda0, 0xfda0,
  0xfda0, 0xfda0, 0xfda0, 0xfda0, 0xfda0, 0xfda0, 0xfda0, 0xfda0,
  0xfda0, 0xfda0, 0xfda0, 0xfda0, 0xfda0, 0xfda0, 0xfda0, 0xfda0,
  0xfde0, 0xb421, 0x0000, 0x0000, 0x0000, 0x0000, 0x0000, 0x0000,
  0x0000, 0x0000, 0x0000, 0x0000, 0x0000, 0x0000, 0xa3a0, 0xfde0,
  0xfdc0, 0xfdc0, 0xfda0, 0xfda0, 0xfda0, 0xfda0, 0xfda0, 0xfda0,
  0xfda0, 0xfda0, 0xfda0, 0xfda0, 0xfda0, 0xfda0, 0xfda0, 0xfda0,
  0xfda0, 0xfda0, 0xfda0, 0xfda0, 0xfda0, 0xfda0, 0xfda0, 0xfda0,
  0xfda0, 0xfda0, 0xfda0, 0xfda0, 0xfda0, 0xfda0, 0xfda0, 0xfda0,
  0xfda0, 0xfda0, 0xfda0, 0xfda0, 0xfda0, 0xfda0, 0xfda0, 0xfda0,
  0xfda0, 0xfdc0, 0xfdc0, 0xfda1, 0xe541, 0x3101, 0x0001, 0x0000,
  0x0000, 0x0000, 0x0000, 0x0000, 0x0000, 0x0000, 0x0000, 0x7b01,
  0xfde0, 0xfdc0, 0xfda0, 0xfda0, 0xfda0, 0xfda0, 0xfda0, 0xfda0,
  0xfdc0, 0xf800, 0xf800, 0xf800, 0xf800, 0xf800, 0xf800, 0xf800,
  0xf800, 0xf800, 0xf800, 0xf800, 0xf800, 0xf800, 0xf800, 0xf800,
  0xf800, 0xf800, 0xf800, 0xf800, 0xf800, 0xf800, 0xf800, 0xf800,
  0xf800, 0xf800, 0xf800, 0xf800, 0xf800, 0xf800, 0xf800, 0xf800,
  0xf800, 0xf800, 0xf800, 0xf800, 0xf800, 0xf800, 0xf800, 0xf800,
  0xf800, 0xf800, 0xf800, 0xf800, 0xf800, 0xf800, 0xf800, 0xf800,
  0xf800, 0xf800, 0xf800, 0xf800, 0xf800, 0xf800, 0xf800, 0xf800,
  0xf800, 0xf800, 0xf800, 0xf800, 0xf800, 0xf800, 0xf800, 0xf800,
  0xf800, 0xf800, 0xf800, 0xf800, 0xf800, 0xf800, 0xf800, 0xf800,
  0xf800, 0xf800, 0xf800, 0xf800, 0xf800, 0xf800, 0xf800, 0xf800,
  0xf800, 0xf800, 0xf800, 0xf800, 0xf800, 0xf800, 0xf800, 0xf800,
  0xf800, 0xf800, 0xf800, 0xf800, 0xf800, 0xf800, 0xf800, 0xfda0,
  0xfda0, 0xfda0, 0xfda0, 0xfda0, 0xfda0, 0xfda0, 0xfdc0, 0xfdc1,
  0x82e0, 0x0001, 0x0000, 0x0000, 0x0000, 0x0000, 0x0000, 0x0000,
  0x0000, 0x0001, 0x28e1, 0xe541, 0xfdc0, 0xfdc0, 0xfda0, 0xfda0,
  0xfda0, 0xfda0, 0xfda0, 0xfda0, 0xfda0, 0xfda0, 0xfda0, 0xfda0,
  0xfda0, 0xfda0, 0xfda0, 0xfda0, 0xfda0, 0xfda0, 0xfda0, 0xfda0,
  0xfda0, 0xfda0, 0xfda0, 0xfda0, 0xfda0, 0xfda0, 0xfda0, 0xfda0,
  0xfda0, 0xfda0, 0xfda0, 0xfda0, 0xfda0, 0xfda0, 0xfda0, 0xfda0,
  0xfda0, 0xfda0, 0xfda0, 0xfda0, 0xfda0, 0xfda0, 0xfda0, 0xfda0,
  0xfdc0, 0xbc60, 0x0000, 0x0000, 0x0000, 0x0000, 0x0000, 0x0000,
  0x0000, 0x0000, 0x0000, 0x0000, 0x0000, 0x0000, 0xabc0, 0xfde1,
  0xfdc0, 0xfda0, 0xfda0, 0xfda0, 0xfda0, 0xfda0, 0xfda0, 0xfda0,
  0xfda0, 0xfda0, 0xfda0, 0xfda0, 0xfda0, 0xfda0, 0xfda0, 0xfda0,
  0xfda0, 0xfda0, 0xfda0, 0xfda0, 0xfda0, 0xfda0, 0xfda0, 0xfda0,
  0xfda0, 0xfda0, 0xfda0, 0xfda0, 0xfda0, 0xfda0, 0xfda0, 0xfda0,
  0xfda0, 0xfda0, 0xfda0, 0xfda0, 0xfda0, 0xfda0, 0xfda0, 0xfda0,
  0xfda0, 0xfda0, 0xfda0, 0xfda0, 0xfde0, 0x9bc0, 0x0000, 0x0020,
  0x0000, 0x0000, 0x0000, 0x0000, 0x0000, 0x0000, 0x0001, 0x1881,
  0xdcc2, 0xfde0, 0xfda0, 0xfda0, 0xfda0, 0xfda0, 0xfda0, 0xfda0,
  0xfda0, 0xfda0, 0xf800, 0xf800, 0xf800, 0xf800, 0xf800, 0xf800,
  0xf800, 0xf800, 0xf800, 0xf800, 0xf800, 0xf800, 0xf800, 0xf800,
  0xf800, 0xf800, 0xf800, 0xf800, 0xf800, 0xf800, 0xf800, 0xf800,
  0xf800, 0xf800, 0xf800, 0xf800, 0xf800, 0xf800, 0xf800, 0xf800,
  0xf800, 0xf800, 0xf800, 0xf800, 0xf800, 0xf800, 0xf800, 0xf800,
  0xf800, 0xf800, 0xf800, 0xf800, 0xf800, 0xf800, 0xf800, 0xf800,
  0xf800, 0xf800, 0xf800, 0xf800, 0xf800, 0xf800, 0xf800, 0xf800,
  0xf800, 0xf800, 0xf800, 0xf800, 0xf800, 0xf800, 0xf800, 0xf800,
  0xf800, 0xf800, 0xf800, 0xf800, 0xf800, 0xf800, 0xf800, 0xf800,
  0xf800, 0xf800, 0xf800, 0xf800, 0xf800, 0xf800, 0xf800, 0xf800,
  0xf800, 0xf800, 0xf800, 0xf800, 0xf800, 0xf800, 0xf800, 0xf800,
  0xf800, 0xf800, 0xf800, 0xf800, 0xf800, 0xf800, 0xfda0, 0xfda0,
  0xfda0, 0xfda0, 0xfda0, 0xfda0, 0xfda0, 0xfdc0, 0xfdc0, 0xd4c1,
  0x1860, 0x0001, 0x0000, 0x0000, 0x0000, 0x0000, 0x0000, 0x0000,
  0x0000, 0x0000, 0xa3c1, 0xfde0, 0xfdc0, 0xfda0, 0xfda0, 0xfda0,
  0xfda0, 0xfda0, 0xfda0, 0xfda0, 0xfda0, 0xfda0, 0xfda0, 0xfda0,
  0xfda0, 0xfda0, 0xfda0, 0xfda0, 0xfda0, 0xfda0, 0xfda0, 0xfda0,
  0xfda0, 0xfda0, 0xfda0, 0xfda0, 0xfda0, 0xfda0, 0xfda0, 0xfda0,
  0xfda0, 0xfda0, 0xfda0, 0xfda0, 0xfda0, 0xfda0, 0xfda0, 0xfda0,
  0xfda0, 0xfda0, 0xfda0, 0xfda0, 0xfda0, 0xfda0, 0xfda0, 0xfda0,
  0xfdc0, 0xc4a0, 0x0840, 0x0000, 0x0000, 0x0000, 0x0000, 0x0000,
  0x0000, 0x0000, 0x0000, 0x0000, 0x0000, 0x0000, 0xb420, 0xfde1,
  0xfdc0, 0xfda0, 0xfda0, 0xfda0, 0xfda0, 0xfda0, 0xfda0, 0xfda0,
  0xfda0, 0xfda0, 0xfda0, 0xfda0, 0xfda0, 0xfda0, 0xfda0, 0xfda0,
  0xfda0, 0xfda0, 0xfda0, 0xfda0, 0xfda0, 0xfda0, 0xfda0, 0xfda0,
  0xfda0, 0xfda0, 0xfda0, 0xfda0, 0xfda0, 0xfda0, 0xfda0, 0xfda0,
  0xfda0, 0xfda0, 0xfda0, 0xfda0, 0xfda0, 0xfda0, 0xfda0, 0xfda0,
  0xfda0, 0xfda0, 0xfda0, 0xfda0, 0xfdc1, 0xf5c1, 0x4981, 0x0001,
  0x0000, 0x0000, 0x0000, 0x0000, 0x0000, 0x0000, 0x0020, 0x0000,
  0x5a20, 0xfdc1, 0xfdc0, 0xfda0, 0xfda0, 0xfda0, 0xfda0, 0xfda0,
  0xfda0, 0xfdc0, 0xf800, 0xf800, 0xf800, 0xf800, 0xf800, 0xf800,
  0xf800, 0xf800, 0xf800, 0xf800, 0xf800, 0xf800, 0xf800, 0xf800,
  0xf800, 0xf800, 0xf800, 0xf800, 0xf800, 0xf800, 0xf800, 0xf800,
  0xf800, 0xf800, 0xf800, 0xf800, 0xf800, 0xf800, 0xf800, 0xf800,
  0xf800, 0xf800, 0xf800, 0xf800, 0xf800, 0xf800, 0xf800, 0xf800,
  0xf800, 0xf800, 0xf800, 0xf800, 0xf800, 0xf800, 0xf800, 0xf800,
  0xf800, 0xf800, 0xf800, 0xf800, 0xf800, 0xf800, 0xf800, 0xf800,
  0xf800, 0xf800, 0xf800, 0xf800, 0xf800, 0xf800, 0xf800, 0xf800,
  0xf800, 0xf800, 0xf800, 0xf800, 0xf800, 0xf800, 0xf800, 0xf800,
  0xf800, 0xf800, 0xf800, 0xf800, 0xf800, 0xf800, 0xf800, 0xf800,
  0xf800, 0xf800, 0xf800, 0xf800, 0xf800, 0xf800, 0xf800, 0xf800,
  0xf800, 0xf800, 0xf800, 0xf800, 0xf800, 0xf800, 0xfda0, 0xfda0,
  0xfda0, 0xfda0, 0xfda0, 0xfda0, 0xfda0, 0xfdc1, 0xfdc0, 0x6221,
  0x0000, 0x0000, 0x0000, 0x0000, 0x0000, 0x0000, 0x0000, 0x0000,
  0x0001, 0x4180, 0xf5a1, 0xfda0, 0xfdc0, 0xfda0, 0xfda0, 0xfda0,
  0xfda0, 0xfda0, 0xfda0, 0xfda0, 0xfda0, 0xfda0, 0xfda0, 0xfda0,
  0xfda0, 0xfda0, 0xfda0, 0xfda0, 0xfda0, 0xfda0, 0xfda0, 0xfda0,
  0xfda0, 0xfda0, 0xfda0, 0xfda0, 0xfda0, 0xfda0, 0xfda0, 0xfda0,
  0xfda0, 0xfda0, 0xfda0, 0xfda0, 0xfda0, 0xfda0, 0xfda0, 0xfda0,
  0xfda0, 0xfda0, 0xfda0, 0xfda0, 0xfda0, 0xfda0, 0xfda0, 0xfda0,
  0xfdc0, 0xccc0, 0x0840, 0x0000, 0x0000, 0x0000, 0x0000, 0x0000,
  0x0000, 0x0000, 0x0000, 0x0000, 0x0000, 0x0000, 0xbc40, 0xfde0,
  0xfda0, 0xfda0, 0xfda0, 0xfda0, 0xfda0, 0xfda0, 0xfda0, 0xfda0,
  0xfda0, 0xfda0, 0xfda0, 0xfda0, 0xfda0, 0xfda0, 0xfda0, 0xfda0,
  0xfda0, 0xfda0, 0xfda0, 0xfda0, 0xfda0, 0xfda0, 0xfda0, 0xfda0,
  0xfda0, 0xfda0, 0xfda0, 0xfda0, 0xfda0, 0xfda0, 0xfda0, 0xfda0,
  0xfda0, 0xfda0, 0xfda0, 0xfda0, 0xfda0, 0xfda0, 0xfda0, 0xfda0,
  0xfda0, 0xfda0, 0xfda0, 0xfda0, 0xfdc0, 0xfdc0, 0xbc81, 0x0841,
  0x0000, 0x0000, 0x0000, 0x0000, 0x0000, 0x0000, 0x0000, 0x0000,
  0x0841, 0xbc21, 0xfdc0, 0xfda0, 0xfdc0, 0xfda0, 0xfda0, 0xfda0,
  0xfda0, 0xfdc0, 0xfda0, 0xf800, 0xf800, 0xf800, 0xf800, 0xf800,
  0xf800, 0xf800, 0xf800, 0xf800, 0xf800, 0xf800, 0xf800, 0xf800,
  0xf800, 0xf800, 0xf800, 0xf800, 0xf800, 0xf800, 0xf800, 0xf800,
  0xf800, 0xf800, 0xf800, 0xf800, 0xf800, 0xf800, 0xf800, 0xf800,
  0xf800, 0xf800, 0xf800, 0xf800, 0xf800, 0xf800, 0xf800, 0xf800,
  0xf800, 0xf800, 0xf800, 0xf800, 0xf800, 0xf800, 0xf800, 0xf800,
  0xf800, 0xf800, 0xf800, 0xf800, 0xf800, 0xf800, 0xf800, 0xf800,
  0xf800, 0xf800, 0xf800, 0xf800, 0xf800, 0xf800, 0xf800, 0xf800,
  0xf800, 0xf800, 0xf800, 0xf800, 0xf800, 0xf800, 0xf800, 0xf800,
  0xf800, 0xf800, 0xf800, 0xf800, 0xf800, 0xf800, 0xf800, 0xf800,
  0xf800, 0xf800, 0xf800, 0xf800, 0xf800, 0xf800, 0xf800, 0xf800,
  0xf800, 0xf800, 0xf800, 0xf800, 0xf800, 0xfda0, 0xfdc0, 0xfda0,
  0xfda0, 0xfda0, 0xfda0, 0xfda0, 0xfda0, 0xfde0, 0xb440, 0x0820,
  0x0000, 0x0000, 0x0000, 0x0000, 0x0000, 0x0000, 0x0000, 0x0001,
  0x0820, 0xbc60, 0xfdc0, 0xfda0, 0xfda0, 0xfda0, 0xfda0, 0xfda0,
  0xfda0, 0xfda0, 0xfda0, 0xfda0, 0xfda0, 0xfda0, 0xfda0, 0xfda0,
  0xfda0, 0xfda0, 0xfda0, 0xfda0, 0xfda0, 0xfda0, 0xfda0, 0xfda0,
  0xfda0, 0xfda0, 0xfda0, 0xfda0, 0xfda0, 0xfda0, 0xfda0, 0xfda0,
  0xfda0, 0xfda0, 0xfda0, 0xfda0, 0xfda0, 0xfda0, 0xfda0, 0xfda0,
  0xfda0, 0xfda0, 0xfda0, 0xfda0, 0xfda0, 0xfda0, 0xfda0, 0xfda0,
  0xfde0, 0xdcc0, 0x1060, 0x0000, 0x0000, 0x0000, 0x0000, 0x0000,
  0x0000, 0x0000, 0x0000, 0x0000, 0x0000, 0x0000, 0xc440, 0xfdc0,
  0xfda0, 0xfda0, 0xfda0, 0xfda0, 0xfda0, 0xfda0, 0xfda0, 0xfda0,
  0xfda0, 0xfda0, 0xfda0, 0xfda0, 0xfda0, 0xfda0, 0xfda0, 0xfda0,
  0xfda0, 0xfda0, 0xfda0, 0xfda0, 0xfda0, 0xfda0, 0xfda0, 0xfda0,
  0xfda0, 0xfda0, 0xfda0, 0xfda0, 0xfda0, 0xfda0, 0xfda0, 0xfda0,
  0xfda0, 0xfda0, 0xfda0, 0xfda0, 0xfda0, 0xfda0, 0xfda0, 0xfda0,
  0xfda0, 0xfda0, 0xfda0, 0xfda0, 0xfda0, 0xfdc0, 0xfdc1, 0x6a62,
  0x0000, 0x0000, 0x0000, 0x0000, 0x0000, 0x0000, 0x0000, 0x0020,
  0x0001, 0x4160, 0xf581, 0xfdc0, 0xfdc0, 0xfda0, 0xfda0, 0xfda0,
  0xfda0, 0xfda0, 0xfda0, 0xfd80, 0xf800, 0xf800, 0xf800, 0xf800,
  0xf800, 0xf800, 0xf800, 0xf800, 0xf800, 0xf800, 0xf800, 0xf800,
  0xf800, 0xf800, 0xf800, 0xf800, 0xf800, 0xf800, 0xf800, 0xf800,
  0xf800, 0xf800, 0xf800, 0xf800, 0xf800, 0xf800, 0xf800, 0xf800,
  0xf800, 0xf800, 0xf800, 0xf800, 0xf800, 0xf800, 0xf800, 0xf800,
  0xf800, 0xf800, 0xf800, 0xf800, 0xf800, 0xf800, 0xf800, 0xf800,
  0xf800, 0xf800, 0xf800, 0xf800, 0xf800, 0xf800, 0xf800, 0xf800,
  0xf800, 0xf800, 0xf800, 0xf800, 0xf800, 0xf800, 0xf800, 0xf800,
  0xf800, 0xf800, 0xf800, 0xf800, 0xf800, 0xf800, 0xf800, 0xf800,
  0xf800, 0xf800, 0xf800, 0xf800, 0xf800, 0xf800, 0xf800, 0xf800,
  0xf800, 0xf800, 0xf800, 0xf800, 0xf800, 0xf800, 0xf800, 0xf800,
  0xf800, 0xf800, 0xf800, 0xf800, 0xfda0, 0xfdc0, 0xfda1, 0xfda0,
  0xfda0, 0xfda0, 0xfda0, 0xfda0, 0xfdc0, 0xf580, 0x3961, 0x0000,
  0x0000, 0x0000, 0x0000, 0x0000, 0x0000, 0x0000, 0x0000, 0x0000,
  0x6240, 0xfdc0, 0xfdc0, 0xfda0, 0xfda0, 0xfda0, 0xfda0, 0xfda0,
  0xfda0, 0xfda0, 0xfda0, 0xfda0, 0xfda0, 0xfda0, 0xfda0, 0xfda0,
  0xfda0, 0xfda0, 0xfda0, 0xfda0, 0xfda0, 0xfda0, 0xfda0, 0xfda0,
  0xfda0, 0xfda0, 0xfda0, 0xfda0, 0xfda0, 0xfda0, 0xfda0, 0xfda0,
  0xfda0, 0xfda0, 0xfda0, 0xfda0, 0xfda0, 0xfda0, 0xfda0, 0xfda0,
  0xfda0, 0xfda0, 0xfda0, 0xfda0, 0xfda0, 0xfda0, 0xfda0, 0xfda0,
  0xfdc0, 0xdce0, 0x1061, 0x0000, 0x0000, 0x0000, 0x0000, 0x0000,
  0x0000, 0x0000, 0x0000, 0x0000, 0x0000, 0x0000, 0xcc80, 0xfdc0,
  0xfda0, 0xfdc0, 0xfda0, 0xfda0, 0xfda0, 0xfda0, 0xfda0, 0xfda0,
  0xfda0, 0xfda0, 0xfda0, 0xfda0, 0xfda0, 0xfda0, 0xfda0, 0xfda0,
  0xfda0, 0xfda0, 0xfda0, 0xfda0, 0xfda0, 0xfda0, 0xfda0, 0xfda0,
  0xfda0, 0xfda0, 0xfda0, 0xfda0, 0xfda0, 0xfda0, 0xfda0, 0xfda0,
  0xfda0, 0xfda0, 0xfda0, 0xfda0, 0xfda0, 0xfda0, 0xfda0, 0xfda0,
  0xfda0, 0xfda0, 0xfda0, 0xfda0, 0xfdc0, 0xfda0, 0xfdc0, 0xdd01,
  0x18a0, 0x0000, 0x0000, 0x0000, 0x0000, 0x0000, 0x0001, 0x0020,
  0x0020, 0x0001, 0x9b61, 0xfde0, 0xfda0, 0xfda0, 0xfda0, 0xfda0,
  0xfda0, 0xfda0, 0xfda0, 0xfda0, 0xf800, 0xf800, 0xf800, 0xf800,
  0xf800, 0xf800, 0xf800, 0xf800, 0xf800, 0xf800, 0xf800, 0xf800,
  0xf800, 0xf800, 0xf800, 0xf800, 0xf800, 0xf800, 0xf800, 0xf800,
  0xf800, 0xf800, 0xf800, 0xf800, 0xf800, 0xf800, 0xf800, 0xf800,
  0xf800, 0xf800, 0xf800, 0xf800, 0xf800, 0xf800, 0xf800, 0xf800,
  0xf800, 0xf800, 0xf800, 0xf800, 0xf800, 0xf800, 0xf800, 0xf800,
  0xf800, 0xf800, 0xf800, 0xf800, 0xf800, 0xf800, 0xf800, 0xf800,
  0xf800, 0xf800, 0xf800, 0xf800, 0xf800, 0xf800, 0xf800, 0xf800,
  0xf800, 0xf800, 0xf800, 0xf800, 0xf800, 0xf800, 0xf800, 0xf800,
  0xf800, 0xf800, 0xf800, 0xf800, 0xf800, 0xf800, 0xf800, 0xf800,
  0xf800, 0xf800, 0xf800, 0xf800, 0xf800, 0xf800, 0xf800, 0xf800,
  0xf800, 0xf800, 0xf800, 0xf800, 0xfda0, 0xfdc0, 0xfda0, 0xfda0,
  0xfda0, 0xfda0, 0xfda0, 0xfda0, 0xfde0, 0x9b61, 0x0000, 0x0000,
  0x0000, 0x0000, 0x0000, 0x0000, 0x0000, 0x0000, 0x0000, 0x1880,
  0xdd01, 0xfdc0, 0xfda0, 0xfda0, 0xfda0, 0xfda0, 0xfda0, 0xfda0,
  0xfda0, 0xfda0, 0xfda0, 0xfda0, 0xfda0, 0xfda0, 0xfda0, 0xfda0,
  0xfda0, 0xfda0, 0xfda0, 0xfda0, 0xfda0, 0xfda0, 0xfda0, 0xfda0,
  0xfda0, 0xfda0, 0xfda0, 0xfda0, 0xfda0, 0xfda0, 0xfda0, 0xfda0,
  0xfda0, 0xfda0, 0xfda0, 0xfda0, 0xfda0, 0xfda0, 0xfda0, 0xfda0,
  0xfda0, 0xfda0, 0xfda0, 0xfda0, 0xfda0, 0xfda0, 0xfda0, 0xfda0,
  0xfdc0, 0xe520, 0x1881, 0x0000, 0x0000, 0x0000, 0x0000, 0x0000,
  0x0000, 0x0000, 0x0000, 0x0000, 0x0000, 0x0020, 0xd4c0, 0xfdc0,
  0xfda0, 0xfdc0, 0xfda0, 0xfda0, 0xfda0, 0xfda0, 0xfda0, 0xfda0,
  0xfda0, 0xfda0, 0xfda0, 0xfda0, 0xfda0, 0xfda0, 0xfda0, 0xfda0,
  0xfda0, 0xfda0, 0xfda0, 0xfda0, 0xfda0, 0xfda0, 0xfda0, 0xfda0,
  0xfda0, 0xfda0, 0xfda0, 0xfda0, 0xfda0, 0xfda0, 0xfda0, 0xfda0,
  0xfda0, 0xfda0, 0xfda0, 0xfda0, 0xfda0, 0xfda0, 0xfda0, 0xfda0,
  0xfda0, 0xfda0, 0xfda0, 0xfda0, 0xfda0, 0xfde0, 0xfda0, 0xfde0,
  0x8b21, 0x0000, 0x0020, 0x0000, 0x0000, 0x0000, 0x0000, 0x0000,
  0x0000, 0x0000, 0x28c1, 0xe521, 0xfdc0, 0xfda0, 0xfda0, 0xfda0,
  0xfda0, 0xfda0, 0xfda0, 0xfdc0, 0xfd80, 0xf800, 0xf800, 0xf800,
  0xf800, 0xf800, 0xf800, 0xf800, 0xf800, 0xf800, 0xf800, 0xf800,
  0xf800, 0xf800, 0xf800, 0xf800, 0xf800, 0xf800, 0xf800, 0xf800,
  0xf800, 0xf800, 0xf800, 0xf800, 0xf800, 0xf800, 0xf800, 0xf800,
  0xf800, 0xf800, 0xf800, 0xf800, 0xf800, 0xf800, 0xf800, 0xf800,
  0xf800, 0xf800, 0xf800, 0xf800, 0xf800, 0xf800, 0xf800, 0xf800,
  0xf800, 0xf800, 0xf800, 0xf800, 0xf800, 0xf800, 0xf800, 0xf800,
  0xf800, 0xf800, 0xf800, 0xf800, 0xf800, 0xf800, 0xf800, 0xf800,
  0xf800, 0xf800, 0xf800, 0xf800, 0xf800, 0xf800, 0xf800, 0xf800,
  0xf800, 0xf800, 0xf800, 0xf800, 0xf800, 0xf800, 0xf800, 0xf800,
  0xf800, 0xf800, 0xf800, 0xf800, 0xf800, 0xf800, 0xf800, 0xf800,
  0xf800, 0xf800, 0xf800, 0xfda0, 0xfda0, 0xfda0, 0xfda0, 0xfda0,
  0xfda0, 0xfda0, 0xfdc0, 0xfdc1, 0xe520, 0x20c0, 0x0000, 0x0000,
  0x0000, 0x0000, 0x0000, 0x0000, 0x0000, 0x0001, 0x0000, 0x8b02,
  0xfe00, 0xfdc0, 0xfda0, 0xfda0, 0xfda0, 0xfda0, 0xfda0, 0xfda0,
  0xfda0, 0xfda0, 0xfda0, 0xfda0, 0xfda0, 0xfda0, 0xfda0, 0xfda0,
  0xfda0, 0xfda0, 0xfda0, 0xfda0, 0xfda0, 0xfda0, 0xfda0, 0xfda0,
  0xfda0, 0xfda0, 0xfda0, 0xfda0, 0xfda0, 0xfda0, 0xfda0, 0xfda0,
  0xfda0, 0xfda0, 0xfda0, 0xfda0, 0xfda0, 0xfda0, 0xfda0, 0xfda0,
  0xfda0, 0xfda0, 0xfda0, 0xfda0, 0xfda0, 0xfda0, 0xfda0, 0xfda0,
  0xfdc0, 0xed21, 0x18a0, 0x0000, 0x0000, 0x0000, 0x0000, 0x0000,
  0x0000, 0x0000, 0x0000, 0x0000, 0x0000, 0x0840, 0xdcc0, 0xfdc0,
  0xfda0, 0xfda0, 0xfda0, 0xfda0, 0xfda0, 0xfda0, 0xfda0, 0xfda0,
  0xfda0, 0xfda0, 0xfda0, 0xfda0, 0xfda0, 0xfda0, 0xfda0, 0xfda0,
  0xfda0, 0xfda0, 0xfda0, 0xfda0, 0xfda0, 0xfda0, 0xfda0, 0xfda0,
  0xfda0, 0xfda0, 0xfda0, 0xfda0, 0xfda0, 0xfda0, 0xfda0, 0xfda0,
  0xfda0, 0xfda0, 0xfda0, 0xfda0, 0xfda0, 0xfda0, 0xfda0, 0xfda0,
  0xfda0, 0xfda0, 0xfda0, 0xfda0, 0xfda0, 0xfda0, 0xfdc0, 0xfdc0,
  0xed61, 0x3100, 0x0000, 0x0000, 0x0000, 0x0000, 0x0000, 0x0000,
  0x0000, 0x0000, 0x0001, 0x7a81, 0xfe00, 0xfda1, 0xfda0, 0xfda0,
  0xfda0, 0xfda0, 0xfda0, 0xfdc0, 0xfdc0, 0xf800, 0xf800, 0xf800,
  0xf800, 0xf800, 0xf800, 0xf800, 0xf800, 0xf800, 0xf800, 0xf800,
  0xf800, 0xf800, 0xf800, 0xf800, 0xf800, 0xf800, 0xf800, 0xf800,
  0xf800, 0xf800, 0xf800, 0xf800, 0xf800, 0xf800, 0xf800, 0xf800,
  0xf800, 0xf800, 0xf800, 0xf800, 0xf800, 0xf800, 0xf800, 0xf800,
  0xf800, 0xf800, 0xf800, 0xf800, 0xf800, 0xf800, 0xf800, 0xf800,
  0xf800, 0xf800, 0xf800, 0xf800, 0xf800, 0xf800, 0xf800, 0xf800,
  0xf800, 0xf800, 0xf800, 0xf800, 0xf800, 0xf800, 0xf800, 0xf800,
  0xf800, 0xf800, 0xf800, 0xf800, 0xf800, 0xf800, 0xf800, 0xf800,
  0xf800, 0xf800, 0xf800, 0xf800, 0xf800, 0xf800, 0xf800, 0xf800,
  0xf800, 0xf800, 0xf800, 0xf800, 0xf800, 0xf800, 0xf800, 0xf800,
  0xf800, 0xf800, 0xf800, 0xfda0, 0xfda0, 0xfda0, 0xfda0, 0xfda0,
  0xfda0, 0xfda0, 0xfda0, 0xfde1, 0x72c1, 0x0000, 0x0000, 0x0000,
  0x0000, 0x0000, 0x0000, 0x0000, 0x0000, 0x0001, 0x3121, 0xed81,
  0xfdc0, 0xfdc0, 0xfdc0, 0xfda0, 0xfda0, 0xfda0, 0xfda0, 0xfda0,
  0xfda0, 0xfda0, 0xfda0, 0xfda0, 0xfda0, 0xfda0, 0xfda0, 0xfda0,
  0xfda0, 0xfda0, 0xfda0, 0xfda0, 0xfda0, 0xfda0, 0xfda0, 0xfda0,
  0xfda0, 0xfda0, 0xfda0, 0xfda0, 0xfda0, 0xfda0, 0xfda0, 0xfda0,
  0xfda0, 0xfda0, 0xfda0, 0xfda0, 0xfda0, 0xfda0, 0xfda0, 0xfda0,
  0xfda0, 0xfda0, 0xfda0, 0xfda0, 0xfda0, 0xfda0, 0xfda0, 0xfda0,
  0xfdc0, 0xed41, 0x20c0, 0x0000, 0x0000, 0x0000, 0x0000, 0x0000,
  0x0000, 0x0000, 0x0000, 0x0000, 0x0000, 0x1060, 0xdce0, 0xfdc0,
  0xfdc0, 0xfda0, 0xfda0, 0xfda0, 0xfda0, 0xfda0, 0xfda0, 0xfda0,
  0xfda0, 0xfda0, 0xfda0, 0xfda0, 0xfda0, 0xfda0, 0xfda0, 0xfda0,
  0xfda0, 0xfda0, 0xfda0, 0xfda0, 0xfda0, 0xfda0, 0xfda0, 0xfda0,
  0xfda0, 0xfda0, 0xfda0, 0xfda0, 0xfda0, 0xfda0, 0xfda0, 0xfda0,
  0xfda0, 0xfda0, 0xfda0, 0xfda0, 0xfda0, 0xfda0, 0xfda0, 0xfda0,
  0xfda0, 0xfda0, 0xfda0, 0xfda0, 0xfda0, 0xfda0, 0xfda0, 0xfda0,
  0xfde1, 0xabc0, 0x0000, 0x0000, 0x0000, 0x0000, 0x0000, 0x0000,
  0x0000, 0x0000, 0x0020, 0x1040, 0xcca0, 0xfde0, 0xfda0, 0xfda0,
  0xfda0, 0xfda0, 0xfda0, 0xfda0, 0xfdc0, 0xfd80, 0xf800, 0xf800,
  0xf800, 0xf800, 0xf800, 0xf800, 0xf800, 0xf800, 0xf800, 0xf800,
  0xf800, 0xf800, 0xf800, 0xf800, 0xf800, 0xf800, 0xf800, 0xf800,
  0xf800, 0xf800, 0xf800, 0xf800, 0xf800, 0xf800, 0xf800, 0xf800,
  0xf800, 0xf800, 0xf800, 0xf800, 0xf800, 0xf800, 0xf800, 0xf800,
  0xf800, 0xf800, 0xf800, 0xf800, 0xf800, 0xf800, 0xf800, 0xf800,
  0xf800, 0xf800, 0xf800, 0xf800, 0xf800, 0xf800, 0xf800, 0xf800,
  0xf800, 0xf800, 0xf800, 0xf800, 0xf800, 0xf800, 0xf800, 0xf800,
  0xf800, 0xf800, 0xf800, 0xf800, 0xf800, 0xf800, 0xf800, 0xf800,
  0xf800, 0xf800, 0xf800, 0xf800, 0xf800, 0xf800, 0xf800, 0xf800,
  0xf800, 0xf800, 0xf800, 0xf800, 0xf800, 0xf800, 0xf800, 0xf800,
  0xf800, 0xf800, 0xfda0, 0xfda0, 0xfda0, 0xfda0, 0xfda0, 0xfda0,
  0xfda0, 0xfdc0, 0xfda1, 0xc4e0, 0x0861, 0x0000, 0x0000, 0x0000,
  0x0000, 0x0000, 0x0000, 0x0000, 0x0001, 0x0020, 0xabe0, 0xfde0,
  0xfdc0, 0xfda0, 0xfdc0, 0xfda0, 0xfda0, 0xfda0, 0xfda0, 0xfda0,
  0xfda0, 0xfda0, 0xfda0, 0xfda0, 0xfda0, 0xfda0, 0xfda0, 0xfda0,
  0xfda0, 0xfda0, 0xfda0, 0xfda0, 0xfda0, 0xfda0, 0xfda0, 0xfda0,
  0xfda0, 0xfda0, 0xfda0, 0xfda0, 0xfda0, 0xfda0, 0xfda0, 0xfda0,
  0xfda0, 0xfda0, 0xfda0, 0xfda0, 0xfda0, 0xfda0, 0xfda0, 0xfda0,
  0xfda0, 0xfda0, 0xfda0, 0xfda0, 0xfda0, 0xfda0, 0xfda0, 0xfda0,
  0xfdc0, 0xed61, 0x20e0, 0x0000, 0x0000, 0x0000, 0x0000, 0x0000,
  0x0000, 0x0000, 0x0000, 0x0000, 0x0000, 0x1060, 0xe500, 0xfdc0,
  0xfdc0, 0xfda0, 0xfda0, 0xfda0, 0xfda0, 0xfda0, 0xfda0, 0xfda0,
  0xfda0, 0xfda0, 0xfda0, 0xfda0, 0xfda0, 0xfda0, 0xfda0, 0xfda0,
  0xfda0, 0xfda0, 0xfda0, 0xfda0, 0xfda0, 0xfda0, 0xfda0, 0xfda0,
  0xfda0, 0xfda0, 0xfda0, 0xfda0, 0xfda0, 0xfda0, 0xfda0, 0xfda0,
  0xfda0, 0xfda0, 0xfda0, 0xfda0, 0xfda0, 0xfda0, 0xfda0, 0xfda0,
  0xfda0, 0xfda0, 0xfda0, 0xfda0, 0xfda0, 0xfda0, 0xfda0, 0xfda0,
  0xfda0, 0xfdc0, 0x51c0, 0x0000, 0x0000, 0x0000, 0x0000, 0x0000,
  0x0000, 0x0000, 0x0021, 0x0000, 0x51c1, 0xfdc0, 0xfdc0, 0xfda0,
  0xfda0, 0xfda0, 0xfda0, 0xfda0, 0xfdc0, 0xfdc0, 0xf800, 0xf800,
  0xf800, 0xf800, 0xf800, 0xf800, 0xf800, 0xf800, 0xf800, 0xf800,
  0xf800, 0xf800, 0xf800, 0xf800, 0xf800, 0xf800, 0xf800, 0xf800,
  0xf800, 0xf800, 0xf800, 0xf800, 0xf800, 0xf800, 0xf800, 0xf800,
  0xf800, 0xf800, 0xf800, 0xf800, 0xf800, 0xf800, 0xf800, 0xf800,
  0xf800, 0xf800, 0xf800, 0xf800, 0xf800, 0xf800, 0xf800, 0xf800,
  0xf800, 0xf800, 0xf800, 0xf800, 0xf800, 0xf800, 0xf800, 0xf800,
  0xf800, 0xf800, 0xf800, 0xf800, 0xf800, 0xf800, 0xf800, 0xf800,
  0xf800, 0xf800, 0xf800, 0xf800, 0xf800, 0xf800, 0xf800, 0xf800,
  0xf800, 0xf800, 0xf800, 0xf800, 0xf800, 0xf800, 0xf800, 0xf800,
  0xf800, 0xf800, 0xf800, 0xf800, 0xf800, 0xf800, 0xf800, 0xf800,
  0xf800, 0xf800, 0xfda0, 0xfda0, 0xfda0, 0xfda0, 0xfdc0, 0xfdc0,
  0xfda0, 0xfda0, 0xfde0, 0x51e1, 0x0000, 0x0000, 0x0000, 0x0000,
  0x0000, 0x0000, 0x0000, 0x0000, 0x0001, 0x49a1, 0xfdc0, 0xfda0,
  0xfda0, 0xfdc0, 0xfda0, 0xfda0, 0xfda0, 0xfda0, 0xfda0, 0xfda0,
  0xfda0, 0xfda0, 0xfda0, 0xfda0, 0xfda0, 0xfda0, 0xfda0, 0xfda0,
  0xfda0, 0xfda0, 0xfda0, 0xfda0, 0xfda0, 0xfda0, 0xfda0, 0xfda0,
  0xfda0, 0xfda0, 0xfda0, 0xfda0, 0xfda0, 0xfda0, 0xfda0, 0xfda0,
  0xfda0, 0xfda0, 0xfda0, 0xfda0, 0xfda0, 0xfda0, 0xfda0, 0xfda0,
  0xfda0, 0xfda0, 0xfda0, 0xfda0, 0xfda0, 0xfda0, 0xfda0, 0xfda0,
  0xfdc0, 0xf581, 0x28e0, 0x0000, 0x0000, 0x0000, 0x0000, 0x0000,
  0x0000, 0x0000, 0x0000, 0x0000, 0x0000, 0x1880, 0xe520, 0xfdc0,
  0xfda0, 0xfda0, 0xfda0, 0xfda0, 0xfda0, 0xfda0, 0xfda0, 0xfda0,
  0xfda0, 0xfda0, 0xfda0, 0xfda0, 0xfda0, 0xfda0, 0xfda0, 0xfda0,
  0xfda0, 0xfda0, 0xfda0, 0xfda0, 0xfda0, 0xfda0, 0xfda0, 0xfda0,
  0xfda0, 0xfda0, 0xfda0, 0xfda0, 0xfda0, 0xfda0, 0xfda0, 0xfda0,
  0xfda0, 0xfda0, 0xfda0, 0xfda0, 0xfda0, 0xfda0, 0xfda0, 0xfda0,
  0xfda0, 0xfda0, 0xfda0, 0xfda0, 0xfda0, 0xfda0, 0xfda0, 0xfda0,
  0xfda0, 0xfdc0, 0xcca1, 0x1060, 0x0000, 0x0000, 0x0000, 0x0000,
  0x0000, 0x0000, 0x0020, 0x0000, 0x0820, 0xb400, 0xfde0, 0xfdc0,
  0xfda0, 0xfda0, 0xfda0, 0xfda0, 0xfdc0, 0xfdc0, 0xfda0, 0xf800,
  0xf800, 0xf800, 0xf800, 0xf800, 0xf800, 0xf800, 0xf800, 0xf800,
  0xf800, 0xf800, 0xf800, 0xf800, 0xf800, 0xf800, 0xf800, 0xf800,
  0xf800, 0xf800, 0xf800, 0xf800, 0xf800, 0xf800, 0xf800, 0xf800,
  0xf800, 0xf800, 0xf800, 0xf800, 0xf800, 0xf800, 0xf800, 0xf800,
  0xf800, 0xf800, 0xf800, 0xf800, 0xf800, 0xf800, 0xf800, 0xf800,
  0xf800, 0xf800, 0xf800, 0xf800, 0xf800, 0xf800, 0xf800, 0xf800,
  0xf800, 0xf800, 0xf800, 0xf800, 0xf800, 0xf800, 0xf800, 0xf800,
  0xf800, 0xf800, 0xf800, 0xf800, 0xf800, 0xf800, 0xf800, 0xf800,
  0xf800, 0xf800, 0xf800, 0xf800, 0xf800, 0xf800, 0xf800, 0xf800,
  0xf800, 0xf800, 0xf800, 0xf800, 0xf800, 0xf800, 0xf800, 0xf800,
  0xf800, 0xfdc0, 0xfda0, 0xfda0, 0xfda0, 0xfda0, 0xfdc0, 0xfdc0,
  0xfda0, 0xfde0, 0xb400, 0x0820, 0x0000, 0x0000, 0x0000, 0x0000,
  0x0000, 0x0000, 0x0000, 0x0000, 0x1040, 0xcca1, 0xfde0, 0xfdc0,
  0xfda0, 0xfda0, 0xfda0, 0xfda0, 0xfda0, 0xfda0, 0xfda0, 0xfda0,
  0xfda0, 0xfda0, 0xfda0, 0xfda0, 0xfda0, 0xfda0, 0xfda0, 0xfda0,
  0xfda0, 0xfda0, 0xfda0, 0xfda0, 0xfda0, 0xfda0, 0xfda0, 0xfda0,
  0xfda0, 0xfda0, 0xfda0, 0xfda0, 0xfda0, 0xfda0, 0xfda0, 0xfda0,
  0xfda0, 0xfda0, 0xfda0, 0xfda0, 0xfda0, 0xfda0, 0xfda0, 0xfda0,
  0xfda0, 0xfda0, 0xfda0, 0xfda0, 0xfda0, 0xfda0, 0xfda0, 0xfda0,
  0xfdc0, 0xf580, 0x30e0, 0x0001, 0x0000, 0x0000, 0x0000, 0x0000,
  0x0000, 0x0000, 0x0000, 0x0000, 0x0001, 0x20a0, 0xed40, 0xfdc0,
  0xfda0, 0xfda0, 0xfda0, 0xfda0, 0xfda0, 0xfda0, 0xfda0, 0xfda0,
  0xfda0, 0xfda0, 0xfda0, 0xfda0, 0xfda0, 0xfda0, 0xfda0, 0xfda0,
  0xfda0, 0xfda0, 0xfda0, 0xfda0, 0xfda0, 0xfda0, 0xfda0, 0xfda0,
  0xfda0, 0xfda0, 0xfda0, 0xfda0, 0xfda0, 0xfda0, 0xfda0, 0xfda0,
  0xfda0, 0xfda0, 0xfda0, 0xfda0, 0xfda0, 0xfda0, 0xfda0, 0xfda0,
  0xfda0, 0xfda0, 0xfda0, 0xfda0, 0xfda0, 0xfda0, 0xfda0, 0xfdc0,
  0xfdc0, 0xfda0, 0xfde1, 0x72a0, 0x0001, 0x0001, 0x0000, 0x0000,
  0x0000, 0x0000, 0x0000, 0x0000, 0x0000, 0x3921, 0xf582, 0xfdc0,
  0xfda0, 0xfda0, 0xfda0, 0xfda0, 0xfda0, 0xfda0, 0xfdc0, 0xfda0,
  0xf800, 0xf800, 0xf800, 0xf800, 0xf800, 0xf800, 0xf800, 0xf800,
  0xf800, 0xf800, 0xf800, 0xf800, 0xf800, 0xf800, 0xf800, 0xf800,
  0xf800, 0xf800, 0xf800, 0xf800, 0xf800, 0xf800, 0xf800, 0xf800,
  0xf800, 0xf800, 0xf800, 0xf800, 0xf800, 0xf800, 0xf800, 0xf800,
  0xf800, 0xf800, 0xf800, 0xf800, 0xf800, 0xf800, 0xf800, 0xf800,
  0xf800, 0xf800, 0xf800, 0xf800, 0xf800, 0xf800, 0xf800, 0xf800,
  0xf800, 0xf800, 0xf800, 0xf800, 0xf800, 0xf800, 0xf800, 0xf800,
  0xf800, 0xf800, 0xf800, 0xf800, 0xf800, 0xf800, 0xf800, 0xf800,
  0xf800, 0xf800, 0xf800, 0xf800, 0xf800, 0xf800, 0xf800, 0xf800,
  0xf800, 0xf800, 0xf800, 0xf800, 0xf800, 0xf800, 0xf800, 0xf800,
  0xfda0, 0xfda0, 0xfdc0, 0xfda0, 0xfda0, 0xfda0, 0xfda0, 0xfdc0,
  0xfde0, 0xeda1, 0x3920, 0x0000, 0x0001, 0x0000, 0x0000, 0x0000,
  0x0000, 0x0000, 0x0000, 0x0000, 0x7261, 0xfde0, 0xfda1, 0xfdc0,
  0xfda0, 0xfda0, 0xfda0, 0xfda0, 0xfda0, 0xfda0, 0xfda0, 0xfda0,
  0xfda0, 0xfda0, 0xfda0, 0xfda0, 0xfda0, 0xfda0, 0xfda0, 0xfda0,
  0xfda0, 0xfda0, 0xfda0, 0xfda0, 0xfda0, 0xfda0, 0xfda0, 0xfda0,
  0xfda0, 0xfda0, 0xfda0, 0xfda0, 0xfda0, 0xfda0, 0xfda0, 0xfda0,
  0xfda0, 0xfda0, 0xfda0, 0xfda0, 0xfda0, 0xfda0, 0xfda0, 0xfda0,
  0xfda0, 0xfda0, 0xfda0, 0xfda0, 0xfda0, 0xfda0, 0xfda0, 0xfda0,
  0xfda0, 0xfdc0, 0x4180, 0x0001, 0x0000, 0x0000, 0x0000, 0x0000,
  0x0000, 0x0000, 0x0000, 0x0000, 0x0000, 0x3100, 0xf580, 0xfdc0,
  0xfda0, 0xfda0, 0xfda0, 0xfda0, 0xfda0, 0xfda0, 0xfda0, 0xfda0,
  0xfda0, 0xfda0, 0xfda0, 0xfda0, 0xfda0, 0xfda0, 0xfda0, 0xfda0,
  0xfda0, 0xfda0, 0xfda0, 0xfda0, 0xfda0, 0xfda0, 0xfda0, 0xfda0,
  0xfda0, 0xfda0, 0xfda0, 0xfda0, 0xfda0, 0xfda0, 0xfda0, 0xfda0,
  0xfda0, 0xfda0, 0xfda0, 0xfda0, 0xfda0, 0xfda0, 0xfda0, 0xfda0,
  0xfda0, 0xfda0, 0xfda0, 0xfda0, 0xfda0, 0xfda0, 0xfda0, 0xfda0,
  0xfdc0, 0xfdc0, 0xfdc0, 0xe520, 0x20c0, 0x0000, 0x0000, 0x0000,
  0x0000, 0x0000, 0x0000, 0x0000, 0x0000, 0x0000, 0x8b41, 0xfde0,
  0xfdc0, 0xfda0, 0xfda0, 0xfda0, 0xfda0, 0xfda0, 0xfda0, 0xfda0,
  0xf800, 0xf800, 0xf800, 0xf800, 0xf800, 0xf800, 0xf800, 0xf800,
  0xf800, 0xf800, 0xf800, 0xf800, 0xf800, 0xf800, 0xf800, 0xf800,
  0xf800, 0xf800, 0xf800, 0xf800, 0xf800, 0xf800, 0xf800, 0xf800,
  0xf800, 0xf800, 0xf800, 0xf800, 0xf800, 0xf800, 0xf800, 0xf800,
  0xf800, 0xf800, 0xf800, 0xf800, 0xf800, 0xf800, 0xf800, 0xf800,
  0xf800, 0xf800, 0xf800, 0xf800, 0xf800, 0xf800, 0xf800, 0xf800,
  0xf800, 0xf800, 0xf800, 0xf800, 0xf800, 0xf800, 0xf800, 0xf800,
  0xf800, 0xf800, 0xf800, 0xf800, 0xf800, 0xf800, 0xf800, 0xf800,
  0xf800, 0xf800, 0xf800, 0xf800, 0xf800, 0xf800, 0xf800, 0xf800,
  0xf800, 0xf800, 0xf800, 0xf800, 0xf800, 0xf800, 0xf800, 0xf800,
  0xfda0, 0xfdc0, 0xfda0, 0xfda0, 0xfda0, 0xfda0, 0xfda0, 0xfdc0,
  0xfe01, 0x9341, 0x0000, 0x0000, 0x0001, 0x0000, 0x0000, 0x0000,
  0x0000, 0x0000, 0x0000, 0x20a0, 0xe521, 0xfdc1, 0xfda0, 0xfda0,
  0xfda0, 0xfda0, 0xfda0, 0xfda0, 0xfda0, 0xfda0, 0xfda0, 0xfda0,
  0xfda0, 0xfda0, 0xfda0, 0xfda0, 0xfda0, 0xfda0, 0xfda0, 0xfda0,
  0xfda0, 0xfda0, 0xfda0, 0xfda0, 0xfda0, 0xfda0, 0xfda0, 0xfda0,
  0xfda0, 0xfda0, 0xfda0, 0xfda0, 0xfda0, 0xfda0, 0xfda0, 0xfda0,
  0xfda0, 0xfda0, 0xfda0, 0xfda0, 0xfda0, 0xfda0, 0xfda0, 0xfda0,
  0xfda0, 0xfda0, 0xfda0, 0xfda0, 0xfda0, 0xfda0, 0xfda0, 0xfda0,
  0xfda0, 0xfe00, 0x7ac2, 0x0000, 0x0000, 0x0000, 0x0000, 0x0000,
  0x0000, 0x0000, 0x0001, 0x0020, 0x0000, 0x7261, 0xfde0, 0xfda0,
  0xfda0, 0xfda0, 0xfda0, 0xfda0, 0xfda0, 0xfda0, 0xfda0, 0xfda0,
  0xfda0, 0xfda0, 0xfda0, 0xfda0, 0xfda0, 0xfda0, 0xfda0, 0xfda0,
  0xfda0, 0xfda0, 0xfda0, 0xfda0, 0xfda0, 0xfda0, 0xfda0, 0xfda0,
  0xfda0, 0xfda0, 0xfda0, 0xfda0, 0xfda0, 0xfda0, 0xfda0, 0xfda0,
  0xfda0, 0xfda0, 0xfda0, 0xfda0, 0xfda0, 0xfda0, 0xfda0, 0xfda0,
  0xfda0, 0xfda0, 0xfda0, 0xfda0, 0xfda0, 0xfda0, 0xfda0, 0xfda0,
  0xfda0, 0xfda0, 0xfda0, 0xfde0, 0x9381, 0x0001, 0x0020, 0x0000,
  0x0000, 0x0000, 0x0000, 0x0000, 0x0000, 0x0000, 0x20c1, 0xdd00,
  0xfdc0, 0xfdc0, 0xfdc0, 0xfda0, 0xfda0, 0xfda0, 0xfda0, 0xfdc0,
  0xfd80, 0xf800, 0xf800, 0xf800, 0xf800, 0xf800, 0xf800, 0xf800,
  0xf800, 0xf800, 0xf800, 0xf800, 0xf800, 0xf800, 0xf800, 0xf800,
  0xf800, 0xf800, 0xf800, 0xf800, 0xf800, 0xf800, 0xf800, 0xf800,
  0xf800, 0xf800, 0xf800, 0xf800, 0xf800, 0xf800, 0xf800, 0xf800,
  0xf800, 0xf800, 0xf800, 0xf800, 0xf800, 0xf800, 0xf800, 0xf800,
  0xf800, 0xf800, 0xf800, 0xf800, 0xf800, 0xf800, 0xf800, 0xf800,
  0xf800, 0xf800, 0xf800, 0xf800, 0xf800, 0xf800, 0xf800, 0xf800,
  0xf800, 0xf800, 0xf800, 0xf800, 0xf800, 0xf800, 0xf800, 0xf800,
  0xf800, 0xf800, 0xf800, 0xf800, 0xf800, 0xf800, 0xf800, 0xf800,
  0xf800, 0xf800, 0xf800, 0xf800, 0xf800, 0xf800, 0xf800, 0xfda0,
  0xfda0, 0xfda0, 0xfda0, 0xfda0, 0xfda0, 0xfda0, 0xfda1, 0xfdc1,
  0xe521, 0x18a0, 0x0000, 0x0000, 0x0000, 0x0000, 0x0000, 0x0000,
  0x0020, 0x0001, 0x0001, 0x9340, 0xfdc0, 0xfda0, 0xfda0, 0xfda0,
  0xfda0, 0xfda0, 0xfda0, 0xfda0, 0xfda0, 0xfda0, 0xfda0, 0xfda0,
  0xfda0, 0xfda0, 0xfda0, 0xfda0, 0xfda0, 0xfda0, 0xfda0, 0xfda0,
  0xfda0, 0xfda0, 0xfda0, 0xfda0, 0xfda0, 0xfda0, 0xfda0, 0xfda0,
  0xfda0, 0xfda0, 0xfda0, 0xfda0, 0xfda0, 0xfda0, 0xfda0, 0xfda0,
  0xfda0, 0xfda0, 0xfda0, 0xfda0, 0xfda0, 0xfda0, 0xfda0, 0xfda0,
  0xfda0, 0xfda0, 0xfda0, 0xfda0, 0xfda0, 0xfda0, 0xfda0, 0xfda0,
  0xfdc0, 0xfdc0, 0xdd01, 0x20c0, 0x0000, 0x0021, 0x0021, 0x0021,
  0x0020, 0x0020, 0x0020, 0x0001, 0x20c1, 0xd4e0, 0xfdc0, 0xfda0,
  0xfda0, 0xfda0, 0xfda0, 0xfda0, 0xfda0, 0xfda0, 0xfda0, 0xfda0,
  0xfda0, 0xfda0, 0xfda0, 0xfda0, 0xfda0, 0xfda0, 0xfda0, 0xfda0,
  0xfda0, 0xfda0, 0xfda0, 0xfda0, 0xfda0, 0xfda0, 0xfda0, 0xfda0,
  0xfda0, 0xfda0, 0xfda0, 0xfda0, 0xfda0, 0xfda0, 0xfda0, 0xfda0,
  0xfda0, 0xfda0, 0xfda0, 0xfda0, 0xfda0, 0xfda0, 0xfda0, 0xfda0,
  0xfda0, 0xfda0, 0xfda0, 0xfda0, 0xfda0, 0xfda0, 0xfda0, 0xfda0,
  0xfda0, 0xfda0, 0xfda0, 0xfdc1, 0xf5a1, 0x3942, 0x0000, 0x0000,
  0x0000, 0x0000, 0x0000, 0x0000, 0x0000, 0x0020, 0x0001, 0x6a60,
  0xfde0, 0xfda0, 0xfda0, 0xfda0, 0xfda0, 0xfda0, 0xfda0, 0xfdc0,
  0xfda0, 0xf800, 0xf800, 0xf800, 0xf800, 0xf800, 0xf800, 0xf800,
  0xf800, 0xf800, 0xf800, 0xf800, 0xf800, 0xf800, 0xf800, 0xf800,
  0xf800, 0xf800, 0xf800, 0xf800, 0xf800, 0xf800, 0xf800, 0xf800,
  0xf800, 0xf800, 0xf800, 0xf800, 0xf800, 0xf800, 0xf800, 0xf800,
  0xf800, 0xf800, 0xf800, 0xf800, 0xf800, 0xf800, 0xf800, 0xf800,
  0xf800, 0xf800, 0xf800, 0xf800, 0xf800, 0xf800, 0xf800, 0xf800,
  0xf800, 0xf800, 0xf800, 0xf800, 0xf800, 0xf800, 0xf800, 0xf800,
  0xf800, 0xf800, 0xf800, 0xf800, 0xf800, 0xf800, 0xf800, 0xf800,
  0xf800, 0xf800, 0xf800, 0xf800, 0xf800, 0xf800, 0xf800, 0xf800,
  0xf800, 0xf800, 0xf800, 0xf800, 0xf800, 0xf800, 0xf800, 0xfda1,
  0xfda0, 0xfda0, 0xfda0, 0xfda0, 0xfda0, 0xfda0, 0xfdc1, 0xfde0,
  0x7281, 0x0000, 0x0000, 0x0000, 0x0000, 0x0000, 0x0000, 0x0000,
  0x0021, 0x0001, 0x3921, 0xf580, 0xfdc0, 0xfda0, 0xfdc0, 0xfda0,
  0xfda0, 0xfda0, 0xfda0, 0xfda0, 0xfda0, 0xfda0, 0xfda0, 0xfda0,
  0xfda0, 0xfda0, 0xfda0, 0xfda0, 0xfda0, 0xfda0, 0xfda0, 0xfda0,
  0xfda0, 0xfda0, 0xfda0, 0xfda0, 0xfda0, 0xfda0, 0xfda0, 0xfda0,
  0xfda0, 0xfda0, 0xfda0, 0xfda0, 0xfda0, 0xfda0, 0xfda0, 0xfda0,
  0xfda0, 0xfda0, 0xfda0, 0xfda0, 0xfda0, 0xfda0, 0xfda0, 0xfda0,
  0xfda0, 0xfda0, 0xfda0, 0xfda0, 0xfda0, 0xfda0, 0xfda0, 0xfda0,
  0xfdc0, 0xfda1, 0xfde0, 0xbc41, 0x20c1, 0x0000, 0x0001, 0x0000,
  0x0001, 0x0000, 0x0000, 0x2901, 0xbc60, 0xfdc0, 0xfda0, 0xfda0,
  0xfda0, 0xfda0, 0xfda0, 0xfda0, 0xfda0, 0xfda0, 0xfda0, 0xfda0,
  0xfda0, 0xfda0, 0xfda0, 0xfda0, 0xfda0, 0xfda0, 0xfda0, 0xfda0,
  0xfda0, 0xfda0, 0xfda0, 0xfda0, 0xfda0, 0xfda0, 0xfda0, 0xfda0,
  0xfda0, 0xfda0, 0xfda0, 0xfda0, 0xfda0, 0xfda0, 0xfda0, 0xfda0,
  0xfda0, 0xfda0, 0xfda0, 0xfda0, 0xfda0, 0xfda0, 0xfda0, 0xfda0,
  0xfda0, 0xfda0, 0xfda0, 0xfda0, 0xfda0, 0xfda0, 0xfda0, 0xfda0,
  0xfda0, 0xfda0, 0xfdc0, 0xfdc0, 0xfdc1, 0xb421, 0x0021, 0x0000,
  0x0000, 0x0000, 0x0000, 0x0000, 0x0000, 0x0020, 0x0000, 0x1041,
  0xc480, 0xfdc0, 0xfda1, 0xfdc0, 0xfda0, 0xfda0, 0xfda0, 0xfde0,
  0xfda1, 0xfda0, 0xf800, 0xf800, 0xf800, 0xf800, 0xf800, 0xf800,
  0xf800, 0xf800, 0xf800, 0xf800, 0xf800, 0xf800, 0xf800, 0xf800,
  0xf800, 0xf800, 0xf800, 0xf800, 0xf800, 0xf800, 0xf800, 0xf800,
  0xf800, 0xf800, 0xf800, 0xf800, 0xf800, 0xf800, 0xf800, 0xf800,
  0xf800, 0xf800, 0xf800, 0xf800, 0xf800, 0xf800, 0xf800, 0xf800,
  0xf800, 0xf800, 0xf800, 0xf800, 0xf800, 0xf800, 0xf800, 0xf800,
  0xf800, 0xf800, 0xf800, 0xf800, 0xf800, 0xf800, 0xf800, 0xf800,
  0xf800, 0xf800, 0xf800, 0xf800, 0xf800, 0xf800, 0xf800, 0xf800,
  0xf800, 0xf800, 0xf800, 0xf800, 0xf800, 0xf800, 0xf800, 0xf800,
  0xf800, 0xf800, 0xf800, 0xf800, 0xf800, 0xf800, 0xfda0, 0xfda0,
  0xfda0, 0xfda0, 0xfda0, 0xfda0, 0xfda0, 0xfda0, 0xfde0, 0xc480,
  0x1060, 0x0000, 0x0000, 0x0000, 0x0000, 0x0000, 0x0000, 0x0000,
  0x0001, 0x0820, 0xb401, 0xfde1, 0xfda0, 0xfda0, 0xfda0, 0xfda0,
  0xfda0, 0xfda0, 0xfda0, 0xfda0, 0xfda0, 0xfda0, 0xfda0, 0xfda0,
  0xfda0, 0xfda0, 0xfda0, 0xfda0, 0xfda0, 0xfda0, 0xfda0, 0xfda0,
  0xfda0, 0xfda0, 0xfda0, 0xfda0, 0xfda0, 0xfda0, 0xfda0, 0xfda0,
  0xfda0, 0xfda0, 0xfda0, 0xfda0, 0xfda0, 0xfda0, 0xfda0, 0xfda0,
  0xfda0, 0xfda0, 0xfda0, 0xfda0, 0xfda0, 0xfda0, 0xfda0, 0xfda0,
  0xfda0, 0xfda0, 0xfda0, 0xfda0, 0xfda0, 0xfda0, 0xfda0, 0xfda0,
  0xfda0, 0xfda0, 0xfda1, 0xfde0, 0xdd20, 0x82e1, 0x4981, 0x3120,
  0x3121, 0x49a0, 0x8b21, 0xe521, 0xfdc1, 0xfda1, 0xfdc0, 0xfda0,
  0xfda0, 0xfda0, 0xfda0, 0xfda0, 0xfda0, 0xfda0, 0xfda0, 0xfda0,
  0xfda0, 0xfda0, 0xfda0, 0xfda0, 0xfda0, 0xfda0, 0xfda0, 0xfda0,
  0xfda0, 0xfda0, 0xfda0, 0xfda0, 0xfda0, 0xfda0, 0xfda0, 0xfda0,
  0xfda0, 0xfda0, 0xfda0, 0xfda0, 0xfda0, 0xfda0, 0xfda0, 0xfda0,
  0xfda0, 0xfda0, 0xfda0, 0xfda0, 0xfda0, 0xfda0, 0xfda0, 0xfda0,
  0xfda0, 0xfda0, 0xfda0, 0xfda0, 0xfda0, 0xfda0, 0xfda0, 0xfda0,
  0xfda0, 0xfda0, 0xfda0, 0xfda0, 0xfdc1, 0xfdc0, 0x5a00, 0x0000,
  0x0000, 0x0000, 0x0000, 0x0000, 0x0000, 0x0020, 0x0001, 0x0000,
  0x5181, 0xf5c1, 0xfda0, 0xfda0, 0xfdc0, 0xfda0, 0xfda0, 0xfda0,
  0xfda0, 0xfdc0, 0xf800, 0xf800, 0xf800, 0xf800, 0xf800, 0xf800,
  0xf800, 0xf800, 0xf800, 0xf800, 0xf800, 0xf800, 0xf800, 0xf800,
  0xf800, 0xf800, 0xf800, 0xf800, 0xf800, 0xf800, 0xf800, 0xf800,
  0xf800, 0xf800, 0xf800, 0xf800, 0xf800, 0xf800, 0xf800, 0xf800,
  0xf800, 0xf800, 0xf800, 0xf800, 0xf800, 0xf800, 0xf800, 0xf800,
  0xf800, 0xf800, 0xf800, 0xf800, 0xf800, 0xf800, 0xf800, 0xf800,
  0xf800, 0xf800, 0xf800, 0xf800, 0xf800, 0xf800, 0xf800, 0xf800,
  0xf800, 0xf800, 0xf800, 0xf800, 0xf800, 0xf800, 0xf800, 0xf800,
  0xf800, 0xf800, 0xf800, 0xf800, 0xf800, 0xf800, 0xf800, 0xf800,
  0xf800, 0xf800, 0xf800, 0xf800, 0xf800, 0xf800, 0xfda0, 0xfda0,
  0xfda0, 0xfda0, 0xfda0, 0xfda0, 0xfdc0, 0xfda0, 0xfda1, 0x51c0,
  0x0000, 0x0000, 0x0000, 0x0000, 0x0000, 0x0000, 0x0000, 0x0000,
  0x0000, 0x5a01, 0xfdc0, 0xfda1, 0xfda0, 0xfda0, 0xfda0, 0xfda0,
  0xfda0, 0xfda0, 0xfda0, 0xfda0, 0xfda0, 0xfda0, 0xfda0, 0xfda0,
  0xfda0, 0xfda0, 0xfda0, 0xfda0, 0xfda0, 0xfda0, 0xfda0, 0xfda0,
  0xfda0, 0xfda0, 0xfda0, 0xfda0, 0xfda0, 0xfda0, 0xfda0, 0xfda0,
  0xfda0, 0xfda0, 0xfda0, 0xfda0, 0xfda0, 0xfda0, 0xfda0, 0xfda0,
  0xfda0, 0xfda0, 0xfda0, 0xfda0, 0xfda0, 0xfda0, 0xfda0, 0xfda0,
  0xfda0, 0xfda0, 0xfda0, 0xfda0, 0xfda0, 0xfda0, 0xfda0, 0xfda0,
  0xfda0, 0xfda0, 0xfdc0, 0xfda0, 0xfdc0, 0xfde0, 0xfdc0, 0xf560,
  0xf560, 0xfdc0, 0xfde0, 0xfdc0, 0xfda0, 0xfda0, 0xfda0, 0xfda0,
  0xfda0, 0xfda0, 0xfda0, 0xfda0, 0xfda0, 0xfda0, 0xfda0, 0xfda0,
  0xfda0, 0xfda0, 0xfda0, 0xfda0, 0xfda0, 0xfda0, 0xfda0, 0xfda0,
  0xfda0, 0xfda0, 0xfda0, 0xfda0, 0xfda0, 0xfda0, 0xfda0, 0xfda0,
  0xfda0, 0xfda0, 0xfda0, 0xfda0, 0xfda0, 0xfda0, 0xfda0, 0xfda0,
  0xfda0, 0xfda0, 0xfda0, 0xfda0, 0xfda0, 0xfda0, 0xfda0, 0xfda0,
  0xfda0, 0xfda0, 0xfda0, 0xfda0, 0xfda0, 0xfda0, 0xfda0, 0xfda0,
  0xfda0, 0xfda0, 0xfda0, 0xfda0, 0xfda0, 0xfdc0, 0xd4c0, 0x1061,
  0x0000, 0x0000, 0x0000, 0x0000, 0x0000, 0x0000, 0x0000, 0x0000,
  0x0001, 0xabc0, 0xfde0, 0xfda0, 0xfda0, 0xfda0, 0xfda0, 0xfda0,
  0xfda0, 0xfda0, 0xfda0, 0xf800, 0xf800, 0xf800, 0xf800, 0xf800,
  0xf800, 0xf800, 0xf800, 0xf800, 0xf800, 0xf800, 0xf800, 0xf800,
  0xf800, 0xf800, 0xf800, 0xf800, 0xf800, 0xf800, 0xf800, 0xf800,
  0xf800, 0xf800, 0xf800, 0xf800, 0xf800, 0xf800, 0xf800, 0xf800,
  0xf800, 0xf800, 0xf800, 0xf800, 0xf800, 0xf800, 0xf800, 0xf800,
  0xf800, 0xf800, 0xf800, 0xf800, 0xf800, 0xf800, 0xf800, 0xf800,
  0xf800, 0xf800, 0xf800, 0xf800, 0xf800, 0xf800, 0xf800, 0xf800,
  0xf800, 0xf800, 0xf800, 0xf800, 0xf800, 0xf800, 0xf800, 0xf800,
  0xf800, 0xf800, 0xf800, 0xf800, 0xf800, 0xf800, 0xf800, 0xf800,
  0xf800, 0xf800, 0xf800, 0xf800, 0xf800, 0xfda0, 0xfda0, 0xfda0,
  0xfda0, 0xfda0, 0xfda0, 0xfda0, 0xfdc0, 0xfde0, 0xabe1, 0x0000,
  0x0000, 0x0000, 0x0000, 0x0000, 0x0000, 0x0020, 0x0000, 0x0000,
  0x1060, 0xcce1, 0xfdc0, 0xfdc0, 0xfda0, 0xfda0, 0xfda0, 0xfda0,
  0xfda0, 0xfda0, 0xfda0, 0xfda0, 0xfda0, 0xfda0, 0xfda0, 0xfda0,
  0xfda0, 0xfda0, 0xfda0, 0xfda0, 0xfda0, 0xfda0, 0xfda0, 0xfda0,
  0xfda0, 0xfda0, 0xfda0, 0xfda0, 0xfda0, 0xfda0, 0xfda0, 0xfda0,
  0xfda0, 0xfda0, 0xfda0, 0xfda0, 0xfda0, 0xfda0, 0xfda0, 0xfda0,
  0xfda0, 0xfda0, 0xfda0, 0xfda0, 0xfda0, 0xfda0, 0xfda0, 0xfda0,
  0xfda0, 0xfda0, 0xfda0, 0xfda0, 0xfda0, 0xfda0, 0xfda0, 0xfda0,
  0xfda0, 0xfda0, 0xfda0, 0xfda0, 0xfda0, 0xfda0, 0xfdc0, 0xfdc0,
  0xfdc0, 0xfdc0, 0xfda0, 0xfda0, 0xfda0, 0xfda0, 0xfda0, 0xfda0,
  0xfda0, 0xfda0, 0xfda0, 0xfda0, 0xfda0, 0xfda0, 0xfda0, 0xfda0,
  0xfda0, 0xfda0, 0xfda0, 0xfda0, 0xfda0, 0xfda0, 0xfda0, 0xfda0,
  0xfda0, 0xfda0, 0xfda0, 0xfda0, 0xfda0, 0xfda0, 0xfda0, 0xfda0,
  0xfda0, 0xfda0, 0xfda0, 0xfda0, 0xfda0, 0xfda0, 0xfda0, 0xfda0,
  0xfda0, 0xfda0, 0xfda0, 0xfda0, 0xfda0, 0xfda0, 0xfda0, 0xfda0,
  0xfda0, 0xfda0, 0xfda0, 0xfda0, 0xfda0, 0xfda0, 0xfda0, 0xfda0,
  0xfda0, 0xfda0, 0xfda0, 0xfda0, 0xfda0, 0xfda0, 0xfde0, 0x7ac0,
  0x0001, 0x0000, 0x0000, 0x0000, 0x0000, 0x0000, 0x0000, 0x0000,
  0x0000, 0x2920, 0xed61, 0xfdc0, 0xfda0, 0xfda0, 0xfda0, 0xfda0,
  0xfda0, 0xfda0, 0xfdc0, 0xfd80, 0xf800, 0xf800, 0xf800, 0xf800,
  0xf800, 0xf800, 0xf800, 0xf800, 0xf800, 0xf800, 0xf800, 0xf800,
  0xf800, 0xf800, 0xf800, 0xf800, 0xf800, 0xf800, 0xf800, 0xf800,
  0xf800, 0xf800, 0xf800, 0xf800, 0xf800, 0xf800, 0xf800, 0xf800,
  0xf800, 0xf800, 0xf800, 0xf800, 0xf800, 0xf800, 0xf800, 0xf800,
  0xf800, 0xf800, 0xf800, 0xf800, 0xf800, 0xf800, 0xf800, 0xf800,
  0xf800, 0xf800, 0xf800, 0xf800, 0xf800, 0xf800, 0xf800, 0xf800,
  0xf800, 0xf800, 0xf800, 0xf800, 0xf800, 0xf800, 0xf800, 0xf800,
  0xf800, 0xf800, 0xf800, 0xf800, 0xf800, 0xf800, 0xf800, 0xf800,
  0xf800, 0xf800, 0xf800, 0xf800, 0xfda0, 0xfda0, 0xfda0, 0xfda0,
  0xfda0, 0xfda0, 0xfda0, 0xfda1, 0xfda0, 0xe561, 0x3120, 0x0000,
  0x0000, 0x0020, 0x0000, 0x0000, 0x0000, 0x0000, 0x0000, 0x0000,
  0x7aa0, 0xfe00, 0xfda1, 0xfdc0, 0xfda0, 0xfda0, 0xfda0, 0xfda0,
  0xfda0, 0xfda0, 0xfda0, 0xfda0, 0xfda0, 0xfda0, 0xfda0, 0xfda0,
  0xfda0, 0xfda0, 0xfda0, 0xfda0, 0xfda0, 0xfda0, 0xfda0, 0xfda0,
  0xfda0, 0xfda0, 0xfda0, 0xfda0, 0xfda0, 0xfda0, 0xfda0, 0xfda0,
  0xfda0, 0xfda0, 0xfda0, 0xfda0, 0xfda0, 0xfda0, 0xfda0, 0xfda0,
  0xfda0, 0xfda0, 0xfda0, 0xfda0, 0xfda0, 0xfda0, 0xfda0, 0xfda0,
  0xfda0, 0xfda0, 0xfda0, 0xfda0, 0xfda0, 0xfda0, 0xfda0, 0xfda0,
  0xfda0, 0xfda0, 0xfda0, 0xfda0, 0xfda0, 0xfda0, 0xfda0, 0xfda0,
  0xfda0, 0xfda0, 0xfda0, 0xfda0, 0xfda0, 0xfda0, 0xfda0, 0xfda0,
  0xfda0, 0xfda0, 0xfda0, 0xfda0, 0xfda0, 0xfda0, 0xfda0, 0xfda0,
  0xfda0, 0xfda0, 0xfda0, 0xfda0, 0xfda0, 0xfda0, 0xfda0, 0xfda0,
  0xfda0, 0xfda0, 0xfda0, 0xfda0, 0xfda0, 0xfda0, 0xfda0, 0xfda0,
  0xfda0, 0xfda0, 0xfda0, 0xfda0, 0xfda0, 0xfda0, 0xfda0, 0xfda0,
  0xfda0, 0xfda0, 0xfda0, 0xfda0, 0xfda0, 0xfda0, 0xfda0, 0xfda0,
  0xfda0, 0xfda0, 0xfda0, 0xfda0, 0xfda0, 0xfda0, 0xfda0, 0xfda0,
  0xfda0, 0xfda0, 0xfda0, 0xfda0, 0xfda0, 0xfda0, 0xfdc0, 0xed40,
  0x28e0, 0x0001, 0x0000, 0x0000, 0x0000, 0x0000, 0x0000, 0x0000,
  0x0000, 0x0001, 0x8300, 0xfde0, 0xfda0, 0xfda0, 0xfda0, 0xfda0,
  0xfda0, 0xfda0, 0xfda1, 0xfdc0, 0xf800, 0xf800, 0xf800, 0xf800,
  0xf800, 0xf800, 0xf800, 0xf800, 0xf800, 0xf800, 0xf800, 0xf800,
  0xf800, 0xf800, 0xf800, 0xf800, 0xf800, 0xf800, 0xf800, 0xf800,
  0xf800, 0xf800, 0xf800, 0xf800, 0xf800, 0xf800, 0xf800, 0xf800,
  0xf800, 0xf800, 0xf800, 0xf800, 0xf800, 0xf800, 0xf800, 0xf800,
  0xf800, 0xf800, 0xf800, 0xf800, 0xf800, 0xf800, 0xf800, 0xf800,
  0xf800, 0xf800, 0xf800, 0xf800, 0xf800, 0xf800, 0xf800, 0xf800,
  0xf800, 0xf800, 0xf800, 0xf800, 0xf800, 0xf800, 0xf800, 0xf800,
  0xf800, 0xf800, 0xf800, 0xf800, 0xf800, 0xf800, 0xf800, 0xf800,
  0xf800, 0xf800, 0xf800, 0xf800, 0xfda0, 0xfda0, 0xfda0, 0xfda0,
  0xfda0, 0xfda0, 0xfda0, 0xfda0, 0xfe01, 0x8b01, 0x0000, 0x0000,
  0x0000, 0x0000, 0x0000, 0x0000, 0x0000, 0x0000, 0x0000, 0x28c1,
  0xe521, 0xfdc0, 0xfda0, 0xfda0, 0xfda0, 0xfda0, 0xfda0, 0xfda0,
  0xfda0, 0xfda0, 0xfda0, 0xfda0, 0xfda0, 0xfda0, 0xfda0, 0xfda0,
  0xfda0, 0xfda0, 0xfda0, 0xfda0, 0xfda0, 0xfda0, 0xfda0, 0xfda0,
  0xfda0, 0xfda0, 0xfda0, 0xfda0, 0xfda0, 0xfda0, 0xfda0, 0xfda0,
  0xfda0, 0xfda0, 0xfda0, 0xfda0, 0xfda0, 0xfda0, 0xfda0, 0xfda0,
  0xfda0, 0xfda0, 0xfda0, 0xfda0, 0xfda0, 0xfda0, 0xfda0, 0xfda0,
  0xfda0, 0xfda0, 0xfda0, 0xfda0, 0xfda0, 0xfda0, 0xfda0, 0xfda0,
  0xfda0, 0xfda0, 0xfda0, 0xfda0, 0xfda0, 0xfda0, 0xfda0, 0xfda0,
  0xfda0, 0xfda0, 0xfda0, 0xfda0, 0xfda0, 0xfda0, 0xfda0, 0xfda0,
  0xfda0, 0xfda0, 0xfda0, 0xfda0, 0xfda0, 0xfda0, 0xfda0, 0xfda0,
  0xfda0, 0xfda0, 0xfda0, 0xfda0, 0xfda0, 0xfda0, 0xfda0, 0xfda0,
  0xfda0, 0xfda0, 0xfda0, 0xfda0, 0xfda0, 0xfda0, 0xfda0, 0xfda0,
  0xfda0, 0xfda0, 0xfda0, 0xfda0, 0xfda0, 0xfda0, 0xfda0, 0xfda0,
  0xfda0, 0xfda0, 0xfda0, 0xfda0, 0xfda0, 0xfda0, 0xfda0, 0xfda0,
  0xfda0, 0xfda0, 0xfda0, 0xfda0, 0xfda0, 0xfda0, 0xfda0, 0xfda0,
  0xfda0, 0xfda0, 0xfda0, 0xfda0, 0xfda0, 0xfda0, 0xfda1, 0xfde0,
  0x9b81, 0x0001, 0x0000, 0x0000, 0x0000, 0x0000, 0x0000, 0x0000,
  0x0020, 0x0001, 0x18a1, 0xdce1, 0xfdc0, 0xfda0, 0xfda0, 0xfda0,
  0xfda0, 0xfda0, 0xfda0, 0xfdc0, 0xfda0, 0xf800, 0xf800, 0xf800,
  0xf800, 0xf800, 0xf800, 0xf800, 0xf800, 0xf800, 0xf800, 0xf800,
  0xf800, 0xf800, 0xf800, 0xf800, 0xf800, 0xf800, 0xf800, 0xf800,
  0xf800, 0xf800, 0xf800, 0xf800, 0xf800, 0xf800, 0xf800, 0xf800,
  0xf800, 0xf800, 0xf800, 0xf800, 0xf800, 0xf800, 0xf800, 0xf800,
  0xf800, 0xf800, 0xf800, 0xf800, 0xf800, 0xf800, 0xf800, 0xf800,
  0xf800, 0xf800, 0xf800, 0xf800, 0xf800, 0xf800, 0xf800, 0xf800,
  0xf800, 0xf800, 0xf800, 0xf800, 0xf800, 0xf800, 0xf800, 0xf800,
  0xf800, 0xf800, 0xf800, 0xf800, 0xf800, 0xf800, 0xf800, 0xf800,
  0xf800, 0xf800, 0xf800, 0xfda0, 0xfdc0, 0xfda0, 0xfda0, 0xfda0,
  0xfda0, 0xfda0, 0xfda0, 0xfdc0, 0xdd01, 0x2081, 0x0000, 0x0000,
  0x0000, 0x0000, 0x0000, 0x0000, 0x0000, 0x0000, 0x0000, 0x9380,
  0xfde0, 0xfda0, 0xfda0, 0xfda0, 0xfda0, 0xfda0, 0xfda0, 0xfda0,
  0xfda0, 0xfda0, 0xfda0, 0xfda0, 0xfda0, 0xfda0, 0xfda0, 0xfda0,
  0xfda0, 0xfda0, 0xfda0, 0xfda0, 0xfda0, 0xfda0, 0xfda0, 0xfda0,
  0xfda0, 0xfda0, 0xfda0, 0xfda0, 0xfda0, 0xfda0, 0xfda0, 0xfda0,
  0xfda0, 0xfda0, 0xfda0, 0xfda0, 0xfda0, 0xfda0, 0xfda0, 0xfda0,
  0xfda0, 0xfda0, 0xfda0, 0xfda0, 0xfda0, 0xfda0, 0xfda0, 0xfda0,
  0xfda0, 0xfda0, 0xfda0, 0xfda0, 0xfda0, 0xfda0, 0xfda0, 0xfda0,
  0xfda0, 0xfda0, 0xfda0, 0xfda0, 0xfda0, 0xfda0, 0xfda0, 0xfda0,
  0xfda0, 0xfda0, 0xfda0, 0xfda0, 0xfda0, 0xfda0, 0xfda0, 0xfda0,
  0xfda0, 0xfda0, 0xfda0, 0xfda0, 0xfda0, 0xfda0, 0xfda0, 0xfda0,
  0xfda0, 0xfda0, 0xfda0, 0xfda0, 0xfda0, 0xfda0, 0xfda0, 0xfda0,
  0xfda0, 0xfda0, 0xfda0, 0xfda0, 0xfda0, 0xfda0, 0xfda0, 0xfda0,
  0xfda0, 0xfda0, 0xfda0, 0xfda0, 0xfda0, 0xfda0, 0xfda0, 0xfda0,
  0xfda0, 0xfda0, 0xfda0, 0xfda0, 0xfda0, 0xfda0, 0xfda0, 0xfda0,
  0xfda0, 0xfda0, 0xfda0, 0xfda0, 0xfda0, 0xfda0, 0xfda0, 0xfda0,
  0xfda0, 0xfda0, 0xfda0, 0xfda0, 0xfda0, 0xfda0, 0xfda0, 0xfdc0,
  0xf5a1, 0x4160, 0x0001, 0x0000, 0x0000, 0x0000, 0x0000, 0x0000,
  0x0000, 0x0020, 0x0001, 0x6240, 0xfdc1, 0xfda0, 0xfdc0, 0xfda0,
  0xfda0, 0xfda0, 0xfda0, 0xfda0, 0xfda0, 0xf800, 0xf800, 0xf800,
  0xf800, 0xf800, 0xf800, 0xf800, 0xf800, 0xf800, 0xf800, 0xf800,
  0xf800, 0xf800, 0xf800, 0xf800, 0xf800, 0xf800, 0xf800, 0xf800,
  0xf800, 0xf800, 0xf800, 0xf800, 0xf800, 0xf800, 0xf800, 0xf800,
  0xf800, 0xf800, 0xf800, 0xf800, 0xf800, 0xf800, 0xf800, 0xf800,
  0xf800, 0xf800, 0xf800, 0xf800, 0xf800, 0xf800, 0xf800, 0xf800,
  0xf800, 0xf800, 0xf800, 0xf800, 0xf800, 0xf800, 0xf800, 0xf800,
  0xf800, 0xf800, 0xf800, 0xf800, 0xf800, 0xf800, 0xf800, 0xf800,
  0xf800, 0xf800, 0xf800, 0xf800, 0xf800, 0xf800, 0xf800, 0xf800,
  0xf800, 0xf800, 0xf800, 0xfdc0, 0xfdc0, 0xfda0, 0xfda0, 0xfda0,
  0xfda0, 0xfda0, 0xfda0, 0xfde0, 0x6240, 0x0000, 0x0000, 0x0000,
  0x0000, 0x0000, 0x0000, 0x0000, 0x0000, 0x0000, 0x4161, 0xf581,
  0xfda0, 0xfda0, 0xfda0, 0xfda0, 0xfda0, 0xfda0, 0xfda0, 0xfda0,
  0xfda0, 0xfda0, 0xfda0, 0xfda0, 0xfda0, 0xfda0, 0xfda0, 0xfda0,
  0xfda0, 0xfda0, 0xfda0, 0xfda0, 0xfda0, 0xfda0, 0xfda0, 0xfda0,
  0xfda0, 0xfda0, 0xfda0, 0xfda0, 0xfda0, 0xfda0, 0xfda0, 0xfda0,
  0xfda0, 0xfda0, 0xfda0, 0xfda0, 0xfda0, 0xfda0, 0xfda0, 0xfda0,
  0xfda0, 0xfda0, 0xfda0, 0xfda0, 0xfda0, 0xfda0, 0xfda0, 0xfda0,
  0xfda0, 0xfda0, 0xfda0, 0xfda0, 0xfda0, 0xfda0, 0xfda0, 0xfda0,
  0xfda0, 0xfda0, 0xfda0, 0xfda0, 0xfda0, 0xfda0, 0xfdc0, 0xfdc0,
  0xfdc0, 0xfdc0, 0xfda0, 0xfda0, 0xfda0, 0xfda0, 0xfda0, 0xfda0,
  0xfda0, 0xfda0, 0xfda0, 0xfda0, 0xfda0, 0xfda0, 0xfda0, 0xfda0,
  0xfda0, 0xfda0, 0xfda0, 0xfda0, 0xfda0, 0xfda0, 0xfda0, 0xfda0,
  0xfda0, 0xfda0, 0xfda0, 0xfda0, 0xfda0, 0xfda0, 0xfda0, 0xfda0,
  0xfda0, 0xfda0, 0xfda0, 0xfda0, 0xfda0, 0xfda0, 0xfda0, 0xfda0,
  0xfda0, 0xfda0, 0xfda0, 0xfda0, 0xfda0, 0xfda0, 0xfda0, 0xfda0,
  0xfda0, 0xfda0, 0xfda0, 0xfda0, 0xfda0, 0xfda0, 0xfda0, 0xfda0,
  0xfda0, 0xfda0, 0xfda0, 0xfda0, 0xfda0, 0xfda0, 0xfda0, 0xfdc1,
  0xfdc0, 0xbc41, 0x0820, 0x0020, 0x0020, 0x0000, 0x0000, 0x0000,
  0x0000, 0x0000, 0x0000, 0x0820, 0xbc62, 0xfdc0, 0xfdc0, 0xfdc0,
  0xfda0, 0xfda0, 0xfda0, 0xfda0, 0xfda0, 0xfda0, 0xf800, 0xf800,
  0xf800, 0xf800, 0xf800, 0xf800, 0xf800, 0xf800, 0xf800, 0xf800,
  0xf800, 0xf800, 0xf800, 0xf800, 0xf800, 0xf800, 0xf800, 0xf800,
  0xf800, 0xf800, 0xf800, 0xf800, 0xf800, 0xf800, 0xf800, 0xf800,
  0xf800, 0xf800, 0xf800, 0xf800, 0xf800, 0xf800, 0xf800, 0xf800,
  0xf800, 0xf800, 0xf800, 0xf800, 0xf800, 0xf800, 0xf800, 0xf800,
  0xf800, 0xf800, 0xf800, 0xf800, 0xf800, 0xf800, 0xf800, 0xf800,
  0xf800, 0xf800, 0xf800, 0xf800, 0xf800, 0xf800, 0xf800, 0xf800,
  0xf800, 0xf800, 0xf800, 0xf800, 0xf800, 0xf800, 0xf800, 0xf800,
  0xf800, 0xf800, 0xfda0, 0xfda0, 0xfda0, 0xfda0, 0xfda0, 0xfda0,
  0xfda0, 0xfda0, 0xfdc0, 0xbc41, 0x0841, 0x0000, 0x0000, 0x0000,
  0x0000, 0x0000, 0x0000, 0x0000, 0x0000, 0x0841, 0xbc40, 0xfdc1,
  0xfdc0, 0xfda0, 0xfda0, 0xfda0, 0xfda0, 0xfda0, 0xfda0, 0xfda0,
  0xfda0, 0xfda0, 0xfda0, 0xfda0, 0xfda0, 0xfda0, 0xfda0, 0xfda0,
  0xfda0, 0xfda0, 0xfda0, 0xfda0, 0xfda0, 0xfda0, 0xfda0, 0xfda0,
  0xfda0, 0xfda0, 0xfda0, 0xfda0, 0xfda0, 0xfda0, 0xfda0, 0xfda0,
  0xfda0, 0xfda0, 0xfda0, 0xfda0, 0xfda0, 0xfda0, 0xfda0, 0xfda0,
  0xfda0, 0xfda0, 0xfda0, 0xfda0, 0xfda0, 0xfda0, 0xfda0, 0xfda0,
  0xfda0, 0xfda0, 0xfda0, 0xfda0, 0xfda0, 0xfda0, 0xfda0, 0xfda0,
  0xfda0, 0xfda0, 0xfdc0, 0xfdc0, 0xfde0, 0xfdc0, 0xf5a0, 0xed60,
  0xf560, 0xfd80, 0xfde0, 0xfde0, 0xfda0, 0xfda0, 0xfdc0, 0xfdc0,
  0xfda0, 0xfda0, 0xfda0, 0xfda0, 0xfda0, 0xfda0, 0xfda0, 0xfda0,
  0xfda0, 0xfda0, 0xfda0, 0xfda0, 0xfda0, 0xfda0, 0xfda0, 0xfda0,
  0xfda0, 0xfda0, 0xfda0, 0xfda0, 0xfda0, 0xfda0, 0xfda0, 0xfda0,
  0xfda0, 0xfda0, 0xfda0, 0xfda0, 0xfda0, 0xfda0, 0xfda0, 0xfda0,
  0xfda0, 0xfda0, 0xfda0, 0xfda0, 0xfda0, 0xfda0, 0xfda0, 0xfda0,
  0xfda0, 0xfda0, 0xfda0, 0xfda0, 0xfda0, 0xfda0, 0xfda0, 0xfda0,
  0xfda0, 0xfda0, 0xfda0, 0xfda0, 0xfda0, 0xfda0, 0xfda0, 0xfda0,
  0xfda0, 0xfdc1, 0x6240, 0x0001, 0x0020, 0x0000, 0x0000, 0x0000,
  0x0000, 0x0000, 0x0000, 0x0000, 0x4181, 0xf5a1, 0xfda0, 0xfdc0,
  0xfda0, 0xfda0, 0xfda0, 0xfda0, 0xfda0, 0xfda0, 0xf800, 0xf800,
  0xf800, 0xf800, 0xf800, 0xf800, 0xf800, 0xf800, 0xf800, 0xf800,
  0xf800, 0xf800, 0xf800, 0xf800, 0xf800, 0xf800, 0xf800, 0xf800,
  0xf800, 0xf800, 0xf800, 0xf800, 0xf800, 0xf800, 0xf800, 0xf800,
  0xf800, 0xf800, 0xf800, 0xf800, 0xf800, 0xf800, 0xf800, 0xf800,
  0xf800, 0xf800, 0xf800, 0xf800, 0xf800, 0xf800, 0xf800, 0xf800,
  0xf800, 0xf800, 0xf800, 0xf800, 0xf800, 0xf800, 0xf800, 0xf800,
  0xf800, 0xf800, 0xf800, 0xf800, 0xf800, 0xf800, 0xf800, 0xf800,
  0xf800, 0xf800, 0xf800, 0xf800, 0xf800, 0xf800, 0xf800, 0xf800,
  0xf800, 0xf800, 0xfda0, 0xfda0, 0xfda0, 0xfda0, 0xfda0, 0xfda0,
  0xfda0, 0xfdc0, 0xf5a1, 0x4180, 0x0001, 0x0020, 0x0000, 0x0000,
  0x0000, 0x0000, 0x0000, 0x0020, 0x0000, 0x6221, 0xfde1, 0xfda0,
  0xfda0, 0xfda0, 0xfda0, 0xfda0, 0xfda0, 0xfda0, 0xfda0, 0xfda0,
  0xfda0, 0xfda0, 0xfda0, 0xfda0, 0xfda0, 0xfda0, 0xfda0, 0xfda0,
  0xfda0, 0xfda0, 0xfda0, 0xfda0, 0xfda0, 0xfda0, 0xfda0, 0xfda0,
  0xfda0, 0xfda0, 0xfda0, 0xfda0, 0xfda0, 0xfda0, 0xfda0, 0xfda0,
  0xfda0, 0xfda0, 0xfda0, 0xfda0, 0xfda0, 0xfda0, 0xfda0, 0xfda0,
  0xfda0, 0xfda0, 0xfda0, 0xfda0, 0xfda0, 0xfda0, 0xfda0, 0xfda0,
  0xfda0, 0xfda0, 0xfda0, 0xfda0, 0xfda0, 0xfda0, 0xfda0, 0xfda0,
  0xfdc0, 0xfdc1, 0xfdc0, 0xed60, 0x9bc0, 0x5a00, 0x3100, 0x20c0,
  0x20c1, 0x3120, 0x5a41, 0xabe1, 0xeda0, 0xfde1, 0xfda1, 0xfda1,
  0xfda0, 0xfdc0, 0xfda0, 0xfda0, 0xfda0, 0xfda0, 0xfda0, 0xfda0,
  0xfda0, 0xfda0, 0xfda0, 0xfda0, 0xfda0, 0xfda0, 0xfda0, 0xfda0,
  0xfda0, 0xfda0, 0xfda0, 0xfda0, 0xfda0, 0xfda0, 0xfda0, 0xfda0,
  0xfda0, 0xfda0, 0xfda0, 0xfda0, 0xfda0, 0xfda0, 0xfda0, 0xfda0,
  0xfda0, 0xfda0, 0xfda0, 0xfda0, 0xfda0, 0xfda0, 0xfda0, 0xfda0,
  0xfda0, 0xfda0, 0xfda0, 0xfda0, 0xfda0, 0xfda0, 0xfda0, 0xfda0,
  0xfda0, 0xfda0, 0xfda0, 0xfda0, 0xfda0, 0xfda0, 0xfda0, 0xfda0,
  0xfda0, 0xfdc0, 0xd4e0, 0x18a1, 0x0020, 0x0000, 0x0000, 0x0000,
  0x0000, 0x0000, 0x0000, 0x0000, 0x0000, 0x9b80, 0xfde0, 0xfdc0,
  0xfda0, 0xfda0, 0xfda0, 0xfda0, 0xfda0, 0xfda0, 0xfdc0, 0xf800,
  0xf800, 0xf800, 0xf800, 0xf800, 0xf800, 0xf800, 0xf800, 0xf800,
  0xf800, 0xf800, 0xf800, 0xf800, 0xf800, 0xf800, 0xf800, 0xf800,
  0xf800, 0xf800, 0xf800, 0xf800, 0xf800, 0xf800, 0xf800, 0xf800,
  0xf800, 0xf800, 0xf800, 0xf800, 0xf800, 0xf800, 0xf800, 0xf800,
  0xf800, 0xf800, 0xf800, 0xf800, 0xf800, 0xf800, 0xf800, 0xf800,
  0xf800, 0xf800, 0xf800, 0xf800, 0xf800, 0xf800, 0xf800, 0xf800,
  0xf800, 0xf800, 0xf800, 0xf800, 0xf800, 0xf800, 0xf800, 0xf800,
  0xf800, 0xf800, 0xf800, 0xf800, 0xf800, 0xf800, 0xf800, 0xf800,
  0xf800, 0xfda0, 0xfda0, 0xfda0, 0xfda0, 0xfda0, 0xfda0, 0xfda0,
  0xfda0, 0xfde1, 0x9ba0, 0x0001, 0x0000, 0x0000, 0x0000, 0x0000,
  0x0000, 0x0000, 0x0000, 0x0000, 0x1881, 0xd4c1, 0xfdc0, 0xfdc0,
  0xfda0, 0xfda0, 0xfda0, 0xfda0, 0xfda0, 0xfda0, 0xfda0, 0xfda0,
  0xfda0, 0xfda0, 0xfda0, 0xfda0, 0xfda0, 0xfda0, 0xfda0, 0xfda0,
  0xfda0, 0xfda0, 0xfda0, 0xfda0, 0xfda0, 0xfda0, 0xfda0, 0xfda0,
  0xfda0, 0xfda0, 0xfda0, 0xfda0, 0xfda0, 0xfda0, 0xfda0, 0xfda0,
  0xfda0, 0xfda0, 0xfda0, 0xfda0, 0xfda0, 0xfda0, 0xfda0, 0xfda0,
  0xfda0, 0xfda0, 0xfda0, 0xfda0, 0xfda0, 0xfda0, 0xfda0, 0xfda0,
  0xfda0, 0xfda0, 0xfda0, 0xfda0, 0xfda0, 0xfda0, 0xfda0, 0xfda0,
  0xfdc0, 0xfdc0, 0xac00, 0x3120, 0x0001, 0x0000, 0x0000, 0x0000,
  0x0000, 0x0000, 0x0000, 0x0021, 0x4121, 0xbc40, 0xfde0, 0xfda0,
  0xfd81, 0xfdc0, 0xfda0, 0xfda0, 0xfda0, 0xfda0, 0xfda0, 0xfda0,
  0xfda0, 0xfda0, 0xfda0, 0xfda0, 0xfda0, 0xfda0, 0xfda0, 0xfda0,
  0xfda0, 0xfda0, 0xfda0, 0xfda0, 0xfda0, 0xfda0, 0xfda0, 0xfda0,
  0xfda0, 0xfda0, 0xfda0, 0xfda0, 0xfda0, 0xfda0, 0xfda0, 0xfda0,
  0xfda0, 0xfda0, 0xfda0, 0xfda0, 0xfda0, 0xfda0, 0xfda0, 0xfda0,
  0xfda0, 0xfda0, 0xfda0, 0xfda0, 0xfda0, 0xfda0, 0xfda0, 0xfda0,
  0xfda0, 0xfda0, 0xfda0, 0xfda0, 0xfda0, 0xfda0, 0xfda0, 0xfda0,
  0xfda0, 0xfdc0, 0xfde1, 0x8b00, 0x0001, 0x0000, 0x0000, 0x0000,
  0x0000, 0x0000, 0x0000, 0x0000, 0x0000, 0x20e0, 0xe541, 0xfdc0,
  0xfda0, 0xfda0, 0xfda0, 0xfda0, 0xfda0, 0xfda0, 0xfdc0, 0xfda0,
  0xf800, 0xf800, 0xf800, 0xf800, 0xf800, 0xf800, 0xf800, 0xf800,
  0xf800, 0xf800, 0xf800, 0xf800, 0xf800, 0xf800, 0xf800, 0xf800,
  0xf800, 0xf800, 0xf800, 0xf800, 0xf800, 0xf800, 0xf800, 0xf800,
  0xf800, 0xf800, 0xf800, 0xf800, 0xf800, 0xf800, 0xf800, 0xf800,
  0xf800, 0xf800, 0xf800, 0xf800, 0xf800, 0xf800, 0xf800, 0xf800,
  0xf800, 0xf800, 0xf800, 0xf800, 0xf800, 0xf800, 0xf800, 0xf800,
  0xf800, 0xf800, 0xf800, 0xf800, 0xf800, 0xf800, 0xf800, 0xf800,
  0xf800, 0xf800, 0xf800, 0xf800, 0xf800, 0xf800, 0xf800, 0xf800,
  0xfd80, 0xfdc0, 0xfda0, 0xfda0, 0xfda0, 0xfda0, 0xfda0, 0xfda0,
  0xfdc0, 0xed41, 0x28e1, 0x0000, 0x0000, 0x0001, 0x0000, 0x0000,
  0x0000, 0x0000, 0x0000, 0x0001, 0x8b01, 0xfde0, 0xfda0, 0xf5c0,
  0xfda0, 0xfda0, 0xfda0, 0xfda0, 0xfda0, 0xfda0, 0xfda0, 0xfda0,
  0xfda0, 0xfda0, 0xfda0, 0xfda0, 0xfda0, 0xfda0, 0xfda0, 0xfda0,
  0xfda0, 0xfda0, 0xfda0, 0xfda0, 0xfda0, 0xfda0, 0xfda0, 0xfda0,
  0xfda0, 0xfda0, 0xfda0, 0xfda0, 0xfda0, 0xfda0, 0xfda0, 0xfda0,
  0xfda0, 0xfda0, 0xfda0, 0xfda0, 0xfda0, 0xfda0, 0xfda0, 0xfda0,
  0xfda0, 0xfda0, 0xfda0, 0xfda0, 0xfda0, 0xfda0, 0xfda0, 0xfda0,
  0xfda0, 0xfda0, 0xfda0, 0xfda0, 0xfda0, 0xfda0, 0xfda0, 0xfdc0,
  0xfdc0, 0x8300, 0x0821, 0x0001, 0x0000, 0x0000, 0x0001, 0x0020,
  0x0020, 0x0020, 0x0020, 0x0000, 0x0000, 0x0821, 0x8b02, 0xfde0,
  0xfda0, 0xfdc0, 0xfda0, 0xfda0, 0xfda0, 0xfda0, 0xfda0, 0xfda0,
  0xfda0, 0xfda0, 0xfda0, 0xfda0, 0xfda0, 0xfda0, 0xfda0, 0xfda0,
  0xfda0, 0xfda0, 0xfda0, 0xfda0, 0xfda0, 0xfda0, 0xfda0, 0xfda0,
  0xfda0, 0xfda0, 0xfda0, 0xfda0, 0xfda0, 0xfda0, 0xfda0, 0xfda0,
  0xfda0, 0xfda0, 0xfda0, 0xfda0, 0xfda0, 0xfda0, 0xfda0, 0xfda0,
  0xfda0, 0xfda0, 0xfda0, 0xfda0, 0xfda0, 0xfda0, 0xfda0, 0xfda0,
  0xfda0, 0xfda0, 0xfda0, 0xfda0, 0xfda0, 0xfda0, 0xfda0, 0xfda0,
  0xfda0, 0xfda0, 0xfdc1, 0xed60, 0x3100, 0x0000, 0x0000, 0x0000,
  0x0000, 0x0000, 0x0000, 0x0000, 0x0000, 0x0000, 0x7ac1, 0xfde0,
  0xfda0, 0xfda0, 0xfda0, 0xfda0, 0xfda0, 0xfda0, 0xfdc0, 0xfdc0,
  0xf800, 0xf800, 0xf800, 0xf800, 0xf800, 0xf800, 0xf800, 0xf800,
  0xf800, 0xf800, 0xf800, 0xf800, 0xf800, 0xf800, 0xf800, 0xf800,
  0xf800, 0xf800, 0xf800, 0xf800, 0xf800, 0xf800, 0xf800, 0xf800,
  0xf800, 0xf800, 0xf800, 0xf800, 0xf800, 0xf800, 0xf800, 0xf800,
  0xf800, 0xf800, 0xf800, 0xf800, 0xf800, 0xf800, 0xf800, 0xf800,
  0xf800, 0xf800, 0xf800, 0xf800, 0xf800, 0xf800, 0xf800, 0xf800,
  0xf800, 0xf800, 0xf800, 0xf800, 0xf800, 0xf800, 0xf800, 0xf800,
  0xf800, 0xf800, 0xf800, 0xf800, 0xf800, 0xf800, 0xf800, 0xf800,
  0xfdc0, 0xfda0, 0xfda0, 0xfda0, 0xfda0, 0xfda0, 0xfda0, 0xfdc0,
  0xfdc1, 0x82e0, 0x0001, 0x0000, 0x0000, 0x0000, 0x0000, 0x0000,
  0x0000, 0x0000, 0x0001, 0x2901, 0xe560, 0xfdc0, 0xfda0, 0xfdc0,
  0xfda0, 0xfda0, 0xfda0, 0xfda0, 0xfda0, 0xfda0, 0xfda0, 0xfda0,
  0xfda0, 0xfda0, 0xfda0, 0xfda0, 0xfda0, 0xfda0, 0xfda0, 0xfda0,
  0xfda0, 0xfda0, 0xfda0, 0xfda0, 0xfda0, 0xfda0, 0xfda0, 0xfda0,
  0xfda0, 0xfda0, 0xfda0, 0xfda0, 0xfda0, 0xfda0, 0xfda0, 0xfda0,
  0xfda0, 0xfda0, 0xfda0, 0xfda0, 0xfda0, 0xfda0, 0xfda0, 0xfda0,
  0xfda0, 0xfda0, 0xfda0, 0xfda0, 0xfda0, 0xfda0, 0xfda0, 0xfda0,
  0xfda0, 0xfda0, 0xfda0, 0xfda0, 0xfda0, 0xfda0, 0xfdc1, 0xfde0,
  0x8b20, 0x0000, 0x0000, 0x0000, 0x0000, 0x0000, 0x0000, 0x0000,
  0x0000, 0x0000, 0x0000, 0x0000, 0x0000, 0x0000, 0x0801, 0x9340,
  0xfdc0, 0xfda0, 0xfda0, 0xfda0, 0xfda0, 0xfda0, 0xfda0, 0xfda0,
  0xfda0, 0xfda0, 0xfda0, 0xfda0, 0xfda0, 0xfda0, 0xfda0, 0xfda0,
  0xfda0, 0xfda0, 0xfda0, 0xfda0, 0xfda0, 0xfda0, 0xfda0, 0xfda0,
  0xfda0, 0xfda0, 0xfda0, 0xfda0, 0xfda0, 0xfda0, 0xfda0, 0xfda0,
  0xfda0, 0xfda0, 0xfda0, 0xfda0, 0xfda0, 0xfda0, 0xfda0, 0xfda0,
  0xfda0, 0xfda0, 0xfda0, 0xfda0, 0xfda0, 0xfda0, 0xfda0, 0xfda0,
  0xfda0, 0xfda0, 0xfda0, 0xfda0, 0xfda0, 0xfda0, 0xfda0, 0xfda0,
  0xfda0, 0xfda0, 0xfdc0, 0xfde0, 0xabc1, 0x0020, 0x0020, 0x0000,
  0x0020, 0x0000, 0x0000, 0x0000, 0x0000, 0x0000, 0x1080, 0xd4c0,
  0xfde0, 0xfda1, 0xfda1, 0xfda0, 0xfda0, 0xfda0, 0xfda0, 0xfda0,
  0xfda0, 0xf800, 0xf800, 0xf800, 0xf800, 0xf800, 0xf800, 0xf800,
  0xf800, 0xf800, 0xf800, 0xf800, 0xf800, 0xf800, 0xf800, 0xf800,
  0xf800, 0xf800, 0xf800, 0xf800, 0xf800, 0xf800, 0xf800, 0xf800,
  0xf800, 0xf800, 0xf800, 0xf800, 0xf800, 0xf800, 0xf800, 0xf800,
  0xf800, 0xf800, 0xf800, 0xf800, 0xf800, 0xf800, 0xf800, 0xf800,
  0xf800, 0xf800, 0xf800, 0xf800, 0xf800, 0xf800, 0xf800, 0xf800,
  0xf800, 0xf800, 0xf800, 0xf800, 0xf800, 0xf800, 0xf800, 0xf800,
  0xf800, 0xf800, 0xf800, 0xf800, 0xf800, 0xf800, 0xf800, 0xfda0,
  0xfdc0, 0xfda0, 0xfda0, 0xfda0, 0xfda0, 0xfda0, 0xfda0, 0xfdc0,
  0xd4c1, 0x1061, 0x0000, 0x0000, 0x0000, 0x0000, 0x0000, 0x0000,
  0x0000, 0x0000, 0x0002, 0xa3c0, 0xfde0, 0xfda0, 0xfda0, 0xfda0,
  0xfda0, 0xfda0, 0xfda0, 0xfda0, 0xfda0, 0xfda0, 0xfda0, 0xfda0,
  0xfda0, 0xfda0, 0xfda0, 0xfda0, 0xfda0, 0xfda0, 0xfda0, 0xfda0,
  0xfda0, 0xfda0, 0xfda0, 0xfda0, 0xfda0, 0xfda0, 0xfda0, 0xfda0,
  0xfda0, 0xfda0, 0xfda0, 0xfda0, 0xfda0, 0xfda0, 0xfda0, 0xfda0,
  0xfda0, 0xfda0, 0xfda0, 0xfda0, 0xfda0, 0xfda0, 0xfda0, 0xfda0,
  0xfda0, 0xfda0, 0xfda0, 0xfda0, 0xfda0, 0xfda0, 0xfda0, 0xfda0,
  0xfda0, 0xfda0, 0xfda0, 0xfda0, 0xfda0, 0xfdc0, 0xfdc1, 0xc480,
  0x1040, 0x0000, 0x0000, 0x0000, 0x0000, 0x0000, 0x0000, 0x0000,
  0x0000, 0x0000, 0x0000, 0x0000, 0x0000, 0x0000, 0x0000, 0x1041,
  0xc4a0, 0xfdc0, 0xfda0, 0xfda0, 0xfda0, 0xfda0, 0xfda0, 0xfda0,
  0xfda0, 0xfda0, 0xfda0, 0xfda0, 0xfda0, 0xfda0, 0xfda0, 0xfda0,
  0xfda0, 0xfda0, 0xfda0, 0xfda0, 0xfda0, 0xfda0, 0xfda0, 0xfda0,
  0xfda0, 0xfda0, 0xfda0, 0xfda0, 0xfda0, 0xfda0, 0xfda0, 0xfda0,
  0xfda0, 0xfda0, 0xfda0, 0xfda0, 0xfda0, 0xfda0, 0xfda0, 0xfda0,
  0xfda0, 0xfda0, 0xfda0, 0xfda0, 0xfda0, 0xfda0, 0xfda0, 0xfda0,
  0xfda0, 0xfda0, 0xfda0, 0xfda0, 0xfda0, 0xfda0, 0xfda0, 0xfda0,
  0xfda0, 0xfdc0, 0xfdc0, 0xfda0, 0xf5a1, 0x49a0, 0x0001, 0x0000,
  0x0000, 0x0000, 0x0000, 0x0000, 0x0000, 0x0000, 0x0000, 0x5a00,
  0xfdc0, 0xfda1, 0xfdc0, 0xfda0, 0xfda0, 0xfda0, 0xfda0, 0xfda0,
  0xfda0, 0xf800, 0xf800, 0xf800, 0xf800, 0xf800, 0xf800, 0xf800,
  0xf800, 0xf800, 0xf800, 0xf800, 0xf800, 0xf800, 0xf800, 0xf800,
  0xf800, 0xf800, 0xf800, 0xf800, 0xf800, 0xf800, 0xf800, 0xf800,
  0xf800, 0xf800, 0xf800, 0xf800, 0xf800, 0xf800, 0xf800, 0xf800,
  0xf800, 0xf800, 0xf800, 0xf800, 0xf800, 0xf800, 0xf800, 0xf800,
  0xf800, 0xf800, 0xf800, 0xf800, 0xf800, 0xf800, 0xf800, 0xf800,
  0xf800, 0xf800, 0xf800, 0xf800, 0xf800, 0xf800, 0xf800, 0xf800,
  0xf800, 0xf800, 0xf800, 0xf800, 0xf800, 0xf800, 0xf800, 0xfdc0,
  0xfda0, 0xfda0, 0xfda0, 0xfda0, 0xfda0, 0xfda0, 0xfdc0, 0xfdc1,
  0x5a01, 0x0001, 0x0000, 0x0000, 0x0000, 0x0000, 0x0000, 0x0000,
  0x0000, 0x0000, 0x49a1, 0xf5a1, 0xfda0, 0xfda0, 0xfda0, 0xfda0,
  0xfda0, 0xfda0, 0xfda0, 0xfda0, 0xfda0, 0xfda0, 0xfda0, 0xfda0,
  0xfda0, 0xfda0, 0xfda0, 0xfda0, 0xfda0, 0xfda0, 0xfda0, 0xfda0,
  0xfda0, 0xfda0, 0xfda0, 0xfda0, 0xfda0, 0xfda0, 0xfda0, 0xfda0,
  0xfda0, 0xfda0, 0xfda0, 0xfda0, 0xfda0, 0xfda0, 0xfda0, 0xfda0,
  0xfda0, 0xfda0, 0xfda0, 0xfda0, 0xfda0, 0xfda0, 0xfda0, 0xfda0,
  0xfda0, 0xfda0, 0xfda0, 0xfda0, 0xfda0, 0xfda0, 0xfda0, 0xfda0,
  0xfda0, 0xfda0, 0xfda0, 0xfda0, 0xfda0, 0xfdc0, 0xfdc1, 0x51a1,
  0x0000, 0x0000, 0x0000, 0x0000, 0x0000, 0x0000, 0x0000, 0x0000,
  0x0000, 0x0000, 0x0000, 0x0000, 0x0000, 0x0000, 0x0020, 0x0001,
  0x51e0, 0xfda0, 0xfdc0, 0xfda0, 0xfda0, 0xfda0, 0xfda0, 0xfda0,
  0xfda0, 0xfda0, 0xfda0, 0xfda0, 0xfda0, 0xfda0, 0xfda0, 0xfda0,
  0xfda0, 0xfda0, 0xfda0, 0xfda0, 0xfda0, 0xfda0, 0xfda0, 0xfda0,
  0xfda0, 0xfda0, 0xfda0, 0xfda0, 0xfda0, 0xfda0, 0xfda0, 0xfda0,
  0xfda0, 0xfda0, 0xfda0, 0xfda0, 0xfda0, 0xfda0, 0xfda0, 0xfda0,
  0xfda0, 0xfda0, 0xfda0, 0xfda0, 0xfda0, 0xfda0, 0xfda0, 0xfda0,
  0xfda0, 0xfda0, 0xfda0, 0xfda0, 0xfda0, 0xfda0, 0xfda0, 0xfda0,
  0xfda0, 0xfda0, 0xfdc0, 0xfda0, 0xfdc0, 0xc461, 0x1040, 0x0000,
  0x0000, 0x0000, 0x0000, 0x0000, 0x0000, 0x0000, 0x0000, 0x0820,
  0xb420, 0xfde1, 0xfda0, 0xfda0, 0xfda0, 0xfda0, 0xfda0, 0xfda0,
  0xfda0, 0xfda0, 0xf800, 0xf800, 0xf800, 0xf800, 0xf800, 0xf800,
  0xf800, 0xf800, 0xf800, 0xf800, 0xf800, 0xf800, 0xf800, 0xf800,
  0xf800, 0xf800, 0xf800, 0xf800, 0xf800, 0xf800, 0xf800, 0xf800,
  0xf800, 0xf800, 0xf800, 0xf800, 0xf800, 0xf800, 0xf800, 0xf800,
  0xf800, 0xf800, 0xf800, 0xf800, 0xf800, 0xf800, 0xf800, 0xf800,
  0xf800, 0xf800, 0xf800, 0xf800, 0xf800, 0xf800, 0xf800, 0xf800,
  0xf800, 0xf800, 0xf800, 0xf800, 0xf800, 0xf800, 0xf800, 0xf800,
  0xf800, 0xf800, 0xf800, 0xf800, 0xf800, 0xf800, 0xfda0, 0xfda0,
  0xfdc0, 0xfda0, 0xfda0, 0xfda0, 0xfda0, 0xfdc0, 0xfdc1, 0xb420,
  0x0820, 0x0000, 0x0000, 0x0000, 0x0000, 0x0000, 0x0000, 0x0000,
  0x0020, 0x1041, 0xc481, 0xfde0, 0xfdc0, 0xfda0, 0xfda0, 0xfda0,
  0xfda0, 0xfda0, 0xfda0, 0xfda0, 0xfda0, 0xfda0, 0xfda0, 0xfda0,
  0xfda0, 0xfda0, 0xfda0, 0xfda0, 0xfda0, 0xfda0, 0xfda0, 0xfda0,
  0xfda0, 0xfda0, 0xfda0, 0xfda0, 0xfda0, 0xfda0, 0xfda0, 0xfda0,
  0xfda0, 0xfda0, 0xfda0, 0xfda0, 0xfda0, 0xfda0, 0xfda0, 0xfda0,
  0xfda0, 0xfda0, 0xfda0, 0xfda0, 0xfda0, 0xfda0, 0xfda0, 0xfda0,
  0xfda0, 0xfda0, 0xfda0, 0xfda0, 0xfda0, 0xfda0, 0xfda0, 0xfda0,
  0xfda0, 0xfda0, 0xfda0, 0xfda0, 0xfda0, 0xfde0, 0xcc81, 0x0821,
  0x0000, 0x0000, 0x0000, 0x0000, 0x0000, 0x0000, 0x0000, 0x0000,
  0x0000, 0x0000, 0x0000, 0x0000, 0x0000, 0x0000, 0x0020, 0x0001,
  0x1040, 0xd4c1, 0xfdc0, 0xfdc0, 0xfda0, 0xfda0, 0xfda0, 0xfda0,
  0xfda0, 0xfda0, 0xfda0, 0xfda0, 0xfda0, 0xfda0, 0xfda0, 0xfda0,
  0xfda0, 0xfda0, 0xfda0, 0xfda0, 0xfda0, 0xfda0, 0xfda0, 0xfda0,
  0xfda0, 0xfda0, 0xfda0, 0xfda0, 0xfda0, 0xfda0, 0xfda0, 0xfda0,
  0xfda0, 0xfda0, 0xfda0, 0xfda0, 0xfda0, 0xfda0, 0xfda0, 0xfda0,
  0xfda0, 0xfda0, 0xfda0, 0xfda0, 0xfda0, 0xfda0, 0xfda0, 0xfda0,
  0xfda0, 0xfda0, 0xfda0, 0xfda0, 0xfda0, 0xfda0, 0xfda0, 0xfda0,
  0xfda0, 0xfda0, 0xfda0, 0xfdc0, 0xfda0, 0xfdc1, 0x6a60, 0x0000,
  0x0000, 0x0000, 0x0000, 0x0000, 0x0000, 0x0000, 0x0000, 0x0000,
  0x4140, 0xf581, 0xfda0, 0xfda0, 0xfda0, 0xfda0, 0xfda0, 0xfda0,
  0xfda0, 0xfda0, 0xf800, 0xf800, 0xf800, 0xf800, 0xf800, 0xf800,
  0xf800, 0xf800, 0xf800, 0xf800, 0xf800, 0xf800, 0xf800, 0xf800,
  0xf800, 0xf800, 0xf800, 0xf800, 0xf800, 0xf800, 0xf800, 0xf800,
  0xf800, 0xf800, 0xf800, 0xf800, 0xf800, 0xf800, 0xf800, 0xf800,
  0xf800, 0xf800, 0xf800, 0xf800, 0xf800, 0xf800, 0xf800, 0xf800,
  0xf800, 0xf800, 0xf800, 0xf800, 0xf800, 0xf800, 0xf800, 0xf800,
  0xf800, 0xf800, 0xf800, 0xf800, 0xf800, 0xf800, 0xf800, 0xf800,
  0xf800, 0xf800, 0xf800, 0xf800, 0xf800, 0xfda0, 0xfda0, 0xfda0,
  0xfda0, 0xfda0, 0xfda0, 0xfda0, 0xfda1, 0xfda1, 0xf581, 0x3960,
  0x0000, 0x0000, 0x0000, 0x0000, 0x0000, 0x0000, 0x0020, 0x0000,
  0x0001, 0x6a61, 0xfde1, 0xfda0, 0xfda0, 0xfdc0, 0xfda0, 0xfda0,
  0xfda0, 0xfda0, 0xfda0, 0xfda0, 0xfda0, 0xfda0, 0xfda0, 0xfda0,
  0xfda0, 0xfda0, 0xfda0, 0xfda0, 0xfda0, 0xfda0, 0xfda0, 0xfda0,
  0xfda0, 0xfda0, 0xfda0, 0xfda0, 0xfda0, 0xfda0, 0xfda0, 0xfda0,
  0xfda0, 0xfda0, 0xfda0, 0xfda0, 0xfda0, 0xfda0, 0xfda0, 0xfda0,
  0xfda0, 0xfda0, 0xfda0, 0xfda0, 0xfda0, 0xfda0, 0xfda0, 0xfda0,
  0xfda0, 0xfda0, 0xfda0, 0xfda0, 0xfda0, 0xfda0, 0xfda0, 0xfda0,
  0xfda0, 0xfda0, 0xfda0, 0xfda0, 0xfda0, 0xfde0, 0x9360, 0x0001,
  0x0001, 0x0000, 0x0000, 0x0000, 0x0000, 0x0000, 0x0000, 0x0000,
  0x0000, 0x0000, 0x0000, 0x0000, 0x0000, 0x0000, 0x0000, 0x0000,
  0x0001, 0x9360, 0xfde0, 0xfdc0, 0xfda0, 0xfda0, 0xfda0, 0xfda0,
  0xfda0, 0xfda0, 0xfda0, 0xfda0, 0xfda0, 0xfda0, 0xfda0, 0xfda0,
  0xfda0, 0xfda0, 0xfda0, 0xfda0, 0xfda0, 0xfda0, 0xfda0, 0xfda0,
  0xfda0, 0xfda0, 0xfda0, 0xfda0, 0xfda0, 0xfda0, 0xfda0, 0xfda0,
  0xfda0, 0xfda0, 0xfda0, 0xfda0, 0xfda0, 0xfda0, 0xfda0, 0xfda0,
  0xfda0, 0xfda0, 0xfda0, 0xfda0, 0xfda0, 0xfda0, 0xfda0, 0xfda0,
  0xfda0, 0xfda0, 0xfda0, 0xfda0, 0xfda0, 0xfda0, 0xfda0, 0xfda0,
  0xfda0, 0xfda0, 0xfda0, 0xfda0, 0xfda0, 0xfdc0, 0xdd00, 0x20a0,
  0x0000, 0x0000, 0x0000, 0x0000, 0x0000, 0x0000, 0x0000, 0x0000,
  0x0000, 0x9b41, 0xfde0, 0xfda0, 0xfdc0, 0xfda0, 0xfda0, 0xfda0,
  0xfda0, 0xfda0, 0xfd80, 0xf800, 0xf800, 0xf800, 0xf800, 0xf800,
  0xf800, 0xf800, 0xf800, 0xf800, 0xf800, 0xf800, 0xf800, 0xf800,
  0xf800, 0xf800, 0xf800, 0xf800, 0xf800, 0xf800, 0xf800, 0xf800,
  0xf800, 0xf800, 0xf800, 0xf800, 0xf800, 0xf800, 0xf800, 0xf800,
  0xf800, 0xf800, 0xf800, 0xf800, 0xf800, 0xf800, 0xf800, 0xf800,
  0xf800, 0xf800, 0xf800, 0xf800, 0xf800, 0xf800, 0xf800, 0xf800,
  0xf800, 0xf800, 0xf800, 0xf800, 0xf800, 0xf800, 0xf800, 0xf800,
  0xf800, 0xf800, 0xf800, 0xf800, 0xf800, 0xfda1, 0xfda0, 0xfda0,
  0xfda0, 0xfda0, 0xfda0, 0xfda0, 0xfdc0, 0xfdc1, 0x9381, 0x0001,
  0x0000, 0x0000, 0x0000, 0x0000, 0x0000, 0x0000, 0x0000, 0x0000,
  0x20a0, 0xdd00, 0xfde0, 0xfda0, 0xfda0, 0xfda0, 0xfda0, 0xfda0,
  0xfda0, 0xfda0, 0xfda0, 0xfda0, 0xfda0, 0xfda0, 0xfda0, 0xfda0,
  0xfda0, 0xfda0, 0xfda0, 0xfda0, 0xfda0, 0xfda0, 0xfda0, 0xfda0,
  0xfda0, 0xfda0, 0xfda0, 0xfda0, 0xfda0, 0xfda0, 0xfda0, 0xfda0,
  0xfda0, 0xfda0, 0xfda0, 0xfda0, 0xfda0, 0xfda0, 0xfda0, 0xfda0,
  0xfda0, 0xfda0, 0xfda0, 0xfda0, 0xfda0, 0xfda0, 0xfda0, 0xfda0,
  0xfda0, 0xfda0, 0xfda0, 0xfda0, 0xfda0, 0xfda0, 0xfda0, 0xfda0,
  0xfda0, 0xfda0, 0xfda0, 0xfda0, 0xfda0, 0xfdc0, 0x5a40, 0x0000,
  0x0000, 0x0000, 0x0000, 0x0000, 0x0000, 0x0000, 0x0000, 0x0000,
  0x0000, 0x0000, 0x0000, 0x0000, 0x0000, 0x0000, 0x0000, 0x0000,
  0x0000, 0x6a61, 0xfde1, 0xfdc0, 0xfdc0, 0xfda0, 0xfda0, 0xfda0,
  0xfda0, 0xfda0, 0xfda0, 0xfda0, 0xfda0, 0xfda0, 0xfda0, 0xfda0,
  0xfda0, 0xfda0, 0xfda0, 0xfda0, 0xfda0, 0xfda0, 0xfda0, 0xfda0,
  0xfda0, 0xfda0, 0xfda0, 0xfda0, 0xfda0, 0xfda0, 0xfda0, 0xfda0,
  0xfda0, 0xfda0, 0xfda0, 0xfda0, 0xfda0, 0xfda0, 0xfda0, 0xfda0,
  0xfda0, 0xfda0, 0xfda0, 0xfda0, 0xfda0, 0xfda0, 0xfda0, 0xfda0,
  0xfda0, 0xfda0, 0xfda0, 0xfda0, 0xfda0, 0xfda0, 0xfda0, 0xfda0,
  0xfda0, 0xfda0, 0xfda0, 0xfda0, 0xfda0, 0xfda0, 0xfde1, 0x9321,
  0x0000, 0x0000, 0x0000, 0x0000, 0x0000, 0x0000, 0x0000, 0x0020,
  0x0001, 0x28c1, 0xe520, 0xfdc0, 0xfda0, 0xfdc0, 0xfda0, 0xfda0,
  0xfda0, 0xfda0, 0xfdc0, 0xfda0, 0xf800, 0xf800, 0xf800, 0xf800,
  0xf800, 0xf800, 0xf800, 0xf800, 0xf800, 0xf800, 0xf800, 0xf800,
  0xf800, 0xf800, 0xf800, 0xf800, 0xf800, 0xf800, 0xf800, 0xf800,
  0xf800, 0xf800, 0xf800, 0xf800, 0xf800, 0xf800, 0xf800, 0xf800,
  0xf800, 0xf800, 0xf800, 0xf800, 0xf800, 0xf800, 0xf800, 0xf800,
  0xf800, 0xf800, 0xf800, 0xf800, 0xf800, 0xf800, 0xf800, 0xf800,
  0xf800, 0xf800, 0xf800, 0xf800, 0xf800, 0xf800, 0xf800, 0xf800,
  0xf800, 0xf800, 0xf800, 0xf800, 0xfda0, 0xfdc0, 0xfda0, 0xfda0,
  0xfda0, 0xfda0, 0xfdc0, 0xfda0, 0xfda0, 0xdd40, 0x20c1, 0x0000,
  0x0000, 0x0000, 0x0000, 0x0000, 0x0000, 0x0000, 0x0000, 0x0001,
  0x8340, 0xfde0, 0xfdc0, 0xfdc0, 0xfda0, 0xfda0, 0xfda0, 0xfda0,
  0xfda0, 0xfda0, 0xfda0, 0xfda0, 0xfda0, 0xfda0, 0xfda0, 0xfda0,
  0xfda0, 0xfda0, 0xfda0, 0xfda0, 0xfda0, 0xfda0, 0xfda0, 0xfda0,
  0xfda0, 0xfda0, 0xfda0, 0xfda0, 0xfda0, 0xfda0, 0xfda0, 0xfda0,
  0xfda0, 0xfda0, 0xfda0, 0xfda0, 0xfda0, 0xfda0, 0xfda0, 0xfda0,
  0xfda0, 0xfda0, 0xfda0, 0xfda0, 0xfda0, 0xfda0, 0xfda0, 0xfda0,
  0xfda0, 0xfda0, 0xfda0, 0xfda0, 0xfda0, 0xfda0, 0xfda0, 0xfda0,
  0xfda0, 0xfda0, 0xfda0, 0xfda0, 0xfda0, 0xfdc0, 0x49e0, 0x0000,
  0x0020, 0x0000, 0x0000, 0x0000, 0x0000, 0x0000, 0x0000, 0x0000,
  0x0000, 0x0000, 0x0000, 0x0000, 0x0000, 0x0000, 0x0000, 0x0000,
  0x0000, 0x51c1, 0xfde1, 0xfdc0, 0xfdc0, 0xfda0, 0xfda0, 0xfda0,
  0xfda0, 0xfda0, 0xfda0, 0xfda0, 0xfda0, 0xfda0, 0xfda0, 0xfda0,
  0xfda0, 0xfda0, 0xfda0, 0xfda0, 0xfda0, 0xfda0, 0xfda0, 0xfda0,
  0xfda0, 0xfda0, 0xfda0, 0xfda0, 0xfda0, 0xfda0, 0xfda0, 0xfda0,
  0xfda0, 0xfda0, 0xfda0, 0xfda0, 0xfda0, 0xfda0, 0xfda0, 0xfda0,
  0xfda0, 0xfda0, 0xfda0, 0xfda0, 0xfda0, 0xfda0, 0xfda0, 0xfda0,
  0xfda0, 0xfda0, 0xfda0, 0xfda0, 0xfda0, 0xfda0, 0xfda0, 0xfda0,
  0xfda0, 0xfda0, 0xfda0, 0xfda0, 0xfda0, 0xfdc0, 0xfdc0, 0xed61,
  0x3920, 0x0000, 0x0000, 0x0000, 0x0000, 0x0000, 0x0000, 0x0000,
  0x0000, 0x0000, 0x7280, 0xfde0, 0xfda0, 0xfda0, 0xfda0, 0xfda0,
  0xfda0, 0xfda0, 0xfdc0, 0xfda0, 0xf800, 0xf800, 0xf800, 0xf800,
  0xf800, 0xf800, 0xf800, 0xf800, 0xf800, 0xf800, 0xf800, 0xf800,
  0xf800, 0xf800, 0xf800, 0xf800, 0xf800, 0xf800, 0xf800, 0xf800,
  0xf800, 0xf800, 0xf800, 0xf800, 0xf800, 0xf800, 0xf800, 0xf800,
  0xf800, 0xf800, 0xf800, 0xf800, 0xf800, 0xf800, 0xf800, 0xf800,
  0xf800, 0xf800, 0xf800, 0xf800, 0xf800, 0xf800, 0xf800, 0xf800,
  0xf800, 0xf800, 0xf800, 0xf800, 0xf800, 0xf800, 0xf800, 0xf800,
  0xf800, 0xf800, 0xf800, 0xf800, 0xfda0, 0xfda0, 0xfda0, 0xfda0,
  0xfda0, 0xfdc0, 0xfda0, 0xfda0, 0xfdc0, 0x72a1, 0x0000, 0x0000,
  0x0000, 0x0000, 0x0000, 0x0000, 0x0000, 0x0000, 0x0000, 0x3120,
  0xed80, 0xfdc0, 0xfda0, 0xfda0, 0xfda0, 0xfda0, 0xfda0, 0xfda0,
  0xfda0, 0xfda0, 0xfda0, 0xfda0, 0xfda0, 0xfda0, 0xfda0, 0xfda0,
  0xfda0, 0xfda0, 0xfda0, 0xfda0, 0xfda0, 0xfda0, 0xfda0, 0xfda0,
  0xfda0, 0xfda0, 0xfda0, 0xfda0, 0xfda0, 0xfda0, 0xfda0, 0xfda0,
  0xfda0, 0xfda0, 0xfda0, 0xfda0, 0xfda0, 0xfda0, 0xfda0, 0xfda0,
  0xfda0, 0xfda0, 0xfda0, 0xfda0, 0xfda0, 0xfda0, 0xfda0, 0xfda0,
  0xfda0, 0xfda0, 0xfda0, 0xfda0, 0xfda0, 0xfda0, 0xfda0, 0xfda0,
  0xfda0, 0xfda0, 0xfda0, 0xfda0, 0xfda0, 0xfde0, 0x51e1, 0x0000,
  0x0021, 0x0000, 0x0000, 0x0000, 0x0000, 0x0000, 0x0000, 0x0000,
  0x0000, 0x0000, 0x0000, 0x0000, 0x0000, 0x0000, 0x0000, 0x0000,
  0x0000, 0x5a00, 0xfdc1, 0xfda0, 0xfdc0, 0xfda0, 0xfda0, 0xfda0,
  0xfda0, 0xfda0, 0xfda0, 0xfda0, 0xfda0, 0xfda0, 0xfda0, 0xfda0,
  0xfda0, 0xfda0, 0xfda0, 0xfda0, 0xfda0, 0xfda0, 0xfda0, 0xfda0,
  0xfda0, 0xfda0, 0xfda0, 0xfda0, 0xfda0, 0xfda0, 0xfda0, 0xfda0,
  0xfda0, 0xfda0, 0xfda0, 0xfda0, 0xfda0, 0xfda0, 0xfda0, 0xfda0,
  0xfda0, 0xfda0, 0xfda0, 0xfda0, 0xfda0, 0xfda0, 0xfda0, 0xfda0,
  0xfda0, 0xfda0, 0xfda0, 0xfda0, 0xfda0, 0xfda0, 0xfda0, 0xfda0,
  0xfda0, 0xfda0, 0xfda0, 0xfda0, 0xfda0, 0xfdc0, 0xfdc0, 0xfde1,
  0xabe0, 0x0801, 0x0021, 0x0000, 0x0000, 0x0000, 0x0000, 0x0000,
  0x0000, 0x0000, 0x1040, 0xcca1, 0xfdc0, 0xfda0, 0xfda0, 0xfda0,
  0xfda0, 0xfda0, 0xfda0, 0xfda0, 0xfda0, 0xf800, 0xf800, 0xf800,
  0xf800, 0xf800, 0xf800, 0xf800, 0xf800, 0xf800, 0xf800, 0xf800,
  0xf800, 0xf800, 0xf800, 0xf800, 0xf800, 0xf800, 0xf800, 0xf800,
  0xf800, 0xf800, 0xf800, 0xf800, 0xf800, 0xf800, 0xf800, 0xf800,
  0xf800, 0xf800, 0xf800, 0xf800, 0xf800, 0xf800, 0xf800, 0xf800,
  0xf800, 0xf800, 0xf800, 0xf800, 0xf800, 0xf800, 0xf800, 0xf800,
  0xf800, 0xf800, 0xf800, 0xf800, 0xf800, 0xf800, 0xf800, 0xf800,
  0xf800, 0xf800, 0xf800, 0xfda0, 0xfd81, 0xfda0, 0xfda0, 0xfda0,
  0xfda0, 0xfdc0, 0xfd81, 0xfdc0, 0xccc1, 0x1041, 0x0000, 0x0020,
  0x0000, 0x0000, 0x0000, 0x0000, 0x0000, 0x0000, 0x0000, 0xabe1,
  0xfde0, 0xfda1, 0xfda0, 0xfda0, 0xfda0, 0xfda0, 0xfda0, 0xfda0,
  0xfda0, 0xfda0, 0xfda0, 0xfda0, 0xfda0, 0xfda0, 0xfda0, 0xfda0,
  0xfda0, 0xfda0, 0xfda0, 0xfda0, 0xfda0, 0xfda0, 0xfda0, 0xfda0,
  0xfda0, 0xfda0, 0xfda0, 0xfda0, 0xfda0, 0xfda0, 0xfda0, 0xfda0,
  0xfda0, 0xfda0, 0xfda0, 0xfda0, 0xfda0, 0xfda0, 0xfda0, 0xfda0,
  0xfda0, 0xfda0, 0xfda0, 0xfda0, 0xfda0, 0xfda0, 0xfda0, 0xfda0,
  0xfda0, 0xfda0, 0xfda0, 0xfda0, 0xfda0, 0xfda0, 0xfda0, 0xfda0,
  0xfda0, 0xfda0, 0xfda0, 0xfda0, 0xfda0, 0xfde0, 0x7260, 0x0000,
  0x0001, 0x0000, 0x0000, 0x0000, 0x0000, 0x0000, 0x0000, 0x0000,
  0x0000, 0x0000, 0x0000, 0x0000, 0x0000, 0x0000, 0x0020, 0x0000,
  0x0000, 0x72a0, 0xfde0, 0xfdc0, 0xfda0, 0xfda0, 0xfda0, 0xfda0,
  0xfda0, 0xfda0, 0xfda0, 0xfda0, 0xfda0, 0xfda0, 0xfda0, 0xfda0,
  0xfda0, 0xfda0, 0xfda0, 0xfda0, 0xfda0, 0xfda0, 0xfda0, 0xfda0,
  0xfda0, 0xfda0, 0xfda0, 0xfda0, 0xfda0, 0xfda0, 0xfda0, 0xfda0,
  0xfda0, 0xfda0, 0xfda0, 0xfda0, 0xfda0, 0xfda0, 0xfda0, 0xfda0,
  0xfda0, 0xfda0, 0xfda0, 0xfda0, 0xfda0, 0xfda0, 0xfda0, 0xfda0,
  0xfda0, 0xfda0, 0xfda0, 0xfda0, 0xfda0, 0xfda0, 0xfda0, 0xfda0,
  0xfda0, 0xfda0, 0xfda0, 0xfda0, 0xfda0, 0xfda0, 0xfda0, 0xfdc0,
  0xfda0, 0x59e0, 0x0000, 0x0800, 0x0000, 0x0000, 0x0000, 0x0000,
  0x0000, 0x0000, 0x0000, 0x51c0, 0xfdc0, 0xfdc0, 0xfdc0, 0xfda0,
  0xfda0, 0xfda0, 0xfda0, 0xfda0, 0xfdc0, 0xf800, 0xf800, 0xf800,
  0xf800, 0xf800, 0xf800, 0xf800, 0xf800, 0xf800, 0xf800, 0xf800,
  0xf800, 0xf800, 0xf800, 0xf800, 0xf800, 0xf800, 0xf800, 0xf800,
  0xf800, 0xf800, 0xf800, 0xf800, 0xf800, 0xf800, 0xf800, 0xf800,
  0xf800, 0xf800, 0xf800, 0xf800, 0xf800, 0xf800, 0xf800, 0xf800,
  0xf800, 0xf800, 0xf800, 0xf800, 0xf800, 0xf800, 0xf800, 0xf800,
  0xf800, 0xf800, 0xf800, 0xf800, 0xf800, 0xf800, 0xf800, 0xf800,
  0xf800, 0xf800, 0xf800, 0xfdc0, 0xfda0, 0xfda0, 0xfda0, 0xfda0,
  0xfdc0, 0xfdc0, 0xfda1, 0xf5c1, 0x51e1, 0x0001, 0x0001, 0x0000,
  0x0000, 0x0000, 0x0000, 0x0000, 0x0000, 0x0000, 0x51c0, 0xfda1,
  0xfda1, 0xfda1, 0xfda0, 0xfda0, 0xfda0, 0xfda0, 0xfda0, 0xfda0,
  0xfda0, 0xfda0, 0xfda0, 0xfda0, 0xfda0, 0xfda0, 0xfda0, 0xfda0,
  0xfda0, 0xfda0, 0xfda0, 0xfda0, 0xfda0, 0xfda0, 0xfda0, 0xfda0,
  0xfda0, 0xfda0, 0xfda0, 0xfda0, 0xfda0, 0xfda0, 0xfda0, 0xfda0,
  0xfda0, 0xfda0, 0xfda0, 0xfda0, 0xfda0, 0xfda0, 0xfda0, 0xfda0,
  0xfda0, 0xfda0, 0xfda0, 0xfda0, 0xfda0, 0xfda0, 0xfda0, 0xfda0,
  0xfda0, 0xfda0, 0xfda0, 0xfda0, 0xfda0, 0xfda0, 0xfda0, 0xfda0,
  0xfda0, 0xfda0, 0xfda0, 0xfda0, 0xfda0, 0xfde0, 0xa3a1, 0x0000,
  0x0000, 0x0000, 0x0000, 0x0000, 0x0000, 0x0000, 0x0000, 0x0000,
  0x0000, 0x0000, 0x0000, 0x0000, 0x0000, 0x0000, 0x0000, 0x0000,
  0x0000, 0xa3e0, 0xfdc0, 0xfdc0, 0xfda1, 0xfda0, 0xfda0, 0xfda0,
  0xfda0, 0xfda0, 0xfda0, 0xfda0, 0xfda0, 0xfda0, 0xfda0, 0xfda0,
  0xfda0, 0xfda0, 0xfda0, 0xfda0, 0xfda0, 0xfda0, 0xfda0, 0xfda0,
  0xfda0, 0xfda0, 0xfda0, 0xfda0, 0xfda0, 0xfda0, 0xfda0, 0xfda0,
  0xfda0, 0xfda0, 0xfda0, 0xfda0, 0xfda0, 0xfda0, 0xfda0, 0xfda0,
  0xfda0, 0xfda0, 0xfda0, 0xfda0, 0xfda0, 0xfda0, 0xfda0, 0xfda0,
  0xfda0, 0xfda0, 0xfda0, 0xfda0, 0xfda0, 0xfda0, 0xfda0, 0xfda0,
  0xfda0, 0xfda0, 0xfda0, 0xfda0, 0xfda0, 0xfdc0, 0xfda0, 0xfdc0,
  0xfdc0, 0xccc0, 0x1060, 0x0000, 0x0000, 0x0000, 0x0000, 0x0000,
  0x0000, 0x0000, 0x0000, 0x0021, 0xabe1, 0xfde0, 0xfda0, 0xfda0,
  0xfda0, 0xfda0, 0xfda0, 0xfda0, 0xfda0, 0xfdc0, 0xf800, 0xf800,
  0xf800, 0xf800, 0xf800, 0xf800, 0xf800, 0xf800, 0xf800, 0xf800,
  0xf800, 0xf800, 0xf800, 0xf800, 0xf800, 0xf800, 0xf800, 0xf800,
  0xf800, 0xf800, 0xf800, 0xf800, 0xf800, 0xf800, 0xf800, 0xf800,
  0xf800, 0xf800, 0xf800, 0xf800, 0xf800, 0xf800, 0xf800, 0xf800,
  0xf800, 0xf800, 0xf800, 0xf800, 0xf800, 0xf800, 0xf800, 0xf800,
  0xf800, 0xf800, 0xf800, 0xf800, 0xf800, 0xf800, 0xf800, 0xf800,
  0xf800, 0xf800, 0xfda0, 0xfda0, 0xfda0, 0xfda0, 0xfda0, 0xfda0,
  0xfda0, 0xfdc0, 0xfdc0, 0xb3e1, 0x0020, 0x0000, 0x0000, 0x0000,
  0x0000, 0x0000, 0x0000, 0x0021, 0x0000, 0x1081, 0xcca0, 0xfde0,
  0xfda0, 0xfda0, 0xfda0, 0xfda0, 0xfda0, 0xfda0, 0xfda0, 0xfda0,
  0xfda0, 0xfda0, 0xfda0, 0xfda0, 0xfda0, 0xfda0, 0xfda0, 0xfda0,
  0xfda0, 0xfda0, 0xfda0, 0xfda0, 0xfda0, 0xfda0, 0xfda0, 0xfda0,
  0xfda0, 0xfda0, 0xfda0, 0xfda0, 0xfda0, 0xfda0, 0xfda0, 0xfda0,
  0xfda0, 0xfda0, 0xfda0, 0xfda0, 0xfda0, 0xfda0, 0xfda0, 0xfda0,
  0xfda0, 0xfda0, 0xfda0, 0xfda0, 0xfda0, 0xfda0, 0xfda0, 0xfda0,
  0xfda0, 0xfda0, 0xfda0, 0xfda0, 0xfda0, 0xfda0, 0xfda0, 0xfda0,
  0xfda0, 0xfda0, 0xfda0, 0xfda0, 0xfda0, 0xfdc1, 0xe500, 0x1881,
  0x0001, 0x0000, 0x0000, 0x0000, 0x0000, 0x0000, 0x0000, 0x0000,
  0x0000, 0x0000, 0x0000, 0x0000, 0x0000, 0x0000, 0x0021, 0x0021,
  0x20a1, 0xe521, 0xfdc0, 0xfda0, 0xfda0, 0xfda0, 0xfda0, 0xfda0,
  0xfda0, 0xfda0, 0xfda0, 0xfda0, 0xfda0, 0xfda0, 0xfda0, 0xfda0,
  0xfda0, 0xfda0, 0xfda0, 0xfda0, 0xfda0, 0xfda0, 0xfda0, 0xfda0,
  0xfda0, 0xfda0, 0xfda0, 0xfda0, 0xfda0, 0xfda0, 0xfda0, 0xfda0,
  0xfda0, 0xfda0, 0xfda0, 0xfda0, 0xfda0, 0xfda0, 0xfda0, 0xfda0,
  0xfda0, 0xfda0, 0xfda0, 0xfda0, 0xfda0, 0xfda0, 0xfda0, 0xfda0,
  0xfda0, 0xfda0, 0xfda0, 0xfda0, 0xfda0, 0xfda0, 0xfda0, 0xfda0,
  0xfda0, 0xfda0, 0xfda0, 0xfda0, 0xfda0, 0xfda0, 0xfda0, 0xfda0,
  0xfdc0, 0xfdc1, 0x6a80, 0x0001, 0x0000, 0x0000, 0x0000, 0x0000,
  0x0000, 0x0000, 0x0000, 0x0000, 0x3120, 0xed80, 0xfdc0, 0xfdc0,
  0xfda0, 0xfda0, 0xfda0, 0xfda0, 0xfda0, 0xfdc0, 0xfda0, 0xf800,
  0xf800, 0xf800, 0xf800, 0xf800, 0xf800, 0xf800, 0xf800, 0xf800,
  0xf800, 0xf800, 0xf800, 0xf800, 0xf800, 0xf800, 0xf800, 0xf800,
  0xf800, 0xf800, 0xf800, 0xf800, 0xf800, 0xf800, 0xf800, 0xf800,
  0xf800, 0xf800, 0xf800, 0xf800, 0xf800, 0xf800, 0xf800, 0xf800,
  0xf800, 0xf800, 0xf800, 0xf800, 0xf800, 0xf800, 0xf800, 0xf800,
  0xf800, 0xf800, 0xf800, 0xf800, 0xf800, 0xf800, 0xf800, 0xf800,
  0xf800, 0xfd80, 0xfda0, 0xfda0, 0xfda0, 0xfda0, 0xfda0, 0xfda0,
  0xfda0, 0xfda1, 0xed80, 0x3921, 0x0000, 0x0000, 0x0000, 0x0000,
  0x0000, 0x0000, 0x0000, 0x0001, 0x0001, 0x72a0, 0xfde0, 0xfda0,
  0xfda0, 0xfda0, 0xfda0, 0xfda0, 0xfda0, 0xfda0, 0xfda0, 0xfda0,
  0xfda0, 0xfda0, 0xfda0, 0xfda0, 0xfda0, 0xfda0, 0xfda0, 0xfda0,
  0xfda0, 0xfda0, 0xfda0, 0xfda0, 0xfda0, 0xfda0, 0xfda0, 0xfda0,
  0xfda0, 0xfda0, 0xfda0, 0xfda0, 0xfda0, 0xfda0, 0xfda0, 0xfda0,
  0xfda0, 0xfda0, 0xfda0, 0xfda0, 0xfda0, 0xfda0, 0xfda0, 0xfda0,
  0xfda0, 0xfda0, 0xfda0, 0xfda0, 0xfda0, 0xfda0, 0xfda0, 0xfda0,
  0xfda0, 0xfda0, 0xfda0, 0xfda0, 0xfda0, 0xfda0, 0xfda0, 0xfda0,
  0xfda0, 0xfda0, 0xfda0, 0xfda0, 0xfda0, 0xfdc0, 0xfde0, 0x7aa0,
  0x0001, 0x0000, 0x0000, 0x0000, 0x0000, 0x0000, 0x0000, 0x0000,
  0x0000, 0x0000, 0x0000, 0x0000, 0x0000, 0x0000, 0x0020, 0x0001,
  0x7ac1, 0xfdc0, 0xfda0, 0xfda0, 0xfda0, 0xfda0, 0xfda0, 0xfda0,
  0xfda0, 0xfda0, 0xfda0, 0xfda0, 0xfda0, 0xfda0, 0xfda0, 0xfda0,
  0xfda0, 0xfda0, 0xfda0, 0xfda0, 0xfda0, 0xfda0, 0xfda0, 0xfda0,
  0xfda0, 0xfda0, 0xfda0, 0xfda0, 0xfda0, 0xfda0, 0xfda0, 0xfda0,
  0xfda0, 0xfda0, 0xfda0, 0xfda0, 0xfda0, 0xfda0, 0xfda0, 0xfda0,
  0xfda0, 0xfda0, 0xfda0, 0xfda0, 0xfda0, 0xfda0, 0xfda0, 0xfda0,
  0xfda0, 0xfda0, 0xfda0, 0xfda0, 0xfda0, 0xfda0, 0xfda0, 0xfda0,
  0xfda0, 0xfda0, 0xfda0, 0xfda0, 0xfda0, 0xfda0, 0xfda0, 0xfda0,
  0xfdc0, 0xfda1, 0xdd40, 0x20a1, 0x0000, 0x0000, 0x0000, 0x0000,
  0x0000, 0x0000, 0x0000, 0x0001, 0x0000, 0x8b41, 0xfde0, 0xfda0,
  0xfdc0, 0xfda0, 0xfda0, 0xfda0, 0xfda0, 0xfdc0, 0xfda0, 0xf800,
  0xf800, 0xf800, 0xf800, 0xf800, 0xf800, 0xf800, 0xf800, 0xf800,
  0xf800, 0xf800, 0xf800, 0xf800, 0xf800, 0xf800, 0xf800, 0xf800,
  0xf800, 0xf800, 0xf800, 0xf800, 0xf800, 0xf800, 0xf800, 0xf800,
  0xf800, 0xf800, 0xf800, 0xf800, 0xf800, 0xf800, 0xf800, 0xf800,
  0xf800, 0xf800, 0xf800, 0xf800, 0xf800, 0xf800, 0xf800, 0xf800,
  0xf800, 0xf800, 0xf800, 0xf800, 0xf800, 0xf800, 0xf800, 0xf800,
  0xf800, 0xfda0, 0xfda0, 0xfda0, 0xfda0, 0xfda0, 0xfda0, 0xfda0,
  0xfda0, 0xfde1, 0x9321, 0x0000, 0x0000, 0x0000, 0x0000, 0x0000,
  0x0000, 0x0000, 0x0000, 0x0000, 0x20a0, 0xe520, 0xfdc1, 0xfda0,
  0xfda0, 0xfda0, 0xfda0, 0xfda0, 0xfda0, 0xfda0, 0xfda0, 0xfda0,
  0xfda0, 0xfda0, 0xfda0, 0xfda0, 0xfda0, 0xfda0, 0xfda0, 0xfda0,
  0xfda0, 0xfda0, 0xfda0, 0xfda0, 0xfda0, 0xfda0, 0xfda0, 0xfda0,
  0xfda0, 0xfda0, 0xfda0, 0xfda0, 0xfda0, 0xfda0, 0xfda0, 0xfda0,
  0xfda0, 0xfda0, 0xfda0, 0xfda0, 0xfda0, 0xfda0, 0xfda0, 0xfda0,
  0xfda0, 0xfda0, 0xfda0, 0xfda0, 0xfda0, 0xfda0, 0xfda0, 0xfda0,
  0xfda0, 0xfda0, 0xfda0, 0xfda0, 0xfda0, 0xfda0, 0xfda0, 0xfda0,
  0xfda0, 0xfda0, 0xfda0, 0xfda0, 0xfda0, 0xfda0, 0xfdc0, 0xe521,
  0x30e0, 0x0000, 0x0000, 0x0000, 0x0000, 0x0000, 0x0000, 0x0000,
  0x0000, 0x0000, 0x0000, 0x0000, 0x0000, 0x0000, 0x0001, 0x3120,
  0xe541, 0xfdc0, 0xfda0, 0xfda0, 0xfda0, 0xfda0, 0xfda0, 0xfda0,
  0xfda0, 0xfda0, 0xfda0, 0xfda0, 0xfda0, 0xfda0, 0xfda0, 0xfda0,
  0xfda0, 0xfda0, 0xfda0, 0xfda0, 0xfda0, 0xfda0, 0xfda0, 0xfda0,
  0xfda0, 0xfda0, 0xfda0, 0xfda0, 0xfda0, 0xfda0, 0xfda0, 0xfda0,
  0xfda0, 0xfda0, 0xfda0, 0xfda0, 0xfda0, 0xfda0, 0xfda0, 0xfda0,
  0xfda0, 0xfda0, 0xfda0, 0xfda0, 0xfda0, 0xfda0, 0xfda0, 0xfda0,
  0xfda0, 0xfda0, 0xfda0, 0xfda0, 0xfda0, 0xfda0, 0xfda0, 0xfda0,
  0xfda0, 0xfda0, 0xfda0, 0xfda0, 0xfda0, 0xfda0, 0xfda0, 0xfda0,
  0xfda0, 0xf5a0, 0xfde0, 0x9b60, 0x0000, 0x0000, 0x0000, 0x0000,
  0x0000, 0x0000, 0x0000, 0x0001, 0x0001, 0x20a0, 0xdd02, 0xfdc0,
  0xfda1, 0xfda0, 0xfda0, 0xfda0, 0xfdc0, 0xfda0, 0xfdc0, 0xfda0,
  0xf800, 0xf800, 0xf800, 0xf800, 0xf800, 0xf800, 0xf800, 0xf800,
  0xf800, 0xf800, 0xf800, 0xf800, 0xf800, 0xf800, 0xf800, 0xf800,
  0xf800, 0xf800, 0xf800, 0xf800, 0xf800, 0xf800, 0xf800, 0xf800,
  0xf800, 0xf800, 0xf800, 0xf800, 0xf800, 0xf800, 0xf800, 0xf800,
  0xf800, 0xf800, 0xf800, 0xf800, 0xf800, 0xf800, 0xf800, 0xf800,
  0xf800, 0xf800, 0xf800, 0xf800, 0xf800, 0xf800, 0xf800, 0xf800,
  0xfda0, 0xfda0, 0xfda0, 0xfda0, 0xfda0, 0xfda0, 0xfdc0, 0xfdc0,
  0xfdc0, 0xdd00, 0x2081, 0x0000, 0x0000, 0x0000, 0x0000, 0x0000,
  0x0000, 0x0000, 0x0000, 0x0000, 0x9b41, 0xfe00, 0xfda0, 0xfda0,
  0xfda0, 0xfda0, 0xfda0, 0xfda0, 0xfda0, 0xfda0, 0xfda0, 0xfda0,
  0xfda0, 0xfda0, 0xfda0, 0xfda0, 0xfda0, 0xfda0, 0xfda0, 0xfda0,
  0xfda0, 0xfda0, 0xfda0, 0xfda0, 0xfda0, 0xfda0, 0xfda0, 0xfda0,
  0xfda0, 0xfda0, 0xfda0, 0xfda0, 0xfda0, 0xfda0, 0xfda0, 0xfda0,
  0xfda0, 0xfda0, 0xfda0, 0xfda0, 0xfda0, 0xfda0, 0xfda0, 0xfda0,
  0xfda0, 0xfda0, 0xfda0, 0xfda0, 0xfda0, 0xfda0, 0xfda0, 0xfda0,
  0xfda0, 0xfda0, 0xfda0, 0xfda0, 0xfda0, 0xfda0, 0xfda0, 0xfda0,
  0xfda0, 0xfda0, 0xfda0, 0xfda0, 0xfda0, 0xfda0, 0xfdc0, 0xfde0,
  0xcc81, 0x20c0, 0x0001, 0x0000, 0x0000, 0x0020, 0x0000, 0x0000,
  0x0000, 0x0000, 0x0000, 0x0000, 0x0000, 0x0000, 0x20e1, 0xcca0,
  0xfdc0, 0xfdc0, 0xfda0, 0xfda0, 0xfda0, 0xfda0, 0xfda0, 0xfda0,
  0xfda0, 0xfda0, 0xfda0, 0xfda0, 0xfda0, 0xfda0, 0xfda0, 0xfda0,
  0xfda0, 0xfda0, 0xfda0, 0xfda0, 0xfda0, 0xfda0, 0xfda0, 0xfda0,
  0xfda0, 0xfda0, 0xfda0, 0xfda0, 0xfda0, 0xfda0, 0xfda0, 0xfda0,
  0xfda0, 0xfda0, 0xfda0, 0xfda0, 0xfda0, 0xfda0, 0xfda0, 0xfda0,
  0xfda0, 0xfda0, 0xfda0, 0xfda0, 0xfda0, 0xfda0, 0xfda0, 0xfda0,
  0xfda0, 0xfda0, 0xfda0, 0xfda0, 0xfda0, 0xfda0, 0xfda0, 0xfda0,
  0xfda0, 0xfda0, 0xfda0, 0xfda0, 0xfda0, 0xfda0, 0xfda0, 0xfda0,
  0xfda0, 0xfdc0, 0xfda0, 0xf580, 0x3940, 0x0000, 0x0000, 0x0000,
  0x0000, 0x0000, 0x0000, 0x0000, 0x0000, 0x0000, 0x6a61, 0xfde1,
  0xfda1, 0xfdc0, 0xfda0, 0xfda0, 0xfdc0, 0xfda0, 0xfda0, 0xfda0,
  0xf800, 0xf800, 0xf800, 0xf800, 0xf800, 0xf800, 0xf800, 0xf800,
  0xf800, 0xf800, 0xf800, 0xf800, 0xf800, 0xf800, 0xf800, 0xf800,
  0xf800, 0xf800, 0xf800, 0xf800, 0xf800, 0xf800, 0xf800, 0xf800,
  0xf800, 0xf800, 0xf800, 0xf800, 0xf800, 0xf800, 0xf800, 0xf800,
  0xf800, 0xf800, 0xf800, 0xf800, 0xf800, 0xf800, 0xf800, 0xf800,
  0xf800, 0xf800, 0xf800, 0xf800, 0xf800, 0xf800, 0xf800, 0xf800,
  0xfda0, 0xfda0, 0xfda0, 0xfda0, 0xfda0, 0xfda0, 0xfdc0, 0xfda0,
  0xfde0, 0x7281, 0x0001, 0x0000, 0x0000, 0x0000, 0x0000, 0x0000,
  0x0000, 0x0020, 0x0001, 0x3940, 0xf580, 0xfdc0, 0xfda0, 0xfda0,
  0xfda0, 0xfda0, 0xfda0, 0xfda0, 0xfda0, 0xfda0, 0xfda0, 0xfda0,
  0xfda0, 0xfda0, 0xfda0, 0xfda0, 0xfda0, 0xfda0, 0xfda0, 0xfda0,
  0xfda0, 0xfda0, 0xfda0, 0xfda0, 0xfda0, 0xfda0, 0xfda0, 0xfda0,
  0xfda0, 0xfda0, 0xfda0, 0xfda0, 0xfda0, 0xfda0, 0xfda0, 0xfda0,
  0xfda0, 0xfda0, 0xfda0, 0xfda0, 0xfda0, 0xfda0, 0xfda0, 0xfda0,
  0xfda0, 0xfda0, 0xfda0, 0xfda0, 0xfda0, 0xfda0, 0xfda0, 0xfda0,
  0xfda0, 0xfda0, 0xfda0, 0xfda0, 0xfda0, 0xfda0, 0xfda0, 0xfda0,
  0xfda0, 0xfda0, 0xfda0, 0xfda0, 0xfda0, 0xfda0, 0xfda0, 0xfda0,
  0xfde0, 0xccc1, 0x3961, 0x0001, 0x0000, 0x0000, 0x0000, 0x0020,
  0x0020, 0x0001, 0x0001, 0x0000, 0x0000, 0x4181, 0xccc1, 0xfe00,
  0xfda1, 0xfda0, 0xfda0, 0xfda0, 0xfda0, 0xfda0, 0xfda0, 0xfda0,
  0xfda0, 0xfda0, 0xfda0, 0xfda0, 0xfda0, 0xfda0, 0xfda0, 0xfda0,
  0xfda0, 0xfda0, 0xfda0, 0xfda0, 0xfda0, 0xfda0, 0xfda0, 0xfda0,
  0xfda0, 0xfda0, 0xfda0, 0xfda0, 0xfda0, 0xfda0, 0xfda0, 0xfda0,
  0xfda0, 0xfda0, 0xfda0, 0xfda0, 0xfda0, 0xfda0, 0xfda0, 0xfda0,
  0xfda0, 0xfda0, 0xfda0, 0xfda0, 0xfda0, 0xfda0, 0xfda0, 0xfda0,
  0xfda0, 0xfda0, 0xfda0, 0xfda0, 0xfda0, 0xfda0, 0xfda0, 0xfda0,
  0xfda0, 0xfda0, 0xfda0, 0xfda0, 0xfda0, 0xfda0, 0xfda0, 0xfda0,
  0xfda0, 0xfda0, 0xfda0, 0xfdc0, 0xb420, 0x0040, 0x0000, 0x0000,
  0x0000, 0x0000, 0x0000, 0x0000, 0x0000, 0x0000, 0x1040, 0xcc61,
  0xfdc0, 0xfdc0, 0xfda0, 0xfda0, 0xfda0, 0xfda0, 0xfda0, 0xfdc0,
  0xfd80, 0xf800, 0xf800, 0xf800, 0xf800, 0xf800, 0xf800, 0xf800,
  0xf800, 0xf800, 0xf800, 0xf800, 0xf800, 0xf800, 0xf800, 0xf800,
  0xf800, 0xf800, 0xf800, 0xf800, 0xf800, 0xf800, 0xf800, 0xf800,
  0xf800, 0xf800, 0xf800, 0xf800, 0xf800, 0xf800, 0xf800, 0xf800,
  0xf800, 0xf800, 0xf800, 0xf800, 0xf800, 0xf800, 0xf800, 0xf800,
  0xf800, 0xf800, 0xf800, 0xf800, 0xf800, 0xf800, 0xf800, 0xfda0,
  0xfda0, 0xfda0, 0xfda0, 0xfda0, 0xfda0, 0xfdc0, 0xfdc0, 0xfda0,
  0xdd01, 0x18a0, 0x0001, 0x0000, 0x0000, 0x0000, 0x0000, 0x0000,
  0x0020, 0x0001, 0x0820, 0xb421, 0xfe00, 0xfdc1, 0xfda0, 0xfda0,
  0xfda0, 0xfda0, 0xfda0, 0xfda0, 0xfda0, 0xfda0, 0xfda0, 0xfda0,
  0xfda0, 0xfda0, 0xfda0, 0xfda0, 0xfda0, 0xfda0, 0xfda0, 0xfda0,
  0xfda0, 0xfda0, 0xfda0, 0xfda0, 0xfda0, 0xfda0, 0xfda0, 0xfda0,
  0xfda0, 0xfda0, 0xfda0, 0xfda0, 0xfda0, 0xfda0, 0xfda0, 0xfda0,
  0xfda0, 0xfda0, 0xfda0, 0xfda0, 0xfda0, 0xfda0, 0xfda0, 0xfda0,
  0xfda0, 0xfda0, 0xfda0, 0xfda0, 0xfda0, 0xfda0, 0xfda0, 0xfda0,
  0xfda0, 0xfda0, 0xfda0, 0xfda0, 0xfda0, 0xfda0, 0xfda0, 0xfda0,
  0xfda0, 0xfda0, 0xfda0, 0xfda0, 0xfda0, 0xfda0, 0xfda0, 0xfda0,
  0xfda0, 0xfdc1, 0xed81, 0x8b42, 0x3140, 0x0820, 0x0001, 0x0000,
  0x0000, 0x0000, 0x1040, 0x3941, 0x9381, 0xf580, 0xfda0, 0xfdc0,
  0xfda0, 0xfda0, 0xfda0, 0xfda0, 0xfda0, 0xfda0, 0xfda0, 0xfda0,
  0xfda0, 0xfda0, 0xfda0, 0xfda0, 0xfda0, 0xfda0, 0xfda0, 0xfda0,
  0xfda0, 0xfda0, 0xfda0, 0xfda0, 0xfda0, 0xfda0, 0xfda0, 0xfda0,
  0xfda0, 0xfda0, 0xfda0, 0xfda0, 0xfda0, 0xfda0, 0xfda0, 0xfda0,
  0xfda0, 0xfda0, 0xfda0, 0xfda0, 0xfda0, 0xfda0, 0xfda0, 0xfda0,
  0xfda0, 0xfda0, 0xfda0, 0xfda0, 0xfda0, 0xfda0, 0xfda0, 0xfda0,
  0xfda0, 0xfda0, 0xfda0, 0xfda0, 0xfda0, 0xfda0, 0xfda0, 0xfda0,
  0xfda0, 0xfda0, 0xfda0, 0xfda0, 0xfda0, 0xfda0, 0xfda0, 0xfda0,
  0xfda0, 0xfda0, 0xfda0, 0xfda0, 0xfdc1, 0x59e0, 0x0001, 0x0000,
  0x0000, 0x0000, 0x0000, 0x0000, 0x0000, 0x0000, 0x0001, 0x6240,
  0xfde1, 0xfda0, 0xfda0, 0xfda0, 0xfda0, 0xfda0, 0xfda0, 0xfdc0,
  0xfdc0, 0xf800, 0xf800, 0xf800, 0xf800, 0xf800, 0xf800, 0xf800,
  0xf800, 0xf800, 0xf800, 0xf800, 0xf800, 0xf800, 0xf800, 0xf800,
  0xf800, 0xf800, 0xf800, 0xf800, 0xf800, 0xf800, 0xf800, 0xf800,
  0xf800, 0xf800, 0xf800, 0xf800, 0xf800, 0xf800, 0xf800, 0xf800,
  0xf800, 0xf800, 0xf800, 0xf800, 0xf800, 0xf800, 0xf800, 0xf800,
  0xf800, 0xf800, 0xf800, 0xf800, 0xf800, 0xf800, 0xf800, 0xfda0,
  0xfda0, 0xfda0, 0xfda0, 0xfda0, 0xfda0, 0xfdc0, 0xfda0, 0xfde0,
  0x8b42, 0x0000, 0x0000, 0x0000, 0x0000, 0x0000, 0x0000, 0x0000,
  0x0020, 0x0001, 0x6221, 0xfdc1, 0xfda1, 0xfdc0, 0xfdc0, 0xfda0,
  0xfda0, 0xfda0, 0xfda0, 0xfda0, 0xfda0, 0xfda0, 0xfda0, 0xfda0,
  0xfda0, 0xfda0, 0xfda0, 0xfda0, 0xfda0, 0xfda0, 0xfda0, 0xfda0,
  0xfda0, 0xfda0, 0xfda0, 0xfda0, 0xfda0, 0xfda0, 0xfda0, 0xfda0,
  0xfda0, 0xfda0, 0xfda0, 0xfda0, 0xfda0, 0xfda0, 0xfda0, 0xfda0,
  0xfda0, 0xfda0, 0xfda0, 0xfda0, 0xfda0, 0xfda0, 0xfda0, 0xfda0,
  0xfda0, 0xfda0, 0xfda0, 0xfda0, 0xfda0, 0xfda0, 0xfda0, 0xfda0,
  0xfda0, 0xfda0, 0xfda0, 0xfda0, 0xfda0, 0xfda0, 0xfda0, 0xfda0,
  0xfda0, 0xfda0, 0xfda0, 0xfda0, 0xfda0, 0xfda0, 0xfda0, 0xfda0,
  0xfdc0, 0xfdc0, 0xfdc1, 0xfde0, 0xf580, 0xd481, 0xabc1, 0x9340,
  0x9360, 0xabc0, 0xccc0, 0xf581, 0xfdc0, 0xfdc0, 0xfdc0, 0xfdc0,
  0xfda0, 0xfda0, 0xfda0, 0xfda0, 0xfda0, 0xfda0, 0xfda0, 0xfda0,
  0xfda0, 0xfda0, 0xfda0, 0xfda0, 0xfda0, 0xfda0, 0xfda0, 0xfda0,
  0xfda0, 0xfda0, 0xfda0, 0xfda0, 0xfda0, 0xfda0, 0xfda0, 0xfda0,
  0xfda0, 0xfda0, 0xfda0, 0xfda0, 0xfda0, 0xfda0, 0xfda0, 0xfda0,
  0xfda0, 0xfda0, 0xfda0, 0xfda0, 0xfda0, 0xfda0, 0xfda0, 0xfda0,
  0xfda0, 0xfda0, 0xfda0, 0xfda0, 0xfda0, 0xfda0, 0xfda0, 0xfda0,
  0xfda0, 0xfda0, 0xfda0, 0xfda0, 0xfda0, 0xfda0, 0xfda0, 0xfda0,
  0xfda0, 0xfda0, 0xfda0, 0xfda0, 0xfda0, 0xfda0, 0xfda0, 0xfda0,
  0xfda0, 0xfda0, 0xfda0, 0xfdc0, 0xfde0, 0xd4c0, 0x1881, 0x0000,
  0x0000, 0x0000, 0x0000, 0x0000, 0x0000, 0x0000, 0x0000, 0x1880,
  0xdd20, 0xfdc0, 0xfda0, 0xfda0, 0xfda0, 0xfda0, 0xfda0, 0xfda0,
  0xfdc0, 0xfda0, 0xf800, 0xf800, 0xf800, 0xf800, 0xf800, 0xf800,
  0xf800, 0xf800, 0xf800, 0xf800, 0xf800, 0xf800, 0xf800, 0xf800,
  0xf800, 0xf800, 0xf800, 0xf800, 0xf800, 0xf800, 0xf800, 0xf800,
  0xf800, 0xf800, 0xf800, 0xf800, 0xf800, 0xf800, 0xf800, 0xf800,
  0xf800, 0xf800, 0xf800, 0xf800, 0xf800, 0xf800, 0xf800, 0xf800,
  0xf800, 0xf800, 0xf800, 0xf800, 0xf800, 0xf800, 0xfd80, 0xfda0,
  0xfda0, 0xfda0, 0xfda0, 0xfda0, 0xfda0, 0xfdc0, 0xfda0, 0xfdc0,
  0x49a0, 0x0000, 0x0000, 0x0000, 0x0000, 0x0000, 0x0000, 0x0000,
  0x0000, 0x1060, 0xccc1, 0xfdc0, 0xfda0, 0xfda0, 0xfda0, 0xfda0,
  0xfda0, 0xfda0, 0xfda0, 0xfda0, 0xfda0, 0xfda0, 0xfda0, 0xfda0,
  0xfda0, 0xfda0, 0xfda0, 0xfda0, 0xfda0, 0xfda0, 0xfda0, 0xfda0,
  0xfda0, 0xfda0, 0xfda0, 0xfda0, 0xfda0, 0xfda0, 0xfda0, 0xfda0,
  0xfda0, 0xfda0, 0xfda0, 0xfda0, 0xfda0, 0xfda0, 0xfda0, 0xfda0,
  0xfda0, 0xfda0, 0xfda0, 0xfda0, 0xfda0, 0xfda0, 0xfda0, 0xfda0,
  0xfda0, 0xfda0, 0xfda0, 0xfda0, 0xfda0, 0xfda0, 0xfda0, 0xfda0,
  0xfda0, 0xfda0, 0xfda0, 0xfda0, 0xfda0, 0xfda0, 0xfda0, 0xfda0,
  0xfda0, 0xfda0, 0xfda0, 0xfda0, 0xfda0, 0xfda0, 0xfda0, 0xfda0,
  0xfda0, 0xfda0, 0xfda0, 0xfda0, 0xfdc0, 0xfdc0, 0xfde0, 0xfde0,
  0xfde0, 0xfde0, 0xfdc0, 0xfdc0, 0xfda0, 0xfda0, 0xfda0, 0xfda0,
  0xfda0, 0xfda0, 0xfda0, 0xfda0, 0xfda0, 0xfda0, 0xfda0, 0xfda0,
  0xfda0, 0xfda0, 0xfda0, 0xfda0, 0xfda0, 0xfda0, 0xfda0, 0xfda0,
  0xfda0, 0xfda0, 0xfda0, 0xfda0, 0xfda0, 0xfda0, 0xfda0, 0xfda0,
  0xfda0, 0xfda0, 0xfda0, 0xfda0, 0xfda0, 0xfda0, 0xfda0, 0xfda0,
  0xfda0, 0xfda0, 0xfda0, 0xfda0, 0xfda0, 0xfda0, 0xfda0, 0xfda0,
  0xfda0, 0xfda0, 0xfda0, 0xfda0, 0xfda0, 0xfda0, 0xfda0, 0xfda0,
  0xfda0, 0xfda0, 0xfda0, 0xfda0, 0xfda0, 0xfda0, 0xfda0, 0xfda0,
  0xfda0, 0xfda0, 0xfda0, 0xfda0, 0xfda0, 0xfda0, 0xfda0, 0xfda0,
  0xfda0, 0xfda0, 0xfda0, 0xfda0, 0xfda0, 0xfdc0, 0x7ac1, 0x0001,
  0x0020, 0x0000, 0x0000, 0x0000, 0x0000, 0x0000, 0x0000, 0x0000,
  0xa3c0, 0xfde0, 0xfda0, 0xfda0, 0xfda0, 0xfda0, 0xfda0, 0xfda0,
  0xfda0, 0xfda0, 0xf800, 0xf800, 0xf800, 0xf800, 0xf800, 0xf800,
  0xf800, 0xf800, 0xf800, 0xf800, 0xf800, 0xf800, 0xf800, 0xf800,
  0xf800, 0xf800, 0xf800, 0xf800, 0xf800, 0xf800, 0xf800, 0xf800,
  0xf800, 0xf800, 0xf800, 0xf800, 0xf800, 0xf800, 0xf800, 0xf800,
  0xf800, 0xf800, 0xf800, 0xf800, 0xf800, 0xf800, 0xf800, 0xf800,
  0xf800, 0xf800, 0xf800, 0xf800, 0xf800, 0xf800, 0xfda1, 0xfda0,
  0xfda0, 0xfda0, 0xfda0, 0xfda0, 0xfda0, 0xfda0, 0xfdc0, 0xe521,
  0x20a0, 0x0000, 0x0000, 0x0000, 0x0000, 0x0000, 0x0000, 0x0000,
  0x0000, 0x7aa1, 0xfe00, 0xfda0, 0xfda0, 0xfda0, 0xfda0, 0xfda0,
  0xfda0, 0xfda0, 0xfda0, 0xfda0, 0xfda0, 0xfda0, 0xfda0, 0xfda0,
  0xfda0, 0xfda0, 0xfda0, 0xfda0, 0xfda0, 0xfda0, 0xfda0, 0xfda0,
  0xfda0, 0xfda0, 0xfda0, 0xfda0, 0xfda0, 0xfda0, 0xfda0, 0xfda0,
  0xfda0, 0xfda0, 0xfda0, 0xfda0, 0xfda0, 0xfda0, 0xfda0, 0xfda0,
  0xfda0, 0xfda0, 0xfda0, 0xfda0, 0xfda0, 0xfda0, 0xfda0, 0xfda0,
  0xfda0, 0xfda0, 0xfda0, 0xfda0, 0xfda0, 0xfda0, 0xfda0, 0xfda0,
  0xfda0, 0xfda0, 0xfda0, 0xfda0, 0xfda0, 0xfda0, 0xfda0, 0xfda0,
  0xfda0, 0xfda0, 0xfda0, 0xfda0, 0xfda0, 0xfda0, 0xfda0, 0xfda0,
  0xfda0, 0xfda0, 0xfda0, 0xfda0, 0xfda0, 0xfda0, 0xfda0, 0xfda0,
  0xfda0, 0xfda0, 0xfda0, 0xfda0, 0xfda0, 0xfda0, 0xfda0, 0xfda0,
  0xfda0, 0xfda0, 0xfda0, 0xfda0, 0xfda0, 0xfda0, 0xfda0, 0xfda0,
  0xfda0, 0xfda0, 0xfda0, 0xfda0, 0xfda0, 0xfda0, 0xfda0, 0xfda0,
  0xfda0, 0xfda0, 0xfda0, 0xfda0, 0xfda0, 0xfda0, 0xfda0, 0xfda0,
  0xfda0, 0xfda0, 0xfda0, 0xfda0, 0xfda0, 0xfda0, 0xfda0, 0xfda0,
  0xfda0, 0xfda0, 0xfda0, 0xfda0, 0xfda0, 0xfda0, 0xfda0, 0xfda0,
  0xfda0, 0xfda0, 0xfda0, 0xfda0, 0xfda0, 0xfda0, 0xfda0, 0xfda0,
  0xfda0, 0xfda0, 0xfda0, 0xfda0, 0xfda0, 0xfda0, 0xfda0, 0xfda0,
  0xfda0, 0xfda0, 0xfda0, 0xfda0, 0xfda0, 0xfda0, 0xfda0, 0xfda0,
  0xfda0, 0xfda0, 0xfda0, 0xfda0, 0xfdc0, 0xfdc0, 0xed21, 0x28c0,
  0x0000, 0x0000, 0x0000, 0x0000, 0x0000, 0x0000, 0x0000, 0x0000,
  0x7260, 0xfde0, 0xfda0, 0xfda0, 0xfda0, 0xfda0, 0xfda0, 0xfda0,
  0xfda0, 0xfda0, 0xfda0, 0xf800, 0xf800, 0xf800, 0xf800, 0xf800,
  0xf800, 0xf800, 0xf800, 0xf800, 0xf800, 0xf800, 0xf800, 0xf800,
  0xf800, 0xf800, 0xf800, 0xf800, 0xf800, 0xf800, 0xf800, 0xf800,
  0xf800, 0xf800, 0xf800, 0xf800, 0xf800, 0xf800, 0xf800, 0xf800,
  0xf800, 0xf800, 0xf800, 0xf800, 0xf800, 0xf800, 0xf800, 0xf800,
  0xf800, 0xf800, 0xf800, 0xf800, 0xf800, 0xf800, 0xfdc1, 0xfda0,
  0xfda0, 0xfda0, 0xfda0, 0xfda0, 0xfda0, 0xfdc0, 0xfda0, 0xc481,
  0x0001, 0x0000, 0x0000, 0x0000, 0x0000, 0x0000, 0x0000, 0x0000,
  0x1061, 0xd4e1, 0xfdc1, 0xfdc0, 0xfda0, 0xfda0, 0xfda0, 0xfda0,
  0xfda0, 0xfda0, 0xfda0, 0xfda0, 0xfda0, 0xfda0, 0xfda0, 0xfda0,
  0xfda0, 0xfda0, 0xfda0, 0xfda0, 0xfda0, 0xfda0, 0xfda0, 0xfda0,
  0xfda0, 0xfda0, 0xfda0, 0xfda0, 0xfda0, 0xfda0, 0xfda0, 0xfda0,
  0xfda0, 0xfda0, 0xfda0, 0xfda0, 0xfda0, 0xfda0, 0xfda0, 0xfda0,
  0xfda0, 0xfda0, 0xfda0, 0xfda0, 0xfda0, 0xfda0, 0xfda0, 0xfda0,
  0xfda0, 0xfda0, 0xfda0, 0xfda0, 0xfda0, 0xfda0, 0xfda0, 0xfda0,
  0xfda0, 0xfda0, 0xfda0, 0xfda0, 0xfda0, 0xfda0, 0xfda0, 0xfda0,
  0xfda0, 0xfda0, 0xfda0, 0xfda0, 0xfda0, 0xfda0, 0xfda0, 0xfda0,
  0xfda0, 0xfda0, 0xfda0, 0xfda0, 0xfda0, 0xfda0, 0xfda0, 0xfda0,
  0xfda0, 0xfda0, 0xfda0, 0xfda0, 0xfda0, 0xfda0, 0xfda0, 0xfda0,
  0xfda0, 0xfda0, 0xfda0, 0xfda0, 0xfda0, 0xfda0, 0xfda0, 0xfda0,
  0xfda0, 0xfda0, 0xfda0, 0xfda0, 0xfda0, 0xfda0, 0xfda0, 0xfda0,
  0xfda0, 0xfda0, 0xfda0, 0xfda0, 0xfda0, 0xfda0, 0xfda0, 0xfda0,
  0xfda0, 0xfda0, 0xfda0, 0xfda0, 0xfda0, 0xfda0, 0xfda0, 0xfda0,
  0xfda0, 0xfda0, 0xfda0, 0xfda0, 0xfda0, 0xfda0, 0xfda0, 0xfda0,
  0xfda0, 0xfda0, 0xfda0, 0xfda0, 0xfda0, 0xfda0, 0xfda0, 0xfda0,
  0xfda0, 0xfda0, 0xfda0, 0xfda0, 0xfda0, 0xfda0, 0xfda0, 0xfda0,
  0xfda0, 0xfda0, 0xfda0, 0xfda0, 0xfda0, 0xfda0, 0xfda0, 0xfda0,
  0xfda0, 0xfda0, 0xfda0, 0xfda0, 0xfdc0, 0xfda0, 0xfde1, 0x82e1,
  0x0001, 0x0020, 0x0000, 0x0000, 0x0000, 0x0000, 0x0001, 0x0000,
  0x4181, 0xfda0, 0xfdc0, 0xfda0, 0xfda0, 0xfda0, 0xfda0, 0xfda0,
  0xfda0, 0xfda0, 0xfda0, 0xf800, 0xf800, 0xf800, 0xf800, 0xf800,
  0xf800, 0xf800, 0xf800, 0xf800, 0xf800, 0xf800, 0xf800, 0xf800,
  0xf800, 0xf800, 0xf800, 0xf800, 0xf800, 0xf800, 0xf800, 0xf800,
  0xf800, 0xf800, 0xf800, 0xf800, 0xf800, 0xf800, 0xf800, 0xf800,
  0xf800, 0xf800, 0xf800, 0xf800, 0xf800, 0xf800, 0xf800, 0xf800,
  0xf800, 0xf800, 0xf800, 0xf800, 0xf800, 0xfda0, 0xfda0, 0xfda0,
  0xfda0, 0xfda0, 0xfda0, 0xfda0, 0xfda0, 0xfdc0, 0xfde0, 0xa3e0,
  0x0000, 0x0000, 0x0000, 0x0000, 0x0000, 0x0000, 0x0000, 0x0000,
  0x4141, 0xfda0, 0xfdc1, 0xfdc0, 0xfda0, 0xfda0, 0xfda0, 0xfda0,
  0xfda0, 0xfda0, 0xfda0, 0xfda0, 0xfda0, 0xfda0, 0xfda0, 0xfda0,
  0xfda0, 0xfda0, 0xfda0, 0xfda0, 0xfda0, 0xfda0, 0xfda0, 0xfda0,
  0xfda0, 0xfda0, 0xfda0, 0xfda0, 0xfda0, 0xfda0, 0xfda0, 0xfda0,
  0xfda0, 0xfda0, 0xfda0, 0xfda0, 0xfda0, 0xfda0, 0xfda0, 0xfda0,
  0xfda0, 0xfda0, 0xfda0, 0xfda0, 0xfda0, 0xfda0, 0xfda0, 0xfda0,
  0xfda0, 0xfda0, 0xfda0, 0xfda0, 0xfda0, 0xfda0, 0xfda0, 0xfda0,
  0xfda0, 0xfda0, 0xfda0, 0xfda0, 0xfda0, 0xfda0, 0xfda0, 0xfda0,
  0xfda0, 0xfda0, 0xfda0, 0xfda0, 0xfda0, 0xfda0, 0xfda0, 0xfda0,
  0xfda0, 0xfda0, 0xfda0, 0xfda0, 0xfda0, 0xfda0, 0xfda0, 0xfda0,
  0xfda0, 0xfda0, 0xfda0, 0xfda0, 0xfda0, 0xfda0, 0xfda0, 0xfda0,
  0xfda0, 0xfda0, 0xfda0, 0xfda0, 0xfda0, 0xfda0, 0xfda0, 0xfda0,
  0xfda0, 0xfda0, 0xfda0, 0xfda0, 0xfda0, 0xfda0, 0xfda0, 0xfda0,
  0xfda0, 0xfda0, 0xfda0, 0xfda0, 0xfda0, 0xfda0, 0xfda0, 0xfda0,
  0xfda0, 0xfda0, 0xfda0, 0xfda0, 0xfda0, 0xfda0, 0xfda0, 0xfda0,
  0xfda0, 0xfda0, 0xfda0, 0xfda0, 0xfda0, 0xfda0, 0xfda0, 0xfda0,
  0xfda0, 0xfda0, 0xfda0, 0xfda0, 0xfda0, 0xfda0, 0xfda0, 0xfda0,
  0xfda0, 0xfda0, 0xfda0, 0xfda0, 0xfda0, 0xfda0, 0xfda0, 0xfda0,
  0xfda0, 0xfda0, 0xfda0, 0xfda0, 0xfda0, 0xfda0, 0xfda0, 0xfda0,
  0xfda0, 0xfda0, 0xfda0, 0xfda0, 0xfda0, 0xfda0, 0xfde0, 0xc440,
  0x0021, 0x0001, 0x0000, 0x0000, 0x0000, 0x0000, 0x0000, 0x0000,
  0x2900, 0xf560, 0xfdc0, 0xfda0, 0xfda0, 0xfda0, 0xfda0, 0xfda0,
  0xfda0, 0xfda0, 0xfda0, 0xf800, 0xf800, 0xf800, 0xf800, 0xf800,
  0xf800, 0xf800, 0xf800, 0xf800, 0xf800, 0xf800, 0xf800, 0xf800,
  0xf800, 0xf800, 0xf800, 0xf800, 0xf800, 0xf800, 0xf800, 0xf800,
  0xf800, 0xf800, 0xf800, 0xf800, 0xf800, 0xf800, 0xf800, 0xf800,
  0xf800, 0xf800, 0xf800, 0xf800, 0xf800, 0xf800, 0xf800, 0xf800,
  0xf800, 0xf800, 0xf800, 0xf800, 0xf800, 0xfda0, 0xfda0, 0xfdc0,
  0xfda0, 0xfda0, 0xfda0, 0xfda0, 0xfda0, 0xfdc0, 0xfde1, 0xa3a0,
  0x0000, 0x0000, 0x0000, 0x0000, 0x0000, 0x0000, 0x0000, 0x0000,
  0x5a01, 0xfde0, 0xfda0, 0xfda0, 0xfda0, 0xfda0, 0xfda0, 0xfda0,
  0xfda0, 0xfda0, 0xfda0, 0xfda0, 0xfda0, 0xfda0, 0xfda0, 0xfda0,
  0xfda0, 0xfda0, 0xfda0, 0xfda0, 0xfda0, 0xfda0, 0xfda0, 0xfda0,
  0xfda0, 0xfda0, 0xfda0, 0xfda0, 0xfda0, 0xfda0, 0xfda0, 0xfda0,
  0xfda0, 0xfda0, 0xfda0, 0xfda0, 0xfda0, 0xfda0, 0xfda0, 0xfda0,
  0xfda0, 0xfda0, 0xfda0, 0xfda0, 0xfda0, 0xfda0, 0xfda0, 0xfda0,
  0xfda0, 0xfda0, 0xfda0, 0xfda0, 0xfda0, 0xfda0, 0xfda0, 0xfda0,
  0xfda0, 0xfda0, 0xfda0, 0xfda0, 0xfda0, 0xfda0, 0xfda0, 0xfda0,
  0xfda0, 0xfda0, 0xfda0, 0xfda0, 0xfda0, 0xfda0, 0xfda0, 0xfda0,
  0xfda0, 0xfda0, 0xfda0, 0xfda0, 0xfda0, 0xfda0, 0xfda0, 0xfda0,
  0xfda0, 0xfda0, 0xfda0, 0xfda0, 0xfda0, 0xfda0, 0xfda0, 0xfda0,
  0xfda0, 0xfda0, 0xfda0, 0xfda0, 0xfda0, 0xfda0, 0xfda0, 0xfda0,
  0xfda0, 0xfda0, 0xfda0, 0xfda0, 0xfda0, 0xfda0, 0xfda0, 0xfda0,
  0xfda0, 0xfda0, 0xfda0, 0xfda0, 0xfda0, 0xfda0, 0xfda0, 0xfda0,
  0xfda0, 0xfda0, 0xfda0, 0xfda0, 0xfda0, 0xfda0, 0xfda0, 0xfda0,
  0xfda0, 0xfda0, 0xfda0, 0xfda0, 0xfda0, 0xfda0, 0xfda0, 0xfda0,
  0xfda0, 0xfda0, 0xfda0, 0xfda0, 0xfda0, 0xfda0, 0xfda0, 0xfda0,
  0xfda0, 0xfda0, 0xfda0, 0xfda0, 0xfda0, 0xfda0, 0xfda0, 0xfda0,
  0xfda0, 0xfda0, 0xfda0, 0xfda0, 0xfda0, 0xfda0, 0xfda0, 0xfda0,
  0xfda0, 0xfda0, 0xfda0, 0xfda0, 0xfda0, 0xfda0, 0xfdc0, 0xd4e1,
  0x0860, 0x0000, 0x0000, 0x0000, 0x0000, 0x0000, 0x0000, 0x0000,
  0x20c0, 0xed40, 0xfdc0, 0xfda0, 0xfda0, 0xfda0, 0xfda0, 0xfda0,
  0xfda0, 0xfda0, 0xfda0, 0xfda0, 0xf800, 0xf800, 0xf800, 0xf800,
  0xf800, 0xf800, 0xf800, 0xf800, 0xf800, 0xf800, 0xf800, 0xf800,
  0xf800, 0xf800, 0xf800, 0xf800, 0xf800, 0xf800, 0xf800, 0xf800,
  0xf800, 0xf800, 0xf800, 0xf800, 0xf800, 0xf800, 0xf800, 0xf800,
  0xf800, 0xf800, 0xf800, 0xf800, 0xf800, 0xf800, 0xf800, 0xf800,
  0xf800, 0xf800, 0xf800, 0xf800, 0xf800, 0xfda0, 0xfda0, 0xfdc0,
  0xfda0, 0xfda0, 0xfda0, 0xfda0, 0xfda0, 0xfdc0, 0xfde1, 0xa3a0,
  0x0000, 0x0000, 0x0000, 0x0000, 0x0000, 0x0000, 0x0000, 0x0000,
  0x5200, 0xfde0, 0xfda0, 0xfdc0, 0xfda0, 0xfda0, 0xfda0, 0xfda0,
  0xfda0, 0xfda0, 0xfda0, 0xfda0, 0xfda0, 0xfda0, 0xfda0, 0xfda0,
  0xfda0, 0xfda0, 0xfda0, 0xfda0, 0xfda0, 0xfda0, 0xfda0, 0xfda0,
  0xfda0, 0xfda0, 0xfda0, 0xfda0, 0xfda0, 0xfda0, 0xfda0, 0xfda0,
  0xfda0, 0xfda0, 0xfda0, 0xfda0, 0xfda0, 0xfda0, 0xfda0, 0xfda0,
  0xfda0, 0xfda0, 0xfda0, 0xfda0, 0xfda0, 0xfda0, 0xfda0, 0xfda0,
  0xfda0, 0xfda0, 0xfda0, 0xfda0, 0xfda0, 0xfda0, 0xfda0, 0xfda0,
  0xfda0, 0xfda0, 0xfda0, 0xfda0, 0xfda0, 0xfda0, 0xfda0, 0xfda0,
  0xfda0, 0xfda0, 0xfda0, 0xfda0, 0xfda0, 0xfda0, 0xfda0, 0xfda0,
  0xfda0, 0xfda0, 0xfda0, 0xfda0, 0xfda0, 0xfda0, 0xfda0, 0xfda0,
  0xfda0, 0xfda0, 0xfda0, 0xfda0, 0xfda0, 0xfda0, 0xfda0, 0xfda0,
  0xfda0, 0xfda0, 0xfda0, 0xfda0, 0xfda0, 0xfda0, 0xfda0, 0xfda0,
  0xfda0, 0xfda0, 0xfda0, 0xfda0, 0xfda0, 0xfda0, 0xfda0, 0xfda0,
  0xfda0, 0xfda0, 0xfda0, 0xfda0, 0xfda0, 0xfda0, 0xfda0, 0xfda0,
  0xfda0, 0xfda0, 0xfda0, 0xfda0, 0xfda0, 0xfda0, 0xfda0, 0xfda0,
  0xfda0, 0xfda0, 0xfda0, 0xfda0, 0xfda0, 0xfda0, 0xfda0, 0xfda0,
  0xfda0, 0xfda0, 0xfda0, 0xfda0, 0xfda0, 0xfda0, 0xfda0, 0xfda0,
  0xfda0, 0xfda0, 0xfda0, 0xfda0, 0xfda0, 0xfda0, 0xfda0, 0xfda0,
  0xfda0, 0xfda0, 0xfda0, 0xfda0, 0xfda0, 0xfda0, 0xfda0, 0xfda0,
  0xfda0, 0xfda0, 0xfda0, 0xfda0, 0xfda0, 0xfda0, 0xfdc0, 0xd4c1,
  0x0840, 0x0000, 0x0000, 0x0000, 0x0000, 0x0000, 0x0000, 0x0000,
  0x20c0, 0xed60, 0xfdc0, 0xfda0, 0xfda0, 0xfda0, 0xfda0, 0xfda0,
  0xfda0, 0xfda0, 0xfda0, 0xfd80, 0xf800, 0xf800, 0xf800, 0xf800,
  0xf800, 0xf800, 0xf800, 0xf800, 0xf800, 0xf800, 0xf800, 0xf800,
  0xf800, 0xf800, 0xf800, 0xf800, 0xf800, 0xf800, 0xf800, 0xf800,
  0xf800, 0xf800, 0xf800, 0xf800, 0xf800, 0xf800, 0xf800, 0xf800,
  0xf800, 0xf800, 0xf800, 0xf800, 0xf800, 0xf800, 0xf800, 0xf800,
  0xf800, 0xf800, 0xf800, 0xf800, 0xf800, 0xfda0, 0xfdc0, 0xfda0,
  0xfda0, 0xfda0, 0xfda0, 0xfda0, 0xfda0, 0xfda0, 0xfdc0, 0xabe0,
  0x0000, 0x0000, 0x0000, 0x0000, 0x0000, 0x0000, 0x0000, 0x0000,
  0x3940, 0xf580, 0xfda0, 0xfdc0, 0xfda0, 0xfda0, 0xfda0, 0xfda0,
  0xfda0, 0xfda0, 0xfda0, 0xfda0, 0xfda0, 0xfda0, 0xfda0, 0xfda0,
  0xfda0, 0xfda0, 0xfda0, 0xfda0, 0xfda0, 0xfda0, 0xfda0, 0xfda0,
  0xfda0, 0xfda0, 0xfda0, 0xfda0, 0xfda0, 0xfda0, 0xfda0, 0xfda0,
  0xfda0, 0xfda0, 0xfda0, 0xfda0, 0xfda0, 0xfda0, 0xfda0, 0xfda0,
  0xfda0, 0xfda0, 0xfda0, 0xfda0, 0xfda0, 0xfda0, 0xfda0, 0xfda0,
  0xfda0, 0xfda0, 0xfda0, 0xfda0, 0xfda0, 0xfda0, 0xfda0, 0xfda0,
  0xfda0, 0xfda0, 0xfda0, 0xfda0, 0xfda0, 0xfda0, 0xfda0, 0xfda0,
  0xfda0, 0xfda0, 0xfda0, 0xfda0, 0xfda0, 0xfda0, 0xfda0, 0xfda0,
  0xfda0, 0xfda0, 0xfda0, 0xfda0, 0xfda0, 0xfda0, 0xfda0, 0xfda0,
  0xfda0, 0xfda0, 0xfda0, 0xfda0, 0xfda0, 0xfda0, 0xfda0, 0xfda0,
  0xfda0, 0xfda0, 0xfda0, 0xfda0, 0xfda0, 0xfda0, 0xfda0, 0xfda0,
  0xfda0, 0xfda0, 0xfda0, 0xfda0, 0xfda0, 0xfda0, 0xfda0, 0xfda0,
  0xfda0, 0xfda0, 0xfda0, 0xfda0, 0xfda0, 0xfda0, 0xfda0, 0xfda0,
  0xfda0, 0xfda0, 0xfda0, 0xfda0, 0xfda0, 0xfda0, 0xfda0, 0xfda0,
  0xfda0, 0xfda0, 0xfda0, 0xfda0, 0xfda0, 0xfda0, 0xfda0, 0xfda0,
  0xfda0, 0xfda0, 0xfda0, 0xfda0, 0xfda0, 0xfda0, 0xfda0, 0xfda0,
  0xfda0, 0xfda0, 0xfda0, 0xfda0, 0xfda0, 0xfda0, 0xfda0, 0xfda0,
  0xfda0, 0xfda0, 0xfda0, 0xfda0, 0xfda0, 0xfda0, 0xfda0, 0xfda0,
  0xfda0, 0xfda0, 0xfda0, 0xfda0, 0xfdc0, 0xfdc0, 0xfdc0, 0xbc00,
  0x0020, 0x0001, 0x0000, 0x0000, 0x0000, 0x0000, 0x0000, 0x0000,
  0x3100, 0xf580, 0xfdc0, 0xfda0, 0xfda0, 0xfda0, 0xfda0, 0xfda0,
  0xfda0, 0xfda0, 0xfda0, 0xfd80, 0xf800, 0xf800, 0xf800, 0xf800,
  0xf800, 0xf800, 0xf800, 0xf800, 0xf800, 0xf800, 0xf800, 0xf800,
  0xf800, 0xf800, 0xf800, 0xf800, 0xf800, 0xf800, 0xf800, 0xf800,
  0xf800, 0xf800, 0xf800, 0xf800, 0xf800, 0xf800, 0xf800, 0xf800,
  0xf800, 0xf800, 0xf800, 0xf800, 0xf800, 0xf800, 0xf800, 0xf800,
  0xf800, 0xf800, 0xf800, 0xf800, 0xf800, 0xfda0, 0xfdc0, 0xfda0,
  0xfda0, 0xfda0, 0xfda0, 0xfda0, 0xfda0, 0xfdc0, 0xfdc0, 0xcc81,
  0x0821, 0x0000, 0x0000, 0x0000, 0x0000, 0x0000, 0x0000, 0x0000,
  0x0820, 0xcca1, 0xfdc0, 0xfda0, 0xfda0, 0xfda0, 0xfda0, 0xfda0,
  0xfda0, 0xfda0, 0xfda0, 0xfda0, 0xfda0, 0xfda0, 0xfda0, 0xfda0,
  0xfda0, 0xfda0, 0xfda0, 0xfda0, 0xfda0, 0xfda0, 0xfda0, 0xfda0,
  0xfda0, 0xfda0, 0xfda0, 0xfda0, 0xfda0, 0xfda0, 0xfda0, 0xfda0,
  0xfda0, 0xfda0, 0xfda0, 0xfda0, 0xfda0, 0xfda0, 0xfda0, 0xfda0,
  0xfda0, 0xfda0, 0xfda0, 0xfda0, 0xfda0, 0xfda0, 0xfda0, 0xfda0,
  0xfda0, 0xfda0, 0xfda0, 0xfda0, 0xfda0, 0xfda0, 0xfda0, 0xfda0,
  0xfda0, 0xfda0, 0xfda0, 0xfda0, 0xfda0, 0xfda0, 0xfda0, 0xfda0,
  0xfda0, 0xfda0, 0xfda0, 0xfda0, 0xfda0, 0xfda0, 0xfda0, 0xfda0,
  0xfda0, 0xfda0, 0xfda0, 0xfda0, 0xfda0, 0xfda0, 0xfda0, 0xfda0,
  0xfda0, 0xfda0, 0xfda0, 0xfda0, 0xfda0, 0xfda0, 0xfda0, 0xfda0,
  0xfda0, 0xfda0, 0xfda0, 0xfda0, 0xfda0, 0xfda0, 0xfda0, 0xfda0,
  0xfda0, 0xfda0, 0xfda0, 0xfda0, 0xfda0, 0xfda0, 0xfda0, 0xfda0,
  0xfda0, 0xfda0, 0xfda0, 0xfda0, 0xfda0, 0xfda0, 0xfda0, 0xfda0,
  0xfda0, 0xfda0, 0xfda0, 0xfda0, 0xfda0, 0xfda0, 0xfda0, 0xfda0,
  0xfda0, 0xfda0, 0xfda0, 0xfda0, 0xfda0, 0xfda0, 0xfda0, 0xfda0,
  0xfda0, 0xfda0, 0xfda0, 0xfda0, 0xfda0, 0xfda0, 0xfda0, 0xfda0,
  0xfda0, 0xfda0, 0xfda0, 0xfda0, 0xfda0, 0xfda0, 0xfda0, 0xfda0,
  0xfda0, 0xfda0, 0xfda0, 0xfda0, 0xfda0, 0xfda0, 0xfda0, 0xfda0,
  0xfda0, 0xfda0, 0xfda0, 0xfda0, 0xfda0, 0xfda0, 0xfde0, 0x7280,
  0x0001, 0x0000, 0x0000, 0x0000, 0x0000, 0x0000, 0x0000, 0x0000,
  0x4981, 0xfdc0, 0xfda0, 0xfda0, 0xfda0, 0xfda0, 0xfda0, 0xfda0,
  0xfda0, 0xfda0, 0xfda0, 0xfda0, 0xf800, 0xf800, 0xf800, 0xf800,
  0xf800, 0xf800, 0xf800, 0xf800, 0xf800, 0xf800, 0xf800, 0xf800,
  0xf800, 0xf800, 0xf800, 0xf800, 0xf800, 0xf800, 0xf800, 0xf800,
  0xf800, 0xf800, 0xf800, 0xf800, 0xf800, 0xf800, 0xf800, 0xf800,
  0xf800, 0xf800, 0xf800, 0xf800, 0xf800, 0xf800, 0xf800, 0xf800,
  0xf800, 0xf800, 0xf800, 0xf800, 0xf800, 0xfda0, 0xfdc0, 0xfda0,
  0xfda0, 0xfda0, 0xfda0, 0xfda0, 0xfda0, 0xfda0, 0xfdc0, 0xed41,
  0x28a0, 0x0000, 0x0000, 0x0000, 0x0000, 0x0000, 0x0000, 0x0000,
  0x0000, 0x6220, 0xfdc1, 0xfda0, 0xfda0, 0xfda0, 0xfda0, 0xfda0,
  0xfda0, 0xfda0, 0xfda0, 0xfda0, 0xfda0, 0xfda0, 0xfda0, 0xfda0,
  0xfda0, 0xfda0, 0xfda0, 0xfda0, 0xfda0, 0xfda0, 0xfda0, 0xfda0,
  0xfda0, 0xfda0, 0xfda0, 0xfda0, 0xfda0, 0xfda0, 0xfda0, 0xfda0,
  0xfda0, 0xfda0, 0xfda0, 0xfda0, 0xfda0, 0xfda0, 0xfda0, 0xfda0,
  0xfda0, 0xfda0, 0xfda0, 0xfda0, 0xfda0, 0xfda0, 0xfda0, 0xfda0,
  0xfda0, 0xfda0, 0xfda0, 0xfda0, 0xfda0, 0xfda0, 0xfda0, 0xfda0,
  0xfda0, 0xfda0, 0xfda0, 0xfda0, 0xfda0, 0xfda0, 0xfda0, 0xfda0,
  0xfda0, 0xfda0, 0xfda0, 0xfda0, 0xfda0, 0xfda0, 0xfda0, 0xfda0,
  0xfda0, 0xfda0, 0xfda0, 0xfda0, 0xfda0, 0xfda0, 0xfda0, 0xfda0,
  0xfda0, 0xfda0, 0xfda0, 0xfda0, 0xfda0, 0xfda0, 0xfda0, 0xfda0,
  0xfda0, 0xfda0, 0xfda0, 0xfda0, 0xfda0, 0xfda0, 0xfda0, 0xfda0,
  0xfda0, 0xfda0, 0xfda0, 0xfda0, 0xfda0, 0xfda0, 0xfda0, 0xfda0,
  0xfda0, 0xfda0, 0xfda0, 0xfda0, 0xfda0, 0xfda0, 0xfda0, 0xfda0,
  0xfda0, 0xfda0, 0xfda0, 0xfda0, 0xfda0, 0xfda0, 0xfda0, 0xfda0,
  0xfda0, 0xfda0, 0xfda0, 0xfda0, 0xfda0, 0xfda0, 0xfda0, 0xfda0,
  0xfda0, 0xfda0, 0xfda0, 0xfda0, 0xfda0, 0xfda0, 0xfda0, 0xfda0,
  0xfda0, 0xfda0, 0xfda0, 0xfda0, 0xfda0, 0xfda0, 0xfda0, 0xfda0,
  0xfda0, 0xfda0, 0xfda0, 0xfda0, 0xfda0, 0xfda0, 0xfda0, 0xfda0,
  0xfda0, 0xfda0, 0xfda0, 0xfda0, 0xfdc0, 0xfdc0, 0xd501, 0x18a0,
  0x0001, 0x0000, 0x0000, 0x0000, 0x0000, 0x0000, 0x0001, 0x0000,
  0x7aa0, 0xfde0, 0xfda0, 0xfda0, 0xfda0, 0xfda0, 0xfda0, 0xfda0,
  0xfda0, 0xfda0, 0xfda0, 0xfda0, 0xf800, 0xf800, 0xf800, 0xf800,
  0xf800, 0xf800, 0xf800, 0xf800, 0xf800, 0xf800, 0xf800, 0xf800,
  0xf800, 0xf800, 0xf800, 0xf800, 0xf800, 0xf800, 0xf800, 0xf800,
  0xf800, 0xf800, 0xf800, 0xf800, 0xf800, 0xf800, 0xf800, 0xf800,
  0xf800, 0xf800, 0xf800, 0xf800, 0xf800, 0xf800, 0xf800, 0xf800,
  0xf800, 0xf800, 0xf800, 0xf800, 0xf800, 0xfda0, 0xfdc0, 0xfda0,
  0xfda0, 0xfda0, 0xfda0, 0xfda0, 0xfda0, 0xfda0, 0xfda0, 0xfdc1,
  0x51c1, 0x0000, 0x0000, 0x0000, 0x0000, 0x0000, 0x0000, 0x0000,
  0x0020, 0x0820, 0xa3c0, 0xfde0, 0xfda0, 0xfdc0, 0xfdc0, 0xfda0,
  0xfda0, 0xfda0, 0xfda0, 0xfda0, 0xfda0, 0xfda0, 0xfda0, 0xfda0,
  0xfda0, 0xfda0, 0xfda0, 0xfda0, 0xfda0, 0xfda0, 0xfda0, 0xfda0,
  0xfda0, 0xfda0, 0xfda0, 0xfda0, 0xfda0, 0xfda0, 0xfda0, 0xfda0,
  0xfda0, 0xfda0, 0xfda0, 0xfda0, 0xfda0, 0xfda0, 0xfda0, 0xfda0,
  0xfda0, 0xfda0, 0xfda0, 0xfda0, 0xfda0, 0xfda0, 0xfda0, 0xfda0,
  0xfda0, 0xfda0, 0xfda0, 0xfda0, 0xfda0, 0xfda0, 0xfda0, 0xfda0,
  0xfda0, 0xfda0, 0xfda0, 0xfda0, 0xfda0, 0xfda0, 0xfda0, 0xfda0,
  0xfda0, 0xfda0, 0xfda0, 0xfda0, 0xfda0, 0xfda0, 0xfda0, 0xfda0,
  0xfda0, 0xfda0, 0xfda0, 0xfda0, 0xfda0, 0xfda0, 0xfda0, 0xfda0,
  0xfda0, 0xfda0, 0xfda0, 0xfda0, 0xfda0, 0xfda0, 0xfda0, 0xfda0,
  0xfda0, 0xfda0, 0xfda0, 0xfda0, 0xfda0, 0xfda0, 0xfda0, 0xfda0,
  0xfda0, 0xfda0, 0xfda0, 0xfda0, 0xfda0, 0xfda0, 0xfda0, 0xfda0,
  0xfda0, 0xfda0, 0xfda0, 0xfda0, 0xfda0, 0xfda0, 0xfda0, 0xfda0,
  0xfda0, 0xfda0, 0xfda0, 0xfda0, 0xfda0, 0xfda0, 0xfda0, 0xfda0,
  0xfda0, 0xfda0, 0xfda0, 0xfda0, 0xfda0, 0xfda0, 0xfda0, 0xfda0,
  0xfda0, 0xfda0, 0xfda0, 0xfda0, 0xfda0, 0xfda0, 0xfda0, 0xfda0,
  0xfda0, 0xfda0, 0xfda0, 0xfda0, 0xfda0, 0xfda0, 0xfda0, 0xfda0,
  0xfda0, 0xfda0, 0xfda0, 0xfda0, 0xfda0, 0xfda0, 0xfda0, 0xfda0,
  0xfda0, 0xfda1, 0xfda0, 0xfdc0, 0xfdc0, 0xeda0, 0x51c0, 0x0001,
  0x0000, 0x0000, 0x0000, 0x0000, 0x0000, 0x0000, 0x0000, 0x0000,
  0xac01, 0xfde0, 0xfda0, 0xfda0, 0xfda0, 0xfda0, 0xfda0, 0xfda0,
  0xfda0, 0xfda0, 0xfda0, 0xfda0, 0xf800, 0xf800, 0xf800, 0xf800,
  0xf800, 0xf800, 0xf800, 0xf800, 0xf800, 0xf800, 0xf800, 0xf800,
  0xf800, 0xf800, 0xf800, 0xf800, 0xf800, 0xf800, 0xf800, 0xf800,
  0xf800, 0xf800, 0xf800, 0xf800, 0xf800, 0xf800, 0xf800, 0xf800,
  0xf800, 0xf800, 0xf800, 0xf800, 0xf800, 0xf800, 0xf800, 0xf800,
  0xf800, 0xf800, 0xf800, 0xf800, 0xf800, 0xfda0, 0xfda0, 0xfdc0,
  0xfda0, 0xfda0, 0xfda0, 0xfda0, 0xfda0, 0xfda0, 0xfdc0, 0xfde0,
  0x9b81, 0x0000, 0x0020, 0x0000, 0x0000, 0x0000, 0x0000, 0x0000,
  0x0000, 0x0002, 0x1061, 0xa381, 0xfdc1, 0xfde0, 0xfdc0, 0xfdc0,
  0xfdc0, 0xfdc0, 0xfdc0, 0xfdc0, 0xfdc0, 0xfdc0, 0xfdc0, 0xfdc0,
  0xfdc0, 0xfdc0, 0xfdc0, 0xfdc0, 0xfdc0, 0xfdc0, 0xfdc0, 0xfdc0,
  0xfdc0, 0xfdc0, 0xfdc0, 0xfdc0, 0xfdc0, 0xfdc0, 0xfdc0, 0xfdc0,
  0xfdc0, 0xfdc0, 0xfdc0, 0xfdc0, 0xfdc0, 0xfdc0, 0xfdc0, 0xfdc0,
  0xfdc0, 0xfdc0, 0xfdc0, 0xfdc0, 0xfdc0, 0xfdc0, 0xfdc0, 0xfdc0,
  0xfdc0, 0xfdc0, 0xfdc0, 0xfdc0, 0xfdc0, 0xfdc0, 0xfdc0, 0xfdc0,
  0xfdc0, 0xfdc0, 0xfdc0, 0xfdc0, 0xfdc0, 0xfdc0, 0xfdc0, 0xfdc0,
  0xfdc0, 0xfdc0, 0xfdc0, 0xfdc0, 0xfdc0, 0xfdc0, 0xfdc0, 0xfdc0,
  0xfdc0, 0xfdc0, 0xfdc0, 0xfdc0, 0xfdc0, 0xfdc0, 0xfdc0, 0xfdc0,
  0xfdc0, 0xfdc0, 0xfdc0, 0xfdc0, 0xfdc0, 0xfdc0, 0xfdc0, 0xfdc0,
  0xfdc0, 0xfdc0, 0xfdc0, 0xfdc0, 0xfdc0, 0xfdc0, 0xfdc0, 0xfdc0,
  0xfdc0, 0xfdc0, 0xfdc0, 0xfdc0, 0xfdc0, 0xfdc0, 0xfdc0, 0xfdc0,
  0xfdc0, 0xfdc0, 0xfdc0, 0xfdc0, 0xfdc0, 0xfdc0, 0xfdc0, 0xfdc0,
  0xfdc0, 0xfdc0, 0xfdc0, 0xfdc0, 0xfdc0, 0xfdc0, 0xfdc0, 0xfdc0,
  0xfdc0, 0xfdc0, 0xfdc0, 0xfdc0, 0xfdc0, 0xfdc0, 0xfdc0, 0xfdc0,
  0xfdc0, 0xfdc0, 0xfdc0, 0xfdc0, 0xfdc0, 0xfdc0, 0xfdc0, 0xfdc0,
  0xfdc0, 0xfdc0, 0xfdc0, 0xfdc0, 0xfdc0, 0xfdc0, 0xfdc0, 0xfdc0,
  0xfdc0, 0xfdc0, 0xfdc0, 0xfdc0, 0xfdc0, 0xfdc0, 0xfdc0, 0xfdc0,
  0xfde1, 0xfdc0, 0xfdc0, 0xfde1, 0xe521, 0x5a00, 0x0000, 0x0000,
  0x0000, 0x0000, 0x0000, 0x0000, 0x0000, 0x0000, 0x0001, 0x28c1,
  0xe560, 0xfdc0, 0xfda0, 0xfda0, 0xfda0, 0xfda0, 0xfda0, 0xfda0,
  0xfda0, 0xfda0, 0xfda0, 0xfd80, 0xf800, 0xf800, 0xf800, 0xf800,
  0xf800, 0xf800, 0xf800, 0xf800, 0xf800, 0xf800, 0xf800, 0xf800,
  0xf800, 0xf800, 0xf800, 0xf800, 0xf800, 0xf800, 0xf800, 0xf800,
  0xf800, 0xf800, 0xf800, 0xf800, 0xf800, 0xf800, 0xf800, 0xf800,
  0xf800, 0xf800, 0xf800, 0xf800, 0xf800, 0xf800, 0xf800, 0xf800,
  0xf800, 0xf800, 0xf800, 0xf800, 0xf800, 0xfda0, 0xfda0, 0xfdc0,
  0xfda0, 0xfda0, 0xfda0, 0xfda0, 0xfda0, 0xfda0, 0xfdc0, 0xfda0,
  0xed41, 0x20a0, 0x0000, 0x0000, 0x0000, 0x0000, 0x0000, 0x0000,
  0x0000, 0x0020, 0x0000, 0x0021, 0x51c0, 0xb421, 0xe520, 0xf580,
  0xf5a0, 0xf5a0, 0xf5a0, 0xf5a0, 0xf5a0, 0xf5a0, 0xf5a0, 0xf5a0,
  0xf5a0, 0xf5a0, 0xf5a0, 0xf5a0, 0xf5a0, 0xf5a0, 0xf5a0, 0xf5a0,
  0xf5a0, 0xf5a0, 0xf5a0, 0xf5a0, 0xf5a0, 0xf5a0, 0xf5a0, 0xf5a0,
  0xf5a0, 0xf5a0, 0xf5a0, 0xf5a0, 0xf5a0, 0xf5a0, 0xf5a0, 0xf5a0,
  0xf5a0, 0xf5a0, 0xf5a0, 0xf5a0, 0xf5a0, 0xf5a0, 0xf5a0, 0xf5a0,
  0xf5a0, 0xf5a0, 0xf5a0, 0xf5a0, 0xf5a0, 0xf5a0, 0xf5a0, 0xf5a0,
  0xf5a0, 0xf5a0, 0xf5a0, 0xf5a0, 0xf5a0, 0xf5a0, 0xf5a0, 0xf5a0,
  0xf5a0, 0xf5a0, 0xf5a0, 0xf5a0, 0xf5a0, 0xf5a0, 0xf5a0, 0xf5a0,
  0xf5a0, 0xf5a0, 0xf5a0, 0xf5a0, 0xf5a0, 0xf5a0, 0xf5a0, 0xf5a0,
  0xf5a0, 0xf5a0, 0xf5a0, 0xf5a0, 0xf5a0, 0xf5a0, 0xf5a0, 0xf5a0,
  0xf5a0, 0xf5a0, 0xf5a0, 0xf5a0, 0xf5a0, 0xf5a0, 0xf5a0, 0xf5a0,
  0xf5a0, 0xf5a0, 0xf5a0, 0xf5a0, 0xf5a0, 0xf5a0, 0xf5a0, 0xf5a0,
  0xf5a0, 0xf5a0, 0xf5a0, 0xf5a0, 0xf5a0, 0xf5a0, 0xf5a0, 0xf5a0,
  0xf5a0, 0xf5a0, 0xf5a0, 0xf5a0, 0xf5a0, 0xf5a0, 0xf5a0, 0xf5a0,
  0xf5a0, 0xf5a0, 0xf5a0, 0xf5a0, 0xf5a0, 0xf5a0, 0xf5a0, 0xf5a0,
  0xf5a0, 0xf5a0, 0xf5a0, 0xf5a0, 0xf5a0, 0xf5a0, 0xf5a0, 0xf5a0,
  0xf5a0, 0xf5a0, 0xf5a0, 0xf5a0, 0xf5a0, 0xf5a0, 0xf5a0, 0xf5a0,
  0xf5a0, 0xf5a0, 0xf5a0, 0xf5a0, 0xf5a0, 0xf5a0, 0xf5a0, 0xf5a0,
  0xfd80, 0xf561, 0xd4c1, 0x9340, 0x3100, 0x0000, 0x0000, 0x0000,
  0x0000, 0x0000, 0x0000, 0x0000, 0x0000, 0x0000, 0x0001, 0x7ac1,
  0xfdc0, 0xfda0, 0xfda0, 0xfda0, 0xfda0, 0xfda0, 0xfda0, 0xfda0,
  0xfda0, 0xfda0, 0xfda0, 0xfda0, 0xf800, 0xf800, 0xf800, 0xf800,
  0xf800, 0xf800, 0xf800, 0xf800, 0xf800, 0xf800, 0xf800, 0xf800,
  0xf800, 0xf800, 0xf800, 0xf800, 0xf800, 0xf800, 0xf800, 0xf800,
  0xf800, 0xf800, 0xf800, 0xf800, 0xf800, 0xf800, 0xf800, 0xf800,
  0xf800, 0xf800, 0xf800, 0xf800, 0xf800, 0xf800, 0xf800, 0xf800,
  0xf800, 0xf800, 0xf800, 0xf800, 0xf800, 0xfda0, 0xfda0, 0xfdc0,
  0xfda0, 0xfda0, 0xfda0, 0xfda0, 0xfda0, 0xfda0, 0xfda0, 0xfda1,
  0xfe00, 0x8b21, 0x0001, 0x0000, 0x0000, 0x0000, 0x0000, 0x0000,
  0x0000, 0x0000, 0x0000, 0x0000, 0x0001, 0x0000, 0x20a0, 0x3101,
  0x3101, 0x3120, 0x3121, 0x3121, 0x3121, 0x3121, 0x3121, 0x3121,
  0x3121, 0x3121, 0x3121, 0x3121, 0x3121, 0x3121, 0x3121, 0x3121,
  0x3121, 0x3121, 0x3121, 0x3121, 0x3121, 0x3121, 0x3121, 0x3121,
  0x3121, 0x3121, 0x3121, 0x3121, 0x3121, 0x3121, 0x3121, 0x3121,
  0x3121, 0x3121, 0x3121, 0x3121, 0x3121, 0x3121, 0x3121, 0x3121,
  0x3121, 0x3121, 0x3121, 0x3121, 0x3121, 0x3121, 0x3121, 0x3121,
  0x3121, 0x3121, 0x3121, 0x3121, 0x3121, 0x3121, 0x3121, 0x3121,
  0x3121, 0x3121, 0x3121, 0x3121, 0x3121, 0x3121, 0x3121, 0x3121,
  0x3121, 0x3121, 0x3121, 0x3121, 0x3121, 0x3121, 0x3121, 0x3121,
  0x3121, 0x3121, 0x3121, 0x3121, 0x3121, 0x3121, 0x3121, 0x3121,
  0x3121, 0x3121, 0x3121, 0x3121, 0x3121, 0x3121, 0x3121, 0x3121,
  0x3121, 0x3121, 0x3121, 0x3121, 0x3121, 0x3121, 0x3121, 0x3121,
  0x3121, 0x3121, 0x3121, 0x3121, 0x3121, 0x3121, 0x3121, 0x3121,
  0x3121, 0x3121, 0x3121, 0x3121, 0x3121, 0x3121, 0x3121, 0x3121,
  0x3121, 0x3121, 0x3121, 0x3121, 0x3121, 0x3121, 0x3121, 0x3121,
  0x3121, 0x3121, 0x3121, 0x3121, 0x3121, 0x3121, 0x3121, 0x3121,
  0x3121, 0x3121, 0x3121, 0x3121, 0x3121, 0x3121, 0x3121, 0x3121,
  0x3121, 0x3121, 0x3121, 0x3121, 0x3121, 0x3121, 0x3121, 0x3121,
  0x3120, 0x28e0, 0x1040, 0x0001, 0x0001, 0x0000, 0x0000, 0x0000,
  0x0000, 0x0000, 0x0000, 0x0000, 0x0000, 0x0000, 0x1881, 0xdd00,
  0xfdc0, 0xfda0, 0xfda0, 0xfda0, 0xfda0, 0xfda0, 0xfda0, 0xfda0,
  0xfda0, 0xfda0, 0xfda0, 0xf800, 0xf800, 0xf800, 0xf800, 0xf800,
  0xf800, 0xf800, 0xf800, 0xf800, 0xf800, 0xf800, 0xf800, 0xf800,
  0xf800, 0xf800, 0xf800, 0xf800, 0xf800, 0xf800, 0xf800, 0xf800,
  0xf800, 0xf800, 0xf800, 0xf800, 0xf800, 0xf800, 0xf800, 0xf800,
  0xf800, 0xf800, 0xf800, 0xf800, 0xf800, 0xf800, 0xf800, 0xf800,
  0xf800, 0xf800, 0xf800, 0xf800, 0xf800, 0xf800, 0xfda1, 0xfda0,
  0xfda0, 0xfda0, 0xfda0, 0xfda0, 0xfda0, 0xfda0, 0xfda0, 0xfda0,
  0xfdc0, 0xed61, 0x3140, 0x0000, 0x0020, 0x0000, 0x0000, 0x0000,
  0x0000, 0x0000, 0x0000, 0x0000, 0x0000, 0x0000, 0x0000, 0x0000,
  0x0000, 0x0000, 0x0000, 0x0000, 0x0000, 0x0000, 0x0000, 0x0000,
  0x0000, 0x0000, 0x0000, 0x0000, 0x0000, 0x0000, 0x0000, 0x0000,
  0x0000, 0x0000, 0x0000, 0x0000, 0x0000, 0x0000, 0x0000, 0x0000,
  0x0000, 0x0000, 0x0000, 0x0000, 0x0000, 0x0000, 0x0000, 0x0000,
  0x0000, 0x0000, 0x0000, 0x0000, 0x0000, 0x0000, 0x0000, 0x0000,
  0x0000, 0x0000, 0x0000, 0x0000, 0x0000, 0x0000, 0x0000, 0x0000,
  0x0000, 0x0000, 0x0000, 0x0000, 0x0000, 0x0000, 0x0000, 0x0000,
  0x0000, 0x0000, 0x0000, 0x0000, 0x0000, 0x0000, 0x0000, 0x0000,
  0x0000, 0x0000, 0x0000, 0x0000, 0x0000, 0x0000, 0x0000, 0x0000,
  0x0000, 0x0000, 0x0000, 0x0000, 0x0000, 0x0000, 0x0000, 0x0000,
  0x0000, 0x0000, 0x0000, 0x0000, 0x0000, 0x0000, 0x0000, 0x0000,
  0x0000, 0x0000, 0x0000, 0x0000, 0x0000, 0x0000, 0x0000, 0x0000,
  0x0000, 0x0000, 0x0000, 0x0000, 0x0000, 0x0000, 0x0000, 0x0000,
  0x0000, 0x0000, 0x0000, 0x0000, 0x0000, 0x0000, 0x0000, 0x0000,
  0x0000, 0x0000, 0x0000, 0x0000, 0x0000, 0x0000, 0x0000, 0x0000,
  0x0000, 0x0000, 0x0000, 0x0000, 0x0000, 0x0000, 0x0000, 0x0000,
  0x0000, 0x0000, 0x0000, 0x0000, 0x0000, 0x0000, 0x0000, 0x0000,
  0x0000, 0x0000, 0x0000, 0x0000, 0x0000, 0x0000, 0x0000, 0x0000,
  0x0000, 0x0000, 0x0000, 0x0000, 0x0000, 0x0000, 0x0000, 0x0000,
  0x0000, 0x0000, 0x0000, 0x0020, 0x0000, 0x0000, 0x8302, 0xfde0,
  0xfda0, 0xfda0, 0xfda0, 0xfda0, 0xfda0, 0xfda0, 0xfda0, 0xfda0,
  0xfda0, 0xfda0, 0xfda0, 0xf800, 0xf800, 0xf800, 0xf800, 0xf800,
  0xf800, 0xf800, 0xf800, 0xf800, 0xf800, 0xf800, 0xf800, 0xf800,
  0xf800, 0xf800, 0xf800, 0xf800, 0xf800, 0xf800, 0xf800, 0xf800,
  0xf800, 0xf800, 0xf800, 0xf800, 0xf800, 0xf800, 0xf800, 0xf800,
  0xf800, 0xf800, 0xf800, 0xf800, 0xf800, 0xf800, 0xf800, 0xf800,
  0xf800, 0xf800, 0xf800, 0xf800, 0xf800, 0xf800, 0xfda0, 0xfda0,
  0xfda0, 0xfda0, 0xfda0, 0xfda0, 0xfda0, 0xfda0, 0xfda0, 0xfda0,
  0xfdc0, 0xfdc0, 0xbc21, 0x0860, 0x0000, 0x0000, 0x0000, 0x0000,
  0x0000, 0x0000, 0x0000, 0x0000, 0x0000, 0x0000, 0x0000, 0x0000,
  0x0000, 0x0000, 0x0000, 0x0000, 0x0000, 0x0000, 0x0000, 0x0000,
  0x0000, 0x0000, 0x0000, 0x0000, 0x0000, 0x0000, 0x0000, 0x0000,
  0x0000, 0x0000, 0x0000, 0x0000, 0x0000, 0x0000, 0x0000, 0x0000,
  0x0000, 0x0000, 0x0000, 0x0000, 0x0000, 0x0000, 0x0000, 0x0000,
  0x0000, 0x0000, 0x0000, 0x0000, 0x0000, 0x0000, 0x0000, 0x0000,
  0x0000, 0x0000, 0x0000, 0x0000, 0x0000, 0x0000, 0x0000, 0x0000,
  0x0000, 0x0000, 0x0000, 0x0000, 0x0000, 0x0000, 0x0000, 0x0000,
  0x0000, 0x0000, 0x0000, 0x0000, 0x0000, 0x0000, 0x0000, 0x0000,
  0x0000, 0x0000, 0x0000, 0x0000, 0x0000, 0x0000, 0x0000, 0x0000,
  0x0000, 0x0000, 0x0000, 0x0000, 0x0000, 0x0000, 0x0000, 0x0000,
  0x0000, 0x0000, 0x0000, 0x0000, 0x0000, 0x0000, 0x0000, 0x0000,
  0x0000, 0x0000, 0x0000, 0x0000, 0x0000, 0x0000, 0x0000, 0x0000,
  0x0000, 0x0000, 0x0000, 0x0000, 0x0000, 0x0000, 0x0000, 0x0000,
  0x0000, 0x0000, 0x0000, 0x0000, 0x0000, 0x0000, 0x0000, 0x0000,
  0x0000, 0x0000, 0x0000, 0x0000, 0x0000, 0x0000, 0x0000, 0x0000,
  0x0000, 0x0000, 0x0000, 0x0000, 0x0000, 0x0000, 0x0000, 0x0000,
  0x0000, 0x0000, 0x0000, 0x0000, 0x0000, 0x0000, 0x0000, 0x0000,
  0x0000, 0x0000, 0x0000, 0x0000, 0x0000, 0x0000, 0x0000, 0x0000,
  0x0000, 0x0000, 0x0000, 0x0000, 0x0000, 0x0000, 0x0000, 0x0000,
  0x0000, 0x0000, 0x0000, 0x0001, 0x0001, 0x41a0, 0xf581, 0xfda0,
  0xfda0, 0xfda0, 0xfda0, 0xfda0, 0xfda0, 0xfda0, 0xfda0, 0xfda0,
  0xfda0, 0xfda0, 0xfda0, 0xf800, 0xf800, 0xf800, 0xf800, 0xf800,
  0xf800, 0xf800, 0xf800, 0xf800, 0xf800, 0xf800, 0xf800, 0xf800,
  0xf800, 0xf800, 0xf800, 0xf800, 0xf800, 0xf800, 0xf800, 0xf800,
  0xf800, 0xf800, 0xf800, 0xf800, 0xf800, 0xf800, 0xf800, 0xf800,
  0xf800, 0xf800, 0xf800, 0xf800, 0xf800, 0xf800, 0xf800, 0xf800,
  0xf800, 0xf800, 0xf800, 0xf800, 0xf800, 0xf800, 0xfd80, 0xfda0,
  0xfda0, 0xfda0, 0xfda0, 0xfda0, 0xfda0, 0xfda0, 0xfda0, 0xfda0,
  0xfda0, 0xfda1, 0xfde0, 0x8b21, 0x0000, 0x0000, 0x0000, 0x0000,
  0x0000, 0x0000, 0x0000, 0x0000, 0x0000, 0x0000, 0x0000, 0x0000,
  0x0000, 0x0000, 0x0000, 0x0000, 0x0000, 0x0000, 0x0000, 0x0000,
  0x0000, 0x0000, 0x0000, 0x0000, 0x0000, 0x0000, 0x0000, 0x0000,
  0x0000, 0x0000, 0x0000, 0x0000, 0x0000, 0x0000, 0x0000, 0x0000,
  0x0000, 0x0000, 0x0000, 0x0000, 0x0000, 0x0000, 0x0000, 0x0000,
  0x0000, 0x0000, 0x0000, 0x0000, 0x0000, 0x0000, 0x0000, 0x0000,
  0x0000, 0x0000, 0x0000, 0x0000, 0x0000, 0x0000, 0x0000, 0x0000,
  0x0000, 0x0000, 0x0000, 0x0000, 0x0000, 0x0000, 0x0000, 0x0000,
  0x0000, 0x0000, 0x0000, 0x0000, 0x0000, 0x0000, 0x0000, 0x0000,
  0x0000, 0x0000, 0x0000, 0x0000, 0x0000, 0x0000, 0x0000, 0x0000,
  0x0000, 0x0000, 0x0000, 0x0000, 0x0000, 0x0000, 0x0000, 0x0000,
  0x0000, 0x0000, 0x0000, 0x0000, 0x0000, 0x0000, 0x0000, 0x0000,
  0x0000, 0x0000, 0x0000, 0x0000, 0x0000, 0x0000, 0x0000, 0x0000,
  0x0000, 0x0000, 0x0000, 0x0000, 0x0000, 0x0000, 0x0000, 0x0000,
  0x0000, 0x0000, 0x0000, 0x0000, 0x0000, 0x0000, 0x0000, 0x0000,
  0x0000, 0x0000, 0x0000, 0x0000, 0x0000, 0x0000, 0x0000, 0x0000,
  0x0000, 0x0000, 0x0000, 0x0000, 0x0000, 0x0000, 0x0000, 0x0000,
  0x0000, 0x0000, 0x0000, 0x0000, 0x0000, 0x0000, 0x0000, 0x0000,
  0x0000, 0x0000, 0x0000, 0x0000, 0x0000, 0x0000, 0x0000, 0x0000,
  0x0000, 0x0000, 0x0000, 0x0000, 0x0000, 0x0000, 0x0000, 0x0000,
  0x0000, 0x0000, 0x0000, 0x0000, 0x28e0, 0xd4e0, 0xfdc0, 0xfda0,
  0xfdc0, 0xfda0, 0xfda0, 0xfda0, 0xfda0, 0xfda0, 0xfda0, 0xfda0,
  0xfda0, 0xfda0, 0xf800, 0xf800, 0xf800, 0xf800, 0xf800, 0xf800,
  0xf800, 0xf800, 0xf800, 0xf800, 0xf800, 0xf800, 0xf800, 0xf800,
  0xf800, 0xf800, 0xf800, 0xf800, 0xf800, 0xf800, 0xf800, 0xf800,
  0xf800, 0xf800, 0xf800, 0xf800, 0xf800, 0xf800, 0xf800, 0xf800,
  0xf800, 0xf800, 0xf800, 0xf800, 0xf800, 0xf800, 0xf800, 0xf800,
  0xf800, 0xf800, 0xf800, 0xf800, 0xf800, 0xf800, 0xf800, 0xfda0,
  0xfda0, 0xfda0, 0xfda0, 0xfda0, 0xfda0, 0xfda0, 0xfda0, 0xfda0,
  0xfda0, 0xfda0, 0xfdc0, 0xfdc0, 0x7ac0, 0x0000, 0x0001, 0x0020,
  0x0000, 0x0000, 0x0000, 0x0000, 0x0000, 0x0000, 0x0000, 0x0000,
  0x0000, 0x0000, 0x0000, 0x0000, 0x0000, 0x0000, 0x0000, 0x0000,
  0x0000, 0x0000, 0x0000, 0x0000, 0x0000, 0x0000, 0x0000, 0x0000,
  0x0000, 0x0000, 0x0000, 0x0000, 0x0000, 0x0000, 0x0000, 0x0000,
  0x0000, 0x0000, 0x0000, 0x0000, 0x0000, 0x0000, 0x0000, 0x0000,
  0x0000, 0x0000, 0x0000, 0x0000, 0x0000, 0x0000, 0x0000, 0x0000,
  0x0000, 0x0000, 0x0000, 0x0000, 0x0000, 0x0000, 0x0000, 0x0000,
  0x0000, 0x0000, 0x0000, 0x0000, 0x0000, 0x0000, 0x0000, 0x0000,
  0x0000, 0x0000, 0x0000, 0x0000, 0x0000, 0x0000, 0x0000, 0x0000,
  0x0000, 0x0000, 0x0000, 0x0000, 0x0000, 0x0000, 0x0000, 0x0000,
  0x0000, 0x0000, 0x0000, 0x0000, 0x0000, 0x0000, 0x0000, 0x0000,
  0x0000, 0x0000, 0x0000, 0x0000, 0x0000, 0x0000, 0x0000, 0x0000,
  0x0000, 0x0000, 0x0000, 0x0000, 0x0000, 0x0000, 0x0000, 0x0000,
  0x0000, 0x0000, 0x0000, 0x0000, 0x0000, 0x0000, 0x0000, 0x0000,
  0x0000, 0x0000, 0x0000, 0x0000, 0x0000, 0x0000, 0x0000, 0x0000,
  0x0000, 0x0000, 0x0000, 0x0000, 0x0000, 0x0000, 0x0000, 0x0000,
  0x0000, 0x0000, 0x0000, 0x0000, 0x0000, 0x0000, 0x0000, 0x0000,
  0x0000, 0x0000, 0x0000, 0x0000, 0x0000, 0x0000, 0x0000, 0x0000,
  0x0000, 0x0000, 0x0000, 0x0000, 0x0000, 0x0000, 0x0000, 0x0000,
  0x0000, 0x0000, 0x0000, 0x0000, 0x0000, 0x0000, 0x0000, 0x0020,
  0x0000, 0x0000, 0x0000, 0x28a1, 0xcc81, 0xfde0, 0xfda0, 0xfdc0,
  0xfda0, 0xfda0, 0xfda0, 0xfda0, 0xfda0, 0xfda0, 0xfda0, 0xfda0,
  0xfde0, 0xfda0, 0xf800, 0xf800, 0xf800, 0xf800, 0xf800, 0xf800,
  0xf800, 0xf800, 0xf800, 0xf800, 0xf800, 0xf800, 0xf800, 0xf800,
  0xf800, 0xf800, 0xf800, 0xf800, 0xf800, 0xf800, 0xf800, 0xf800,
  0xf800, 0xf800, 0xf800, 0xf800, 0xf800, 0xf800, 0xf800, 0xf800,
  0xf800, 0xf800, 0xf800, 0xf800, 0xf800, 0xf800, 0xf800, 0xf800,
  0xf800, 0xf800, 0xf800, 0xf800, 0xf800, 0xf800, 0xf800, 0xfda0,
  0xfda0, 0xfda0, 0xfda0, 0xfda0, 0xfda0, 0xfda0, 0xfda0, 0xfda0,
  0xfda0, 0xfdc0, 0xfda0, 0xfdc0, 0xfdc0, 0x8b41, 0x0840, 0x0001,
  0x0000, 0x0000, 0x0000, 0x0000, 0x0000, 0x0000, 0x0000, 0x0000,
  0x0000, 0x0000, 0x0000, 0x0000, 0x0000, 0x0000, 0x0000, 0x0000,
  0x0000, 0x0000, 0x0000, 0x0000, 0x0000, 0x0000, 0x0000, 0x0000,
  0x0000, 0x0000, 0x0000, 0x0000, 0x0000, 0x0000, 0x0000, 0x0000,
  0x0000, 0x0000, 0x0000, 0x0000, 0x0000, 0x0000, 0x0000, 0x0000,
  0x0000, 0x0000, 0x0000, 0x0000, 0x0000, 0x0000, 0x0000, 0x0000,
  0x0000, 0x0000, 0x0000, 0x0000, 0x0000, 0x0000, 0x0000, 0x0000,
  0x0000, 0x0000, 0x0000, 0x0000, 0x0000, 0x0000, 0x0000, 0x0000,
  0x0000, 0x0000, 0x0000, 0x0000, 0x0000, 0x0000, 0x0000, 0x0000,
  0x0000, 0x0000, 0x0000, 0x0000, 0x0000, 0x0000, 0x0000, 0x0000,
  0x0000, 0x0000, 0x0000, 0x0000, 0x0000, 0x0000, 0x0000, 0x0000,
  0x0000, 0x0000, 0x0000, 0x0000, 0x0000, 0x0000, 0x0000, 0x0000,
  0x0000, 0x0000, 0x0000, 0x0000, 0x0000, 0x0000, 0x0000, 0x0000,
  0x0000, 0x0000, 0x0000, 0x0000, 0x0000, 0x0000, 0x0000, 0x0000,
  0x0000, 0x0000, 0x0000, 0x0000, 0x0000, 0x0000, 0x0000, 0x0000,
  0x0000, 0x0000, 0x0000, 0x0000, 0x0000, 0x0000, 0x0000, 0x0000,
  0x0000, 0x0000, 0x0000, 0x0000, 0x0000, 0x0000, 0x0000, 0x0000,
  0x0000, 0x0000, 0x0000, 0x0000, 0x0000, 0x0000, 0x0000, 0x0000,
  0x0000, 0x0000, 0x0000, 0x0000, 0x0000, 0x0000, 0x0000, 0x0000,
  0x0000, 0x0000, 0x0000, 0x0000, 0x0000, 0x0000, 0x0000, 0x0021,
  0x0020, 0x0000, 0x3901, 0xccc0, 0xfde1, 0xfda0, 0xfda0, 0xfda0,
  0xfda0, 0xfda0, 0xfda0, 0xfda0, 0xfda0, 0xfda0, 0xfda0, 0xfdc0,
  0xfdc0, 0xf800, 0xf800, 0xf800, 0xf800, 0xf800, 0xf800, 0xf800,
  0xf800, 0xf800, 0xf800, 0xf800, 0xf800, 0xf800, 0xf800, 0xf800,
  0xf800, 0xf800, 0xf800, 0xf800, 0xf800, 0xf800, 0xf800, 0xf800,
  0xf800, 0xf800, 0xf800, 0xf800, 0xf800, 0xf800, 0xf800, 0xf800,
  0xf800, 0xf800, 0xf800, 0xf800, 0xf800, 0xf800, 0xf800, 0xf800,
  0xf800, 0xf800, 0xf800, 0xf800, 0xf800, 0xf800, 0xf800, 0xf800,
  0xfda0, 0xfda0, 0xfda0, 0xfda0, 0xfda0, 0xfda0, 0xfda0, 0xfda0,
  0xfda0, 0xfda0, 0xfdc0, 0xfda0, 0xfdc0, 0xfdc1, 0xbc40, 0x3920,
  0x0001, 0x0000, 0x0000, 0x0000, 0x0000, 0x0000, 0x0000, 0x0000,
  0x0000, 0x0000, 0x0000, 0x0000, 0x0000, 0x0000, 0x0000, 0x0000,
  0x0000, 0x0000, 0x0000, 0x0000, 0x0000, 0x0000, 0x0000, 0x0000,
  0x0000, 0x0000, 0x0000, 0x0000, 0x0000, 0x0000, 0x0000, 0x0000,
  0x0000, 0x0000, 0x0000, 0x0000, 0x0000, 0x0000, 0x0000, 0x0000,
  0x0000, 0x0000, 0x0000, 0x0000, 0x0000, 0x0000, 0x0000, 0x0000,
  0x0000, 0x0000, 0x0000, 0x0000, 0x0000, 0x0000, 0x0000, 0x0000,
  0x0000, 0x0000, 0x0000, 0x0000, 0x0000, 0x0000, 0x0000, 0x0000,
  0x0000, 0x0000, 0x0000, 0x0000, 0x0000, 0x0000, 0x0000, 0x0000,
  0x0000, 0x0000, 0x0000, 0x0000, 0x0000, 0x0000, 0x0000, 0x0000,
  0x0000, 0x0000, 0x0000, 0x0000, 0x0000, 0x0000, 0x0000, 0x0000,
  0x0000, 0x0000, 0x0000, 0x0000, 0x0000, 0x0000, 0x0000, 0x0000,
  0x0000, 0x0000, 0x0000, 0x0000, 0x0000, 0x0000, 0x0000, 0x0000,
  0x0000, 0x0000, 0x0000, 0x0000, 0x0000, 0x0000, 0x0000, 0x0000,
  0x0000, 0x0000, 0x0000, 0x0000, 0x0000, 0x0000, 0x0000, 0x0000,
  0x0000, 0x0000, 0x0000, 0x0000, 0x0000, 0x0000, 0x0000, 0x0000,
  0x0000, 0x0000, 0x0000, 0x0000, 0x0000, 0x0000, 0x0000, 0x0000,
  0x0000, 0x0000, 0x0000, 0x0000, 0x0000, 0x0000, 0x0000, 0x0000,
  0x0000, 0x0000, 0x0000, 0x0000, 0x0000, 0x0000, 0x0000, 0x0000,
  0x0000, 0x0000, 0x0000, 0x0000, 0x0000, 0x0000, 0x0000, 0x0001,
  0x0821, 0x7261, 0xe561, 0xfde1, 0xfda0, 0xfdc0, 0xfda0, 0xfda0,
  0xfda0, 0xfda0, 0xfda0, 0xfda0, 0xfda0, 0xfda0, 0xfda0, 0xfda0,
  0xfda1, 0xf800, 0xf800, 0xf800, 0xf800, 0xf800, 0xf800, 0xf800,
  0xf800, 0xf800, 0xf800, 0xf800, 0xf800, 0xf800, 0xf800, 0xf800,
  0xf800, 0xf800, 0xf800, 0xf800, 0xf800, 0xf800, 0xf800, 0xf800,
  0xf800, 0xf800, 0xf800, 0xf800, 0xf800, 0xf800, 0xf800, 0xf800,
  0xf800, 0xf800, 0xf800, 0xf800, 0xf800, 0xf800, 0xf800, 0xf800,
  0xf800, 0xf800, 0xf800, 0xf800, 0xf800, 0xf800, 0xf800, 0xf800,
  0xfd80, 0xfdc0, 0xfda1, 0xfda0, 0xfda0, 0xfda0, 0xfda0, 0xfda0,
  0xfda0, 0xfda0, 0xfda0, 0xfda0, 0xfdc0, 0xfdc0, 0xfde0, 0xed61,
  0x9361, 0x3101, 0x0001, 0x0000, 0x0000, 0x0000, 0x0000, 0x0000,
  0x0000, 0x0000, 0x0000, 0x0000, 0x0000, 0x0000, 0x0000, 0x0000,
  0x0000, 0x0000, 0x0000, 0x0000, 0x0000, 0x0000, 0x0000, 0x0000,
  0x0000, 0x0000, 0x0000, 0x0000, 0x0000, 0x0000, 0x0000, 0x0000,
  0x0000, 0x0000, 0x0000, 0x0000, 0x0000, 0x0000, 0x0000, 0x0000,
  0x0000, 0x0000, 0x0000, 0x0000, 0x0000, 0x0000, 0x0000, 0x0000,
  0x0000, 0x0000, 0x0000, 0x0000, 0x0000, 0x0000, 0x0000, 0x0000,
  0x0000, 0x0000, 0x0000, 0x0000, 0x0000, 0x0000, 0x0000, 0x0000,
  0x0000, 0x0000, 0x0000, 0x0000, 0x0000, 0x0000, 0x0000, 0x0000,
  0x0000, 0x0000, 0x0000, 0x0000, 0x0000, 0x0000, 0x0000, 0x0000,
  0x0000, 0x0000, 0x0000, 0x0000, 0x0000, 0x0000, 0x0000, 0x0000,
  0x0000, 0x0000, 0x0000, 0x0000, 0x0000, 0x0000, 0x0000, 0x0000,
  0x0000, 0x0000, 0x0000, 0x0000, 0x0000, 0x0000, 0x0000, 0x0000,
  0x0000, 0x0000, 0x0000, 0x0000, 0x0000, 0x0000, 0x0000, 0x0000,
  0x0000, 0x0000, 0x0000, 0x0000, 0x0000, 0x0000, 0x0000, 0x0000,
  0x0000, 0x0000, 0x0000, 0x0000, 0x0000, 0x0000, 0x0000, 0x0000,
  0x0000, 0x0000, 0x0000, 0x0000, 0x0000, 0x0000, 0x0000, 0x0000,
  0x0000, 0x0000, 0x0000, 0x0000, 0x0000, 0x0000, 0x0000, 0x0000,
  0x0000, 0x0000, 0x0000, 0x0000, 0x0000, 0x0000, 0x0000, 0x0000,
  0x0000, 0x0000, 0x0000, 0x0000, 0x0000, 0x0000, 0x0860, 0x51c0,
  0xbc60, 0xfdc1, 0xfdc0, 0xfdc0, 0xfda0, 0xfda0, 0xfda0, 0xfda0,
  0xfda0, 0xfda0, 0xfda0, 0xfda0, 0xfda0, 0xfdc0, 0xfdc0, 0xfdc0,
  0xf800, 0xf800, 0xf800, 0xf800, 0xf800, 0xf800, 0xf800, 0xf800,
  0xf800, 0xf800, 0xf800, 0xf800, 0xf800, 0xf800, 0xf800, 0xf800,
  0xf800, 0xf800, 0xf800, 0xf800, 0xf800, 0xf800, 0xf800, 0xf800,
  0xf800, 0xf800, 0xf800, 0xf800, 0xf800, 0xf800, 0xf800, 0xf800,
  0xf800, 0xf800, 0xf800, 0xf800, 0xf800, 0xf800, 0xf800, 0xf800,
  0xf800, 0xf800, 0xf800, 0xf800, 0xf800, 0xf800, 0xf800, 0xf800,
  0xf800, 0xfda1, 0xfda0, 0xfda0, 0xfda0, 0xfda0, 0xfda0, 0xfda0,
  0xfda0, 0xfda0, 0xfda0, 0xfda0, 0xfda0, 0xfda0, 0xfda0, 0xfda0,
  0xfde0, 0xed81, 0xb421, 0x72a1, 0x3940, 0x18a0, 0x0840, 0x0820,
  0x0800, 0x0820, 0x0020, 0x0020, 0x0020, 0x0020, 0x0020, 0x0020,
  0x0020, 0x0020, 0x0020, 0x0020, 0x0020, 0x0020, 0x0020, 0x0020,
  0x0020, 0x0020, 0x0020, 0x0020, 0x0020, 0x0020, 0x0020, 0x0020,
  0x0020, 0x0020, 0x0020, 0x0020, 0x0020, 0x0020, 0x0020, 0x0020,
  0x0020, 0x0020, 0x0020, 0x0020, 0x0020, 0x0020, 0x0020, 0x0020,
  0x0020, 0x0020, 0x0020, 0x0020, 0x0020, 0x0020, 0x0020, 0x0020,
  0x0020, 0x0020, 0x0020, 0x0020, 0x0020, 0x0020, 0x0020, 0x0020,
  0x0020, 0x0020, 0x0020, 0x0020, 0x0020, 0x0020, 0x0020, 0x0020,
  0x0020, 0x0020, 0x0020, 0x0020, 0x0020, 0x0020, 0x0020, 0x0020,
  0x0020, 0x0020, 0x0020, 0x0020, 0x0020, 0x0020, 0x0020, 0x0020,
  0x0020, 0x0020, 0x0020, 0x0020, 0x0020, 0x0020, 0x0020, 0x0020,
  0x0020, 0x0020, 0x0020, 0x0020, 0x0020, 0x0020, 0x0020, 0x0020,
  0x0020, 0x0020, 0x0020, 0x0020, 0x0020, 0x0020, 0x0020, 0x0020,
  0x0020, 0x0020, 0x0020, 0x0020, 0x0020, 0x0020, 0x0020, 0x0020,
  0x0020, 0x0020, 0x0020, 0x0020, 0x0020, 0x0020, 0x0020, 0x0020,
  0x0020, 0x0020, 0x0020, 0x0020, 0x0020, 0x0020, 0x0020, 0x0020,
  0x0020, 0x0020, 0x0020, 0x0020, 0x0020, 0x0020, 0x0020, 0x0020,
  0x0020, 0x0020, 0x0020, 0x0020, 0x0020, 0x0020, 0x0020, 0x0020,
  0x0821, 0x0821, 0x1060, 0x20c0, 0x49c0, 0x8b20, 0xd4a0, 0xfda1,
  0xfde0, 0xfdc0, 0xfda0, 0xfda0, 0xfda0, 0xfda0, 0xfda0, 0xfda0,
  0xfda0, 0xfda0, 0xfda0, 0xfda0, 0xfda0, 0xfda0, 0xfda1, 0xfda0,
  0xf800, 0xf800, 0xf800, 0xf800, 0xf800, 0xf800, 0xf800, 0xf800,
  0xf800, 0xf800, 0xf800, 0xf800, 0xf800, 0xf800, 0xf800, 0xf800,
  0xf800, 0xf800, 0xf800, 0xf800, 0xf800, 0xf800, 0xf800, 0xf800,
  0xf800, 0xf800, 0xf800, 0xf800, 0xf800, 0xf800, 0xf800, 0xf800,
  0xf800, 0xf800, 0xf800, 0xf800, 0xf800, 0xf800, 0xf800, 0xf800,
  0xf800, 0xf800, 0xf800, 0xf800, 0xf800, 0xf800, 0xf800, 0xf800,
  0xf800, 0xf800, 0xfda0, 0xfda0, 0xfda0, 0xfda0, 0xfda0, 0xfda0,
  0xfda0, 0xfda0, 0xfda0, 0xfda0, 0xfda0, 0xfda0, 0xfda0, 0xfda0,
  0xfda1, 0xfdc0, 0xfdc1, 0xfde0, 0xf5a0, 0xe500, 0xd4c0, 0xcc80,
  0xc460, 0xcc80, 0xcc60, 0xcc60, 0xcc60, 0xcc60, 0xcc60, 0xcc60,
  0xcc60, 0xcc60, 0xcc60, 0xcc60, 0xcc60, 0xcc60, 0xcc60, 0xcc60,
  0xcc60, 0xcc60, 0xcc60, 0xcc60, 0xcc60, 0xcc60, 0xcc60, 0xcc60,
  0xcc60, 0xcc60, 0xcc60, 0xcc60, 0xcc60, 0xcc60, 0xcc60, 0xcc60,
  0xcc60, 0xcc60, 0xcc60, 0xcc60, 0xcc60, 0xcc60, 0xcc60, 0xcc60,
  0xcc60, 0xcc60, 0xcc60, 0xcc60, 0xcc60, 0xcc60, 0xcc60, 0xcc60,
  0xcc60, 0xcc60, 0xcc60, 0xcc60, 0xcc60, 0xcc60, 0xcc60, 0xcc60,
  0xcc60, 0xcc60, 0xcc60, 0xcc60, 0xcc60, 0xcc60, 0xcc60, 0xcc60,
  0xcc60, 0xcc60, 0xcc60, 0xcc60, 0xcc60, 0xcc60, 0xcc60, 0xcc60,
  0xcc60, 0xcc60, 0xcc60, 0xcc60, 0xcc60, 0xcc60, 0xcc60, 0xcc60,
  0xcc60, 0xcc60, 0xcc60, 0xcc60, 0xcc60, 0xcc60, 0xcc60, 0xcc60,
  0xcc60, 0xcc60, 0xcc60, 0xcc60, 0xcc60, 0xcc60, 0xcc60, 0xcc60,
  0xcc60, 0xcc60, 0xcc60, 0xcc60, 0xcc60, 0xcc60, 0xcc60, 0xcc60,
  0xcc60, 0xcc60, 0xcc60, 0xcc60, 0xcc60, 0xcc60, 0xcc60, 0xcc60,
  0xcc60, 0xcc60, 0xcc60, 0xcc60, 0xcc60, 0xcc60, 0xcc60, 0xcc60,
  0xcc60, 0xcc60, 0xcc60, 0xcc60, 0xcc60, 0xcc60, 0xcc60, 0xcc60,
  0xcc60, 0xcc60, 0xcc60, 0xcc60, 0xcc60, 0xcc60, 0xcc60, 0xcc60,
  0xcc60, 0xcc60, 0xcc60, 0xcc60, 0xcc60, 0xcc60, 0xcc60, 0xcc60,
  0xc481, 0xcca0, 0xdce0, 0xed41, 0xfda1, 0xfe00, 0xfde0, 0xfdc0,
  0xfdc0, 0xfdc0, 0xfda0, 0xfda0, 0xfda0, 0xfda0, 0xfda0, 0xfda0,
  0xfda0, 0xfda0, 0xfda0, 0xfda0, 0xfdc0, 0xfda1, 0xfda0, 0xf800,
  0xf800, 0xf800, 0xf800, 0xf800, 0xf800, 0xf800, 0xf800, 0xf800,
  0xf800, 0xf800, 0xf800, 0xf800, 0xf800, 0xf800, 0xf800, 0xf800,
  0xf800, 0xf800, 0xf800, 0xf800, 0xf800, 0xf800, 0xf800, 0xf800,
  0xf800, 0xf800, 0xf800, 0xf800, 0xf800, 0xf800, 0xf800, 0xf800,
  0xf800, 0xf800, 0xf800, 0xf800, 0xf800, 0xf800, 0xf800, 0xf800,
  0xf800, 0xf800, 0xf800, 0xf800, 0xf800, 0xf800, 0xf800, 0xf800,
  0xf800, 0xf800, 0xf800, 0xfda0, 0xfdc0, 0xfda0, 0xfda0, 0xfda0,
  0xfda0, 0xfda0, 0xfda0, 0xfda0, 0xfda0, 0xfda0, 0xfda0, 0xfdc0,
  0xfdc0, 0xfdc0, 0xfdc0, 0xfda0, 0xfdc0, 0xfdc1, 0xfde0, 0xfde0,
  0xfde0, 0xfde0, 0xfdc0, 0xfdc0, 0xfdc0, 0xfdc0, 0xfdc0, 0xfdc0,
  0xfdc0, 0xfdc0, 0xfdc0, 0xfdc0, 0xfdc0, 0xfdc0, 0xfdc0, 0xfdc0,
  0xfdc0, 0xfdc0, 0xfdc0, 0xfdc0, 0xfdc0, 0xfdc0, 0xfdc0, 0xfdc0,
  0xfdc0, 0xfdc0, 0xfdc0, 0xfdc0, 0xfdc0, 0xfdc0, 0xfdc0, 0xfdc0,
  0xfdc0, 0xfdc0, 0xfdc0, 0xfdc0, 0xfdc0, 0xfdc0, 0xfdc0, 0xfdc0,
  0xfdc0, 0xfdc0, 0xfdc0, 0xfdc0, 0xfdc0, 0xfdc0, 0xfdc0, 0xfdc0,
  0xfdc0, 0xfdc0, 0xfdc0, 0xfdc0, 0xfdc0, 0xfdc0, 0xfdc0, 0xfdc0,
  0xfdc0, 0xfdc0, 0xfdc0, 0xfdc0, 0xfdc0, 0xfdc0, 0xfdc0, 0xfdc0,
  0xfdc0, 0xfdc0, 0xfdc0, 0xfdc0, 0xfdc0, 0xfdc0, 0xfdc0, 0xfdc0,
  0xfdc0, 0xfdc0, 0xfdc0, 0xfdc0, 0xfdc0, 0xfdc0, 0xfdc0, 0xfdc0,
  0xfdc0, 0xfdc0, 0xfdc0, 0xfdc0, 0xfdc0, 0xfdc0, 0xfdc0, 0xfdc0,
  0xfdc0, 0xfdc0, 0xfdc0, 0xfdc0, 0xfdc0, 0xfdc0, 0xfdc0, 0xfdc0,
  0xfdc0, 0xfdc0, 0xfdc0, 0xfdc0, 0xfdc0, 0xfdc0, 0xfdc0, 0xfdc0,
  0xfdc0, 0xfdc0, 0xfdc0, 0xfdc0, 0xfdc0, 0xfdc0, 0xfdc0, 0xfdc0,
  0xfdc0, 0xfdc0, 0xfdc0, 0xfdc0, 0xfdc0, 0xfdc0, 0xfdc0, 0xfdc0,
  0xfdc0, 0xfdc0, 0xfdc0, 0xfdc0, 0xfdc0, 0xfdc0, 0xfdc0, 0xfdc0,
  0xfdc0, 0xfdc0, 0xfdc0, 0xfdc0, 0xfdc0, 0xfdc0, 0xfdc0, 0xfdc0,
  0xfdc0, 0xfdc0, 0xfdc0, 0xfdc0, 0xfdc0, 0xfdc0, 0xfdc0, 0xfdc0,
  0xfde0, 0xfde0, 0xfdc1, 0xfdc1, 0xfda1, 0xfda1, 0xfda0, 0xfda0,
  0xfda0, 0xfdc0, 0xfdc0, 0xfda0, 0xfda0, 0xfda0, 0xfda0, 0xfda0,
  0xfda0, 0xfda0, 0xfdc0, 0xfdc0, 0xfda0, 0xfda0, 0xf800, 0xf800,
  0xf800, 0xf800, 0xf800, 0xf800, 0xf800, 0xf800, 0xf800, 0xf800,
  0xf800, 0xf800, 0xf800, 0xf800, 0xf800, 0xf800, 0xf800, 0xf800,
  0xf800, 0xf800, 0xf800, 0xf800, 0xf800, 0xf800, 0xf800, 0xf800,
  0xf800, 0xf800, 0xf800, 0xf800, 0xf800, 0xf800, 0xf800, 0xf800,
  0xf800, 0xf800, 0xf800, 0xf800, 0xf800, 0xf800, 0xf800, 0xf800,
  0xf800, 0xf800, 0xf800, 0xf800, 0xf800, 0xf800, 0xf800, 0xf800,
  0xf800, 0xf800, 0xf800, 0xf800, 0xfda0, 0xfdc0, 0xfda0, 0xfda0,
  0xfda0, 0xfda0, 0xfda0, 0xfda0, 0xfda0, 0xfda0, 0xfda0, 0xfda0,
  0xfda0, 0xfda0, 0xfda0, 0xfda0, 0xfda0, 0xfdc0, 0xfda0, 0xfda0,
  0xfda0, 0xfda0, 0xfda0, 0xfda0, 0xfda0, 0xfda0, 0xfda0, 0xfda0,
  0xfda0, 0xfda0, 0xfda0, 0xfda0, 0xfda0, 0xfda0, 0xfda0, 0xfda0,
  0xfda0, 0xfda0, 0xfda0, 0xfda0, 0xfda0, 0xfda0, 0xfda0, 0xfda0,
  0xfda0, 0xfda0, 0xfda0, 0xfda0, 0xfda0, 0xfda0, 0xfda0, 0xfda0,
  0xfda0, 0xfda0, 0xfda0, 0xfda0, 0xfda0, 0xfda0, 0xfda0, 0xfda0,
  0xfda0, 0xfda0, 0xfda0, 0xfda0, 0xfda0, 0xfda0, 0xfda0, 0xfda0,
  0xfda0, 0xfda0, 0xfda0, 0xfda0, 0xfda0, 0xfda0, 0xfda0, 0xfda0,
  0xfda0, 0xfda0, 0xfda0, 0xfda0, 0xfda0, 0xfda0, 0xfda0, 0xfda0,
  0xfda0, 0xfda0, 0xfda0, 0xfda0, 0xfda0, 0xfda0, 0xfda0, 0xfda0,
  0xfda0, 0xfda0, 0xfda0, 0xfda0, 0xfda0, 0xfda0, 0xfda0, 0xfda0,
  0xfda0, 0xfda0, 0xfda0, 0xfda0, 0xfda0, 0xfda0, 0xfda0, 0xfda0,
  0xfda0, 0xfda0, 0xfda0, 0xfda0, 0xfda0, 0xfda0, 0xfda0, 0xfda0,
  0xfda0, 0xfda0, 0xfda0, 0xfda0, 0xfda0, 0xfda0, 0xfda0, 0xfda0,
  0xfda0, 0xfda0, 0xfda0, 0xfda0, 0xfda0, 0xfda0, 0xfda0, 0xfda0,
  0xfda0, 0xfda0, 0xfda0, 0xfda0, 0xfda0, 0xfda0, 0xfda0, 0xfda0,
  0xfda0, 0xfda0, 0xfda0, 0xfda0, 0xfda0, 0xfda0, 0xfda0, 0xfda0,
  0xfda0, 0xfda0, 0xfda0, 0xfda0, 0xfda0, 0xfda0, 0xfda0, 0xfda0,
  0xfda0, 0xfda0, 0xfda0, 0xfda0, 0xfda0, 0xfda0, 0xfda0, 0xfda0,
  0xfdc0, 0xfdc0, 0xfda0, 0xfda0, 0xfda0, 0xfda0, 0xfda0, 0xfda0,
  0xfda0, 0xfda0, 0xfda0, 0xfda0, 0xfda0, 0xfda0, 0xfda0, 0xfda0,
  0xfda0, 0xfda0, 0xfdc0, 0xfda0, 0xfda0, 0xf800, 0xf800, 0xf800,
  0xf800, 0xf800, 0xf800, 0xf800, 0xf800, 0xf800, 0xf800, 0xf800,
  0xf800, 0xf800, 0xf800, 0xf800, 0xf800, 0xf800, 0xf800, 0xf800,
  0xf800, 0xf800, 0xf800, 0xf800, 0xf800, 0xf800, 0xf800, 0xf800,
  0xf800, 0xf800, 0xf800, 0xf800, 0xf800, 0xf800, 0xf800, 0xf800,
  0xf800, 0xf800, 0xf800, 0xf800, 0xf800, 0xf800, 0xf800, 0xf800,
  0xf800, 0xf800, 0xf800, 0xf800, 0xf800, 0xf800, 0xf800, 0xf800,
  0xf800, 0xf800, 0xf800, 0xf800, 0xf800, 0xfda0, 0xfda0, 0xfda0,
  0xfda0, 0xfda0, 0xfda0, 0xfda0, 0xfda0, 0xfda0, 0xfda0, 0xfda0,
  0xfda0, 0xfda0, 0xfda0, 0xfda0, 0xfda0, 0xfda0, 0xfda0, 0xfda0,
  0xfda0, 0xfda0, 0xfda0, 0xfda0, 0xfda0, 0xfda0, 0xfda0, 0xfda0,
  0xfda0, 0xfda0, 0xfda0, 0xfda0, 0xfda0, 0xfda0, 0xfda0, 0xfda0,
  0xfda0, 0xfda0, 0xfda0, 0xfda0, 0xfda0, 0xfda0, 0xfda0, 0xfda0,
  0xfda0, 0xfda0, 0xfda0, 0xfda0, 0xfda0, 0xfda0, 0xfda0, 0xfda0,
  0xfda0, 0xfda0, 0xfda0, 0xfda0, 0xfda0, 0xfda0, 0xfda0, 0xfda0,
  0xfda0, 0xfda0, 0xfda0, 0xfda0, 0xfda0, 0xfda0, 0xfda0, 0xfda0,
  0xfda0, 0xfda0, 0xfda0, 0xfda0, 0xfda0, 0xfda0, 0xfda0, 0xfda0,
  0xfda0, 0xfda0, 0xfda0, 0xfda0, 0xfda0, 0xfda0, 0xfda0, 0xfda0,
  0xfda0, 0xfda0, 0xfda0, 0xfda0, 0xfda0, 0xfda0, 0xfda0, 0xfda0,
  0xfda0, 0xfda0, 0xfda0, 0xfda0, 0xfda0, 0xfda0, 0xfda0, 0xfda0,
  0xfda0, 0xfda0, 0xfda0, 0xfda0, 0xfda0, 0xfda0, 0xfda0, 0xfda0,
  0xfda0, 0xfda0, 0xfda0, 0xfda0, 0xfda0, 0xfda0, 0xfda0, 0xfda0,
  0xfda0, 0xfda0, 0xfda0, 0xfda0, 0xfda0, 0xfda0, 0xfda0, 0xfda0,
  0xfda0, 0xfda0, 0xfda0, 0xfda0, 0xfda0, 0xfda0, 0xfda0, 0xfda0,
  0xfda0, 0xfda0, 0xfda0, 0xfda0, 0xfda0, 0xfda0, 0xfda0, 0xfda0,
  0xfda0, 0xfda0, 0xfda0, 0xfda0, 0xfda0, 0xfda0, 0xfda0, 0xfda0,
  0xfda0, 0xfda0, 0xfda0, 0xfda0, 0xfda0, 0xfda0, 0xfda0, 0xfda0,
  0xfda0, 0xfda0, 0xfda0, 0xfda0, 0xfda0, 0xfda0, 0xfda0, 0xfda0,
  0xfda0, 0xfda0, 0xfda0, 0xfda0, 0xfda0, 0xfda0, 0xfda0, 0xfda0,
  0xfda0, 0xfda0, 0xfda0, 0xfda0, 0xfda0, 0xfda0, 0xfda0, 0xfda0,
  0xfda0, 0xfdc0, 0xfda1, 0xfda0, 0xf800, 0xf800, 0xf800, 0xf800,
  0xf800, 0xf800, 0xf800, 0xf800, 0xf800, 0xf800, 0xf800, 0xf800,
  0xf800, 0xf800, 0xf800, 0xf800, 0xf800, 0xf800, 0xf800, 0xf800,
  0xf800, 0xf800, 0xf800, 0xf800, 0xf800, 0xf800, 0xf800, 0xf800,
  0xf800, 0xf800, 0xf800, 0xf800, 0xf800, 0xf800, 0xf800, 0xf800,
  0xf800, 0xf800, 0xf800, 0xf800, 0xf800, 0xf800, 0xf800, 0xf800,
  0xf800, 0xf800, 0xf800, 0xf800, 0xf800, 0xf800, 0xf800, 0xf800,
  0xf800, 0xf800, 0xf800, 0xf800, 0xf800, 0xf800, 0xfda0, 0xfda0,
  0xfda0, 0xfda0, 0xfda0, 0xfda0, 0xfda0, 0xfda0, 0xfda0, 0xfda0,
  0xfda0, 0xfda0, 0xfda0, 0xfda0, 0xfda0, 0xfda0, 0xfda0, 0xfda0,
  0xfda0, 0xfda0, 0xfda0, 0xfda0, 0xfda0, 0xfda0, 0xfda0, 0xfda0,
  0xfda0, 0xfda0, 0xfda0, 0xfda0, 0xfda0, 0xfda0, 0xfda0, 0xfda0,
  0xfda0, 0xfda0, 0xfda0, 0xfda0, 0xfda0, 0xfda0, 0xfda0, 0xfda0,
  0xfda0, 0xfda0, 0xfda0, 0xfda0, 0xfda0, 0xfda0, 0xfda0, 0xfda0,
  0xfda0, 0xfda0, 0xfda0, 0xfda0, 0xfda0, 0xfda0, 0xfda0, 0xfda0,
  0xfda0, 0xfda0, 0xfda0, 0xfda0, 0xfda0, 0xfda0, 0xfda0, 0xfda0,
  0xfda0, 0xfda0, 0xfda0, 0xfda0, 0xfda0, 0xfda0, 0xfda0, 0xfda0,
  0xfda0, 0xfda0, 0xfda0, 0xfda0, 0xfda0, 0xfda0, 0xfda0, 0xfda0,
  0xfda0, 0xfda0, 0xfda0, 0xfda0, 0xfda0, 0xfda0, 0xfda0, 0xfda0,
  0xfda0, 0xfda0, 0xfda0, 0xfda0, 0xfda0, 0xfda0, 0xfda0, 0xfda0,
  0xfda0, 0xfda0, 0xfda0, 0xfda0, 0xfda0, 0xfda0, 0xfda0, 0xfda0,
  0xfda0, 0xfda0, 0xfda0, 0xfda0, 0xfda0, 0xfda0, 0xfda0, 0xfda0,
  0xfda0, 0xfda0, 0xfda0, 0xfda0, 0xfda0, 0xfda0, 0xfda0, 0xfda0,
  0xfda0, 0xfda0, 0xfda0, 0xfda0, 0xfda0, 0xfda0, 0xfda0, 0xfda0,
  0xfda0, 0xfda0, 0xfda0, 0xfda0, 0xfda0, 0xfda0, 0xfda0, 0xfda0,
  0xfda0, 0xfda0, 0xfda0, 0xfda0, 0xfda0, 0xfda0, 0xfda0, 0xfda0,
  0xfda0, 0xfda0, 0xfda0, 0xfda0, 0xfda0, 0xfda0, 0xfda0, 0xfda0,
  0xfda0, 0xfda0, 0xfda0, 0xfda0, 0xfda0, 0xfda0, 0xfda0, 0xfda0,
  0xfda0, 0xfda0, 0xfda0, 0xfda0, 0xfda0, 0xfda0, 0xfda0, 0xfda0,
  0xfda0, 0xfda0, 0xfda0, 0xfda0, 0xfda0, 0xfda0, 0xfda0, 0xfda0,
  0xfda0, 0xfda0, 0xfda0, 0xf800, 0xf800, 0xf800, 0xf800, 0xf800,
  0xf800, 0xf800, 0xf800, 0xf800, 0xf800, 0xf800, 0xf800, 0xf800,
  0xf800, 0xf800, 0xf800, 0xf800, 0xf800, 0xf800, 0xf800, 0xf800,
  0xf800, 0xf800, 0xf800, 0xf800, 0xf800, 0xf800, 0xf800, 0xf800,
  0xf800, 0xf800, 0xf800, 0xf800, 0xf800, 0xf800, 0xf800, 0xf800,
  0xf800, 0xf800, 0xf800, 0xf800, 0xf800, 0xf800, 0xf800, 0xf800,
  0xf800, 0xf800, 0xf800, 0xf800, 0xf800, 0xf800, 0xf800, 0xf800,
  0xf800, 0xf800, 0xf800, 0xf800, 0xf800, 0xf800, 0xf800, 0xfda0,
  0xfda0, 0xfda0, 0xfda0, 0xfdc0, 0xfdc0, 0xfda0, 0xfda0, 0xfda0,
  0xfda0, 0xfda0, 0xfda0, 0xfda0, 0xfda0, 0xfda0, 0xfda0, 0xfda0,
  0xfda0, 0xfda0, 0xfda0, 0xfda0, 0xfda0, 0xfda0, 0xfda0, 0xfda0,
  0xfda0, 0xfda0, 0xfda0, 0xfda0, 0xfda0, 0xfda0, 0xfda0, 0xfda0,
  0xfda0, 0xfda0, 0xfda0, 0xfda0, 0xfda0, 0xfda0, 0xfda0, 0xfda0,
  0xfda0, 0xfda0, 0xfda0, 0xfda0, 0xfda0, 0xfda0, 0xfda0, 0xfda0,
  0xfda0, 0xfda0, 0xfda0, 0xfda0, 0xfda0, 0xfda0, 0xfda0, 0xfda0,
  0xfda0, 0xfda0, 0xfda0, 0xfda0, 0xfda0, 0xfda0, 0xfda0, 0xfda0,
  0xfda0, 0xfda0, 0xfda0, 0xfda0, 0xfda0, 0xfda0, 0xfda0, 0xfda0,
  0xfda0, 0xfda0, 0xfda0, 0xfda0, 0xfda0, 0xfda0, 0xfda0, 0xfda0,
  0xfda0, 0xfda0, 0xfda0, 0xfda0, 0xfda0, 0xfda0, 0xfda0, 0xfda0,
  0xfda0, 0xfda0, 0xfda0, 0xfda0, 0xfda0, 0xfda0, 0xfda0, 0xfda0,
  0xfda0, 0xfda0, 0xfda0, 0xfda0, 0xfda0, 0xfda0, 0xfda0, 0xfda0,
  0xfda0, 0xfda0, 0xfda0, 0xfda0, 0xfda0, 0xfda0, 0xfda0, 0xfda0,
  0xfda0, 0xfda0, 0xfda0, 0xfda0, 0xfda0, 0xfda0, 0xfda0, 0xfda0,
  0xfda0, 0xfda0, 0xfda0, 0xfda0, 0xfda0, 0xfda0, 0xfda0, 0xfda0,
  0xfda0, 0xfda0, 0xfda0, 0xfda0, 0xfda0, 0xfda0, 0xfda0, 0xfda0,
  0xfda0, 0xfda0, 0xfda0, 0xfda0, 0xfda0, 0xfda0, 0xfda0, 0xfda0,
  0xfda0, 0xfda0, 0xfda0, 0xfda0, 0xfda0, 0xfda0, 0xfda0, 0xfda0,
  0xfda0, 0xfda0, 0xfda0, 0xfda0, 0xfda0, 0xfda0, 0xfda0, 0xfda0,
  0xfda0, 0xfda0, 0xfda0, 0xfda0, 0xfda0, 0xfda0, 0xfda0, 0xfda0,
  0xfda0, 0xfda0, 0xfdc0, 0xfda0, 0xfda0, 0xfda0, 0xfda0, 0xfdc0,
  0xfda0, 0xf800, 0xf800, 0xf800, 0xf800, 0xf800, 0xf800, 0xf800,
  0xf800, 0xf800, 0xf800, 0xf800, 0xf800, 0xf800, 0xf800, 0xf800,
  0xf800, 0xf800, 0xf800, 0xf800, 0xf800, 0xf800, 0xf800, 0xf800,
  0xf800, 0xf800, 0xf800, 0xf800, 0xf800, 0xf800, 0xf800, 0xf800,
  0xf800, 0xf800, 0xf800, 0xf800, 0xf800, 0xf800, 0xf800, 0xf800,
  0xf800, 0xf800, 0xf800, 0xf800, 0xf800, 0xf800, 0xf800, 0xf800,
  0xf800, 0xf800, 0xf800, 0xf800, 0xf800, 0xf800, 0xf800, 0xf800,
  0xf800, 0xf800, 0xf800, 0xf800, 0xf800, 0xf800, 0xf800, 0xf800,
  0xf800, 0xfd80, 0xfda0, 0xfdc0, 0xfdc0, 0xfda0, 0xfda0, 0xfda0,
  0xfda0, 0xfda0, 0xfda0, 0xfda0, 0xfda0, 0xfda0, 0xfda0, 0xfda0,
  0xfda0, 0xfda0, 0xfda0, 0xfda0, 0xfda0, 0xfda0, 0xfda0, 0xfda0,
  0xfda0, 0xfda0, 0xfda0, 0xfda0, 0xfda0, 0xfda0, 0xfda0, 0xfda0,
  0xfda0, 0xfda0, 0xfda0, 0xfda0, 0xfda0, 0xfda0, 0xfda0, 0xfda0,
  0xfda0, 0xfda0, 0xfda0, 0xfda0, 0xfda0, 0xfda0, 0xfda0, 0xfda0,
  0xfda0, 0xfda0, 0xfda0, 0xfda0, 0xfda0, 0xfda0, 0xfda0, 0xfda0,
  0xfda0, 0xfda0, 0xfda0, 0xfda0, 0xfda0, 0xfda0, 0xfda0, 0xfda0,
  0xfda0, 0xfda0, 0xfda0, 0xfda0, 0xfda0, 0xfda0, 0xfda0, 0xfda0,
  0xfda0, 0xfda0, 0xfda0, 0xfda0, 0xfda0, 0xfda0, 0xfda0, 0xfda0,
  0xfda0, 0xfda0, 0xfda0, 0xfda0, 0xfda0, 0xfda0, 0xfda0, 0xfda0,
  0xfda0, 0xfda0, 0xfda0, 0xfda0, 0xfda0, 0xfda0, 0xfda0, 0xfda0,
  0xfda0, 0xfda0, 0xfda0, 0xfda0, 0xfda0, 0xfda0, 0xfda0, 0xfda0,
  0xfda0, 0xfda0, 0xfda0, 0xfda0, 0xfda0, 0xfda0, 0xfda0, 0xfda0,
  0xfda0, 0xfda0, 0xfda0, 0xfda0, 0xfda0, 0xfda0, 0xfda0, 0xfda0,
  0xfda0, 0xfda0, 0xfda0, 0xfda0, 0xfda0, 0xfda0, 0xfda0, 0xfda0,
  0xfda0, 0xfda0, 0xfda0, 0xfda0, 0xfda0, 0xfda0, 0xfda0, 0xfda0,
  0xfda0, 0xfda0, 0xfda0, 0xfda0, 0xfda0, 0xfda0, 0xfda0, 0xfda0,
  0xfda0, 0xfda0, 0xfda0, 0xfda0, 0xfda0, 0xfda0, 0xfda0, 0xfda0,
  0xfda0, 0xfda0, 0xfda0, 0xfda0, 0xfda0, 0xfda0, 0xfda0, 0xfda0,
  0xfda0, 0xfda0, 0xfda0, 0xfda0, 0xfda0, 0xfda0, 0xfda0, 0xfda0,
  0xfda0, 0xfda0, 0xfdc0, 0xfda0, 0xfda0, 0xfda0, 0xfda0, 0xf800,
  0xf800, 0xf800, 0xf800, 0xf800, 0xf800, 0xf800, 0xf800, 0xf800,
  0xf800, 0xf800, 0xf800, 0xf800, 0xf800, 0xf800, 0xf800, 0xf800,
  0xf800, 0xf800, 0xf800, 0xf800, 0xf800, 0xf800, 0xf800, 0xf800,
  0xf800, 0xf800, 0xf800, 0xf800, 0xf800, 0xf800, 0xf800, 0xf800,
  0xf800, 0xf800, 0xf800, 0xf800, 0xf800, 0xf800, 0xf800, 0xf800,
  0xf800, 0xf800, 0xf800, 0xf800, 0xf800, 0xf800, 0xf800, 0xf800,
  0xf800, 0xf800, 0xf800, 0xf800, 0xf800, 0xf800, 0xf800, 0xf800,
  0xf800, 0xf800, 0xf800, 0xf800, 0xf800, 0xf800, 0xf800, 0xf800,
  0xf800, 0xf800, 0xf800, 0xfd80, 0xfda0, 0xfda0, 0xfda0, 0xfda0,
  0xfda0, 0xfda0, 0xfda0, 0xfda0, 0xfda0, 0xfda0, 0xfda0, 0xfda0,
  0xfda0, 0xfda0, 0xfda0, 0xfda0, 0xfda0, 0xfda0, 0xfda0, 0xfda0,
  0xfda0, 0xfda0, 0xfda0, 0xfda0, 0xfda0, 0xfda0, 0xfda0, 0xfda0,
  0xfda0, 0xfda0, 0xfda0, 0xfda0, 0xfda0, 0xfda0, 0xfda0, 0xfda0,
  0xfda0, 0xfda0, 0xfda0, 0xfda0, 0xfda0, 0xfda0, 0xfda0, 0xfda0,
  0xfda0, 0xfda0, 0xfda0, 0xfda0, 0xfda0, 0xfda0, 0xfda0, 0xfda0,
  0xfda0, 0xfda0, 0xfda0, 0xfda0, 0xfda0, 0xfda0, 0xfda0, 0xfda0,
  0xfda0, 0xfda0, 0xfda0, 0xfda0, 0xfda0, 0xfda0, 0xfda0, 0xfda0,
  0xfda0, 0xfda0, 0xfda0, 0xfda0, 0xfda0, 0xfda0, 0xfda0, 0xfda0,
  0xfda0, 0xfda0, 0xfda0, 0xfda0, 0xfda0, 0xfda0, 0xfda0, 0xfda0,
  0xfda0, 0xfda0, 0xfda0, 0xfda0, 0xfda0, 0xfda0, 0xfda0, 0xfda0,
  0xfda0, 0xfda0, 0xfda0, 0xfda0, 0xfda0, 0xfda0, 0xfda0, 0xfda0,
  0xfda0, 0xfda0, 0xfda0, 0xfda0, 0xfda0, 0xfda0, 0xfda0, 0xfda0,
  0xfda0, 0xfda0, 0xfda0, 0xfda0, 0xfda0, 0xfda0, 0xfda0, 0xfda0,
  0xfda0, 0xfda0, 0xfda0, 0xfda0, 0xfda0, 0xfda0, 0xfda0, 0xfda0,
  0xfda0, 0xfda0, 0xfda0, 0xfda0, 0xfda0, 0xfda0, 0xfda0, 0xfda0,
  0xfda0, 0xfda0, 0xfda0, 0xfda0, 0xfda0, 0xfda0, 0xfda0, 0xfda0,
  0xfda0, 0xfda0, 0xfda0, 0xfda0, 0xfda0, 0xfda0, 0xfda0, 0xfda0,
  0xfda0, 0xfda0, 0xfda0, 0xfda0, 0xfda0, 0xfda0, 0xfda0, 0xfda0,
  0xfda0, 0xfda0, 0xfda0, 0xfda0, 0xfda0, 0xfda0, 0xfda0, 0xfda0,
  0xfda0, 0xfda0, 0xfda0, 0xfda0, 0xfda0, 0xf800, 0xf800, 0xf800,
  0xf800, 0xf800, 0xf800, 0xf800, 0xf800, 0xf800, 0xf800, 0xf800,
  0xf800, 0xf800, 0xf800, 0xf800, 0xf800, 0xf800, 0xf800, 0xf800,
  0xf800, 0xf800, 0xf800, 0xf800, 0xf800, 0xf800, 0xf800, 0xf800,
  0xf800, 0xf800, 0xf800, 0xf800, 0xf800, 0xf800, 0xf800, 0xf800,
  0xf800, 0xf800, 0xf800, 0xf800, 0xf800, 0xf800, 0xf800, 0xf800,
  0xf800, 0xf800, 0xf800, 0xf800, 0xf800, 0xf800, 0xf800, 0xf800,
  0xf800, 0xf800, 0xf800, 0xf800, 0xf800, 0xf800, 0xf800, 0xf800,
  0xf800, 0xf800, 0xf800, 0xf800, 0xf800, 0xf800, 0xf800, 0xf800,
  0xf800, 0xf800, 0xf800, 0xf800, 0xf800, 0xf800, 0xf800, 0xfda0,
  0xfd80, 0xfd80, 0xfda0, 0xfd80, 0xfd80, 0xfd80, 0xfd80, 0xfd80,
  0xfd80, 0xfd80, 0xfd80, 0xfd80, 0xfd80, 0xfd80, 0xfd80, 0xfd80,
  0xfd80, 0xfd80, 0xfd80, 0xfd80, 0xfd80, 0xfd80, 0xfd80, 0xfd80,
  0xfd80, 0xfd80, 0xfd80, 0xfd80, 0xfd80, 0xfd80, 0xfd80, 0xfd80,
  0xfd80, 0xfd80, 0xfd80, 0xfd80, 0xfd80, 0xfd80, 0xfd80, 0xfd80,
  0xfd80, 0xfd80, 0xfd80, 0xfd80, 0xfd80, 0xfd80, 0xfd80, 0xfd80,
  0xfd80, 0xfd80, 0xfd80, 0xfd80, 0xfd80, 0xfd80, 0xfd80, 0xfd80,
  0xfd80, 0xfd80, 0xfd80, 0xfd80, 0xfd80, 0xfd80, 0xfd80, 0xfd80,
  0xfd80, 0xfd80, 0xfd80, 0xfd80, 0xfd80, 0xfd80, 0xfd80, 0xfd80,
  0xfd80, 0xfd80, 0xfd80, 0xfd80, 0xfd80, 0xfd80, 0xfd80, 0xfd80,
  0xfd80, 0xfd80, 0xfd80, 0xfd80, 0xfd80, 0xfd80, 0xfd80, 0xfd80,
  0xfd80, 0xfd80, 0xfd80, 0xfd80, 0xfd80, 0xfd80, 0xfd80, 0xfd80,
  0xfd80, 0xfd80, 0xfd80, 0xfd80, 0xfd80, 0xfd80, 0xfd80, 0xfd80,
  0xfd80, 0xfd80, 0xfd80, 0xfd80, 0xfd80, 0xfd80, 0xfd80, 0xfd80,
  0xfd80, 0xfd80, 0xfd80, 0xfd80, 0xfd80, 0xfd80, 0xfd80, 0xfd80,
  0xfd80, 0xfd80, 0xfd80, 0xfd80, 0xfd80, 0xfd80, 0xfd80, 0xfd80,
  0xfd80, 0xfd80, 0xfd80, 0xfd80, 0xfd80, 0xfd80, 0xfd80, 0xfd80,
  0xfd80, 0xfd80, 0xfd80, 0xfd80, 0xfd80, 0xfd80, 0xfd80, 0xfd80,
  0xfd80, 0xfd80, 0xfd80, 0xfd80, 0xfd80, 0xfd80, 0xfd80, 0xfd80,
  0xfd80, 0xfd80, 0xfd80, 0xfd80, 0xfd80, 0xfd80, 0xfd80, 0xfd80,
  0xfd80, 0xfda0, 0xf800, 0xf800, 0xf800, 0xf800, 0xf800, 0xf800,
  0xf800, 0xf800, 0xf800, 0xf800, 0xf800, 0xf800, 0xf800, 0xf800,
  0xf800, 0xf800, 0xf800, 0xf800, 0xf800, 0xf800, 0xf800, 0xf800,
  0xf800, 0xf800, 0xf800, 0xf800, 0xf800, 0xf800, 0xf800, 0xf800,
  0xf800, 0xf800, 0xf800, 0xf800, 0xf800, 0xf800, 0xf800, 0xf800,
  0xf800, 0xf800, 0xf800, 0xf800, 0xf800, 0xf800, 0xf800, 0xf800,
  0xf800, 0xf800, 0xf800, 0xf800, 0xf800, 0xf800, 0xf800, 0xf800,
  0xf800, 0xf800, 0xf800, 0xf800, 0xf800, 0xf800, 0xf800, 0xf800,
  0xf800, 0xf800, 0xf800, 0xf800, 0xf800, 0xf800, 0xf800, 0xf800,
  0xf800, 0xf800, 0xf800, 0xf800, 0xf800, 0xf800, 0xf800, 0xf800,
  0xf800, 0xf800, 0xf800, 0xf800, 0xf800, 0xf800, 0xf800, 0xf800,
  0xf800, 0xf800, 0xf800, 0xf800, 0xf800, 0xf800, 0xf800, 0xf800,
  0xf800, 0xf800, 0xf800, 0xf800, 0xf800, 0xf800, 0xf800, 0xf800,
  0xf800, 0xf800, 0xf800, 0xf800, 0xf800, 0xf800, 0xf800, 0xf800,
  0xf800, 0xf800, 0xf800, 0xf800, 0xf800, 0xf800, 0xf800, 0xf800,
  0xf800, 0xf800, 0xf800, 0xf800, 0xf800, 0xf800, 0xf800, 0xf800,
  0xf800, 0xf800, 0xf800, 0xf800, 0xf800, 0xf800, 0xf800, 0xf800,
  0xf800, 0xf800, 0xf800, 0xf800, 0xf800, 0xf800, 0xf800, 0xf800,
  0xf800, 0xf800, 0xf800, 0xf800, 0xf800, 0xf800, 0xf800, 0xf800,
  0xf800, 0xf800, 0xf800, 0xf800, 0xf800, 0xf800, 0xf800, 0xf800,
  0xf800, 0xf800, 0xf800, 0xf800, 0xf800, 0xf800, 0xf800, 0xf800,
  0xf800, 0xf800, 0xf800, 0xf800, 0xf800, 0xf800, 0xf800, 0xf800,
  0xf800, 0xf800, 0xf800, 0xf800, 0xf800, 0xf800, 0xf800, 0xf800,
  0xf800, 0xf800, 0xf800, 0xf800, 0xf800, 0xf800, 0xf800, 0xf800,
  0xf800, 0xf800, 0xf800, 0xf800, 0xf800, 0xf800, 0xf800, 0xf800,
  0xf800, 0xf800, 0xf800, 0xf800, 0xf800, 0xf800, 0xf800, 0xf800,
  0xf800, 0xf800, 0xf800, 0xf800, 0xf800, 0xf800, 0xf800, 0xf800,
  0xf800, 0xf800, 0xf800, 0xf800, 0xf800, 0xf800, 0xf800, 0xf800,
  0xf800, 0xf800, 0xf800, 0xf800, 0xf800, 0xf800, 0xf800, 0xf800,
  0xf800, 0xf800, 0xf800, 0xf800, 0xf800, 0xf800, 0xf800, 0xf800,
  0xf800, 0xf800, 0xf800, 0xf800, 0xf800, 0xf800, 0xf800, 0xf800,
  0xf800, 0xf800, 0xf800, 0xf800, 0xf800, 0xf800, 0xf800, 0xf800,
  0xf800, 0xf800, 0xf800, 0xf800, 0xf800, 0xf800, 0xf800, 0xf800,
  0xf800, 0xf800, 0xf800, 0xf800, 0xf800, 0xf800, 0xf800, 0xf800,
  0xf800, 0xf800, 0xf800, 0xf800, 0xf800, 0xf800, 0xf800, 0xf800,
  0xf800, 0xf800, 0xf800, 0xf800, 0xf800, 0xf800, 0xf800, 0xf800,
  0xf800, 0xf800, 0xf800, 0xf800, 0xf800, 0xf800, 0xf800, 0xf800,
  0xf800, 0xf800, 0xf800, 0xf800, 0xf800, 0xf800, 0xf800, 0xf800,
  0xf800, 0xf800, 0xf800, 0xf800, 0xf800, 0xf800, 0xf800, 0xf800,
  0xf800, 0xf800, 0xf800, 0xf800, 0xf800, 0xf800, 0xf800, 0xf800,
  0xf800, 0xf800, 0xf800, 0xf800, 0xf800, 0xf800, 0xf800, 0xf800,
  0xf800, 0xf800, 0xf800, 0xf800, 0xf800, 0xf800, 0xf800, 0xf800,
  0xf800, 0xf800, 0xf800, 0xf800, 0xf800, 0xf800, 0xf800, 0xf800,
  0xf800, 0xf800, 0xf800, 0xf800, 0xf800, 0xf800, 0xf800, 0xf800,
  0xf800, 0xf800, 0xf800, 0xf800, 0xf800, 0xf800, 0xf800, 0xf800,
  0xf800, 0xf800, 0xf800, 0xf800, 0xf800, 0xf800, 0xf800, 0xf800,
  0xf800, 0xf800, 0xf800, 0xf800, 0xf800, 0xf800, 0xf800, 0xf800,
  0xf800, 0xf800, 0xf800, 0xf800, 0xf800, 0xf800, 0xf800, 0xf800,
  0xf800, 0xf800, 0xf800, 0xf800, 0xf800, 0xf800, 0xf800, 0xf800,
  0xf800, 0xf800, 0xf800, 0xf800, 0xf800, 0xf800, 0xf800, 0xf800,
  0xf800, 0xf800, 0xf800, 0xf800, 0xf800, 0xf800, 0xf800, 0xf800,
  0xf800, 0xf800, 0xf800, 0xf800, 0xf800, 0xf800, 0xf800, 0xf800,
  0xf800, 0xf800, 0xf800, 0xf800, 0xf800, 0xf800, 0xf800, 0xf800,
  0xf800, 0xf800, 0xf800, 0xf800, 0xf800, 0xf800, 0xf800, 0xf800,
  0xf800, 0xf800, 0xf800, 0xf800, 0xf800, 0xf800, 0xf800, 0xf800,
  0xf800, 0xf800, 0xf800, 0xf800, 0xf800, 0xf800, 0xf800, 0xf800,
  0xf800, 0xf800, 0xf800, 0xf800, 0xf800, 0xf800, 0xf800, 0xf800,
  0xf800, 0xf800, 0xf800, 0xf800, 0xf800, 0xf800, 0xf800, 0xf800,
  0xf800, 0xf800, 0xf800, 0xf800, 0xf800, 0xf800, 0xf800, 0xf800,
  0xf800, 0xf800, 0xf800, 0xf800, 0xf800, 0xf800, 0xf800, 0xf800,
  0xf800, 0xf800, 0xf800, 0xf800, 0xf800, 0xf800, 0xf800, 0xf800,
  0xf800, 0xf800, 0xf800, 0xf800, 0xf800, 0xf800, 0xf800, 0xf800,
  0xf800, 0xf800, 0xf800, 0xf800, 0xf800, 0xf800, 0xf800, 0xf800,
  0xf800, 0xf800, 0xf800, 0xf800, 0xf800, 0xf800, 0xf800, 0xf800,
  0xf800, 0xf800, 0xf800, 0xf800, 0xf800, 0xf800, 0xf800, 0xf800,
  0xf800, 0xf800, 0xf800, 0xf800, 0xf800, 0xf800, 0xf800, 0xf800,
  0xf800, 0xf800, 0xf800, 0xf800, 0xf800, 0xf800, 0xf800, 0xf800,
  0xf800, 0xf800, 0xf800, 0xf800, 0xf800, 0xf800, 0xf800, 0xf800,
  0xf800, 0xf800, 0xf800, 0xf800, 0xf800, 0xf800, 0xf800, 0xf800,
  0xf800, 0xf800, 0xf800, 0xf800, 0xf800, 0xf800, 0xf800, 0xf800,
  0xf800, 0xf800, 0xf800, 0xf800, 0xf800, 0xf800, 0xf800, 0xf800,
  0xf800, 0xf800, 0xf800, 0xf800, 0xf800, 0xf800, 0xf800, 0xf800,
  0xf800, 0xf800, 0xf800, 0xf800, 0xf800, 0xf800, 0xf800, 0xf800,
  0xf800, 0xf800, 0xf800, 0xf800, 0xf800, 0xf800, 0xf800, 0xf800,
  0xf800, 0xf800, 0xf800, 0xf800, 0xf800, 0xf800, 0xf800, 0xf800,
  0xf800, 0xf800, 0xf800, 0xf800, 0xf800, 0xf800, 0xf800, 0xf800,
  0xf800, 0xf800, 0xf800, 0xf800, 0xf800, 0xf800, 0xf800, 0xf800,
  0xf800, 0xf800, 0xf800, 0xf800, 0xf800, 0xf800, 0xf800, 0xf800,
  0xf800, 0xf800, 0xf800, 0xf800, 0xf800, 0xf800, 0xf800, 0xf800,
  0xf800, 0xf800, 0xf800, 0xf800, 0xf800, 0xf800, 0xf800, 0xf800,
  0xf800, 0xf800, 0xf800, 0xf800, 0xf800, 0xf800, 0xf800, 0xf800,
  0xf800, 0xf800, 0xf800, 0xf800, 0xf800, 0xf800, 0xf800, 0xf800,
  0xf800, 0xf800, 0xf800, 0xf800, 0xf800, 0xf800, 0xf800, 0xf800,
  0xf800, 0xf800, 0xf800, 0xf800, 0xf800, 0xf800, 0xf800, 0xf800,
  0xf800, 0xf800, 0xf800, 0xf800, 0xf800, 0xf800, 0xf800, 0xf800,
  0xf800, 0xf800, 0xf800, 0xf800, 0xf800, 0xf800, 0xf800, 0xf800,
  0xf800, 0xf800, 0xf800, 0xf800, 0xf800, 0xf800, 0xf800, 0xf800,
  0xf800, 0xf800, 0xf800, 0xf800, 0xf800, 0xf800, 0xf800, 0xf800,
  0xf800, 0xf800, 0xf800, 0xf800, 0xf800, 0xf800, 0xf800, 0xf800,
  0xf800, 0xf800, 0xf800, 0xf800, 0xf800, 0xf800, 0xf800, 0xf800,
  0xf800, 0xf800, 0xf800, 0xf800, 0xf800, 0xf800, 0xf800, 0xf800,
  0xf800, 0xf800, 0xf800, 0xf800, 0xf800, 0xf800, 0xf800, 0xf800,
  0xf800, 0xf800, 0xf800, 0xf800, 0xf800, 0xf800, 0xf800, 0xf800,
  0xf800, 0xf800, 0xf800, 0xf800, 0xf800, 0xf800, 0xf800, 0xf800,
  0xf800, 0xf800, 0xf800, 0xf800, 0xf800, 0xf800, 0xf800, 0xf800,
  0xf800, 0xf800, 0xf800, 0xf800, 0xf800, 0xf800, 0xf800, 0xf800,
  0xf800, 0xf800, 0xf800, 0xf800, 0xf800, 0xf800, 0xf800, 0xf800,
  0xf800, 0xf800, 0xf800, 0xf800, 0xf800, 0xf800, 0xf800, 0xf800,
  0xf800, 0xf800, 0xf800, 0xf800, 0xf800, 0xf800, 0xf800, 0xf800,
  0xf800, 0xf800, 0xf800, 0xf800, 0xf800, 0xf800, 0xf800, 0xf800,
  0xf800, 0xf800, 0xf800, 0xf800, 0xf800, 0xf800, 0xf800, 0xf800,
  0xf800, 0xf800, 0xf800, 0xf800, 0xf800, 0xf800, 0xf800, 0xf800,
  0xf800, 0xf800, 0xf800, 0xf800, 0xf800, 0xf800, 0xf800, 0xf800,
  0xf800, 0xf800, 0xf800, 0xf800, 0xf800, 0xf800, 0xf800, 0xf800,
  0xf800, 0xf800, 0xf800, 0xf800, 0xf800, 0xf800, 0xf800, 0xf800,
  0xf800, 0xf800, 0xf800, 0xf800, 0xf800, 0xf800, 0xf800, 0xf800,
  0xf800, 0xf800, 0xf800, 0xf800, 0xf800, 0xf800, 0xf800, 0xf800,
  0xf800, 0xf800, 0xf800, 0xf800, 0xf800, 0xf800, 0xf800, 0xf800,
  0xf800, 0xf800, 0xf800, 0xf800, 0xf800, 0xf800, 0xf800, 0xf800,
  0xf800, 0xf800, 0xf800, 0xf800, 0xf800, 0xf800, 0xf800, 0xf800,
  0xf800, 0xf800, 0xf800, 0xf800, 0xf800, 0xf800, 0xf800, 0xf800,
  0xf800, 0xf800, 0xf800, 0xf800, 0xf800, 0xf800, 0xf800, 0xf800,
  0xf800, 0xf800, 0xf800, 0xf800, 0xf800, 0xf800, 0xf800, 0xf800,
  0xf800, 0xf800, 0xf800, 0xf800, 0xf800, 0xf800, 0xf800, 0xf800,
  0xf800, 0xf800, 0xf800, 0xf800, 0xf800, 0xf800, 0xf800, 0xf800,
  0xf800, 0xf800, 0xf800, 0xf800, 0xf800, 0xf800, 0xf800, 0xf800,
  0xf800, 0xf800, 0xf800, 0xf800, 0xf800, 0xf800, 0xf800, 0xf800,
  0xf800, 0xf800, 0xf800, 0xf800, 0xf800, 0xf800, 0xf800, 0xf800,
  0xf800, 0xf800, 0xf800, 0xf800, 0xf800, 0xf800, 0xf800, 0xf800,
  0xf800, 0xf800, 0xf800, 0xf800, 0xf800, 0xf800, 0xf800, 0xf800,
  0xf800, 0xf800, 0xf800, 0xf800, 0xf800, 0xf800, 0xf800, 0xf800,
  0xf800, 0xf800, 0xf800, 0xf800, 0xf800, 0xf800, 0xf800, 0xf800,
  0xf800, 0xf800, 0xf800, 0xf800, 0xf800, 0xf800, 0xf800, 0xf800,
  0xf800, 0xf800, 0xf800, 0xf800, 0xf800, 0xf800, 0xf800, 0xf800,
  0xf800, 0xf800, 0xf800, 0xf800, 0xf800, 0xf800, 0xf800, 0xf800,
  0xf800, 0xf800, 0xf800, 0xf800, 0xf800, 0xf800, 0xf800, 0xf800,
  0xf800, 0xf800, 0xf800, 0xf800, 0xf800, 0xf800, 0xf800, 0xf800,
  0xf800, 0xf800, 0xf800, 0xf800, 0xf800, 0xf800, 0xf800, 0xf800,
  0xf800, 0xf800, 0xf800, 0xf800, 0xf800, 0xf800, 0xf800, 0xf800,
  0xf800, 0xf800, 0xf800, 0xf800, 0xf800, 0xf800, 0xf800, 0xf800,
  0xf800, 0xf800, 0xf800, 0xf800, 0xf800, 0xf800, 0xf800, 0xf800,
  0xf800, 0xf800, 0xf800, 0xf800, 0xf800, 0xf800, 0xf800, 0xf800,
  0xf800, 0xf800, 0xf800, 0xf800, 0xf800, 0xf800, 0xf800, 0xf800,
  0xf800, 0xf800, 0xf800, 0xf800, 0xf800, 0xf800, 0xf800, 0xf800,
  0xf800, 0xf800, 0xf800, 0xf800, 0xf800, 0xf800, 0xf800, 0xf800,
  0xf800, 0xf800, 0xf800, 0xf800, 0xf800, 0xf800, 0xf800, 0xf800,
  0xf800, 0xf800, 0xf800, 0xf800, 0xf800, 0xf800, 0xf800, 0xf800,
  0xf800, 0xf800, 0xf800, 0xf800, 0xf800, 0xf800, 0xf800, 0xf800,
  0xf800, 0xf800, 0xf800, 0xf800, 0xf800, 0xf800, 0xf800, 0xf800,
  0xf800, 0xf800, 0xf800, 0xf800, 0xf800, 0xf800, 0xf800, 0xf800,
  0xf800, 0xf800, 0xf800, 0xf800, 0xf800, 0xf800, 0xf800, 0xf800,
  0xf800, 0xf800, 0xf800, 0xf800, 0xf800, 0xf800, 0xf800, 0xf800,
  0xf800, 0xf800, 0xf800, 0xf800, 0xf800, 0xf800, 0xf800, 0xf800,
  0xf800, 0xf800, 0xf800, 0xf800, 0xf800, 0xf800, 0xf800, 0xf800,
  0xf800, 0xf800, 0xf800, 0xf800, 0xf800, 0xf800, 0xf800, 0xf800,
  0xf800, 0xf800, 0xf800, 0xf800, 0xf800, 0xf800, 0xf800, 0xf800,
  0xf800, 0xf800, 0xf800, 0xf800, 0xf800, 0xf800, 0xf800, 0xf800,
  0xf800, 0xf800, 0xf800, 0xf800, 0xf800, 0xf800, 0xf800, 0xf800,
  0xf800, 0xf800, 0xf800, 0xf800, 0xf800, 0xf800, 0xf800, 0xf800,
  0xf800, 0xf800, 0xf800, 0xf800, 0xf800, 0xf800, 0xf800, 0xf800,
  0xf800, 0xf800, 0xf800, 0xf800, 0xf800, 0xf800, 0xf800, 0xf800,
  0xf800, 0xf800, 0xf800, 0xf800, 0xf800, 0xf800, 0xf800, 0xf800,
  0xf800, 0xf800, 0xf800, 0xf800, 0xf800, 0xf800, 0xf800, 0xf800,
  0xf800, 0xf800, 0xf800, 0xf800, 0xf800, 0xf800, 0xf800, 0xf800,
  0xf800, 0xf800, 0xf800, 0xf800, 0xf800, 0xf800, 0xf800, 0xf800,
  0xf800, 0xf800, 0xf800, 0xf800, 0xf800, 0xf800, 0xf800, 0xf800,
  0xf800, 0xf800, 0xf800, 0xf800, 0xf800, 0xf800, 0xf800, 0xf800,
  0xf800, 0xf800, 0xf800, 0xf800, 0xf800, 0xf800, 0xf800, 0xf800,
  0xf800, 0xf800, 0xf800, 0xf800, 0xf800, 0xf800, 0xf800, 0xf800,
  0xf800, 0xf800, 0xf800, 0xf800, 0xf800, 0xf800, 0xf800, 0xf800,
  0xf800, 0xf800, 0xf800, 0xf800, 0xf800, 0xf800, 0xf800, 0xf800,
  0xf800, 0xf800, 0xf800, 0xf800, 0xf800, 0xf800, 0xf800, 0xf800,
  0xf800, 0xf800, 0xf800, 0xf800, 0xf800, 0xf800, 0xf800, 0xf800,
  0xf800, 0xf800, 0xf800, 0xf800, 0xf800, 0xf800, 0xf800, 0xf800,
  0xf800, 0xf800, 0xf800, 0xf800, 0xf800, 0xf800, 0xf800, 0xf800,
  0xf800, 0xf800, 0xf800, 0xf800, 0xf800, 0xf800, 0xf800, 0xf800,
  0xf800, 0xf800, 0xf800, 0xf800, 0xf800, 0xf800, 0xf800, 0xf800,
  0xf800, 0xf800, 0xf800, 0xf800, 0xf800, 0xf800, 0xf800, 0xf800,
  0xf800, 0xf800, 0xf800, 0xf800, 0xf800, 0xf800, 0xf800, 0xf800,
  0xf800, 0xf800, 0xf800, 0xf800, 0xf800, 0xf800, 0xf800, 0xf800,
  0xf800, 0xf800, 0xf800, 0xf800, 0xf800, 0xf800, 0xf800, 0xf800,
  0xf800, 0xf800, 0xf800, 0xf800, 0xf800, 0xf800, 0xf800, 0xf800,
  0xf800, 0xf800, 0xf800, 0xf800, 0xf800, 0xf800, 0xf800, 0xf800,
  0xf800, 0xf800, 0xf800, 0xf800, 0xf800, 0xf800, 0xf800, 0xf800,
  0xf800, 0xf800, 0xf800, 0xf800, 0xf800, 0xf800, 0xf800, 0xf800,
  0xf800, 0xf800, 0xf800, 0xf800, 0xf800, 0xf800, 0xf800, 0xf800,
  0xf800, 0xf800, 0xf800, 0xf800, 0xf800, 0xf800, 0xf800, 0xf800,
  0xf800, 0xf800, 0xf800, 0xf800, 0xf800, 0xf800, 0xf800, 0xf800,
  0xf800, 0xf800, 0xf800, 0xf800, 0xf800, 0xf800, 0xf800, 0xf800,
  0xf800, 0xf800, 0xf800, 0xf800, 0xf800, 0xf800, 0xf800, 0xf800,
  0xf800, 0xf800, 0xf800, 0xf800, 0xf800, 0xf800, 0xf800, 0xf800,
  0xf800, 0xf800, 0xf800, 0xf800, 0xf800, 0xf800, 0xf800, 0xf800,
  0xf800, 0xf800, 0xf800, 0xf800, 0xf800, 0xf800, 0xf800, 0xf800,
  0xf800, 0xf800, 0xf800, 0xf800, 0xf800, 0xf800, 0xf800, 0xf800,
  0xf800, 0xf800, 0xf800, 0xf800, 0xf800, 0xf800, 0xf800, 0xf800,
  0xf800, 0xf800, 0xf800, 0xf800, 0xf800, 0xf800, 0xf800, 0xf800,
  0xf800, 0xf800, 0xf800, 0xf800, 0xf800, 0xf800, 0xf800, 0xf800,
  0xf800, 0xf800, 0xf800, 0xf800, 0xf800, 0xf800, 0xf800, 0xf800,
  0xf800, 0xf800, 0xf800, 0xf800, 0xf800, 0xf800, 0xf800, 0xf800,
  0xf800, 0xf800, 0xf800, 0xf800, 0xf800, 0xf800, 0xf800, 0xf800,
  0xf800, 0xf800, 0xf800, 0xf800, 0xf800, 0xf800, 0xf800, 0xf800,
  0xf800, 0xf800, 0xf800, 0xf800, 0xf800, 0xf800, 0xf800, 0xf800,
  0xf800, 0xf800, 0xf800, 0xf800, 0xf800, 0xf800, 0xf800, 0xf800,
  0xf800, 0xf800, 0xf800, 0xf800, 0xf800, 0xf800, 0xf800, 0xf800,
  0xf800, 0xf800, 0xf800, 0xf800, 0xf800, 0xf800, 0xf800, 0xf800,
  0xf800, 0xf800, 0xf800, 0xf800, 0xf800, 0xf800, 0xf800, 0xf800,
  0xf800, 0xf800, 0xf800, 0xf800, 0xf800, 0xf800, 0xf800, 0xf800,
  0xf800, 0xf800, 0xf800, 0xf800, 0xf800, 0xf800, 0xf800, 0xf800,
  0xf800, 0xf800, 0xf800, 0xf800, 0xf800, 0xf800, 0xf800, 0xf800,
  0xf800, 0xf800, 0xf800, 0xf800, 0xf800, 0xf800, 0xf800, 0xf800,
  0xf800, 0xf800, 0xf800, 0xf800, 0xf800, 0xf800, 0xf800, 0xf800,
  0xf800, 0xf800, 0xf800, 0xf800, 0xf800, 0xf800, 0xf800, 0xf800,
  0xf800, 0xf800, 0xf800, 0xf800, 0xf800, 0xf800, 0xf800, 0xf800,
  0xf800, 0xf800, 0xf800, 0xf800, 0xf800, 0xf800, 0xf800, 0xf800,
  0xf800, 0xf800, 0xf800, 0xf800, 0xf800, 0xf800, 0xf800, 0xf800,
  0xf800, 0xf800, 0xf800, 0xf800, 0xf800, 0xf800, 0xf800, 0xf800,
  0xf800, 0xf800, 0xf800, 0xf800, 0xf800, 0xf800, 0xf800, 0xf800,
  0xf800, 0xf800, 0xf800, 0xf800, 0xf800, 0xf800, 0xf800, 0xf800,
  0xf800, 0xf800, 0xf800, 0xf800, 0xf800, 0xf800, 0xf800, 0xf800,
  0xf800, 0xf800, 0xf800, 0xf800, 0xf800, 0xf800, 0xf800, 0xf800,
  0xf800, 0xf800, 0xf800, 0xf800, 0xf800, 0xf800, 0xf800, 0xf800,
  0xf800, 0xf800, 0xf800, 0xf800, 0xf800, 0xf800, 0xf800, 0xf800,
  0xf800, 0xf800, 0xf800, 0xf800, 0xf800, 0xf800, 0xf800, 0xf800,
  0xf800, 0xf800, 0xf800, 0xf800, 0xf800, 0xf800, 0xf800, 0xf800,
  0xf800, 0xf800, 0xf800, 0xf800, 0xf800, 0xf800, 0xf800, 0xf800,
  0xf800, 0xf800, 0xf800, 0xf800, 0xf800, 0xf800, 0xf800, 0xf800,
  0xf800, 0xf800, 0xf800, 0xf800, 0xf800, 0xf800, 0xf800, 0xf800,
  0xf800, 0xf800, 0xf800, 0xf800, 0xf800, 0xf800, 0xf800, 0xf800,
  0xf800, 0xf800, 0xf800, 0xf800, 0xf800, 0xf800, 0xf800, 0xf800,
  0xf800, 0xf800, 0xf800, 0xf800, 0xf800, 0xf800, 0xf800, 0xf800,
  0xf800, 0xf800, 0xf800, 0xf800, 0xf800, 0xf800, 0xf800, 0xf800,
  0xf800, 0xf800, 0xf800, 0xf800, 0xf800, 0xf800, 0xf800, 0xf800,
  0xf800, 0xf800, 0xf800, 0xf800, 0xf800, 0xf800, 0xf800, 0xf800,
  0xf800, 0xf800, 0xf800, 0xf800, 0xf800, 0xf800, 0xf800, 0xf800,
  0xf800, 0xf800, 0xf800, 0xf800, 0xf800, 0xf800, 0xf800, 0xf800,
  0xf800, 0xf800, 0xf800, 0xf800, 0xf800, 0xf800, 0xf800, 0xf800,
  0xf800, 0xf800, 0xf800, 0xf800, 0xf800, 0xf800, 0xf800, 0xf800,
  0xf800, 0xf800, 0xf800, 0xf800, 0xf800, 0xf800, 0xf800, 0xf800,
  0xf800, 0xf800, 0xf800, 0xf800, 0xf800, 0xf800, 0xf800, 0xf800,
  0xf800, 0xf800, 0xf800, 0xf800, 0xf800, 0xf800, 0xf800, 0xf800,
  0xf800, 0xf800, 0xf800, 0xf800, 0xf800, 0xf800, 0xf800, 0xf800,
  0xf800, 0xf800, 0xf800, 0xf800, 0xf800, 0xf800, 0xf800, 0xf800,
  0xf800, 0xf800, 0xf800, 0xf800, 0xf800, 0xf800, 0xf800, 0xf800,
  0xf800, 0xf800, 0xf800, 0xf800, 0xf800, 0xf800, 0xf800, 0xf800,
  0xf800, 0xf800, 0xf800, 0xf800, 0xf800, 0xf800, 0xf800, 0xf800,
  0xf800, 0xf800, 0xf800, 0xf800, 0xf800, 0xf800, 0xf800, 0xf800,
  0xf800, 0xf800, 0xf800, 0xf800, 0xf800, 0xf800, 0xf800, 0xf800,
  0xf800, 0xf800, 0xf800, 0xf800, 0xf800, 0xf800, 0xf800, 0xf800,
  0xf800, 0xf800, 0xf800, 0xf800, 0xf800, 0xf800, 0xf800, 0xf800,
  0xf800, 0xf800, 0xf800, 0xf800, 0xf800, 0xf800, 0xf800, 0xf800,
  0xf800, 0xf800, 0xf800, 0xf800, 0xf800, 0xf800, 0xf800, 0xf800,
  0xf800, 0xf800, 0xf800, 0xf800, 0xf800, 0xf800, 0xf800, 0xf800,
  0xf800, 0xf800, 0xf800, 0xf800, 0xf800, 0xf800, 0xf800, 0xf800,
  0xf800, 0xf800, 0xf800, 0xf800, 0xf800, 0xf800, 0xf800, 0xf800,
  0xf800, 0xf800, 0xf800, 0xf800, 0xf800, 0xf800, 0xf800, 0xf800,
  0xf800, 0xf800, 0xf800, 0xf800, 0xf800, 0xf800, 0xf800, 0xf800,
  0xf800, 0xf800, 0xf800, 0xf800, 0xf800, 0xf800, 0xf800, 0xf800,
  0xf800, 0xf800, 0xf800, 0xf800, 0xf800, 0xf800, 0xf800, 0xf800,
  0xf800, 0xf800, 0xf800, 0xf800, 0xf800, 0xf800, 0xf800, 0xf800,
  0xf800, 0xf800, 0xf800, 0xf800, 0xf800, 0xf800, 0xf800, 0xf800,
  0xf800, 0xf800, 0xf800, 0xf800, 0xf800, 0xf800, 0xf800, 0xf800,
  0xf800, 0xf800, 0xf800, 0xf800, 0xf800, 0xf800, 0xf800, 0xf800,
  0xf800, 0xf800, 0xf800, 0xf800, 0xf800, 0xf800, 0xf800, 0xf800,
  0xf800, 0xf800, 0xf800, 0xf800, 0xf800, 0xf800, 0xf800, 0xf800,
  0xf800, 0xf800, 0xf800, 0xf800, 0xf800, 0xf800, 0xf800, 0xf800,
  0xf800, 0xf800, 0xf800, 0xf800, 0xf800, 0xf800, 0xf800, 0xf800,
  0xf800, 0xf800, 0xf800, 0xf800, 0xf800, 0xf800, 0xf800, 0xf800,
  0xf800, 0xf800, 0xf800, 0xf800, 0xf800, 0xf800, 0xf800, 0xf800,
  0xf800, 0xf800, 0xf800, 0xf800, 0xf800, 0xf800, 0xf800, 0xf800,
  0xf800, 0xf800, 0xf800, 0xf800, 0xf800, 0xf800, 0xf800, 0xf800,
  0xf800, 0xf800, 0xf800, 0xf800, 0xf800, 0xf800, 0xf800, 0xf800,
  0xf800, 0xf800, 0xf800, 0xf800, 0xf800, 0xf800, 0xf800, 0xf800,
  0xf800, 0xf800, 0xf800, 0xf800, 0xf800, 0xf800, 0xf800, 0xf800,
  0xf800, 0xf800, 0xf800, 0xf800, 0xf800, 0xf800, 0xf800, 0xf800,
  0xf800, 0xf800, 0xf800, 0xf800, 0xf800, 0xf800, 0xf800, 0xf800,
  0xf800, 0xf800, 0xf800, 0xf800, 0xf800, 0xf800, 0xf800, 0xf800,
  0xf800, 0xf800, 0xf800, 0xf800, 0xf800, 0xf800, 0xf800, 0xf800,
  0xf800, 0xf800, 0xf800, 0xf800, 0xf800, 0xf800, 0xf800, 0xf800,
  0xf800, 0xf800, 0xf800, 0xf800, 0xf800, 0xf800, 0xf800, 0xf800,
  0xf800, 0xf800, 0xf800, 0xf800, 0xf800, 0xf800, 0xf800, 0xf800,
  0xf800, 0xf800, 0xf800, 0xf800, 0xf800, 0xf800, 0xf800, 0xf800,
  0xf800, 0xf800, 0xf800, 0xf800, 0xf800, 0xf800, 0xf800, 0xf800,
  0xf800, 0xf800, 0xf800, 0xf800, 0xf800, 0xf800, 0xf800, 0xf800,
  0xf800, 0xf800, 0xf800, 0xf800, 0xf800, 0xf800, 0xf800, 0xf800,
  0xf800, 0xf800, 0xf800, 0xf800, 0xf800, 0xf800, 0xf800, 0xf800,
  0xf800, 0xf800, 0xf800, 0xf800, 0xf800, 0xf800, 0xf800, 0xf800,
  0xf800, 0xf800, 0xf800, 0xf800, 0xf800, 0xf800, 0xf800, 0xf800,
  0xf800, 0xf800, 0xf800, 0xf800, 0xf800, 0xf800, 0xf800, 0xf800,
  0xf800, 0xf800, 0xf800, 0xf800, 0xf800, 0xf800, 0xf800, 0xf800,
  0xf800, 0xf800, 0xf800, 0xf800, 0xf800, 0xf800, 0xf800, 0xf800,
  0xf800, 0xf800, 0xf800, 0xf800, 0xf800, 0xf800, 0xf800, 0xf800,
  0xf800, 0xf800, 0xf800, 0xf800, 0xf800, 0xf800, 0xf800, 0xf800,
  0xf800, 0xf800, 0xf800, 0xf800, 0xf800, 0xf800, 0xf800, 0xf800,
  0xf800, 0xf800, 0xf800, 0xf800, 0xf800, 0xf800, 0xf800, 0xf800,
  0xf800, 0xf800, 0xf800, 0xf800, 0xf800, 0xf800, 0xf800, 0xf800,
  0xf800, 0xf800, 0xf800, 0xf800, 0xf800, 0xf800, 0xf800, 0xf800,
  0xf800, 0xf800, 0xf800, 0xf800, 0xf800, 0xf800, 0xf800, 0xf800,
  0xf800, 0xf800, 0xf800, 0xf800, 0xf800, 0xf800, 0xf800, 0xf800,
  0xf800, 0xf800, 0xf800, 0xf800, 0xf800, 0xf800, 0xf800, 0xf800,
  0xf800, 0xf800, 0xf800, 0xf800, 0xf800, 0xf800, 0xf800, 0xf800,
  0xf800, 0xf800, 0xf800, 0xf800, 0xf800, 0xf800, 0xf800, 0xf800,
  0xf800, 0xf800, 0xf800, 0xf800, 0xf800, 0xf800, 0xf800, 0xf800,
  0xf800, 0xf800, 0xf800, 0xf800, 0xf800, 0xf800, 0xf800, 0xf800,
  0xf800, 0xf800, 0xf800, 0xf800, 0xf800, 0xf800, 0xf800, 0xf800,
  0xf800, 0xf800, 0xf800, 0xf800, 0xf800, 0xf800, 0xf800, 0xf800,
  0xf800, 0xf800, 0xf800, 0xf800, 0xf800, 0xf800, 0xf800, 0xf800,
  0xf800, 0xf800, 0xf800, 0xf800, 0xf800, 0xf800, 0xf800, 0xf800,
  0xf800, 0xf800, 0xf800, 0xf800, 0xf800, 0xf800, 0xf800, 0xf800,
  0xf800, 0xf800, 0xf800, 0xf800, 0xf800, 0xf800, 0xf800, 0xf800,
  0xf800, 0xf800, 0xf800, 0xf800, 0xf800, 0xf800, 0xf800, 0xf800,
  0xf800, 0xf800, 0xf800, 0xf800, 0xf800, 0xf800, 0xf800, 0xf800,
  0xf800, 0xf800, 0xf800, 0xf800, 0xf800, 0xf800, 0xf800, 0xf800,
  0xf800, 0xf800, 0xf800, 0xf800, 0xf800, 0xf800, 0xf800, 0xf800,
  0xf800, 0xf800, 0xf800, 0xf800, 0xf800, 0xf800, 0xf800, 0xf800,
  0xf800, 0xf800, 0xf800, 0xf800, 0xf800, 0xf800, 0xf800, 0xf800,
  0xf800, 0xf800, 0xf800, 0xf800, 0xf800, 0xf800, 0xf800, 0xf800,
  0xf800, 0xf800, 0xf800, 0xf800, 0xf800, 0xf800, 0xf800, 0xf800,
  0xf800, 0xf800, 0xf800, 0xf800, 0xf800, 0xf800, 0xf800, 0xf800,
  0xf800, 0xf800, 0xf800, 0xf800, 0xf800, 0xf800, 0xf800, 0xf800,
  0xf800, 0xf800, 0xf800, 0xf800, 0xf800, 0xf800, 0xf800, 0xf800,
  0xf800, 0xf800, 0xf800, 0xf800, 0xf800, 0xf800, 0xf800, 0xf800,
  0xf800, 0xf800, 0xf800, 0xf800, 0xf800, 0xf800, 0xf800, 0xf800,
  0xf800, 0xf800, 0xf800, 0xf800, 0xf800, 0xf800, 0xf800, 0xf800,
  0xf800, 0xf800, 0xf800, 0xf800, 0xf800, 0xf800, 0xf800, 0xf800,
  0xf800, 0xf800, 0xf800, 0xf800, 0xf800, 0xf800, 0xf800, 0xf800,
  0xf800, 0xf800, 0xf800, 0xf800, 0xf800, 0xf800, 0xf800, 0xf800,
  0xf800, 0xf800, 0xf800, 0xf800, 0xf800, 0xf800, 0xf800, 0xf800,
  0xf800, 0xf800, 0xf800, 0xf800, 0xf800, 0xf800, 0xf800, 0xf800,
  0xf800, 0xf800, 0xf800, 0xf800, 0xf800, 0xf800, 0xf800, 0xf800,
  0xf800, 0xf800, 0xf800, 0xf800, 0xf800, 0xf800, 0xf800, 0xf800,
  0xf800, 0xf800, 0xf800, 0xf800, 0xf800, 0xf800, 0xf800, 0xf800,
  0xf800, 0xf800, 0xf800, 0xf800, 0xf800, 0xf800, 0xf800, 0xf800,
  0xf800, 0xf800, 0xf800, 0xf800, 0xf800, 0xf800, 0xf800, 0xf800,
  0xf800, 0xf800, 0xf800, 0xf800, 0xf800, 0xf800, 0xf800, 0xf800,
  0xf800, 0xf800, 0xf800, 0xf800, 0xf800, 0xf800, 0xf800, 0xf800,
  0xf800, 0xf800, 0xf800, 0xf800, 0xf800, 0xf800, 0xf800, 0xf800,
  0xf800, 0xf800, 0xf800, 0xf800, 0xf800, 0xf800, 0xf800, 0xf800,
  0xf800, 0xf800, 0xf800, 0xf800, 0xf800, 0xf800, 0xf800, 0xf800,
  0xf800, 0xf800, 0xf800, 0xf800, 0xf800, 0xf800, 0xf800, 0xf800,
  0xf800, 0xf800, 0xf800, 0xf800, 0xf800, 0xf800, 0xf800, 0xf800,
  0xf800, 0xf800, 0xf800, 0xf800, 0xf800, 0xf800, 0xf800, 0xf800,
  0xf800, 0xf800, 0xf800, 0xf800, 0xf800, 0xf800, 0xf800, 0xf800,
  0xf800, 0xf800, 0xf800, 0xf800, 0xf800, 0xf800, 0xf800, 0xf800,
  0xf800, 0xf800, 0xf800, 0xf800, 0xf800, 0xf800, 0xf800, 0xf800,
  0xf800, 0xf800, 0xf800, 0xf800, 0xf800, 0xf800, 0xf800, 0xf800,
  0xf800, 0xf800, 0xf800, 0xf800, 0xf800, 0xf800, 0xf800, 0xf800,
  0xf800, 0xf800, 0xf800, 0xf800, 0xf800, 0xf800, 0xf800, 0xf800,
  0xf800, 0xf800, 0xf800, 0xf800, 0xf800, 0xf800, 0xf800, 0xf800,
  0xf800, 0xf800, 0xf800, 0xf800, 0xf800, 0xf800, 0xf800, 0xf800,
  0xf800, 0xf800, 0xf800, 0xf800, 0xf800, 0xf800, 0xf800, 0xf800,
  0xf800, 0xf800, 0xf800, 0xf800, 0xf800, 0xf800, 0xf800, 0xf800,
  0xf800, 0xf800, 0xf800, 0xf800, 0xf800, 0xf800, 0xf800, 0xf800,
  0xf800, 0xf800, 0xf800, 0xf800, 0xf800, 0xf800, 0xf800, 0xf800,
  0xf800, 0xf800, 0xf800, 0xf800, 0xf800, 0xf800, 0xf800, 0xf800,
  0xf800, 0xf800, 0xf800, 0xf800, 0xf800, 0xf800, 0xf800, 0xf800,
  0xf800, 0xf800, 0xf800, 0xf800, 0xf800, 0xf800, 0xf800, 0xf800,
  0xf800, 0xf800, 0xf800, 0xf800, 0xf800, 0xf800, 0xf800, 0xf800,
  0xf800, 0xf800, 0xf800, 0xf800, 0xf800, 0xf800, 0xf800, 0xf800,
  0xf800, 0xf800, 0xf800, 0xf800, 0xf800, 0xf800, 0xf800, 0xf800,
  0xf800, 0xf800, 0xf800, 0xf800, 0xf800, 0xf800, 0xf800, 0xf800,
  0xf800, 0xf800, 0xf800, 0xf800, 0xf800, 0xf800, 0xf800, 0xf800,
  0xf800, 0xf800, 0xf800, 0xf800, 0xf800, 0xf800, 0xf800, 0xf800,
  0xf800, 0xf800, 0xf800, 0xf800, 0xf800, 0xf800, 0xf800, 0xf800,
  0xf800, 0xf800, 0xf800, 0xf800, 0xf800, 0xf800, 0xf800, 0xf800,
  0xf800, 0xf800, 0xf800, 0xf800, 0xf800, 0xf800, 0xf800, 0xf800,
  0xf800, 0xf800, 0xf800, 0xf800, 0xf800, 0xf800, 0xf800, 0xf800,
  0xf800, 0xf800, 0xf800, 0xf800, 0xf800, 0xf800, 0xf800, 0xf800,
  0xf800, 0xf800, 0xf800, 0xf800, 0xf800, 0xf800, 0xf800, 0xf800,
  0xf800, 0xf800, 0xf800, 0xf800, 0xf800, 0xf800, 0xf800, 0xf800,
  0xf800, 0xf800, 0xf800, 0xf800, 0xf800, 0xf800, 0xf800, 0xf800,
  0xf800, 0xf800, 0xf800, 0xf800, 0xf800, 0xf800, 0xf800, 0xf800,
  0xf800, 0xf800, 0xf800, 0xf800, 0xf800, 0xf800, 0xf800, 0xf800,
  0xf800, 0xf800, 0xf800, 0xf800, 0xf800, 0xf800, 0xf800, 0xf800,
  0xf800, 0xf800, 0xf800, 0xf800, 0xf800, 0xf800, 0xf800, 0xf800,
  0xf800, 0xf800, 0xf800, 0xf800, 0xf800, 0xf800, 0xf800, 0xf800,
  0xf800, 0xf800, 0xf800, 0xf800, 0xf800, 0xf800, 0xf800, 0xf800,
  0xf800, 0xf800, 0xf800, 0xf800, 0xf800, 0xf800, 0xf800, 0xf800,
  0xf800, 0xf800, 0xf800, 0xf800, 0xf800, 0xf800, 0xf800, 0xf800,
  0xf800, 0xf800, 0xf800, 0xf800, 0xf800, 0xf800, 0xf800, 0xf800,
  0xf800, 0xf800, 0xf800, 0xf800, 0xf800, 0xf800, 0xf800, 0xf800,
  0xf800, 0xf800, 0xf800, 0xf800, 0xf800, 0xf800, 0xf800, 0xf800,
  0xf800, 0xf800, 0xf800, 0xf800, 0xf800, 0xf800, 0xf800, 0xf800,
  0xf800, 0xf800, 0xf800, 0xf800, 0xf800, 0xf800, 0xf800, 0xf800,
  0xf800, 0xf800, 0xf800, 0xf800, 0xf800, 0xf800, 0xf800, 0xf800,
  0xf800, 0xf800, 0xf800, 0xf800, 0xf800, 0xf800, 0xf800, 0xf800,
  0xf800, 0xf800, 0xf800, 0xf800, 0xf800, 0xf800, 0xf800, 0xf800,
  0xf800, 0xf800, 0xf800, 0xf800, 0xf800, 0xf800, 0xf800, 0xf800,
  0xf800, 0xf800, 0xf800, 0xf800, 0xf800, 0xf800, 0xf800, 0xf800,
  0xf800, 0xf800, 0xf800, 0xf800, 0xf800, 0xf800, 0xf800, 0xf800,
  0xf800, 0xf800, 0xf800, 0xf800, 0xf800, 0xf800, 0xf800, 0xf800,
  0xf800, 0xf800, 0xf800, 0xf800, 0xf800, 0xf800, 0xf800, 0xf800,
  0xf800, 0xf800, 0xf800, 0xf800, 0xf800, 0xf800, 0xf800, 0xf800,
  0xf800, 0xf800, 0xf800, 0xf800, 0xf800, 0xf800, 0xf800, 0xf800,
  0xf800, 0xf800, 0xf800, 0xf800, 0xf800, 0xf800, 0xf800, 0xf800,
  0xf800, 0xf800, 0xf800, 0xf800, 0xf800, 0xf800, 0xf800, 0xf800,
  0xf800, 0xf800, 0xf800, 0xf800, 0xf800, 0xf800, 0xf800, 0xf800,
  0xf800, 0xf800, 0xf800, 0xf800, 0xf800, 0xf800, 0xf800, 0xf800,
  0xf800, 0xf800, 0xf800, 0xf800, 0xf800, 0xf800, 0xf800, 0xf800,
  0xf800, 0xf800, 0xf800, 0xf800, 0xf800, 0xf800, 0xf800, 0xf800,
  0xf800, 0xf800, 0xf800, 0xf800, 0xf800, 0xf800, 0xf800, 0xf800,
  0xf800, 0xf800, 0xf800, 0xf800, 0xf800, 0xf800, 0xf800, 0xf800,
  0xf800, 0xf800, 0xf800, 0xf800, 0xf800, 0xf800, 0xf800, 0xf800,
  0xf800, 0xf800, 0xf800, 0xf800, 0xf800, 0xf800, 0xf800, 0xf800,
  0xf800, 0xf800, 0xf800, 0xf800, 0xf800, 0xf800, 0xf800, 0xf800,
  0xf800, 0xf800, 0xf800, 0xf800, 0xf800, 0xf800, 0xf800, 0xf800,
  0xf800, 0xf800, 0xf800, 0xf800, 0xf800, 0xf800, 0xf800, 0xf800,
  0xf800, 0xf800, 0xf800, 0xf800, 0xf800, 0xf800, 0xf800, 0xf800,
  0xf800, 0xf800, 0xf800, 0xf800, 0xf800, 0xf800, 0xf800, 0xf800,
  0xf800, 0xf800, 0xf800, 0xf800, 0xf800, 0xf800, 0xf800, 0xf800,
  0xf800, 0xf800, 0xf800, 0xf800, 0xf800, 0xf800, 0xf800, 0xf800,
  0xf800, 0xf800, 0xf800, 0xf800, 0xf800, 0xf800, 0xf800, 0xf800,
  0xf800, 0xf800, 0xf800, 0xf800, 0xf800, 0xf800, 0xf800, 0xf800,
  0xf800, 0xf800, 0xf800, 0xf800, 0xf800, 0xf800, 0xf800, 0xf800,
  0xf800, 0xf800, 0xf800, 0xf800, 0xf800, 0xf800, 0xf800, 0xf800,
  0xf800, 0xf800, 0xf800, 0xf800, 0xf800, 0xf800, 0xf800, 0xf800,
  0xf800, 0xf800, 0xf800, 0xf800, 0xf800, 0xf800, 0xf800, 0xf800,
  0xf800, 0xf800, 0xf800, 0xf800, 0xf800, 0xf800, 0xf800, 0xf800,
  0xf800, 0xf800, 0xf800, 0xf800, 0xf800, 0xf800, 0xf800, 0xf800,
  0xf800, 0xf800, 0xf800, 0xf800, 0xf800, 0xf800, 0xf800, 0xf800,
  0xf800, 0xf800, 0xf800, 0xf800, 0xf800, 0xf800, 0xf800, 0xf800,
  0xf800, 0xf800, 0xf800, 0xf800, 0xf800, 0xf800, 0xf800, 0xf800,
  0xf800, 0xf800, 0xf800, 0xf800, 0xf800, 0xf800, 0xf800, 0xf800,
  0xf800, 0xf800, 0xf800, 0xf800, 0xf800, 0xf800, 0xf800, 0xf800,
  0xf800, 0xf800, 0xf800, 0xf800, 0xf800, 0xf800, 0xf800, 0xf800,
  0xf800, 0xf800, 0xf800, 0xf800, 0xf800, 0xf800, 0xf800, 0xf800,
  0xf800, 0xf800, 0xf800, 0xf800, 0xf800, 0xf800, 0xf800, 0xf800,
  0xf800, 0xf800, 0xf800, 0xf800, 0xf800, 0xf800, 0xf800, 0xf800,
  0xf800, 0xf800, 0xf800, 0xf800, 0xf800, 0xf800, 0xf800, 0xf800,
  0xf800, 0xf800, 0xf800, 0xf800, 0xf800, 0xf800, 0xf800, 0xf800,
  0xf800, 0xf800, 0xf800, 0xf800, 0xf800, 0xf800, 0xf800, 0xf800,
  0xf800, 0xf800, 0xf800, 0xf800, 0xf800, 0xf800, 0xf800, 0xf800,
  0xf800, 0xf800, 0xf800, 0xf800, 0xf800, 0xf800, 0xf800, 0xf800,
  0xf800, 0xf800, 0xf800, 0xf800, 0xf800, 0xf800, 0xf800, 0xf800,
  0xf800, 0xf800, 0xf800, 0xf800, 0xf800, 0xf800, 0xf800, 0xf800,
  0xf800, 0xf800, 0xf800, 0xf800, 0xf800, 0xf800, 0xf800, 0xf800,
  0xf800, 0xf800, 0xf800, 0xf800, 0xf800, 0xf800, 0xf800, 0xf800,
  0xf800, 0xf800, 0xf800, 0xf800, 0xf800, 0xf800, 0xf800, 0xf800,
  0xf800, 0xf800, 0xf800, 0xf800, 0xf800, 0xf800, 0xf800, 0xf800,
  0xf800, 0xf800, 0xf800, 0xf800, 0xf800, 0xf800, 0xf800, 0xf800,
  0xf800, 0xf800, 0xf800, 0xf800, 0xf800, 0xf800, 0xf800, 0xf800,
  0xf800, 0xf800, 0xf800, 0xf800, 0xf800, 0xf800, 0xf800, 0xf800,
  0xf800, 0xf800, 0xf800, 0xf800, 0xf800, 0xf800, 0xf800, 0xf800,
  0xf800, 0xf800, 0xf800, 0xf800, 0xf800, 0xf800, 0xf800, 0xf800,
  0xf800, 0xf800, 0xf800, 0xf800, 0xf800, 0xf800, 0xf800, 0xf800,
  0xf800, 0xf800, 0xf800, 0xf800, 0xf800, 0xf800, 0xf800, 0xf800,
  0xf800, 0xf800, 0xf800, 0xf800, 0xf800, 0xf800, 0xf800, 0xf800,
  0xf800, 0xf800, 0xf800, 0xf800, 0xf800, 0xf800, 0xf800, 0xf800,
  0xf800, 0xf800, 0xf800, 0xf800, 0xf800, 0xf800, 0xf800, 0xf800,
  0xf800, 0xf800, 0xf800, 0xf800, 0xf800, 0xf800, 0xf800, 0xf800,
  0xf800, 0xf800, 0xf800, 0xf800, 0xf800, 0xf800, 0xf800, 0xf800,
  0xf800, 0xf800, 0xf800, 0xf800, 0xf800, 0xf800, 0xf800, 0xf800,
  0xf800, 0xf800, 0xf800, 0xf800, 0xf800, 0xf800, 0xf800, 0xf800,
  0xf800, 0xf800, 0xf800, 0xf800, 0xf800, 0xf800, 0xf800, 0xf800,
  0xf800, 0xf800, 0xf800, 0xf800, 0xf800, 0xf800, 0xf800, 0xf800,
  0xf800, 0xf800, 0xf800, 0xf800, 0xf800, 0xf800, 0xf800, 0xf800,
  0xf800, 0xf800, 0xf800, 0xf800, 0xf800, 0xf800, 0xf800, 0xf800,
  0xf800, 0xf800, 0xf800, 0xf800, 0xf800, 0xf800, 0xf800, 0xf800,
  0xf800, 0xf800, 0xf800, 0xf800, 0xf800, 0xf800, 0xf800, 0xf800,
  0xf800, 0xf800, 0xf800, 0xf800, 0xf800, 0xf800, 0xf800, 0xf800,
  0xf800, 0xf800, 0xf800, 0xf800, 0xf800, 0xf800, 0xf800, 0xf800,
  0xf800, 0xf800, 0xf800, 0xf800, 0xf800, 0xf800, 0xf800, 0xf800,
  0xf800, 0xf800, 0xf800, 0xf800, 0xf800, 0xf800, 0xf800, 0xf800,
  0xf800, 0xf800, 0xf800, 0xf800, 0xf800, 0xf800, 0xf800, 0xf800,
  0xf800, 0xf800, 0xf800, 0xf800, 0xf800, 0xf800, 0xf800, 0xf800,
  0xf800, 0xf800, 0xf800, 0xf800, 0xf800, 0xf800, 0xf800, 0xf800,
  0xf800, 0xf800, 0xf800, 0xf800, 0xf800, 0xf800, 0xf800, 0xf800,
  0xf800, 0xf800, 0xf800, 0xf800, 0xf800, 0xf800, 0xf800, 0xf800,
  0xf800, 0xf800, 0xf800, 0xf800, 0xf800, 0xf800, 0xf800, 0xf800,
  0xf800, 0xf800, 0xf800, 0xf800, 0xf800, 0xf800, 0xf800, 0xf800,
  0xf800, 0xf800, 0xf800, 0xf800, 0xf800, 0xf800, 0xf800, 0xf800,
  0xf800, 0xf800, 0xf800, 0xf800, 0xf800, 0xf800, 0xf800, 0xf800,
  0xf800, 0xf800, 0xf800, 0xf800, 0xf800, 0xf800, 0xf800, 0xf800,
  0xf800, 0xf800, 0xf800, 0xf800, 0xf800, 0xf800, 0xf800, 0xf800,
  0xf800, 0xf800, 0xf800, 0xf800, 0xf800, 0xf800, 0xf800, 0xf800,
  0xf800, 0xf800, 0xf800, 0xf800, 0xf800, 0xf800, 0xf800, 0xf800,
  0xf800, 0xf800, 0xf800, 0xf800, 0xf800, 0xf800, 0xf800, 0xf800,
  0xf800, 0xf800, 0xf800, 0xf800, 0xf800, 0xf800, 0xf800, 0xf800,
  0xf800, 0xf800, 0xf800, 0xf800, 0xf800, 0xf800, 0xf800, 0xf800,
  0xf800, 0xf800, 0xf800, 0xf800, 0xf800, 0xf800, 0xf800, 0xf800,
  0xf800, 0xf800, 0xf800, 0xf800, 0xf800, 0xf800, 0xf800, 0xf800,
  0xf800, 0xf800, 0xf800, 0xf800, 0xf800, 0xf800, 0xf800, 0xf800,
  0xf800, 0xf800, 0xf800, 0xf800, 0xf800, 0xf800, 0xf800, 0xf800,
  0xf800, 0xf800, 0xf800, 0xf800, 0xf800, 0xf800, 0xf800, 0xf800,
  0xf800, 0xf800, 0xf800, 0xf800, 0xf800, 0xf800, 0xf800, 0xf800,
  0xf800, 0xf800, 0xf800, 0xf800, 0xf800, 0xf800, 0xf800, 0xf800,
  0xf800, 0xf800, 0xf800, 0xf800, 0xf800, 0xf800, 0xf800, 0xf800,
  0xf800, 0xf800, 0xf800, 0xf800, 0xf800, 0xf800, 0xf800, 0xf800,
  0xf800, 0xf800, 0xf800, 0xf800, 0xf800, 0xf800, 0xf800, 0xf800,
  0xf800, 0xf800, 0xf800, 0xf800, 0xf800, 0xf800, 0xf800, 0xf800,
  0xf800, 0xf800, 0xf800, 0xf800, 0xf800, 0xf800, 0xf800, 0xf800,
  0xf800, 0xf800, 0xf800, 0xf800, 0xf800, 0xf800, 0xf800, 0xf800,
  0xf800, 0xf800, 0xf800, 0xf800, 0xf800, 0xf800, 0xf800, 0xf800,
  0xf800, 0xf800, 0xf800, 0xf800, 0xf800, 0xf800, 0xf800, 0xf800,
  0xf800, 0xf800, 0xf800, 0xf800, 0xf800, 0xf800, 0xf800, 0xf800,
  0xf800, 0xf800, 0xf800, 0xf800, 0xf800, 0xf800, 0xf800, 0xf800,
  0xf800, 0xf800, 0xf800, 0xf800, 0xf800, 0xf800, 0xf800, 0xf800,
  0xf800, 0xf800, 0xf800, 0xf800, 0xf800, 0xf800, 0xf800, 0xf800,
  0xf800, 0xf800, 0xf800, 0xf800, 0xf800, 0xf800, 0xf800, 0xf800,
  0xf800, 0xf800, 0xf800, 0xf800, 0xf800, 0xf800, 0xf800, 0xf800,
  0xf800, 0xf800, 0xf800, 0xf800, 0xf800, 0xf800, 0xf800, 0xf800,
  0xf800, 0xf800, 0xf800, 0xf800, 0xf800, 0xf800, 0xf800, 0xf800,
  0xf800, 0xf800, 0xf800, 0xf800, 0xf800, 0xf800, 0xf800, 0xf800,
  0xf800, 0xf800, 0xf800, 0xf800, 0xf800, 0xf800, 0xf800, 0xf800,
  0xf800, 0xf800, 0xf800, 0xf800, 0xf800, 0xf800, 0xf800, 0xf800,
  0xf800, 0xf800, 0xf800, 0xf800, 0xf800, 0xf800, 0xf800, 0xf800,
  0xf800, 0xf800, 0xf800, 0xf800, 0xf800, 0xf800, 0xf800, 0xf800,
  0xf800, 0xf800, 0xf800, 0xf800, 0xf800, 0xf800, 0xf800, 0xf800,
  0xf800, 0xf800, 0xf800, 0xf800, 0xf800, 0xf800, 0xf800, 0xf800,
  0xf800, 0xf800, 0xf800, 0xf800, 0xf800, 0xf800, 0xf800, 0xf800,
  0xf800, 0xf800, 0xf800, 0xf800, 0xf800, 0xf800, 0xf800, 0xf800,
  0xf800, 0xf800, 0xf800, 0xf800, 0xf800, 0xf800, 0xf800, 0xf800,
  0xf800, 0xf800, 0xf800, 0xf800, 0xf800, 0xf800, 0xf800, 0xf800,
  0xf800, 0xf800, 0xf800, 0xf800, 0xf800, 0xf800, 0xf800, 0xf800,
  0xf800, 0xf800, 0xf800, 0xf800, 0xf800, 0xf800, 0xf800, 0xf800,
  0xf800, 0xf800, 0xf800, 0xf800, 0xf800, 0xf800, 0xf800, 0xf800,
  0xf800, 0xf800, 0xf800, 0xf800, 0xf800, 0xf800, 0xf800, 0xf800,
  0xf800, 0xf800, 0xf800, 0xf800, 0xf800, 0xf800, 0xf800, 0xf800,
  0xf800, 0xf800, 0xf800, 0xf800, 0xf800, 0xf800, 0xf800, 0xf800,
  0xf800, 0xf800, 0xf800, 0xf800, 0xf800, 0xf800, 0xf800, 0xf800,
  0xf800, 0xf800, 0xf800, 0xf800, 0xf800, 0xf800, 0xf800, 0xf800,
  0xf800, 0xf800, 0xf800, 0xf800, 0xf800, 0xf800, 0xf800, 0xf800,
  0xf800, 0xf800, 0xf800, 0xf800, 0xf800, 0xf800, 0xf800, 0xf800,
  0xf800, 0xf800, 0xf800, 0xf800, 0xf800, 0xf800, 0xf800, 0xf800,
  0xf800, 0xf800, 0xf800, 0xf800, 0xf800, 0xf800, 0xf800, 0xf800,
  0xf800, 0xf800, 0xf800, 0xf800, 0xf800, 0xf800, 0xf800, 0xf800,
  0xf800, 0xf800, 0xf800, 0xf800, 0xf800, 0xf800, 0xf800, 0xf800,
  0xf800, 0xf800, 0xf800, 0xf800, 0xf800, 0xf800, 0xf800, 0xf800,
  0xf800, 0xf800, 0xf800, 0xf800, 0xf800, 0xf800, 0xf800, 0xf800,
  0xf800, 0xf800, 0xf800, 0xf800, 0xf800, 0xf800, 0xf800, 0xf800,
  0xf800, 0xf800, 0xf800, 0xf800, 0xf800, 0xf800, 0xf800, 0xf800,
  0xf800, 0xf800, 0xf800, 0xf800, 0xf800, 0xf800, 0xf800, 0xf800,
  0xf800, 0xf800, 0xf800, 0xf800, 0xf800, 0xf800, 0xf800, 0xf800,
  0xf800, 0xf800, 0xf800, 0xf800, 0xf800, 0xf800, 0xf800, 0xf800,
  0xf800, 0xf800, 0xf800, 0xf800, 0xf800, 0xf800, 0xf800, 0xf800,
  0xf800, 0xf800, 0xf800, 0xf800, 0xf800, 0xf800, 0xf800, 0xf800,
  0xf800, 0xf800, 0xf800, 0xf800, 0xf800, 0xf800, 0xf800, 0xf800,
  0xf800, 0xf800, 0xf800, 0xf800, 0xf800, 0xf800, 0xf800, 0xf800,
  0xf800, 0xf800, 0xf800, 0xf800, 0xf800, 0xf800, 0xf800, 0xf800,
  0xf800, 0xf800, 0xf800, 0xf800, 0xf800, 0xf800, 0xf800, 0xf800,
  0xf800, 0xf800, 0xf800, 0xf800, 0xf800, 0xf800, 0xf800, 0xf800,
  0xf800, 0xf800, 0xf800, 0xf800, 0xf800, 0xf800, 0xf800, 0xf800,
  0xf800, 0xf800, 0xf800, 0xf800, 0xf800, 0xf800, 0xf800, 0xf800,
  0xf800, 0xf800, 0xf800, 0xf800, 0xf800, 0xf800, 0xf800, 0xf800,
  0xf800, 0xf800, 0xf800, 0xf800, 0xf800, 0xf800, 0xf800, 0xf800,
  0xf800, 0xf800, 0xf800, 0xf800, 0xf800, 0xf800, 0xf800, 0xf800,
  0xf800, 0xf800, 0xf800, 0xf800, 0xf800, 0xf800, 0xf800, 0xf800,
  0xf800, 0xf800, 0xf800, 0xf800, 0xf800, 0xf800, 0xf800, 0xf800,
  0xf800, 0xf800, 0xf800, 0xf800, 0xf800, 0xf800, 0xf800, 0xf800,
  0xf800, 0xf800, 0xf800, 0xf800, 0xf800, 0xf800, 0xf800, 0xf800,
  0xf800, 0xf800, 0xf800, 0xf800, 0xf800, 0xf800, 0xf800, 0xf800,
  0xf800, 0xf800, 0xf800, 0xf800, 0xf800, 0xf800, 0xf800, 0xf800,
  0xf800, 0xf800, 0xf800, 0xf800, 0xf800, 0xf800, 0xf800, 0xf800,
  0xf800, 0xf800, 0xf800, 0xf800, 0xf800, 0xf800, 0xf800, 0xf800,
  0xf800, 0xf800, 0xf800, 0xf800, 0xf800, 0xf800, 0xf800, 0xf800,
  0xf800, 0xf800, 0xf800, 0xf800, 0xf800, 0xf800, 0xf800, 0xf800,
  0xf800, 0xf800, 0xf800, 0xf800, 0xf800, 0xf800, 0xf800, 0xf800,
  0xf800, 0xf800, 0xf800, 0xf800, 0xf800, 0xf800, 0xf800, 0xf800,
  0xf800, 0xf800, 0xf800, 0xf800, 0xf800, 0xf800, 0xf800, 0xf800,
  0xf800, 0xf800, 0xf800, 0xf800, 0xf800, 0xf800, 0xf800, 0xf800,
  0xf800, 0xf800, 0xf800, 0xf800, 0xf800, 0xf800, 0xf800, 0xf800,
  0xf800, 0xf800, 0xf800, 0xf800, 0xf800, 0xf800, 0xf800, 0xf800,
  0xf800, 0xf800, 0xf800, 0xf800, 0xf800, 0xf800, 0xf800, 0xf800,
  0xf800, 0xf800, 0xf800, 0xf800, 0xf800, 0xf800, 0xf800, 0xf800,
  0xf800, 0xf800, 0xf800, 0xf800, 0xf800, 0xf800, 0xf800, 0xf800,
  0xf800, 0xf800, 0xf800, 0xf800, 0xf800, 0xf800, 0xf800, 0xf800,
  0xf800, 0xf800, 0xf800, 0xf800, 0xf800, 0xf800, 0xf800, 0xf800,
  0xf800, 0xf800, 0xf800, 0xf800, 0xf800, 0xf800, 0xf800, 0xf800,
  0xf800, 0xf800, 0xf800, 0xf800, 0xf800, 0xf800, 0xf800, 0xf800,
  0xf800, 0xf800, 0xf800, 0xf800, 0xf800, 0xf800, 0xf800, 0xf800,
  0xf800, 0xf800, 0xf800, 0xf800, 0xf800, 0xf800, 0xf800, 0xf800,
  0xf800, 0xf800, 0xf800, 0xf800, 0xf800, 0xf800, 0xf800, 0xf800,
  0xf800, 0xf800, 0xf800, 0xf800, 0xf800, 0xf800, 0xf800, 0xf800,
  0xf800, 0xf800, 0xf800, 0xf800, 0xf800, 0xf800, 0xf800, 0xf800,
  0xf800, 0xf800, 0xf800, 0xf800, 0xf800, 0xf800, 0xf800, 0xf800,
  0xf800, 0xf800, 0xf800, 0xf800, 0xf800, 0xf800, 0xf800, 0xf800,
  0xf800, 0xf800, 0xf800, 0xf800, 0xf800, 0xf800, 0xf800, 0xf800,
  0xf800, 0xf800, 0xf800, 0xf800, 0xf800, 0xf800, 0xf800, 0xf800,
  0xf800, 0xf800, 0xf800, 0xf800, 0xf800, 0xf800, 0xf800, 0xf800,
  0xf800, 0xf800, 0xf800, 0xf800, 0xf800, 0xf800, 0xf800, 0xf800,
  0xf800, 0xf800, 0xf800, 0xf800, 0xf800, 0xf800, 0xf800, 0xf800,
  0xf800, 0xf800, 0xf800, 0xf800, 0xf800, 0xf800, 0xf800, 0xf800,
  0xf800, 0xf800, 0xf800, 0xf800, 0xf800, 0xf800, 0xf800, 0xf800,
  0xf800, 0xf800, 0xf800, 0xf800, 0xf800, 0xf800, 0xf800, 0xf800,
  0xf800, 0xf800, 0xf800, 0xf800, 0xf800, 0xf800, 0xf800, 0xf800,
  0xf800, 0xf800, 0xf800, 0xf800, 0xf800, 0xf800, 0xf800, 0xf800,
  0xf800, 0xf800, 0xf800, 0xf800, 0xf800, 0xf800, 0xf800, 0xf800,
  0xf800, 0xf800, 0xf800, 0xf800, 0xf800, 0xf800, 0xf800, 0xf800,
  0xf800, 0xf800, 0xf800, 0xf800, 0xf800, 0xf800, 0xf800, 0xf800,
  0xf800, 0xf800, 0xf800, 0xf800, 0xf800, 0xf800, 0xf800, 0xf800,
  0xf800, 0xf800, 0xf800, 0xf800, 0xf800, 0xf800, 0xf800, 0xf800,
  0xf800, 0xf800, 0xf800, 0xf800, 0xf800, 0xf800, 0xf800, 0xf800,
  0xf800, 0xf800, 0xf800, 0xf800, 0xf800, 0xf800, 0xf800, 0xf800,
  0xf800, 0xf800, 0xf800, 0xf800, 0xf800, 0xf800, 0xf800, 0xf800,
  0xf800, 0xf800, 0xf800, 0xf800, 0xf800, 0xf800, 0xf800, 0xf800,
  0xf800, 0xf800, 0xf800, 0xf800, 0xf800, 0xf800, 0xf800, 0xf800,
  0xf800, 0xf800, 0xf800, 0xf800, 0xf800, 0xf800, 0xf800, 0xf800,
  0xf800, 0xf800, 0xf800, 0xf800, 0xf800, 0xf800, 0xf800, 0xf800,
  0xf800, 0xf800, 0xf800, 0xf800, 0xf800, 0xf800, 0xf800, 0xf800,
  0xf800, 0xf800, 0xf800, 0xf800, 0xf800, 0xf800, 0xf800, 0xf800,
  0xf800, 0xf800, 0xf800, 0xf800, 0xf800, 0xf800, 0xf800, 0xf800,
  0xf800, 0xf800, 0xf800, 0xf800, 0xf800, 0xf800, 0xf800, 0xf800,
  0xf800, 0xf800, 0xf800, 0xf800, 0xf800, 0xf800, 0xf800, 0xf800,
  0xf800, 0xf800, 0xf800, 0xf800, 0xf800, 0xf800, 0xf800, 0xf800,
  0xf800, 0xf800, 0xf800, 0xf800, 0xf800, 0xf800, 0xf800, 0xf800,
  0xf800, 0xf800, 0xf800, 0xf800, 0xf800, 0xf800, 0xf800, 0xf800,
  0xf800, 0xf800, 0xf800, 0xf800, 0xf800, 0xf800, 0xf800, 0xf800,
  0xf800, 0xf800, 0xf800, 0xf800, 0xf800, 0xf800, 0xf800, 0xf800,
  0xf800, 0xf800, 0xf800, 0xf800, 0xf800, 0xf800, 0xf800, 0xf800,
  0xf800, 0xf800, 0xf800, 0xf800, 0xf800, 0xf800, 0xf800, 0xf800,
  0xf800, 0xf800, 0xf800, 0xf800, 0xf800, 0xf800, 0xf800, 0xf800,
  0xf800, 0xf800, 0xf800, 0xf800, 0xf800, 0xf800, 0xf800, 0xf800,
  0xf800, 0xf800, 0xf800, 0xf800, 0xf800, 0xf800, 0xf800, 0xf800,
  0xf800, 0xf800, 0xf800, 0xf800, 0xf800, 0xf800, 0xf800, 0xf800,
  0xf800, 0xf800, 0xf800, 0xf800, 0xf800, 0xf800, 0xf800, 0xf800,
  0xf800, 0xf800, 0xf800, 0xf800, 0xf800, 0xf800, 0xf800, 0xf800,
  0xf800, 0xf800, 0xf800, 0xf800, 0xf800, 0xf800, 0xf800, 0xf800,
  0xf800, 0xf800, 0xf800, 0xf800, 0xf800, 0xf800, 0xf800, 0xf800,
  0xf800, 0xf800, 0xf800, 0xf800, 0xf800, 0xf800, 0xf800, 0xf800,
  0xf800, 0xf800, 0xf800, 0xf800, 0xf800, 0xf800, 0xf800, 0xf800,
  0xf800, 0xf800, 0xf800, 0xf800, 0xf800, 0xf800, 0xf800, 0xf800,
  0xf800, 0xf800, 0xf800, 0xf800, 0xf800, 0xf800, 0xf800, 0xf800,
  0xf800, 0xf800, 0xf800, 0xf800, 0xf800, 0xf800, 0xf800, 0xf800,
  0xf800, 0xf800, 0xf800, 0xf800, 0xf800, 0xf800, 0xf800, 0xf800,
  0xf800, 0xf800, 0xf800, 0xf800, 0xf800, 0xf800, 0xf800, 0xf800,
  0xf800, 0xf800, 0xf800, 0xf800, 0xf800, 0xf800, 0xf800, 0xf800,
  0xf800, 0xf800, 0xf800, 0xf800, 0xf800, 0xf800, 0xf800, 0xf800,
  0xf800, 0xf800, 0xf800, 0xf800, 0xf800, 0xf800, 0xf800, 0xf800,
  0xf800, 0xf800, 0xf800, 0xf800, 0xf800, 0xf800, 0xf800, 0xf800,
  0xf800, 0xf800, 0xf800, 0xf800, 0xf800, 0xf800, 0xf800, 0xf800,
  0xf800, 0xf800, 0xf800, 0xf800, 0xf800, 0xf800, 0xf800, 0xf800,
  0xf800, 0xf800, 0xf800, 0xf800, 0xf800, 0xf800, 0xf800, 0xf800,
  0xf800, 0xf800, 0xf800, 0xf800, 0xf800, 0xf800, 0xf800, 0xf800,
  0xf800, 0xf800, 0xf800, 0xf800, 0xf800, 0xf800, 0xf800, 0xf800,
  0xf800, 0xf800, 0xf800, 0xf800, 0xf800, 0xf800, 0xf800, 0xf800,
  0xf800, 0xf800, 0xf800, 0xf800, 0xf800, 0xf800, 0xf800, 0xf800,
  0xf800, 0xf800, 0xf800, 0xf800, 0xf800, 0xf800, 0xf800, 0xf800,
  0xf800, 0xf800, 0xf800, 0xf800, 0xf800, 0xf800, 0xf800, 0xf800,
  0xf800, 0xf800, 0xf800, 0xf800, 0xf800, 0xf800, 0xf800, 0xf800,
  0xf800, 0xf800, 0xf800, 0xf800, 0xf800, 0xf800, 0xf800, 0xf800,
  0xf800, 0xf800, 0xf800, 0xf800, 0xf800, 0xf800, 0xf800, 0xf800,
  0xf800, 0xf800, 0xf800, 0xf800, 0xf800, 0xf800, 0xf800, 0xf800,
  0xf800, 0xf800, 0xf800, 0xf800, 0xf800, 0xf800, 0xf800, 0xf800,
  0xf800, 0xf800, 0xf800, 0xf800, 0xf800, 0xf800, 0xf800, 0xf800,
  0xf800, 0xf800, 0xf800, 0xf800, 0xf800, 0xf800, 0xf800, 0xf800,
  0xf800, 0xf800, 0xf800, 0xf800, 0xf800, 0xf800, 0xf800, 0xf800,
  0xf800, 0xf800, 0xf800, 0xf800, 0xf800, 0xf800, 0xf800, 0xf800,
  0xf800, 0xf800, 0xf800, 0xf800, 0xf800, 0xf800, 0xf800, 0xf800,
  0xf800, 0xf800, 0xf800, 0xf800, 0xf800, 0xf800, 0xf800, 0xf800,
  0xf800, 0xf800, 0xf800, 0xf800, 0xf800, 0xf800, 0xf800, 0xf800,
  0xf800, 0xf800, 0xf800, 0xf800, 0xf800, 0xf800, 0xf800, 0xf800,
  0xf800, 0xf800, 0xf800, 0xf800, 0xf800, 0xf800, 0xf800, 0xf800,
  0xf800, 0xf800, 0xf800, 0xf800, 0xf800, 0xf800, 0xf800, 0xf800,
  0xf800, 0xf800, 0xf800, 0xf800, 0xf800, 0xf800, 0xf800, 0xf800,
  0xf800, 0xf800, 0xf800, 0xf800, 0xf800, 0xf800, 0xf800, 0xf800,
  0xf800, 0xf800, 0xf800, 0xf800, 0xf800, 0xf800, 0xf800, 0xf800,
  0xf800, 0xf800, 0xf800, 0xf800, 0xf800, 0xf800, 0xf800, 0xf800,
  0xf800, 0xf800, 0xf800, 0xf800, 0xf800, 0xf800, 0xf800, 0xf800,
  0xf800, 0xf800, 0xf800, 0xf800, 0xf800, 0xf800, 0xf800, 0xf800,
  0xf800, 0xf800, 0xf800, 0xf800, 0xf800, 0xf800, 0xf800, 0xf800,
  0xf800, 0xf800, 0xf800, 0xf800, 0xf800, 0xf800, 0xf800, 0xf800,
  0xf800, 0xf800, 0xf800, 0xf800, 0xf800, 0xf800, 0xf800, 0xf800,
  0xf800, 0xf800, 0xf800, 0xf800, 0xf800, 0xf800, 0xf800, 0xf800,
  0xf800, 0xf800, 0xf800, 0xf800, 0xf800, 0xf800, 0xf800, 0xf800,
  0xf800, 0xf800, 0xf800, 0xf800, 0xf800, 0xf800, 0xf800, 0xf800,
  0xf800, 0xf800, 0xf800, 0xf800, 0xf800, 0xf800, 0xf800, 0xf800,
  0xf800, 0xf800, 0xf800, 0xf800, 0xf800, 0xf800, 0xf800, 0xf800,
  0xf800, 0xf800, 0xf800, 0xf800, 0xf800, 0xf800, 0xf800, 0xf800,
  0xf800, 0xf800, 0xf800, 0xf800, 0xf800, 0xf800, 0xf800, 0xf800,
  0xf800, 0xf800, 0xf800, 0xf800, 0xf800, 0xf800, 0xf800, 0xf800,
  0xf800, 0xf800, 0xf800, 0xf800, 0xf800, 0xf800, 0xf800, 0xf800,
  0xf800, 0xf800, 0xf800, 0xf800, 0xf800, 0xf800, 0xf800, 0xf800,
  0xf800, 0xf800, 0xf800, 0xf800, 0xf800, 0xf800, 0xf800, 0xf800,
  0xf800, 0xf800, 0xf800, 0xf800, 0xf800, 0xf800, 0xf800, 0xf800,
  0xf800, 0xf800, 0xf800, 0xf800, 0xf800, 0xf800, 0xf800, 0xf800,
  0xf800, 0xf800, 0xf800, 0xf800, 0xf800, 0xf800, 0xf800, 0xf800,
  0xf800, 0xf800, 0xf800, 0xf800, 0xf800, 0xf800, 0xf800, 0xf800,
  0xf800, 0xf800, 0xf800, 0xf800, 0xf800, 0xf800, 0xf800, 0xf800,
  0xf800, 0xf800, 0xf800, 0xf800, 0xf800, 0xf800, 0xf800, 0xf800,
  0xf800, 0xf800, 0xf800, 0xf800, 0xf800, 0xf800, 0xf800, 0xf800,
  0xf800, 0xf800, 0xf800, 0xf800, 0xf800, 0xf800, 0xf800, 0xf800,
  0xf800, 0xf800, 0xf800, 0xf800, 0xf800, 0xf800, 0xf800, 0xf800,
  0xf800, 0xf800, 0xf800, 0xf800, 0xf800, 0xf800, 0xf800, 0xf800,
  0xf800, 0xf800, 0xf800, 0xf800, 0xf800, 0xf800, 0xf800, 0xf800,
  0xf800, 0xf800, 0xf800, 0xf800, 0xf800, 0xf800, 0xf800, 0xf800,
  0xf800, 0xf800, 0xf800, 0xf800, 0xf800, 0xf800, 0xf800, 0xf800,
  0xf800, 0xf800, 0xf800, 0xf800, 0xf800, 0xf800, 0xf800, 0xf800,
  0xf800, 0xf800, 0xf800, 0xf800, 0xf800, 0xf800, 0xf800, 0xf800,
  0xf800, 0xf800, 0xf800, 0xf800, 0xf800, 0xf800, 0xf800, 0xf800,
  0xf800, 0xf800, 0xf800, 0xf800, 0xf800, 0xf800, 0xf800, 0xf800,
  0xf800, 0xf800, 0xf800, 0xf800, 0xf800, 0xf800, 0xf800, 0xf800,
  0xf800, 0xf800, 0xf800, 0xf800, 0xf800, 0xf800, 0xf800, 0xf800,
  0xf800, 0xf800, 0xf800, 0xf800, 0xf800, 0xf800, 0xf800, 0xf800,
  0xf800, 0xf800, 0xf800, 0xf800, 0xf800, 0xf800, 0xf800, 0xf800,
  0xf800, 0xf800, 0xf800, 0xf800, 0xf800, 0xf800, 0xf800, 0xf800,
  0xf800, 0xf800, 0xf800, 0xf800, 0xf800, 0xf800, 0xf800, 0xf800,
  0xf800, 0xf800, 0xf800, 0xf800, 0xf800, 0xf800, 0xf800, 0xf800,
  0xf800, 0xf800, 0xf800, 0xf800, 0xf800, 0xf800, 0xf800, 0xf800,
  0xf800, 0xf800, 0xf800, 0xf800, 0xf800, 0xf800, 0xf800, 0xf800,
  0xf800, 0xf800, 0xf800, 0xf800, 0xf800, 0xf800, 0xf800, 0xf800,
  0xf800, 0xf800, 0xf800, 0xf800, 0xf800, 0xf800, 0xf800, 0xf800,
  0xf800, 0xf800, 0xf800, 0xf800, 0xf800, 0xf800, 0xf800, 0xf800,
  0xf800, 0xf800, 0xf800, 0xf800, 0xf800, 0xf800, 0xf800, 0xf800,
  0xf800, 0xf800, 0xf800, 0xf800, 0xf800, 0xf800, 0xf800, 0xf800,
  0xf800, 0xf800, 0xf800, 0xf800, 0xf800, 0xf800, 0xf800, 0xf800,
  0xf800, 0xf800, 0xf800, 0xf800, 0xf800, 0xf800, 0xf800, 0xf800,
  0xf800, 0xf800, 0xf800, 0xf800, 0xf800, 0xf800, 0xf800, 0xf800,
  0xf800, 0xf800, 0xf800, 0xf800, 0xf800, 0xf800, 0xf800, 0xf800,
  0xf800, 0xf800, 0xf800, 0xf800, 0xf800, 0xf800, 0xf800, 0xf800,
  0xf800, 0xf800, 0xf800, 0xf800, 0xf800, 0xf800, 0xf800, 0xf800,
  0xf800, 0xf800, 0xf800, 0xf800, 0xf800, 0xf800, 0xf800, 0xf800,
  0xf800, 0xf800, 0xf800, 0xf800, 0xf800, 0xf800, 0xf800, 0xf800,
  0xf800, 0xf800, 0xf800, 0xf800, 0xf800, 0xf800, 0xf800, 0xf800,
  0xf800, 0xf800, 0xf800, 0xf800, 0xf800, 0xf800, 0xf800, 0xf800,
  0xf800, 0xf800, 0xf800, 0xf800, 0xf800, 0xf800, 0xf800, 0xf800,
  0xf800, 0xf800, 0xf800, 0xf800, 0xf800, 0xf800, 0xf800, 0xf800,
  0xf800, 0xf800, 0xf800, 0xf800, 0xf800, 0xf800, 0xf800, 0xf800,
  0xf800, 0xf800, 0xf800, 0xf800, 0xf800, 0xf800, 0xf800, 0xf800,
  0xf800, 0xf800, 0xf800, 0xf800, 0xf800, 0xf800, 0xf800, 0xf800,
  0xf800, 0xf800, 0xf800, 0xf800, 0xf800, 0xf800, 0xf800, 0xf800,
  0xf800, 0xf800, 0xf800, 0xf800, 0xf800, 0xf800, 0xf800, 0xf800,
  0xf800, 0xf800, 0xf800, 0xf800, 0xf800, 0xf800, 0xf800, 0xf800,
  0xf800, 0xf800, 0xf800, 0xf800, 0xf800, 0xf800, 0xf800, 0xf800,
  0xf800, 0xf800, 0xf800, 0xf800, 0xf800, 0xf800, 0xf800, 0xf800,
  0xf800, 0xf800, 0xf800, 0xf800, 0xf800, 0xf800, 0xf800, 0xf800,
  0xf800, 0xf800, 0xf800, 0xf800, 0xf800, 0xf800, 0xf800, 0xf800,
  0xf800, 0xf800, 0xf800, 0xf800, 0xf800, 0xf800, 0xf800, 0xf800,
  0xf800, 0xf800, 0xf800, 0xf800, 0xf800, 0xf800, 0xf800, 0xf800,
  0xf800, 0xf800, 0xf800, 0xf800, 0xf800, 0xf800, 0xf800, 0xf800,
  0xf800, 0xf800, 0xf800, 0xf800, 0xf800, 0xf800, 0xf800, 0xf800,
  0xf800, 0xf800, 0xf800, 0xf800, 0xf800, 0xf800, 0xf800, 0xf800,
  0xf800, 0xf800, 0xf800, 0xf800, 0xf800, 0xf800, 0xf800, 0xf800,
  0xf800, 0xf800, 0xf800, 0xf800, 0xf800, 0xf800, 0xf800, 0xf800,
  0xf800, 0xf800, 0xf800, 0xf800, 0xf800, 0xf800, 0xf800, 0xf800,
  0xf800, 0xf800, 0xf800, 0xf800, 0xf800, 0xf800, 0xf800, 0xf800,
  0xf800, 0xf800, 0xf800, 0xf800, 0xf800, 0xf800, 0xf800, 0xf800,
  0xf800, 0xf800, 0xf800, 0xf800, 0xf800, 0xf800, 0xf800, 0xf800,
  0xf800, 0xf800, 0xf800, 0xf800, 0xf800, 0xf800, 0xf800, 0xf800,
  0xf800, 0xf800, 0xf800, 0xf800, 0xf800, 0xf800, 0xf800, 0xf800,
  0xf800, 0xf800, 0xf800, 0xf800, 0xf800, 0xf800, 0xf800, 0xf800,
  0xf800, 0xf800, 0xf800, 0xf800, 0xf800, 0xf800, 0xf800, 0xf800,
  0xf800, 0xf800, 0xf800, 0xf800, 0xf800, 0xf800, 0xf800, 0xf800,
  0xf800, 0xf800, 0xf800, 0xf800, 0xf800, 0xf800, 0xf800, 0xf800,
  0xf800, 0xf800, 0xf800, 0xf800, 0xf800, 0xf800, 0xf800, 0xf800,
  0xf800, 0xf800, 0xf800, 0xf800, 0xf800, 0xf800, 0xf800, 0xf800,
  0xf800, 0xf800, 0xf800, 0xf800, 0xf800, 0xf800, 0xf800, 0xf800,
  0xf800, 0xf800, 0xf800, 0xf800, 0xf800, 0xf800, 0xf800, 0xf800,
  0xf800, 0xf800, 0xf800, 0xf800, 0xf800, 0xf800, 0xf800, 0xf800,
  0xf800, 0xf800, 0xf800, 0xf800, 0xf800, 0xf800, 0xf800, 0xf800,
  0xf800, 0xf800, 0xf800, 0xf800, 0xf800, 0xf800, 0xf800, 0xf800,
  0xf800, 0xf800, 0xf800, 0xf800, 0xf800, 0xf800, 0xf800, 0xf800,
  0xf800, 0xf800, 0xf800, 0xf800, 0xf800, 0xf800, 0xf800, 0xf800,
  0xf800, 0xf800, 0xf800, 0xf800, 0xf800, 0xf800, 0xf800, 0xf800,
  0xf800, 0xf800, 0xf800, 0xf800, 0xf800, 0xf800, 0xf800, 0xf800,
  0xf800, 0xf800, 0xf800, 0xf800, 0xf800, 0xf800, 0xf800, 0xf800,
  0xf800, 0xf800, 0xf800, 0xf800, 0xf800, 0xf800, 0xf800, 0xf800,
  0xf800, 0xf800, 0xf800, 0xf800, 0xf800, 0xf800, 0xf800, 0xf800,
  0xf800, 0xf800, 0xf800, 0xf800, 0xf800, 0xf800, 0xf800, 0xf800,
  0xf800, 0xf800, 0xf800, 0xf800, 0xf800, 0xf800, 0xf800, 0xf800,
  0xf800, 0xf800, 0xf800, 0xf800, 0xf800, 0xf800, 0xf800, 0xf800,
  0xf800, 0xf800, 0xf800, 0xf800, 0xf800, 0xf800, 0xf800, 0xf800,
  0xf800, 0xf800, 0xf800, 0xf800, 0xf800, 0xf800, 0xf800, 0xf800,
  0xf800, 0xf800, 0xf800, 0xf800, 0xf800, 0xf800, 0xf800, 0xf800,
  0xf800, 0xf800, 0xf800, 0xf800, 0xf800, 0xf800, 0xf800, 0xf800,
  0xf800, 0xf800, 0xf800, 0xf800, 0xf800, 0xf800, 0xf800, 0xf800,
  0xf800, 0xf800, 0xf800, 0xf800, 0xf800, 0xf800, 0xf800, 0xf800,
  0xf800, 0xf800, 0xf800, 0xf800, 0xf800, 0xf800, 0xf800, 0xf800,
  0xf800, 0xf800, 0xf800, 0xf800, 0xf800, 0xf800, 0xf800, 0xf800,
  0xf800, 0xf800, 0xf800, 0xf800, 0xf800, 0xf800, 0xf800, 0xf800,
  0xf800, 0xf800, 0xf800, 0xf800, 0xf800, 0xf800, 0xf800, 0xf800,
  0xf800, 0xf800, 0xf800, 0xf800, 0xf800, 0xf800, 0xf800, 0xf800,
  0xf800, 0xf800, 0xf800, 0xf800, 0xf800, 0xf800, 0xf800, 0xf800,
  0xf800, 0xf800, 0xf800, 0xf800, 0xf800, 0xf800, 0xf800, 0xf800,
  0xf800, 0xf800, 0xf800, 0xf800, 0xf800, 0xf800, 0xf800, 0xf800,
  0xf800, 0xf800, 0xf800, 0xf800, 0xf800, 0xf800, 0xf800, 0xf800,
  0xf800, 0xf800, 0xf800, 0xf800, 0xf800, 0xf800, 0xf800, 0xf800,
  0xf800, 0xf800, 0xf800, 0xf800, 0xf800, 0xf800, 0xf800, 0xf800,
  0xf800, 0xf800, 0xf800, 0xf800, 0xf800, 0xf800, 0xf800, 0xf800,
  0xf800, 0xf800, 0xf800, 0xf800, 0xf800, 0xf800, 0xf800, 0xf800,
  0xf800, 0xf800, 0xf800, 0xf800, 0xf800, 0xf800, 0xf800, 0xf800,
  0xf800, 0xf800, 0xf800, 0xf800, 0xf800, 0xf800, 0xf800, 0xf800,
  0xf800, 0xf800, 0xf800, 0xf800, 0xf800, 0xf800, 0xf800, 0xf800,
  0xf800, 0xf800, 0xf800, 0xf800, 0xf800, 0xf800, 0xf800, 0xf800,
  0xf800, 0xf800, 0xf800, 0xf800, 0xf800, 0xf800, 0xf800, 0xf800,
  0xf800, 0xf800, 0xf800, 0xf800, 0xf800, 0xf800, 0xf800, 0xf800,
  0xf800, 0xf800, 0xf800, 0xf800, 0xf800, 0xf800, 0xf800, 0xf800,
  0xf800, 0xf800, 0xf800, 0xf800, 0xf800, 0xf800, 0xf800, 0xf800,
  0xf800, 0xf800, 0xf800, 0xf800, 0xf800, 0xf800, 0xf800, 0xf800,
  0xf800, 0xf800, 0xf800, 0xf800, 0xf800, 0xf800, 0xf800, 0xf800,
  0xf800, 0xf800, 0xf800, 0xf800, 0xf800, 0xf800, 0xf800, 0xf800,
  0xf800, 0xf800, 0xf800, 0xf800, 0xf800, 0xf800, 0xf800, 0xf800,
  0xf800, 0xf800, 0xf800, 0xf800, 0xf800, 0xf800, 0xf800, 0xf800,
  0xf800, 0xf800, 0xf800, 0xf800, 0xf800, 0xf800, 0xf800, 0xf800,
  0xf800, 0xf800, 0xf800, 0xf800, 0xf800, 0xf800, 0xf800, 0xf800,
  0xf800, 0xf800, 0xf800, 0xf800, 0xf800, 0xf800, 0xf800, 0xf800,
  0xf800, 0xf800, 0xf800, 0xf800, 0xf800, 0xf800, 0xf800, 0xf800,
  0xf800, 0xf800, 0xf800, 0xf800, 0xf800, 0xf800, 0xf800, 0xf800,
  0xf800, 0xf800, 0xf800, 0xf800, 0xf800, 0xf800, 0xf800, 0xf800,
  0xf800, 0xf800, 0xf800, 0xf800, 0xf800, 0xf800, 0xf800, 0xf800,
  0xf800, 0xf800, 0xf800, 0xf800, 0xf800, 0xf800, 0xf800, 0xf800,
  0xf800, 0xf800, 0xf800, 0xf800, 0xf800, 0xf800, 0xf800, 0xf800,
  0xf800, 0xf800, 0xf800, 0xf800, 0xf800, 0xf800, 0xf800, 0xf800,
  0xf800, 0xf800, 0xf800, 0xf800, 0xf800, 0xf800, 0xf800, 0xf800,
  0xf800, 0xf800, 0xf800, 0xf800, 0xf800, 0xf800, 0xf800, 0xf800,
  0xf800, 0xf800, 0xf800, 0xf800, 0xf800, 0xf800, 0xf800, 0xf800,
  0xf800, 0xf800, 0xf800, 0xf800, 0xf800, 0xf800, 0xf800, 0xf800,
  0xf800, 0xf800, 0xf800, 0xf800, 0xf800, 0xf800, 0xf800, 0xf800,
  0xf800, 0xf800, 0xf800, 0xf800, 0xf800, 0xf800, 0xf800, 0xf800,
  0xf800, 0xf800, 0xf800, 0xf800, 0xf800, 0xf800, 0xf800, 0xf800,
  0xf800, 0xf800, 0xf800, 0xf800, 0xf800, 0xf800, 0xf800, 0xf800,
  0xf800, 0xf800, 0xf800, 0xf800, 0xf800, 0xf800, 0xf800, 0xf800,
  0xf800, 0xf800, 0xf800, 0xf800, 0xf800, 0xf800, 0xf800, 0xf800,
  0xf800, 0xf800, 0xf800, 0xf800, 0xf800, 0xf800, 0xf800, 0xf800,
  0xf800, 0xf800, 0xf800, 0xf800, 0xf800, 0xf800, 0xf800, 0xf800,
  0xf800, 0xf800, 0xf800, 0xf800, 0xf800, 0xf800, 0xf800, 0xf800,
  0xf800, 0xf800, 0xf800, 0xf800, 0xf800, 0xf800, 0xf800, 0xf800,
  0xf800, 0xf800, 0xf800, 0xf800, 0xf800, 0xf800, 0xf800, 0xf800,
  0xf800, 0xf800, 0xf800, 0xf800, 0xf800, 0xf800, 0xf800, 0xf800,
  0xf800, 0xf800, 0xf800, 0xf800, 0xf800, 0xf800, 0xf800, 0xf800,
  0xf800, 0xf800, 0xf800, 0xf800, 0xf800, 0xf800, 0xf800, 0xf800,
  0xf800, 0xf800, 0xf800, 0xf800, 0xf800, 0xf800, 0xf800, 0xf800,
  0xf800, 0xf800, 0xf800, 0xf800, 0xf800, 0xf800, 0xf800, 0xf800,
  0xf800, 0xf800, 0xf800, 0xf800, 0xf800, 0xf800, 0xf800, 0xf800,
  0xf800, 0xf800, 0xf800, 0xf800, 0xf800, 0xf800, 0xf800, 0xf800,
  0xf800, 0xf800, 0xf800, 0xf800, 0xf800, 0xf800, 0xf800, 0xf800,
  0xf800, 0xf800, 0xf800, 0xf800, 0xf800, 0xf800, 0xf800, 0xf800,
  0xf800, 0xf800, 0xf800, 0xf800, 0xf800, 0xf800, 0xf800, 0xf800,
  0xf800, 0xf800, 0xf800, 0xf800, 0xf800, 0xf800, 0xf800, 0xf800,
  0xf800, 0xf800, 0xf800, 0xf800, 0xf800, 0xf800, 0xf800, 0xf800,
  0xf800, 0xf800, 0xf800, 0xf800, 0xf800, 0xf800, 0xf800, 0xf800,
  0xf800, 0xf800, 0xf800, 0xf800, 0xf800, 0xf800, 0xf800, 0xf800,
  0xf800, 0xf800, 0xf800, 0xf800, 0xf800, 0xf800, 0xf800, 0xf800,
  0xf800, 0xf800, 0xf800, 0xf800, 0xf800, 0xf800, 0xf800, 0xf800,
  0xf800, 0xf800, 0xf800, 0xf800, 0xf800, 0xf800, 0xf800, 0xf800,
  0xf800, 0xf800, 0xf800, 0xf800, 0xf800, 0xf800, 0xf800, 0xf800,
  0xf800, 0xf800, 0xf800, 0xf800, 0xf800, 0xf800, 0xf800, 0xf800,
  0xf800, 0xf800, 0xf800, 0xf800, 0xf800, 0xf800, 0xf800, 0xf800,
  0xf800, 0xf800, 0xf800, 0xf800, 0xf800, 0xf800, 0xf800, 0xf800,
  0xf800, 0xf800, 0xf800, 0xf800, 0xf800, 0xf800, 0xf800, 0xf800,
  0xf800, 0xf800, 0xf800, 0xf800, 0xf800, 0xf800, 0xf800, 0xf800,
  0xf800, 0xf800, 0xf800, 0xf800, 0xf800, 0xf800, 0xf800, 0xf800,
  0xf800, 0xf800, 0xf800, 0xf800, 0xf800, 0xf800, 0xf800, 0xf800,
  0xf800, 0xf800, 0xf800, 0xf800, 0xf800, 0xf800, 0xf800, 0xf800,
  0xf800, 0xf800, 0xf800, 0xf800, 0xf800, 0xf800, 0xf800, 0xf800,
  0xf800, 0xf800, 0xf800, 0xf800, 0xf800, 0xf800, 0xf800, 0xf800,
  0xf800, 0xf800, 0xf800, 0xf800, 0xf800, 0xf800, 0xf800, 0xf800,
  0xf800, 0xf800, 0xf800, 0xf800, 0xf800, 0xf800, 0xf800, 0xf800,
  0xf800, 0xf800, 0xf800, 0xf800, 0xf800, 0xf800, 0xf800, 0xf800,
  0xf800, 0xf800, 0xf800, 0xf800, 0xf800, 0xf800, 0xf800, 0xf800,
  0xf800, 0xf800, 0xf800, 0xf800, 0xf800, 0xf800, 0xf800, 0xf800,
  0xf800, 0xf800, 0xf800, 0xf800, 0xf800, 0xf800, 0xf800, 0xf800,
  0xf800, 0xf800, 0xf800, 0xf800, 0xf800, 0xf800, 0xf800, 0xf800,
  0xf800, 0xf800, 0xf800, 0xf800, 0xf800, 0xf800, 0xf800, 0xf800,
  0xf800, 0xf800, 0xf800, 0xf800, 0xf800, 0xf800, 0xf800, 0xf800,
  0xf800, 0xf800, 0xf800, 0xf800, 0xf800, 0xf800, 0xf800, 0xf800,
  0xf800, 0xf800, 0xf800, 0xf800, 0xf800, 0xf800, 0xf800, 0xf800,
  0xf800, 0xf800, 0xf800, 0xf800, 0xf800, 0xf800, 0xf800, 0xf800,
  0xf800, 0xf800, 0xf800, 0xf800, 0xf800, 0xf800, 0xf800, 0xf800,
  0xf800, 0xf800, 0xf800, 0xf800, 0xf800, 0xf800, 0xf800, 0xf800,
  0xf800, 0xf800, 0xf800, 0xf800, 0xf800, 0xf800, 0xf800, 0xf800,
  0xf800, 0xf800, 0xf800, 0xf800, 0xf800, 0xf800, 0xf800, 0xf800,
  0xf800, 0xf800, 0xf800, 0xf800, 0xf800, 0xf800, 0xf800, 0xf800,
  0xf800, 0xf800, 0xf800, 0xf800, 0xf800, 0xf800, 0xf800, 0xf800,
  0xf800, 0xf800, 0xf800, 0xf800, 0xf800, 0xf800, 0xf800, 0xf800,
  0xf800, 0xf800, 0xf800, 0xf800, 0xf800, 0xf800, 0xf800, 0xf800,
  0xf800, 0xf800, 0xf800, 0xf800, 0xf800, 0xf800, 0xf800, 0xf800,
  0xf800, 0xf800, 0xf800, 0xf800, 0xf800, 0xf800, 0xf800, 0xf800,
  0xf800, 0xf800, 0xf800, 0xf800, 0xf800, 0xf800, 0xf800, 0xf800,
  0xf800, 0xf800, 0xf800, 0xf800, 0xf800, 0xf800, 0xf800, 0xf800,
  0xf800, 0xf800, 0xf800, 0xf800, 0xf800, 0xf800, 0xf800, 0xf800,
  0xf800, 0xf800, 0xf800, 0xf800, 0xf800, 0xf800, 0xf800, 0xf800,
  0xf800, 0xf800, 0xf800, 0xf800, 0xf800, 0xf800, 0xf800, 0xf800,
  0xf800, 0xf800, 0xf800, 0xf800, 0xf800, 0xf800, 0xf800, 0xf800,
  0xf800, 0xf800, 0xf800, 0xf800, 0xf800, 0xf800, 0xf800, 0xf800,
  0xf800, 0xf800, 0xf800, 0xf800, 0xf800, 0xf800, 0xf800, 0xf800,
  0xf800, 0xf800, 0xf800, 0xf800, 0xf800, 0xf800, 0xf800, 0xf800,
  0xf800, 0xf800, 0xf800, 0xf800, 0xf800, 0xf800, 0xf800, 0xf800,
  0xf800, 0xf800, 0xf800, 0xf800, 0xf800, 0xf800, 0xf800, 0xf800,
  0xf800, 0xf800, 0xf800, 0xf800, 0xf800, 0xf800, 0xf800, 0xf800,
  0xf800, 0xf800, 0xf800, 0xf800, 0xf800, 0xf800, 0xf800, 0xf800,
  0xf800, 0xf800, 0xf800, 0xf800, 0xf800, 0xf800, 0xf800, 0xf800,
  0xf800, 0xf800, 0xf800, 0xf800, 0xf800, 0xf800, 0xf800, 0xf800,
  0xf800, 0xf800, 0xf800, 0xf800, 0xf800, 0xf800, 0xf800, 0xf800,
  0xf800, 0xf800, 0xf800, 0xf800, 0xf800, 0xf800, 0xf800, 0xf800,
  0xf800, 0xf800, 0xf800, 0xf800, 0xf800, 0xf800, 0xf800, 0xf800,
  0xf800, 0xf800, 0xf800, 0xf800, 0xf800, 0xf800, 0xf800, 0xf800,
  0xeec6, 0xeec6, 0xeec6, 0xeec6, 0xeec6, 0xeec6, 0xeec6, 0xeec6,
  0xeec6, 0xeec6, 0xeec6, 0xeec6, 0xeec6, 0xeec6, 0xeec6, 0xeec6,
  0xeec6, 0xeec6, 0xeec6, 0xeec6, 0xeec6, 0xeec6, 0xeec6, 0xeec6,
  0xeec6, 0xeec6, 0xeec6, 0xeec6, 0xeec6, 0xeec6, 0xeec6, 0xeec6,
  0xeec6, 0xeec6, 0xeec6, 0xeec6, 0xeec6, 0xeec6, 0xeec6, 0xeec6,
  0xeec6, 0xeec6, 0xeec6, 0xeec6, 0xeec6, 0xeec6, 0xeec6, 0xeec6,
  0xeec6, 0xeec6, 0xeec6, 0xeec6, 0xeec6, 0xeec6, 0xeec6, 0xeec6,
  0xeec6, 0xeec6, 0xeec6, 0xeec6, 0xeec6, 0xeec6, 0xeec6, 0xeec6,
  0xeec6, 0xeec6, 0xeec6, 0xeec6, 0xeec6, 0xeec6, 0xeec6, 0xeec6,
  0xeec6, 0xeec6, 0xeec6, 0xeec6, 0xeec6, 0xeec6, 0xeec6, 0xeec6,
  0xeec6, 0xeec6, 0xeec6, 0xeec6, 0xeec6, 0xeec6, 0xeec6, 0xeec6,
  0xeec6, 0xeec6, 0xeec6, 0xeec6, 0xeec6, 0xeec6, 0xeec6, 0xeec6,
  0xeec6, 0xeec6, 0xeec6, 0xeec6, 0xeec6, 0xeec6, 0xeec6, 0xeec6,
  0xeec6, 0xeec6, 0xeec6, 0xeec6, 0xeec6, 0xeec6, 0xeec6, 0xeec6,
  0xeec6, 0xeec6, 0xeec6, 0xeec6, 0xeec6, 0xeec6, 0xeec6, 0xeec6,
  0xeec6, 0xeec6, 0xeec6, 0xeec6, 0xeec6, 0xeec6, 0xeec6, 0xeec6,
  0xeec6, 0xeec6, 0xeec6, 0xeec6, 0xeec6, 0xeec6, 0xeec6, 0xeec6,
  0xeec6, 0xeec6, 0xeec6, 0xeec6, 0xeec6, 0xeec6, 0xeec6, 0xeec6,
  0xeec6, 0xeec6, 0xeec6, 0xeec6, 0xeec6, 0xeec6, 0xeec6, 0xeec6,
  0xeec6, 0xeec6, 0xeec6, 0xeec6, 0xeec6, 0xeec6, 0xeec6, 0xeec6,
  0xeec6, 0xeec6, 0xeec6, 0xeec6, 0xeec6, 0xeec6, 0xeec6, 0xeec6,
  0xeec6, 0xeec6, 0xeec6, 0xeec6, 0xeec6, 0xeec6, 0xeec6, 0xeec6,
  0xeec6, 0xeec6, 0xeec6, 0xeec6, 0xeec6, 0xeec6, 0xeec6, 0xeec6,
  0xeec6, 0xeec6, 0xeec6, 0xeec6, 0xeec6, 0xeec6, 0xeec6, 0xeec6,
  0xeec6, 0xeec6, 0xeec6, 0xeec6, 0xeec6, 0xeec6, 0xeec6, 0xeec6,
  0xeec6, 0xeec6, 0xeec6, 0xeec6, 0xeec6, 0xeec6, 0xeec6, 0xeec6,
  0xeec6, 0xeec6, 0xeec6, 0xeec6, 0xeec6, 0xeec6, 0xeec6, 0xeec6,
  0xeec6, 0xeec6, 0xeec6, 0xeec6, 0xeec6, 0xeec6, 0xeec6, 0xeec6,
  0xeec6, 0xeec6, 0xeec6, 0xeec6, 0xeec6, 0xeec6, 0xeec6, 0xeec6,
  0xeec6, 0xeec6, 0xeec6, 0xeec6, 0xeec6, 0xeec6, 0xeec6, 0xeec6,
  0xeec6, 0xeec6, 0xeec6, 0xeec6, 0xeec6, 0xeec6, 0xeec6, 0xeec6,
  0xeec6, 0xeec6, 0xeec6, 0xeec6, 0xeec6, 0xeec6, 0xeec6, 0xeec6,
  0xeec6, 0xeec6, 0xeec6, 0xeec6, 0xeec6, 0xeec6, 0xeec6, 0xeec6,
  0xeec6, 0xeec6, 0xeec6, 0xeec6, 0xeec6, 0xeec6, 0xeec6, 0xeec6,
  0xeec6, 0xeec6, 0xeec6, 0xeec6, 0xeec6, 0xeec6, 0xeec6, 0xeec6,
  0xeec6, 0xeec6, 0xeec6, 0xeec6, 0xeec6, 0xeec6, 0xeec6, 0xeec6,
  0xeec6, 0xeec6, 0xeec6, 0xeec6, 0xeec6, 0xeec6, 0xeec6, 0xeec6,
  0xeec6, 0xeec6, 0xeec6, 0xeec6, 0xeec6, 0xeec6, 0xeec6, 0xeec6,
  0xeec6, 0xeec6, 0xeec6, 0xeec6, 0xeec6, 0xeec6, 0xeec6, 0xeec6,
  0xeec6, 0xeec6, 0xeec6, 0xeec6, 0xeec6, 0xeec6, 0xeec6, 0xeec6,
  0xeec6, 0xeec6, 0xeec6, 0xeec6, 0xeec6, 0xeec6, 0xeec6, 0xeec6,
  0xeec6, 0xeec6, 0xeec6, 0xeec6, 0xeec6, 0xeec6, 0xeec6, 0xeec6,
  0xeec6, 0xeec6, 0xeec6, 0xeec6, 0xeec6, 0xeec6, 0xeec6, 0xeec6,
  0xeec6, 0xeec6, 0xeec6, 0xeec6, 0xeec6, 0xeec6, 0xeec6, 0xeec6,
  0xeec6, 0xeec6, 0xeec6, 0xeec6, 0xeec6, 0xeec6, 0xeec6, 0xeec6,
  0xeec6, 0xeec6, 0xeec6, 0xeec6, 0xeec6, 0xeec6, 0xeec6, 0xeec6,
  0xeec6, 0xeec6, 0xeec6, 0xeec6, 0xeec6, 0xeec6, 0xeec6, 0xeec6,
  0xeec6, 0xeec6, 0xeec6, 0xeec6, 0xeec6, 0xeec6, 0xeec6, 0xeec6,
  0xeec6, 0xeec6, 0xeec6, 0xeec6, 0xeec6, 0xeec6, 0xeec6, 0xeec6,
  0xeec6, 0xeec6, 0xeec6, 0xeec6, 0xeec6, 0xeec6, 0xeec6, 0xeec6,
  0xeec6, 0xeec6, 0xeec6, 0xeec6, 0xeec6, 0xeec6, 0xeec6, 0xeec6,
  0xeec6, 0xeec6, 0xeec6, 0xeec6, 0xeec6, 0xeec6, 0xeec6, 0xeec6,
  0xeec6, 0xeec6, 0xeec6, 0xeec6, 0xeec6, 0xeec6, 0xeec6, 0xeec6,
  0xeec6, 0xeec6, 0xeec6, 0xeec6, 0xeec6, 0xeec6, 0xeec6, 0xeec6,
  0xeec6, 0xeec6, 0xeec6, 0xeec6, 0xeec6, 0xeec6, 0xeec6, 0xeec6,
  0xeec6, 0xeec6, 0xeec6, 0xeec6, 0xeec6, 0xeec6, 0xeec6, 0xeec6,
  0xeec6, 0xeec6, 0xeec6, 0xeec6, 0xeec6, 0xeec6, 0xeec6, 0xeec6,
  0xeec6, 0xeec6, 0xeec6, 0xeec6, 0xeec6, 0xeec6, 0xeec6, 0xeec6,
  0xeec6, 0xeec6, 0xeec6, 0xeec6, 0xeec6, 0xeec6, 0xeec6, 0xeec6,
  0xeec6, 0xeec6, 0xeec6, 0xeec6, 0xeec6, 0xeec6, 0xeec6, 0xeec6,
  0xeec6, 0xeec6, 0xeec6, 0xeec6, 0xeec6, 0xeec6, 0xeec6, 0xeec6,
  0xeec6, 0xeec6, 0xeec6, 0xeec6, 0xeec6, 0xeec6, 0xeec6, 0xeec6,
  0xeec6, 0xeec6, 0xeec6, 0xeec6, 0xeec6, 0xeec6, 0xeec6, 0xeec6,
  0xeec6, 0xeec6, 0xeec6, 0xeec6, 0xeec6, 0xeec6, 0xeec6, 0xeec6,
  0xeec6, 0xeec6, 0xeec6, 0xeec6, 0xeec6, 0xeec6, 0xeec6, 0xeec6,
  0xeec6, 0xeec6, 0xeec6, 0xeec6, 0xeec6, 0xeec6, 0xeec6, 0xeec6,
  0xeec6, 0xeec6, 0xeec6, 0xeec6, 0xeec6, 0xeec6, 0xeec6, 0xeec6,
  0xeec6, 0xeec6, 0xeec6, 0xeec6, 0xeec6, 0xeec6, 0xeec6, 0xeec6,
  0xeec6, 0xeec6, 0xeec6, 0xeec6, 0xeec6, 0xeec6, 0xeec6, 0xeec6,
  0xeec6, 0xeec6, 0xeec6, 0xeec6, 0xeec6, 0xeec6, 0xeec6, 0xeec6,
  0xeec6, 0xeec6, 0xeec6, 0xeec6, 0xeec6, 0xeec6, 0xeec6, 0xeec6,
  0xeec6, 0xeec6, 0xeec6, 0xeec6, 0xeec6, 0xeec6, 0xeec6, 0xeec6,
  0xeec6, 0xeec6, 0xeec6, 0xeec6, 0xeec6, 0xeec6, 0xeec6, 0xeec6,
  0xeec6, 0xeec6, 0xeec6, 0xeec6, 0xeec6, 0xeec6, 0xeec6, 0xeec6,
  0xeec6, 0xeec6, 0xeec6, 0xeec6, 0xeec6, 0xeec6, 0xeec6, 0xeec6,
  0xeec6, 0xeec6, 0xeec6, 0xeec6, 0xeec6, 0xeec6, 0xeec6, 0xeec6,
  0xeec6, 0xeec6, 0xeec6, 0xeec6, 0xeec6, 0xeec6, 0xeec6, 0xeec6,
  0xeec6, 0xeec6, 0xeec6, 0xeec6, 0xeec6, 0xeec6, 0xeec6, 0xeec6,
  0xeec6, 0xeec6, 0xeec6, 0xeec6, 0xeec6, 0xeec6, 0xeec6, 0xeec6,
  0xeec6, 0xeec6, 0xeec6, 0xeec6, 0xeec6, 0xeec6, 0xeec6, 0xeec6,
  0xeec6, 0xeec6, 0xeec6, 0xeec6, 0xeec6, 0xeec6, 0xeec6, 0xeec6,
  0xeec6, 0xeec6, 0xeec6, 0xeec6, 0xeec6, 0xeec6, 0xeec6, 0xeec6,
  0xeec6, 0xeec6, 0xeec6, 0xeec6, 0xeec6, 0xeec6, 0xeec6, 0xeec6,
  0xeec6, 0xeec6, 0xeec6, 0xeec6, 0xeec6, 0xeec6, 0xeec6, 0xeec6,
  0xeec6, 0xeec6, 0xeec6, 0xeec6, 0xeec6, 0xeec6, 0xeec6, 0xeec6,
  0xeec6, 0xeec6, 0xeec6, 0xeec6, 0xeec6, 0xeec6, 0xeec6, 0xeec6,
  0xeec6, 0xeec6, 0xeec6, 0xeec6, 0xeec6, 0xeec6, 0xeec6, 0xeec6,
  0xeec6, 0xeec6, 0xeec6, 0xeec6, 0xeec6, 0xeec6, 0xeec6, 0xeec6,
  0xeec6, 0xeec6, 0xeec6, 0xeec6, 0xeec6, 0xeec6, 0xeec6, 0xeec6,
  0xeec6, 0xeec6, 0xeec6, 0xeec6, 0xeec6, 0xeec6, 0xeec6, 0xeec6,
  0xeec6, 0xeec6, 0xeec6, 0xeec6, 0xeec6, 0xeec6, 0xeec6, 0xeec6,
  0xeec6, 0xeec6, 0xeec6, 0xeec6, 0xeec6, 0xeec6, 0xeec6, 0xeec6,
  0xeec6, 0xeec6, 0xeec6, 0xeec6, 0xeec6, 0xeec6, 0xeec6, 0xeec6,
  0xeec6, 0xeec6, 0xeec6, 0xeec6, 0xeec6, 0xeec6, 0xeec6, 0xeec6,
  0xeec6, 0xeec6, 0xeec6, 0xeec6, 0xeec6, 0xeec6, 0xeec6, 0xeec6,
  0xeec6, 0xeec6, 0xeec6, 0xeec6, 0xeec6, 0xeec6, 0xeec6, 0xeec6,
  0xeec6, 0xeec6, 0xeec6, 0xeec6, 0xeec6, 0xeec6, 0xeec6, 0xeec6,
  0xeec6, 0xeec6, 0xeec6, 0xeec6, 0xeec6, 0xeec6, 0xeec6, 0xeec6,
  0xeec6, 0xeec6, 0xeec6, 0xeec6, 0xeec6, 0xeec6, 0xeec6, 0xeec6,
  0xeec6, 0xeec6, 0xeec6, 0xeec6, 0xeec6, 0xeec6, 0xeec6, 0xeec6,
  0xeec6, 0xeec6, 0xeec6, 0xeec6, 0xeec6, 0xeec6, 0xeec6, 0xeec6,
  0xeec6, 0xeec6, 0xeec6, 0xeec6, 0xeec6, 0xeec6, 0xeec6, 0xeec6,
  0xeec6, 0xeec6, 0xeec6, 0xeec6, 0xeec6, 0xeec6, 0xeec6, 0xeec6,
  0xeec6, 0xeec6, 0xeec6, 0xeec6, 0xeec6, 0xeec6, 0xeec6, 0xeec6,
  0xeec6, 0xeec6, 0xeec6, 0xeec6, 0xeec6, 0xeec6, 0xeec6, 0xeec6,
  0xeec6, 0xeec6, 0xeec6, 0xeec6, 0xeec6, 0xeec6, 0xeec6, 0xeec6,
  0xeec6, 0xeec6, 0xeec6, 0xeec6, 0xeec6, 0xeec6, 0xeec6, 0xeec6,
  0xeec6, 0xeec6, 0xeec6, 0xeec6, 0xeec6, 0xeec6, 0xeec6, 0xeec6,
  0xeec6, 0xeec6, 0xeec6, 0xeec6, 0xeec6, 0xeec6, 0xeec6, 0xeec6,
  0xeec6, 0xeec6, 0xeec6, 0xeec6, 0xeec6, 0xeec6, 0xeec6, 0xeec6,
  0xeec6, 0xeec6, 0xeec6, 0xeec6, 0xeec6, 0xeec6, 0xeec6, 0xeec6,
  0xeec6, 0xeec6, 0xeec6, 0xeec6, 0xeec6, 0xeec6, 0xeec6, 0xeec6,
  0xeec6, 0xeec6, 0xeec6, 0xeec6, 0xeec6, 0xeec6, 0xeec6, 0xeec6,
  0xeec6, 0xeec6, 0xeec6, 0xeec6, 0xeec6, 0xeec6, 0xeec6, 0xeec6,
  0xeec6, 0xeec6, 0xeec6, 0xeec6, 0xeec6, 0xeec6, 0xeec6, 0xeec6,
  0xeec6, 0xeec6, 0xeec6, 0xeec6, 0xeec6, 0xeec6, 0xeec6, 0xeec6,
  0xeec6, 0xeec6, 0xeec6, 0xeec6, 0xeec6, 0xeec6, 0xeec6, 0xeec6,
  0xeec6, 0xeec6, 0xeec6, 0xeec6, 0xeec6, 0xeec6, 0xeec6, 0xeec6,
  0xeec6, 0xeec6, 0xeec6, 0xeec6, 0xeec6, 0xeec6, 0xeec6, 0xeec6,
  0xeec6, 0xeec6, 0xeec6, 0xeec6, 0xeec6, 0xeec6, 0xeec6, 0xeec6,
  0xeec6, 0xeec6, 0xeec6, 0xeec6, 0xeec6, 0xeec6, 0xeec6, 0xeec6,
  0xeec6, 0xeec6, 0xeec6, 0xeec6, 0xeec6, 0xeec6, 0xeec6, 0xeec6,
  0xeec6, 0xeec6, 0xeec6, 0xeec6, 0xeec6, 0xeec6, 0xeec6, 0xeec6,
  0xeec6, 0xeec6, 0xeec6, 0xeec6, 0xeec6, 0xeec6, 0xeec6, 0xeec6,
  0xeec6, 0xeec6, 0xeec6, 0xeec6, 0xeec6, 0xeec6, 0xeec6, 0xeec6,
  0xeec6, 0xeec6, 0xeec6, 0xeec6, 0xeec6, 0xeec6, 0xeec6, 0xeec6,
  0xeec6, 0xeec6, 0xeec6, 0xeec6, 0xeec6, 0xeec6, 0xeec6, 0xeec6,
  0xeec6, 0xeec6, 0xeec6, 0xeec6, 0xeec6, 0xeec6, 0xeec6, 0xeec6,
  0xeec6, 0xeec6, 0xeec6, 0xeec6, 0xeec6, 0xeec6, 0xeec6, 0xeec6,
  0xeec6, 0xeec6, 0xeec6, 0xeec6, 0xeec6, 0xeec6, 0xeec6, 0xeec6,
  0xeec6, 0xeec6, 0xeec6, 0xeec6, 0xeec6, 0xeec6, 0xeec6, 0xeec6,
  0xeec6, 0xeec6, 0xeec6, 0xeec6, 0xeec6, 0xeec6, 0xeec6, 0xeec6,
  0xeec6, 0xeec6, 0xeec6, 0xeec6, 0xeec6, 0xeec6, 0xeec6, 0xeec6,
  0xeec6, 0xeec6, 0xeec6, 0xeec6, 0xeec6, 0xeec6, 0xeec6, 0xeec6,
  0xeec6, 0xeec6, 0xeec6, 0xeec6, 0xeec6, 0xeec6, 0xeec6, 0xeec6,
  0xeec6, 0xeec6, 0xeec6, 0xeec6, 0xeec6, 0xeec6, 0xeec6, 0xeec6,
  0xeec6, 0xeec6, 0xeec6, 0xeec6, 0xeec6, 0xeec6, 0xeec6, 0xeec6,
  0xeec6, 0xeec6, 0xeec6, 0xeec6, 0xeec6, 0xeec6, 0xeec6, 0xeec6,
  0xeec6, 0xeec6, 0xeec6, 0xeec6, 0xeec6, 0xeec6, 0xeec6, 0xeec6,
  0xeec6, 0xeec6, 0xeec6, 0xeec6, 0xeec6, 0xeec6, 0xeec6, 0xeec6,
  0xeec6, 0xeec6, 0xeec6, 0xeec6, 0xeec6, 0xeec6, 0xeec6, 0xeec6,
  0xeec6, 0xeec6, 0xeec6, 0xeec6, 0xeec6, 0xeec6, 0xeec6, 0xeec6,
  0xeec6, 0xeec6, 0xeec6, 0xeec6, 0xeec6, 0xeec6, 0xeec6, 0xeec6,
  0xeec6, 0xeec6, 0xeec6, 0xeec6, 0xeec6, 0xeec6, 0xeec6, 0xeec6,
  0xeec6, 0xeec6, 0xeec6, 0xeec6, 0xeec6, 0xeec6, 0xeec6, 0xeec6,
  0xeec6, 0xeec6, 0xeec6, 0xeec6, 0xeec6, 0xeec6, 0xeec6, 0xeec6,
  0xeec6, 0xeec6, 0xeec6, 0xeec6, 0xeec6, 0xeec6, 0xeec6, 0xeec6,
  0xeec6, 0xeec6, 0xeec6, 0xeec6, 0xeec6, 0xeec6, 0xeec6, 0xeec6,
  0xeec6, 0xeec6, 0xeec6, 0xeec6, 0xeec6, 0xeec6, 0xeec6, 0xeec6,
  0xeec6, 0xeec6, 0xeec6, 0xeec6, 0xeec6, 0xeec6, 0xeec6, 0xeec6,
  0xeec6, 0xeec6, 0xeec6, 0xeec6, 0xeec6, 0xeec6, 0xeec6, 0xeec6,
  0xeec6, 0xeec6, 0xeec6, 0xeec6, 0xeec6, 0xeec6, 0xeec6, 0xeec6,
  0xeec6, 0xeec6, 0xeec6, 0xeec6, 0xeec6, 0xeec6, 0xeec6, 0xeec6,
  0xeec6, 0xeec6, 0xeec6, 0xeec6, 0xeec6, 0xeec6, 0xeec6, 0xeec6,
  0xeec6, 0xeec6, 0xeec6, 0xeec6, 0xeec6, 0xeec6, 0xeec6, 0xeec6,
  0xeec6, 0xeec6, 0xeec6, 0xeec6, 0xeec6, 0xeec6, 0xeec6, 0xeec6,
  0xeec6, 0xeec6, 0xeec6, 0xeec6, 0xeec6, 0xeec6, 0xeec6, 0xeec6,
  0xeec6, 0xeec6, 0xeec6, 0xeec6, 0xeec6, 0xeec6, 0xeec6, 0xeec6,
  0xeec6, 0xeec6, 0xeec6, 0xeec6, 0xeec6, 0xeec6, 0xeec6, 0xeec6,
  0xeec6, 0xeec6, 0xeec6, 0xeec6, 0xeec6, 0xeec6, 0xeec6, 0xeec6,
  0xeec6, 0xeec6, 0xeec6, 0xeec6, 0xeec6, 0xeec6, 0xeec6, 0xeec6,
  0xeec6, 0xeec6, 0xeec6, 0xeec6, 0xeec6, 0xeec6, 0xeec6, 0xeec6,
  0xeec6, 0xeec6, 0xeec6, 0xeec6, 0xeec6, 0xeec6, 0xeec6, 0xeec6,
  0xeec6, 0xeec6, 0xeec6, 0xeec6, 0xeec6, 0xeec6, 0xeec6, 0xeec6,
  0xeec6, 0xeec6, 0xeec6, 0xeec6, 0xeec6, 0xeec6, 0xeec6, 0xeec6,
  0xeec6, 0xeec6, 0xeec6, 0xeec6, 0xeec6, 0xeec6, 0xeec6, 0xeec6,
  0xeec6, 0xeec6, 0xeec6, 0xeec6, 0xeec6, 0xeec6, 0xeec6, 0xeec6,
  0xeec6, 0xeec6, 0xeec6, 0xeec6, 0xeec6, 0xeec6, 0xeec6, 0xeec6,
  0xeec6, 0xeec6, 0xeec6, 0xeec6, 0xeec6, 0xeec6, 0xeec6, 0xeec6,
  0xeec6, 0xeec6, 0xeec6, 0xeec6, 0xeec6, 0xeec6, 0xeec6, 0xeec6,
  0xeec6, 0xeec6, 0xeec6, 0xeec6, 0xeec6, 0xeec6, 0xeec6, 0xeec6,
  0xeec6, 0xeec6, 0xeec6, 0xeec6, 0xeec6, 0xeec6, 0xeec6, 0xeec6,
  0xeec6, 0xeec6, 0xeec6, 0xeec6, 0xeec6, 0xeec6, 0xeec6, 0xeec6,
  0xeec6, 0xeec6, 0xeec6, 0xf6c6, 0xeec6, 0xeec6, 0xeec6, 0xeec6,
  0xeec6, 0xeec6, 0xeec6, 0xeec6, 0xeec6, 0xeec6, 0xeec6, 0xeec6,
  0xeec6, 0xeec6, 0xeec6, 0xeec6, 0xeec6, 0xeec6, 0xeec6, 0xeec6,
  0xeec6, 0xeec6, 0xeec6, 0xeec6, 0xeec6, 0xeec6, 0xeec6, 0xeec6,
  0xeec6, 0xeec6, 0xeec6, 0xeec6, 0xeec6, 0xeec6, 0xeec6, 0xeec6,
  0xeec6, 0xeec6, 0xeec6, 0xeec6, 0xeec6, 0xeec6, 0xeec6, 0xeec6,
  0xeec6, 0xeec6, 0xeec6, 0xeec6, 0xeec6, 0xeec6, 0xeec6, 0xeec6,
  0xeec6, 0xeec6, 0xeec6, 0xeec6, 0xeec6, 0xeec6, 0xeec6, 0xeec6,
  0xeec6, 0xeec6, 0xeec6, 0xeec6, 0xeec6, 0xeec6, 0xeec6, 0xeec6,
  0xeec6, 0xeec6, 0xeec6, 0xeec6, 0xeec6, 0xeec6, 0xeec6, 0xeec6,
  0xeec6, 0xeec6, 0xeec6, 0xeec6, 0xeec6, 0xeec6, 0xeec6, 0xeec6,
  0xeec6, 0xeec6, 0xeec6, 0xeec6, 0xeec6, 0xeec6, 0xeec6, 0xeec6,
  0xeec6, 0xeec6, 0xeec6, 0xeec6, 0xeec6, 0xeec6, 0xeec6, 0xeec6,
  0xeec6, 0xeec6, 0xeec6, 0xeec6, 0xeec6, 0xeec6, 0xeec6, 0xeec6,
  0xeec6, 0xeec6, 0xeec6, 0xeec6, 0xeec6, 0xeec6, 0xeec6, 0xeec6,
  0xeec6, 0xeec6, 0xeec6, 0xeec6, 0xeec6, 0xeec6, 0xeec6, 0xeec6,
  0xeec6, 0xeec6, 0xeec6, 0xeec6, 0xeec6, 0xeec6, 0xeec6, 0xeec6,
  0xeec6, 0xeec6, 0xeec6, 0xeec6, 0xeec6, 0xeec6, 0xeec6, 0xeec6,
  0xeec6, 0xeec6, 0xeec6, 0xeec6, 0xeec6, 0xeec6, 0xeec6, 0xeec6,
  0xeec6, 0xeec6, 0xeec6, 0xeec6, 0xeec6, 0xeec6, 0xeec6, 0xeec6,
  0xeec6, 0xeec6, 0xeec6, 0xeec6, 0xeec6, 0xeec6, 0xeec6, 0xeec6,
  0xeec6, 0xeec6, 0xeec6, 0xeec6, 0xeec6, 0xeec6, 0xeec6, 0xeec6,
  0xeec6, 0xeec6, 0xeec6, 0xeec6, 0xeec6, 0xeec6, 0xeec6, 0xeec6,
  0xeec6, 0xeec6, 0xeec6, 0xeec6, 0xeec6, 0xeec6, 0xeec6, 0xeec6,
  0xeec6, 0xeec6, 0xeec6, 0xeec6, 0xeec6, 0xeec6, 0xeec6, 0xeec6,
  0xeea6, 0xeec6, 0xeec6, 0xf6c6, 0xeec6, 0xeec6, 0xeec6, 0xeec6,
  0xeec6, 0xeec6, 0xeec6, 0xeec6, 0xeec6, 0xeec6, 0xeec6, 0xeec6,
  0xf6c6, 0xeec6, 0xeea6, 0xf6a6, 0xeec6, 0xeec6, 0xf6c6, 0xf6a6,
  0xf6c6, 0xeec6, 0xeec6, 0xeec6, 0xeec6, 0xeec6, 0xeec6, 0xeec6,
  0xeec6, 0xeec6, 0xeec6, 0xeec6, 0xeec6, 0xeec6, 0xeec6, 0xeec6,
  0xeec6, 0xeec6, 0xeec6, 0xeec6, 0xeea6, 0xf6c6, 0xf6c6, 0xf6c6,
  0xeec6, 0xf6c6, 0xeec6, 0xeec6, 0xeec6, 0xeec6, 0xeec6, 0xeec6,
  0xeec6, 0xeec6, 0xeec6, 0xeec6, 0xeec6, 0xeec6, 0xeec6, 0xeec6,
  0xeec6, 0xeec6, 0xeec6, 0xeec6, 0xeec6, 0xeec6, 0xeec6, 0xeec6,
  0xeec6, 0xeec6, 0xeec6, 0xeec6, 0xeec6, 0xeec6, 0xeec6, 0xeec6,
  0xeec6, 0xeec6, 0xeec6, 0xeec6, 0xeec6, 0xeec6, 0xeec6, 0xeec6,
  0xeec6, 0xeec6, 0xeec6, 0xeec6, 0xeec6, 0xeec6, 0xeec6, 0xeec6,
  0xeec6, 0xeec6, 0xeec6, 0xeec6, 0xeec6, 0xeec6, 0xeec6, 0xeec6,
  0xeec6, 0xeec6, 0xeec6, 0xeec6, 0xeec6, 0xeec6, 0xeec6, 0xeec6,
  0xeec6, 0xeec6, 0xeec6, 0xeec6, 0xeec6, 0xeec6, 0xeec6, 0xeec6,
  0xeec6, 0xeec6, 0xeec6, 0xeec6, 0xeec6, 0xeec6, 0xeec6, 0xeec6,
  0xeec6, 0xeec6, 0xeec6, 0xeec6, 0xeec6, 0xeec6, 0xeec6, 0xeec6,
  0xeec6, 0xeec6, 0xeec6, 0xeec6, 0xeec6, 0xeec6, 0xeec6, 0xeec6,
  0xeec6, 0xeec6, 0xeec6, 0xeec6, 0xeec6, 0xeec6, 0xeec6, 0xeec6,
  0xeec6, 0xeec6, 0xeec6, 0xeec6, 0xeec6, 0xeec6, 0xeec6, 0xeec6,
  0xeec6, 0xeec6, 0xeec6, 0xeec6, 0xeec6, 0xeec6, 0xeec6, 0xeec6,
  0xeec6, 0xeec6, 0xeec6, 0xeec6, 0xeec6, 0xeec6, 0xeec6, 0xeec6,
  0xeec6, 0xeec6, 0xeec6, 0xeec6, 0xeec6, 0xeec6, 0xeec6, 0xeec6,
  0xeec6, 0xeec6, 0xeec6, 0xeec6, 0xeec6, 0xeec6, 0xeec6, 0xeec6,
  0xeec6, 0xeec6, 0xeec6, 0xeec6, 0xeec6, 0xeec6, 0xeec6, 0xeec6,
  0xeec6, 0xeec6, 0xeec6, 0xeec6, 0xeec6, 0xeec6, 0xeec6, 0xeec6,
  0xeec6, 0xeec6, 0xeec6, 0xeec6, 0xf6c6, 0xf6c6, 0xf6e6, 0xff06,
  0xff06, 0xf6e6, 0xf6e6, 0xf6c6, 0xeec6, 0xeec6, 0xeec6, 0xeec6,
  0xeec6, 0xeec6, 0xeec6, 0xeec6, 0xeec6, 0xeec6, 0xeec6, 0xeec6,
  0xeec6, 0xeec6, 0xeec6, 0xf6c6, 0xf6e6, 0xfee6, 0xff06, 0xff06,
  0xf6e6, 0xf6c6, 0xf6c6, 0xeec6, 0xeec6, 0xeec6, 0xeec6, 0xeec6,
  0xeec6, 0xeec6, 0xeec6, 0xeec6, 0xeec6, 0xeec6, 0xeec6, 0xeec6,
  0xeec6, 0xf6c6, 0xf6e6, 0xf706, 0xff06, 0xf6e6, 0xf6e6, 0xf6c6,
  0xf6c6, 0xeec6, 0xeec6, 0xeec6, 0xeec6, 0xeec6, 0xeec6, 0xeec6,
  0xeec6, 0xeec6, 0xeec6, 0xeec6, 0xeec6, 0xeec6, 0xeec6, 0xeec6,
  0xeec6, 0xeec6, 0xf6c6, 0xeea6, 0xf6e6, 0xff06, 0xff06, 0xff06,
  0xff06, 0xf706, 0xf6c6, 0xeec6, 0xeec6, 0xeec6, 0xeec6, 0xeec6,
  0xeec6, 0xeec6, 0xeec6, 0xeec6, 0xeec6, 0xeec6, 0xeec6, 0xeec6,
  0xeec6, 0xeec6, 0xeec6, 0xeec6, 0xeec6, 0xeec6, 0xeec6, 0xeec6,
  0xeec6, 0xeec6, 0xeec6, 0xeec6, 0xeec6, 0xeec6, 0xeec6, 0xeec6,
  0xeec6, 0xeec6, 0xeec6, 0xeec6, 0xeec6, 0xeec6, 0xeec6, 0xeec6,
  0xeec6, 0xeec6, 0xeec6, 0xeec6, 0xeec6, 0xeec6, 0xeec6, 0xeec6,
  0xeec6, 0xeec6, 0xeec6, 0xeec6, 0xeec6, 0xeec6, 0xeec6, 0xeec6,
  0xeec6, 0xeec6, 0xeec6, 0xeec6, 0xeec6, 0xeec6, 0xeec6, 0xeec6,
  0xeec6, 0xeec6, 0xeec6, 0xeec6, 0xeec6, 0xeec6, 0xeec6, 0xeec6,
  0xeec6, 0xeec6, 0xeec6, 0xeec6, 0xeec6, 0xeec6, 0xeec6, 0xeec6,
  0xeec6, 0xeec6, 0xeec6, 0xeec6, 0xeec6, 0xeec6, 0xeec6, 0xeec6,
  0xeec6, 0xeec6, 0xeec6, 0xeec6, 0xeec6, 0xeec6, 0xeec6, 0xeec6,
  0xeec6, 0xeec6, 0xeec6, 0xeec6, 0xeec6, 0xeec6, 0xeec6, 0xeec6,
  0xeec6, 0xeec6, 0xeec6, 0xeec6, 0xeec6, 0xeec6, 0xeec6, 0xeec6,
  0xeec6, 0xeec6, 0xeec6, 0xeec6, 0xeec6, 0xeec6, 0xeec6, 0xeec6,
  0xeec6, 0xeec6, 0xeec6, 0xeec6, 0xeec6, 0xeec6, 0xeec6, 0xeec6,
  0xeec6, 0xeec6, 0xeec6, 0xeec6, 0xeec6, 0xeec6, 0xeec6, 0xeec6,
  0xeec6, 0xeec6, 0xeec6, 0xeec6, 0xeec6, 0xeec6, 0xeec6, 0xeec6,
  0xeec6, 0xeec6, 0xeec6, 0xeec6, 0xeec6, 0xeec6, 0xeec6, 0xeec6,
  0xeec6, 0xeec6, 0xeec6, 0xeec6, 0xeec6, 0xeec6, 0xeec6, 0xeec6,
  0xeec6, 0xeec6, 0xeec6, 0xf6e6, 0xf6c6, 0xd605, 0xb524, 0x9c44,
  0x9423, 0xa4a4, 0xc584, 0xe666, 0xf6e6, 0xf6e6, 0xeec6, 0xeec6,
  0xeec6, 0xeec6, 0xeec6, 0xeec6, 0xeec6, 0xeec6, 0xeec6, 0xeec6,
  0xeec6, 0xf6c6, 0xf6e6, 0xde45, 0xbd44, 0x9c64, 0x9423, 0x9c64,
  0xbd44, 0xde45, 0xf6e6, 0xf6e6, 0xeec6, 0xeea6, 0xeec6, 0xeec6,
  0xeec6, 0xeec6, 0xeec6, 0xeec6, 0xeec6, 0xeec6, 0xeec6, 0xf6c6,
  0xf6e6, 0xe666, 0xc564, 0xa484, 0x9424, 0x9c64, 0xb524, 0xde25,
  0xf6e6, 0xf6e6, 0xeec6, 0xeec6, 0xeec6, 0xeec6, 0xeec6, 0xeec6,
  0xeec6, 0xeec6, 0xeec6, 0xeec6, 0xeec6, 0xeec6, 0xeec6, 0xeec6,
  0xeec6, 0xeec6, 0xeec6, 0xf6e6, 0xc5a5, 0x9403, 0x9403, 0x9403,
  0x9403, 0x9c64, 0xe686, 0xf6c6, 0xeec6, 0xeec6, 0xeec6, 0xeec6,
  0xeec6, 0xeec6, 0xeec6, 0xeec6, 0xeec6, 0xeec6, 0xeec6, 0xeec6,
  0xeec6, 0xeec6, 0xeec6, 0xeec6, 0xeec6, 0xeec6, 0xeec6, 0xeec6,
  0xeec6, 0xeec6, 0xeec6, 0xeec6, 0xeec6, 0xeec6, 0xeec6, 0xeec6,
  0xeec6, 0xeec6, 0xeec6, 0xeec6, 0xeec6, 0xeec6, 0xeec6, 0xeec6,
  0xeec6, 0xeec6, 0xeec6, 0xeec6, 0xeec6, 0xeec6, 0xeec6, 0xeec6,
  0xeec6, 0xeec6, 0xeec6, 0xeec6, 0xeec6, 0xeec6, 0xeec6, 0xeec6,
  0xeec6, 0xeec6, 0xeec6, 0xeec6, 0xeec6, 0xeec6, 0xeec6, 0xeec6,
  0xeec6, 0xeec6, 0xeec6, 0xeec6, 0xeec6, 0xeec6, 0xeec6, 0xeec6,
  0xeec6, 0xeec6, 0xeec6, 0xeec6, 0xeec6, 0xeec6, 0xeec6, 0xeec6,
  0xeec6, 0xeec6, 0xeec6, 0xeec6, 0xeec6, 0xeec6, 0xeec6, 0xeec6,
  0xeec6, 0xeec6, 0xeec6, 0xeec6, 0xeec6, 0xeec6, 0xeec6, 0xeec6,
  0xeec6, 0xeec6, 0xeec6, 0xeec6, 0xeec6, 0xeec6, 0xeec6, 0xeec6,
  0xeec6, 0xeec6, 0xeec6, 0xeec6, 0xeec6, 0xeec6, 0xeec6, 0xeec6,
  0xeec6, 0xeec6, 0xeec6, 0xeec6, 0xeec6, 0xeec6, 0xeec6, 0xeec6,
  0xeec6, 0xeec6, 0xeec6, 0xeec6, 0xeec6, 0xeec6, 0xeec6, 0xeec6,
  0xeec6, 0xeec6, 0xeec6, 0xeec6, 0xeec6, 0xeec6, 0xeec6, 0xeec6,
  0xeec6, 0xeec6, 0xeec6, 0xeec6, 0xeec6, 0xeec6, 0xeec6, 0xeec6,
  0xeec6, 0xeec6, 0xeec6, 0xeec6, 0xeec6, 0xeec6, 0xeec6, 0xeec6,
  0xeec6, 0xeec6, 0xeec6, 0xeec6, 0xeec6, 0xeec6, 0xeec6, 0xeea6,
  0xeec6, 0xf6c6, 0xf6e6, 0xc564, 0x5aa2, 0x18c0, 0x0020, 0x0000,
  0x0000, 0x0000, 0x0840, 0x2941, 0x7b63, 0xd605, 0xf6e6, 0xeec6,
  0xeec6, 0xeec6, 0xeec6, 0xeec6, 0xeec6, 0xeec6, 0xeec6, 0xeec6,
  0xf6e6, 0xd5e5, 0x7322, 0x2101, 0x0840, 0x0000, 0x0000, 0x0000,
  0x0840, 0x2101, 0x6b02, 0xcde5, 0xf6e6, 0xf6c6, 0xeec6, 0xeec6,
  0xeec6, 0xeec6, 0xeec6, 0xeec6, 0xeec6, 0xeec6, 0xf6e6, 0xde45,
  0x7b83, 0x2921, 0x0840, 0x0000, 0x0000, 0x0000, 0x0020, 0x18e1,
  0x5ac2, 0xc585, 0xf6e6, 0xf6c6, 0xeec6, 0xeec6, 0xeec6, 0xeec6,
  0xeec6, 0xeec6, 0xeec6, 0xeec6, 0xeec6, 0xeec6, 0xeec6, 0xeec6,
  0xeec6, 0xeec6, 0xf6c6, 0xff06, 0x83c3, 0x0000, 0x0000, 0x0000,
  0x0000, 0x18a0, 0xde25, 0xf6c6, 0xeec6, 0xeec6, 0xeec6, 0xeec6,
  0xeec6, 0xeec6, 0xeec6, 0xeec6, 0xeec6, 0xeec6, 0xeec6, 0xeec6,
  0xeec6, 0xeec6, 0xeec6, 0xeec6, 0xeec6, 0xeec6, 0xeec6, 0xeec6,
  0xeec6, 0xeec6, 0xeec6, 0xeec6, 0xeec6, 0xeec6, 0xeec6, 0xeec6,
  0xeec6, 0xeec6, 0xeec6, 0xeec6, 0xeec6, 0xeec6, 0xeec6, 0xeec6,
  0xeec6, 0xeec6, 0xeec6, 0xeec6, 0xeec6, 0xeec6, 0xeec6, 0xeec6,
  0xeec6, 0xeec6, 0xeec6, 0xeec6, 0xeec6, 0xeec6, 0xeec6, 0xeec6,
  0xeec6, 0xeec6, 0xeec6, 0xeec6, 0xeec6, 0xeec6, 0xeec6, 0xeec6,
  0xeec6, 0xeec6, 0xeec6, 0xeec6, 0xeec6, 0xeec6, 0xeec6, 0xeec6,
  0xeec6, 0xeec6, 0xeec6, 0xeec6, 0xeec6, 0xeec6, 0xeec6, 0xeec6,
  0xeec6, 0xeec6, 0xeec6, 0xeec6, 0xeec6, 0xeec6, 0xeec6, 0xeec6,
  0xeec6, 0xeec6, 0xeec6, 0xeec6, 0xeec6, 0xeec6, 0xeec6, 0xeec6,
  0xeec6, 0xeec6, 0xeec6, 0xeec6, 0xeec6, 0xeec6, 0xeec6, 0xeec6,
  0xeec6, 0xeec6, 0xeec6, 0xeec6, 0xeec6, 0xeec6, 0xeec6, 0xeec6,
  0xeec6, 0xeec6, 0xeec6, 0xeec6, 0xeec6, 0xeec6, 0xeec6, 0xeec6,
  0xeec6, 0xeec6, 0xeec6, 0xeec6, 0xeec6, 0xeec6, 0xeec6, 0xeec6,
  0xeec6, 0xeec6, 0xeec6, 0xeec6, 0xeec6, 0xeec6, 0xeec6, 0xeec6,
  0xeec6, 0xeec6, 0xeec6, 0xeec6, 0xeec6, 0xeec6, 0xeec6, 0xeec6,
  0xeec6, 0xeec6, 0xeec6, 0xeec6, 0xeec6, 0xeec6, 0xeec6, 0xeec6,
  0xeec6, 0xeec6, 0xeec6, 0xeec6, 0xeec6, 0xeec6, 0xeec6, 0xeec6,
  0xf6c6, 0xf6c6, 0x83c3, 0x1060, 0x0000, 0x0000, 0x0000, 0x0000,
  0x0000, 0x0000, 0x0000, 0x0000, 0x0000, 0x20e0, 0x9c64, 0xf6e6,
  0xeec6, 0xf6c6, 0xeec6, 0xeec6, 0xeec6, 0xeec6, 0xeec6, 0xf6e6,
  0xace4, 0x20e1, 0x0000, 0x0000, 0x0000, 0x0000, 0x0000, 0x0000,
  0x0000, 0x0000, 0x0000, 0x18c1, 0xa4a4, 0xf6e6, 0xf6c6, 0xeec6,
  0xeec6, 0xeec6, 0xeec6, 0xeec6, 0xeec6, 0xf6e6, 0xc545, 0x2941,
  0x0000, 0x0000, 0x0000, 0x0000, 0x0000, 0x0000, 0x0000, 0x0000,
  0x0000, 0x1080, 0x9403, 0xf6c6, 0xf6c6, 0xeec6, 0xeec6, 0xeec6,
  0xeec6, 0xeec6, 0xeec6, 0xeec6, 0xeec6, 0xeec6, 0xeec6, 0xeec6,
  0xeec6, 0xeec6, 0xeec6, 0xff06, 0x8be3, 0x0000, 0x0000, 0x0000,
  0x0000, 0x20e0, 0xde25, 0xf6c6, 0xeec6, 0xeec6, 0xeec6, 0xeec6,
  0xeec6, 0xeec6, 0xeec6, 0xeec6, 0xeec6, 0xeec6, 0xeec6, 0xeec6,
  0xeec6, 0xeec6, 0xeec6, 0xeec6, 0xeec6, 0xeec6, 0xeec6, 0xeec6,
  0xeec6, 0xeec6, 0xeec6, 0xeec6, 0xeec6, 0xeec6, 0xeec6, 0xeec6,
  0xeec6, 0xeec6, 0xeec6, 0xeec6, 0xeec6, 0xeec6, 0xeec6, 0xeec6,
  0xeec6, 0xeec6, 0xeec6, 0xeec6, 0xeec6, 0xeec6, 0xeec6, 0xeec6,
  0xeec6, 0xeec6, 0xeec6, 0xeec6, 0xeec6, 0xeec6, 0xeec6, 0xeec6,
  0xeec6, 0xeec6, 0xeec6, 0xeec6, 0xeec6, 0xeec6, 0xeec6, 0xeec6,
  0xeec6, 0xeec6, 0xeec6, 0xeec6, 0xeec6, 0xeec6, 0xeec6, 0xeec6,
  0xeec6, 0xeec6, 0xeec6, 0xeec6, 0xeec6, 0xeec6, 0xeec6, 0xeec6,
  0xeec6, 0xeec6, 0xeec6, 0xeec6, 0xeec6, 0xeec6, 0xeec6, 0xeec6,
  0xeec6, 0xeec6, 0xeec6, 0xeec6, 0xeec6, 0xeec6, 0xeec6, 0xeec6,
  0xeec6, 0xeec6, 0xeec6, 0xeec6, 0xeec6, 0xeec6, 0xeec6, 0xeec6,
  0xeec6, 0xeec6, 0xeec6, 0xeec6, 0xeec6, 0xeec6, 0xeec6, 0xeec6,
  0xeec6, 0xeec6, 0xeec6, 0xeec6, 0xeec6, 0xeec6, 0xeec6, 0xeec6,
  0xeec6, 0xeec6, 0xeec6, 0xeec6, 0xeec6, 0xeec6, 0xeec6, 0xeec6,
  0xeec6, 0xeec6, 0xeec6, 0xeec6, 0xeec6, 0xeec6, 0xeec6, 0xeec6,
  0xeec6, 0xeec6, 0xeec6, 0xeec6, 0xeec6, 0xeec6, 0xeec6, 0xeec6,
  0xeec6, 0xeec6, 0xeec6, 0xeec6, 0xeec6, 0xeec6, 0xeec6, 0xeec6,
  0xeec6, 0xeec6, 0xeec6, 0xeec6, 0xeec6, 0xeec6, 0xeec6, 0xeec6,
  0xf6e6, 0x7b83, 0x0000, 0x0000, 0x0000, 0x0000, 0x0000, 0x0000,
  0x0000, 0x0000, 0x0000, 0x0000, 0x0000, 0x0000, 0x0020, 0x8c03,
  0xf6e6, 0xeec6, 0xeec6, 0xeec6, 0xeec6, 0xeec6, 0xf6e6, 0xb504,
  0x1080, 0x0000, 0x0000, 0x0000, 0x0000, 0x0000, 0x0000, 0x0000,
  0x0000, 0x0000, 0x0000, 0x0000, 0x0860, 0xa4c4, 0xf6e6, 0xeec6,
  0xeec6, 0xeec6, 0xeec6, 0xeec6, 0xf6e6, 0xc585, 0x20e0, 0x0000,
  0x0000, 0x0000, 0x0000, 0x0000, 0x0000, 0x0000, 0x0000, 0x0000,
  0x0000, 0x0000, 0x0020, 0x9423, 0xf6e6, 0xf6c6, 0xeec6, 0xeec6,
  0xeec6, 0xeec6, 0xeec6, 0xeec6, 0xeec6, 0xeec6, 0xeec6, 0xeec6,
  0xeec6, 0xeec6, 0xeec6, 0xff06, 0x8be3, 0x0000, 0x0000, 0x0000,
  0x0000, 0x20e0, 0xde25, 0xf6c6, 0xeec6, 0xeec6, 0xeec6, 0xeec6,
  0xeec6, 0xeec6, 0xeec6, 0xeec6, 0xeec6, 0xeec6, 0xeec6, 0xeec6,
  0xeec6, 0xeec6, 0xeec6, 0xeec6, 0xeec6, 0xeec6, 0xeec6, 0xeec6,
  0xeec6, 0xeec6, 0xeec6, 0xeec6, 0xeec6, 0xeec6, 0xeec6, 0xeec6,
  0xeec6, 0xeec6, 0xeec6, 0xeec6, 0xeec6, 0xeec6, 0xeec6, 0xeec6,
  0xeec6, 0xeec6, 0xeec6, 0xeec6, 0xeec6, 0xeec6, 0xeec6, 0xeec6,
  0xeec6, 0xeec6, 0xeec6, 0xeec6, 0xeec6, 0xeec6, 0xeec6, 0xeec6,
  0xeec6, 0xeec6, 0xeec6, 0xeec6, 0xeec6, 0xeec6, 0xeec6, 0xeec6,
  0xeec6, 0xeec6, 0xeec6, 0xeec6, 0xeec6, 0xeec6, 0xeec6, 0xeec6,
  0xeec6, 0xeec6, 0xeec6, 0xeec6, 0xeec6, 0xeec6, 0xeec6, 0xeec6,
  0xeec6, 0xeec6, 0xeec6, 0xeec6, 0xeec6, 0xeec6, 0xeec6, 0xeec6,
  0xeec6, 0xeec6, 0xeec6, 0xeec6, 0xeec6, 0xeec6, 0xeec6, 0xeec6,
  0xeec6, 0xeec6, 0xeec6, 0xeec6, 0xeec6, 0xeec6, 0xeec6, 0xeec6,
  0xeec6, 0xeec6, 0xeec6, 0xeec6, 0xeec6, 0xeec6, 0xeec6, 0xeec6,
  0xeec6, 0xeec6, 0xeec6, 0xeec6, 0xeec6, 0xeec6, 0xeec6, 0xeec6,
  0xeec6, 0xeec6, 0xeec6, 0xeec6, 0xeec6, 0xeec6, 0xeec6, 0xeec6,
  0xeec6, 0xeec6, 0xeec6, 0xeec6, 0xeec6, 0xeec6, 0xeec6, 0xeec6,
  0xeec6, 0xeec6, 0xeec6, 0xeec6, 0xeec6, 0xeec6, 0xeec6, 0xeec6,
  0xeec6, 0xeec6, 0xeec6, 0xeec6, 0xeec6, 0xeec6, 0xeec6, 0xeec6,
  0xeec6, 0xeec6, 0xeec6, 0xeec6, 0xeec6, 0xeec6, 0xeec6, 0xf6e6,
  0xace4, 0x0820, 0x0000, 0x0000, 0x0000, 0x0000, 0x0000, 0x0000,
  0x0000, 0x0000, 0x0000, 0x0000, 0x0000, 0x0000, 0x0000, 0x0860,
  0xbd24, 0xf6e6, 0xeec6, 0xeec6, 0xeec6, 0xf6c6, 0xde25, 0x2101,
  0x0000, 0x0000, 0x0000, 0x0000, 0x0000, 0x0000, 0x0000, 0x0000,
  0x0000, 0x0000, 0x0000, 0x0000, 0x0000, 0x20e1, 0xd5e5, 0xf6c6,
  0xeec6, 0xeec6, 0xeec6, 0xf6c6, 0xe685, 0x39a1, 0x0000, 0x0000,
  0x0000, 0x0000, 0x0000, 0x0000, 0x0000, 0x0000, 0x0000, 0x0000,
  0x0000, 0x0000, 0x0000, 0x1060, 0xc565, 0xf6e6, 0xeea6, 0xeec6,
  0xeec6, 0xeec6, 0xeec6, 0xeec6, 0xeec6, 0xeec6, 0xeec6, 0xeec6,
  0xeec6, 0xeec6, 0xeec6, 0xff06, 0x8be3, 0x0000, 0x0000, 0x0000,
  0x0000, 0x20e0, 0xde25, 0xf6c6, 0xeec6, 0xeec6, 0xeec6, 0xeec6,
  0xeec6, 0xeec6, 0xeec6, 0xeec6, 0xeec6, 0xeec6, 0xeec6, 0xeec6,
  0xeec6, 0xeec6, 0xeec6, 0xeec6, 0xeec6, 0xeec6, 0xeec6, 0xeec6,
  0xeec6, 0xeec6, 0xeec6, 0xeec6, 0xeec6, 0xeec6, 0xeec6, 0xeec6,
  0xeec6, 0xeec6, 0xeec6, 0xeec6, 0xeec6, 0xeec6, 0xeec6, 0xeec6,
  0xeec6, 0xeec6, 0xeec6, 0xeec6, 0xeec6, 0xeec6, 0xeec6, 0xeec6,
  0xeec6, 0xeec6, 0xeec6, 0xeec6, 0xeec6, 0xeec6, 0xeec6, 0xeec6,
  0xeec6, 0xeec6, 0xeec6, 0xeec6, 0xeec6, 0xeec6, 0xeec6, 0xeec6,
  0xeec6, 0xeec6, 0xeec6, 0xeec6, 0xeec6, 0xeec6, 0xeec6, 0xeec6,
  0xeec6, 0xeec6, 0xeec6, 0xeec6, 0xeec6, 0xeec6, 0xeec6, 0xeec6,
  0xeec6, 0xeec6, 0xeec6, 0xeec6, 0xeec6, 0xeec6, 0xeec6, 0xeec6,
  0xeec6, 0xeec6, 0xeec6, 0xeec6, 0xeec6, 0xeec6, 0xeec6, 0xeec6,
  0xeec6, 0xeec6, 0xeec6, 0xeec6, 0xeec6, 0xeec6, 0xeec6, 0xeec6,
  0xeec6, 0xeec6, 0xeec6, 0xeec6, 0xeec6, 0xeec6, 0xeec6, 0xeec6,
  0xeec6, 0xeec6, 0xeec6, 0xeec6, 0xeec6, 0xeec6, 0xeec6, 0xeec6,
  0xeec6, 0xeec6, 0xeec6, 0xeec6, 0xeec6, 0xeec6, 0xeec6, 0xeec6,
  0xeec6, 0xeec6, 0xeec6, 0xeec6, 0xeec6, 0xeec6, 0xeec6, 0xeec6,
  0xeec6, 0xeec6, 0xeec6, 0xeec6, 0xeec6, 0xeec6, 0xeec6, 0xeec6,
  0xeec6, 0xeec6, 0xeec6, 0xeec6, 0xeec6, 0xeec6, 0xeec6, 0xeec6,
  0xeec6, 0xeec6, 0xeec6, 0xeec6, 0xeec6, 0xeec6, 0xf6c6, 0xee86,
  0x39a1, 0x0000, 0x0000, 0x0000, 0x0000, 0x0820, 0x5aa2, 0xa4a4,
  0xb504, 0x9423, 0x39a1, 0x0000, 0x0000, 0x0000, 0x0000, 0x0000,
  0x4a42, 0xf6c6, 0xf6c6, 0xeec6, 0xeec6, 0xf6e6, 0x7b63, 0x0000,
  0x0000, 0x0000, 0x0000, 0x0000, 0x3981, 0x9c64, 0xb504, 0x9c44,
  0x39a1, 0x0000, 0x0000, 0x0000, 0x0000, 0x0000, 0x6b02, 0xf6e6,
  0xeec6, 0xf6a6, 0xeec6, 0xf6e6, 0x9423, 0x0000, 0x0000, 0x0000,
  0x0000, 0x0000, 0x2921, 0x9403, 0xb504, 0x9c84, 0x4201, 0x0000,
  0x0000, 0x0000, 0x0000, 0x0000, 0x5242, 0xf6c6, 0xf6c6, 0xeec6,
  0xeec6, 0xeec6, 0xeec6, 0xeec6, 0xeec6, 0xeec6, 0xeec6, 0xeec6,
  0xeec6, 0xeec6, 0xeec6, 0xff06, 0x8be3, 0x0000, 0x0000, 0x0000,
  0x0000, 0x20e0, 0xde25, 0xf6c6, 0xeec6, 0xeec6, 0xeec6, 0xeec6,
  0xeec6, 0xeec6, 0xeec6, 0xeec6, 0xeec6, 0xeec6, 0xeec6, 0xeec6,
  0xeec6, 0xeec6, 0xeec6, 0xeec6, 0xeec6, 0xeec6, 0xeec6, 0xeec6,
  0xeec6, 0xeec6, 0xeec6, 0xeec6, 0xeec6, 0xeec6, 0xeec6, 0xeec6,
  0xeec6, 0xeec6, 0xeec6, 0xeec6, 0xeec6, 0xeec6, 0xeec6, 0xeec6,
  0xeec6, 0xeec6, 0xeec6, 0xeec6, 0xeec6, 0xeec6, 0xeec6, 0xeec6,
  0xeec6, 0xeec6, 0xeec6, 0xeec6, 0xeec6, 0xeec6, 0xeec6, 0xeec6,
  0xeec6, 0xeec6, 0xeec6, 0xeec6, 0xeec6, 0xeec6, 0xeec6, 0xeec6,
  0xeec6, 0xeec6, 0xeec6, 0xeec6, 0xeec6, 0xeec6, 0xf6c6, 0xf6c6,
  0xf6c6, 0xf6c6, 0xf6c6, 0xeec6, 0xeec6, 0xeec6, 0xeec6, 0xeec6,
  0xeec6, 0xeec6, 0xf6c6, 0xf6c6, 0xf6c6, 0xf6c6, 0xeec6, 0xeec6,
  0xeec6, 0xeec6, 0xeec6, 0xeec6, 0xeec6, 0xeec6, 0xeec6, 0xeec6,
  0xeec6, 0xeec6, 0xeec6, 0xeec6, 0xeec6, 0xf6c6, 0xf6c6, 0xf6c6,
  0xf6e6, 0xf6c6, 0xf6c6, 0xf6c6, 0xeec6, 0xeec6, 0xeec6, 0xeec6,
  0xeec6, 0xeec6, 0xeec6, 0xeec6, 0xeec6, 0xeec6, 0xeec6, 0xeec6,
  0xeec6, 0xeec6, 0xeec6, 0xeec6, 0xeec6, 0xeec6, 0xeec6, 0xeec6,
  0xeec6, 0xeec6, 0xeec6, 0xeec6, 0xeec6, 0xeec6, 0xeec6, 0xeec6,
  0xeec6, 0xeec6, 0xeec6, 0xeec6, 0xeec6, 0xeec6, 0xeec6, 0xeec6,
  0xeec6, 0xeec6, 0xeec6, 0xeec6, 0xeec6, 0xeec6, 0xeec6, 0xeec6,
  0xeec6, 0xeec6, 0xeec6, 0xeec6, 0xeec6, 0xeec6, 0xf6e6, 0xb504,
  0x0020, 0x0000, 0x0000, 0x0000, 0x0020, 0x9403, 0xf6e6, 0xfee6,
  0xf6e6, 0xfee6, 0xe686, 0x5242, 0x0000, 0x0000, 0x0000, 0x0000,
  0x1080, 0xd5e5, 0xf6e6, 0xeec6, 0xf6c6, 0xde25, 0x20e1, 0x0000,
  0x0000, 0x0000, 0x0000, 0x39a1, 0xe645, 0xff06, 0xf6e6, 0xff06,
  0xe665, 0x41e2, 0x0000, 0x0000, 0x0000, 0x0000, 0x18a1, 0xd605,
  0xf6e6, 0xf6c6, 0xf6c6, 0xee86, 0x3181, 0x0000, 0x0000, 0x0000,
  0x0000, 0x2921, 0xd5e5, 0xff06, 0xf6e6, 0xf706, 0xeea6, 0x5a82,
  0x0000, 0x0000, 0x0000, 0x0000, 0x0840, 0xc564, 0xf6e6, 0xeec6,
  0xeec6, 0xeec6, 0xeec6, 0xeec6, 0xeec6, 0xeec6, 0xeec6, 0xeec6,
  0xeec6, 0xeec6, 0xeec6, 0xff06, 0x8be3, 0x0000, 0x0000, 0x0000,
  0x0000, 0x20e0, 0xde25, 0xf6c6, 0xeec6, 0xeec6, 0xeec6, 0xeec6,
  0xeec6, 0xeec6, 0xeec6, 0xeec6, 0xeec6, 0xeec6, 0xeec6, 0xeec6,
  0xeec6, 0xeec6, 0xeec6, 0xeec6, 0xeec6, 0xeec6, 0xf6c6, 0xf6c6,
  0xf6c6, 0xf6c6, 0xf6c6, 0xeec6, 0xeec6, 0xeec6, 0xeec6, 0xeec6,
  0xeec6, 0xeec6, 0xeec6, 0xeec6, 0xeec6, 0xeec6, 0xeec6, 0xeec6,
  0xeec6, 0xeec6, 0xeec6, 0xeec6, 0xeec6, 0xeec6, 0xeec6, 0xeec6,
  0xeec6, 0xeec6, 0xeec6, 0xeec6, 0xeec6, 0xeec6, 0xeec6, 0xeec6,
  0xeec6, 0xeec6, 0xeec6, 0xeec6, 0xf6c6, 0xf706, 0xf706, 0xf706,
  0xfee6, 0xf6e6, 0xeec6, 0xf6c6, 0xf6e6, 0xf6e6, 0xe666, 0xde05,
  0xde25, 0xe685, 0xf6e6, 0xf6e6, 0xeec6, 0xeec6, 0xf6c6, 0xf6c6,
  0xf6e6, 0xf6e6, 0xe665, 0xd605, 0xde25, 0xe686, 0xf6e6, 0xf6e6,
  0xeec6, 0xeec6, 0xeec6, 0xeec6, 0xeec6, 0xeec6, 0xeec6, 0xeec6,
  0xeec6, 0xf6c6, 0xf6c6, 0xf6e6, 0xf706, 0xeea6, 0xe665, 0xde25,
  0xd605, 0xde25, 0xe645, 0xeea6, 0xf6e6, 0xf6e6, 0xf6c6, 0xeea6,
  0xeea6, 0xf6c6, 0xeec6, 0xeec6, 0xf6c6, 0xf6e6, 0xf6e6, 0xf706,
  0xfee6, 0xf6e6, 0xf6e6, 0xeec6, 0xeec6, 0xeea6, 0xeec6, 0xf6a6,
  0xeec6, 0xf6e6, 0xf706, 0xf6e6, 0xf6e6, 0xfee6, 0xf6e6, 0xf6c6,
  0xeec6, 0xeec6, 0xeec6, 0xeec6, 0xeec6, 0xeec6, 0xeec6, 0xeec6,
  0xeec6, 0xeec6, 0xeec6, 0xeec6, 0xeec6, 0xeec6, 0xeec6, 0xeec6,
  0xeec6, 0xeec6, 0xeec6, 0xeec6, 0xf6c6, 0xf6c6, 0xf6e6, 0x7322,
  0x0000, 0x0000, 0x0000, 0x0000, 0x4a02, 0xf6c6, 0xf6c6, 0xeec6,
  0xeec6, 0xeea6, 0xf706, 0xc5a5, 0x1060, 0x0000, 0x0000, 0x0000,
  0x0020, 0xb504, 0xf6e6, 0xeec6, 0xf6e6, 0xa484, 0x0000, 0x0000,
  0x0000, 0x0000, 0x0840, 0xb524, 0xff06, 0xeec6, 0xeec6, 0xeec6,
  0xf6e6, 0xc565, 0x0860, 0x0000, 0x0000, 0x0000, 0x0000, 0x9424,
  0xf706, 0xeec6, 0xf6e6, 0xbd45, 0x0020, 0x0000, 0x0000, 0x0000,
  0x0000, 0x9c64, 0xff06, 0xeec6, 0xeec6, 0xeec6, 0xf6e6, 0xd605,
  0x18c1, 0x0000, 0x0000, 0x0000, 0x0000, 0x7b63, 0xf6e6, 0xeec6,
  0xeec6, 0xeec6, 0xeec6, 0xeec6, 0xeec6, 0xeec6, 0xeec6, 0xeec6,
  0xeec6, 0xeec6, 0xeec6, 0xff06, 0x8be3, 0x0000, 0x0000, 0x0000,
  0x0000, 0x20e0, 0xde25, 0xf6c6, 0xeec6, 0xeec6, 0xeec6, 0xf6c6,
  0xf6e6, 0xff06, 0xff06, 0xff06, 0xf6e6, 0xf706, 0xf6e6, 0xeec6,
  0xeec6, 0xeec6, 0xeea6, 0xeea6, 0xf6c6, 0xf6e6, 0xf6c6, 0xe665,
  0xd605, 0xde05, 0xe685, 0xf6e6, 0xf6e6, 0xeec6, 0xf6c6, 0xf6e6,
  0xf706, 0xf706, 0xf706, 0xf6e6, 0xeec6, 0xeec6, 0xeec6, 0xeec6,
  0xeec6, 0xeec6, 0xeec6, 0xeec6, 0xeec6, 0xeec6, 0xeec6, 0xeec6,
  0xeec6, 0xeec6, 0xeec6, 0xeec6, 0xeec6, 0xeec6, 0xeec6, 0xeec6,
  0xeec6, 0xeec6, 0xeec6, 0xf6e6, 0xbd65, 0x5262, 0x5a82, 0x5a62,
  0x5262, 0x83a3, 0xeea6, 0xf6e6, 0xbd64, 0x62c2, 0x3140, 0x10a0,
  0x18a0, 0x3161, 0x62c2, 0xbd64, 0xf6e6, 0xeec6, 0xf6c6, 0xf6c6,
  0xb504, 0x5a82, 0x2921, 0x1080, 0x18a0, 0x3161, 0x5aa2, 0xace4,
  0xf6c6, 0xf6c6, 0xeec6, 0xeec6, 0xeec6, 0xeec6, 0xeec6, 0xeec6,
  0xeec6, 0xf6e6, 0xeea6, 0xbd24, 0x7342, 0x41e2, 0x2940, 0x18a0,
  0x1080, 0x10a0, 0x2921, 0x41c1, 0x62e2, 0xacc4, 0xe686, 0xf6e6,
  0xeec6, 0xeec6, 0xeea6, 0xf6e6, 0xbd44, 0x5262, 0x5a62, 0x5a62,
  0x5a82, 0x5a62, 0x7b63, 0xeea6, 0xf6c6, 0xeec6, 0xeec6, 0xeec6,
  0xf6c6, 0x8be3, 0x5262, 0x5a82, 0x5a62, 0x5a62, 0x5a62, 0xc585,
  0xf6c6, 0xeec6, 0xeec6, 0xeec6, 0xeec6, 0xeec6, 0xeec6, 0xeec6,
  0xeec6, 0xeec6, 0xeec6, 0xeec6, 0xeec6, 0xeec6, 0xeec6, 0xeec6,
  0xeec6, 0xeec6, 0xeec6, 0xeec6, 0xf6c6, 0xf6c6, 0xeec6, 0x41e2,
  0x0000, 0x0000, 0x0000, 0x0000, 0x9443, 0xff06, 0xeec6, 0xeec6,
  0xeec6, 0xeec6, 0xf6c6, 0xee86, 0x2961, 0x0000, 0x0000, 0x0000,
  0x0000, 0xa4a4, 0xf706, 0xeec6, 0xf6e6, 0x62c2, 0x0000, 0x0000,
  0x0000, 0x0000, 0x39a1, 0xeea6, 0xf6c6, 0xeec6, 0xeec6, 0xeec6,
  0xf6c6, 0xf6c6, 0x4a01, 0x0000, 0x0000, 0x0000, 0x0000, 0x5262,
  0xf6e6, 0xf6c6, 0xf6e6, 0x83a3, 0x0000, 0x0000, 0x0000, 0x0000,
  0x2101, 0xde45, 0xf6c6, 0xeec6, 0xeec6, 0xf6c6, 0xeec6, 0xf6e6,
  0x62c2, 0x0000, 0x0000, 0x0000, 0x0000, 0x41c1, 0xeea6, 0xf6c6,
  0xeec6, 0xeec6, 0xeec6, 0xeec6, 0xeec6, 0xeec6, 0xeec6, 0xeec6,
  0xeec6, 0xeec6, 0xeec6, 0xff06, 0x8be3, 0x0000, 0x0000, 0x0000,
  0x0000, 0x20e0, 0xde25, 0xf6c6, 0xeec6, 0xeec6, 0xeec6, 0xf6e6,
  0xa4c4, 0x5a62, 0x5a62, 0x5a62, 0x5a82, 0x5242, 0x7343, 0xe666,
  0xf6c6, 0xeec6, 0xeea6, 0xf6e6, 0xeea6, 0xa4a4, 0x5262, 0x2941,
  0x1080, 0x10a0, 0x3161, 0x62e2, 0xc565, 0xff06, 0xcde5, 0x5aa2,
  0x5262, 0x5a82, 0x5282, 0x6ae3, 0xe686, 0xf6c6, 0xeec6, 0xeec6,
  0xeec6, 0xeec6, 0xeec6, 0xeec6, 0xeec6, 0xeec6, 0xeec6, 0xeec6,
  0xeec6, 0xeec6, 0xeec6, 0xeec6, 0xeec6, 0xeec6, 0xeec6, 0xeec6,
  0xeec6, 0xeec6, 0xeec6, 0xf6e6, 0xa484, 0x0000, 0x0000, 0x0000,
  0x0000, 0x39a1, 0xeea6, 0x83a3, 0x0860, 0x0000, 0x0000, 0x0000,
  0x0000, 0x0000, 0x0000, 0x1060, 0x9423, 0xf6e6, 0xee86, 0x7323,
  0x0840, 0x0000, 0x0000, 0x0000, 0x0000, 0x0000, 0x0000, 0x0020,
  0x6ae2, 0xe685, 0xf6c6, 0xeec6, 0xeec6, 0xeec6, 0xeec6, 0xeec6,
  0xf6e6, 0xc585, 0x4a02, 0x0820, 0x0000, 0x0000, 0x0000, 0x0000,
  0x0000, 0x0000, 0x0000, 0x0000, 0x0000, 0x0000, 0x39a1, 0xb544,
  0xf6e6, 0xeec6, 0xeec6, 0xf6c6, 0xe665, 0x41c1, 0x0000, 0x0000,
  0x0000, 0x0000, 0x0000, 0x9443, 0xfee6, 0xeec6, 0xeec6, 0xf6e6,
  0xb504, 0x0820, 0x0000, 0x0000, 0x0000, 0x0000, 0x4a02, 0xe686,
  0xf6c6, 0xeec6, 0xeec6, 0xeec6, 0xeec6, 0xeec6, 0xeec6, 0xeec6,
  0xeec6, 0xeec6, 0xeec6, 0xeec6, 0xeec6, 0xeec6, 0xeec6, 0xeec6,
  0xeec6, 0xeec6, 0xeec6, 0xeec6, 0xeec6, 0xf6c6, 0xe665, 0x2941,
  0x0000, 0x0000, 0x0000, 0x0000, 0xb504, 0xf6e6, 0xeec6, 0xeec6,
  0xeec6, 0xeec6, 0xf6c6, 0xee86, 0x3161, 0x0000, 0x0000, 0x0000,
  0x0820, 0xb524, 0xf6e6, 0xf6c6, 0xeea6, 0x39a1, 0x0000, 0x0000,
  0x0000, 0x0000, 0x7343, 0xfee6, 0xeec6, 0xeec6, 0xeec6, 0xeec6,
  0xeec6, 0xf706, 0x83a3, 0x0000, 0x0000, 0x0000, 0x0000, 0x2921,
  0xe666, 0xf6e6, 0xf6e6, 0x5242, 0x0000, 0x0000, 0x0000, 0x0000,
  0x5a82, 0xf6e6, 0xf6c6, 0xeec6, 0xeec6, 0xeec6, 0xeec6, 0xf6e6,
  0x9c64, 0x0000, 0x0000, 0x0000, 0x0000, 0x18a0, 0xde05, 0xf6c6,
  0xeec6, 0xeec6, 0xeec6, 0xeec6, 0xeec6, 0xeec6, 0xeec6, 0xeec6,
  0xeec6, 0xeec6, 0xeec6, 0xff06, 0x8be3, 0x0000, 0x0000, 0x0000,
  0x0000, 0x20e0, 0xde25, 0xf6c6, 0xeec6, 0xeec6, 0xfee6, 0xace4,
  0x1080, 0x0000, 0x0000, 0x0000, 0x0000, 0x1080, 0xb504, 0xf6c6,
  0xeec6, 0xeec6, 0xf6e6, 0xd605, 0x5222, 0x0000, 0x0000, 0x0000,
  0x0000, 0x0000, 0x0000, 0x0000, 0x1080, 0x9c84, 0xbd64, 0x0000,
  0x0000, 0x0000, 0x0000, 0x18a1, 0xe666, 0xf6c6, 0xeec6, 0xeec6,
  0xeec6, 0xeec6, 0xeec6, 0xeec6, 0xeec6, 0xeec6, 0xeec6, 0xeec6,
  0xeec6, 0xeec6, 0xeec6, 0xeec6, 0xeec6, 0xeec6, 0xeec6, 0xeec6,
  0xeec6, 0xeec6, 0xeec6, 0xf6e6, 0xa4a4, 0x0000, 0x0000, 0x0000,
  0x0000, 0x41e1, 0x7b83, 0x0000, 0x0000, 0x0000, 0x0000, 0x0000,
  0x0000, 0x0000, 0x0000, 0x0000, 0x0840, 0xb504, 0x6b02, 0x0000,
  0x0000, 0x0000, 0x0000, 0x0000, 0x0000, 0x0000, 0x0000, 0x0000,
  0x0000, 0x6b22, 0xf6e6, 0xf6c6, 0xf6a6, 0xeec6, 0xeec6, 0xf6e6,
  0xbd25, 0x18c1, 0x0000, 0x0000, 0x0000, 0x0000, 0x0000, 0x0000,
  0x0000, 0x0000, 0x0000, 0x0000, 0x0000, 0x0000, 0x0000, 0x10a0,
  0xbd64, 0xf6e6, 0xf6a6, 0xeec6, 0xf6e6, 0xcda5, 0x18c0, 0x0000,
  0x0000, 0x0000, 0x0000, 0x18a0, 0xcdc5, 0xf6e6, 0xf6c6, 0xde45,
  0x3141, 0x0000, 0x0000, 0x0000, 0x0000, 0x2101, 0xd5e5, 0xf6e6,
  0xeec6, 0xeec6, 0xeec6, 0xeec6, 0xeec6, 0xeec6, 0xeec6, 0xeec6,
  0xeec6, 0xeec6, 0xeec6, 0xeec6, 0xeec6, 0xeec6, 0xeec6, 0xeec6,
  0xeec6, 0xeec6, 0xeec6, 0xeec6, 0xeec6, 0xf6c6, 0xeea6, 0xace4,
  0xa484, 0xa484, 0xa484, 0xa484, 0xde45, 0xf6c6, 0xeec6, 0xf6c6,
  0xeec6, 0xeec6, 0xff06, 0xc565, 0x0860, 0x0000, 0x0000, 0x0000,
  0x18c1, 0xde25, 0xf6c6, 0xf6c6, 0xde25, 0x18a0, 0x0000, 0x0000,
  0x0000, 0x0000, 0x9c43, 0xf6e6, 0xeec6, 0xeec6, 0xeec6, 0xeec6,
  0xf6c6, 0xf6e6, 0xacc4, 0x0000, 0x0000, 0x0000, 0x0000, 0x10a0,
  0xd5e5, 0xf6e6, 0xee86, 0x2941, 0x0000, 0x0000, 0x0000, 0x0000,
  0x7b83, 0xff06, 0xeec6, 0xeec6, 0xeec6, 0xeec6, 0xeec6, 0xf6e6,
  0xc564, 0x0840, 0x0000, 0x0000, 0x0000, 0x0840, 0xbd44, 0xf6e6,
  0xeec6, 0xeec6, 0xeec6, 0xeec6, 0xeec6, 0xeec6, 0xeec6, 0xeec6,
  0xeec6, 0xeec6, 0xeec6, 0xff06, 0x8be3, 0x0000, 0x0000, 0x0000,
  0x0000, 0x20e0, 0xde25, 0xf6c6, 0xeec6, 0xf706, 0xbd45, 0x18c0,
  0x0000, 0x0000, 0x0000, 0x0000, 0x18a0, 0xbd44, 0xf6e6, 0xeec6,
  0xeec6, 0xf6e6, 0xde25, 0x3181, 0x0000, 0x0000, 0x0000, 0x0000,
  0x0000, 0x0000, 0x0000, 0x0000, 0x0000, 0x1060, 0x7b83, 0x1060,
  0x0000, 0x0000, 0x0000, 0x18c1, 0xe665, 0xf6c6, 0xeec6, 0xeec6,
  0xeec6, 0xeec6, 0xeec6, 0xeec6, 0xeec6, 0xeec6, 0xeec6, 0xeec6,
  0xeec6, 0xeec6, 0xeec6, 0xeec6, 0xeec6, 0xeec6, 0xeec6, 0xeec6,
  0xeec6, 0xeec6, 0xeec6, 0xf6e6, 0xa4a4, 0x0000, 0x0000, 0x0000,
  0x0000, 0x1080, 0x0840, 0x0000, 0x0000, 0x0000, 0x0000, 0x0000,
  0x0000, 0x0000, 0x0000, 0x0000, 0x0000, 0x18c0, 0x0820, 0x0000,
  0x0000, 0x0000, 0x0000, 0x0000, 0x0000, 0x0000, 0x0000, 0x0000,
  0x0000, 0x0860, 0xc585, 0xf6e6, 0xeec6, 0xeec6, 0xf6c6, 0xde25,
  0x2921, 0x0000, 0x0000, 0x0000, 0x0000, 0x0000, 0x20e1, 0x41e1,
  0x5242, 0x39a1, 0x1080, 0x0000, 0x0000, 0x0000, 0x0000, 0x0000,
  0x4a22, 0xf6c6, 0xeec6, 0xeec6, 0xeec6, 0xf6e6, 0x9443, 0x0000,
  0x0000, 0x0000, 0x0000, 0x0000, 0x4a22, 0xeec6, 0xf6e6, 0x6b02,
  0x0000, 0x0000, 0x0000, 0x0000, 0x0020, 0xa4a4, 0xf706, 0xeec6,
  0xeec6, 0xeec6, 0xeec6, 0xeec6, 0xeec6, 0xeec6, 0xeec6, 0xeec6,
  0xeec6, 0xeec6, 0xeec6, 0xeec6, 0xeec6, 0xeec6, 0xeec6, 0xeec6,
  0xeec6, 0xeec6, 0xeec6, 0xeec6, 0xeec6, 0xeea6, 0xf6c6, 0xf6e6,
  0xf6e6, 0xf6e6, 0xf6e6, 0xf6e6, 0xf6c6, 0xeec6, 0xf6e6, 0xff06,
  0xf6e6, 0xf6e6, 0xcdc5, 0x39a1, 0x0000, 0x0000, 0x0000, 0x0000,
  0x62a2, 0xf6e6, 0xf6c6, 0xf6e6, 0xcda5, 0x1060, 0x0000, 0x0000,
  0x0000, 0x0000, 0xb4e4, 0xf6e6, 0xeec6, 0xeec6, 0xeec6, 0xeec6,
  0xeec6, 0xf6e6, 0xc565, 0x0840, 0x0000, 0x0000, 0x0000, 0x0000,
  0xbd24, 0xff06, 0xde25, 0x18e0, 0x0000, 0x0000, 0x0000, 0x0000,
  0x9444, 0xff06, 0xeec6, 0xeec6, 0xeec6, 0xeec6, 0xeec6, 0xf6c6,
  0xd5e5, 0x10a0, 0x0000, 0x0000, 0x0000, 0x0000, 0xa484, 0xf706,
  0xeec6, 0xeec6, 0xeec6, 0xeec6, 0xeec6, 0xeec6, 0xeec6, 0xeec6,
  0xeec6, 0xeec6, 0xeec6, 0xff06, 0x8be3, 0x0000, 0x0000, 0x0000,
  0x0000, 0x20e0, 0xde25, 0xf6c6, 0xf6e6, 0xc585, 0x20e1, 0x0000,
  0x0000, 0x0000, 0x0000, 0x18a0, 0xb524, 0xfee6, 0xeec6, 0xeec6,
  0xf6c6, 0xeea6, 0x5262, 0x0000, 0x0000, 0x0000, 0x0000, 0x0000,
  0x0000, 0x0000, 0x0000, 0x0000, 0x0000, 0x0000, 0x1060, 0x0020,
  0x0000, 0x0000, 0x0000, 0x18c0, 0xe666, 0xf6c6, 0xeec6, 0xeec6,
  0xeec6, 0xeec6, 0xeec6, 0xeec6, 0xeec6, 0xeec6, 0xeec6, 0xeec6,
  0xeec6, 0xeec6, 0xeec6, 0xeec6, 0xeec6, 0xeec6, 0xeec6, 0xeec6,
  0xeec6, 0xeec6, 0xeec6, 0xf6e6, 0xa4a4, 0x0000, 0x0000, 0x0000,
  0x0000, 0x0000, 0x0000, 0x0840, 0x5262, 0x9403, 0x8c03, 0x4a22,
  0x0000, 0x0000, 0x0000, 0x0000, 0x0000, 0x0000, 0x0000, 0x0000,
  0x4a01, 0x8be3, 0x9423, 0x62c2, 0x1081, 0x0000, 0x0000, 0x0000,
  0x0000, 0x0000, 0x7b63, 0xf706, 0xeec6, 0xf6c6, 0xf6e6, 0x8be3,
  0x0000, 0x0000, 0x0000, 0x0000, 0x0000, 0x7342, 0xde45, 0xf6c6,
  0xf6c6, 0xeea6, 0xc584, 0x3161, 0x0000, 0x0000, 0x0000, 0x0000,
  0x18a1, 0xd5e5, 0xf6e6, 0xeec6, 0xeec6, 0xf6c6, 0xf6c6, 0x5a82,
  0x0000, 0x0000, 0x0000, 0x0000, 0x0000, 0x9423, 0xb504, 0x0840,
  0x0000, 0x0000, 0x0000, 0x0000, 0x6b02, 0xf6e6, 0xf6c6, 0xeec6,
  0xeec6, 0xeec6, 0xeec6, 0xeec6, 0xeec6, 0xeec6, 0xeec6, 0xeec6,
  0xeec6, 0xeec6, 0xeec6, 0xeec6, 0xeec6, 0xeec6, 0xeec6, 0xeec6,
  0xeec6, 0xeec6, 0xeec6, 0xeec6, 0xeec6, 0xeec6, 0xeec6, 0xeec6,
  0xf6c6, 0xf6c6, 0xeec6, 0xeec6, 0xeec6, 0xf6c6, 0xbd44, 0x9423,
  0x8be3, 0x5aa2, 0x18a0, 0x0000, 0x0000, 0x0000, 0x0000, 0x2101,
  0xcdc5, 0xf6e6, 0xeec6, 0xf6e6, 0xbd44, 0x0020, 0x0000, 0x0000,
  0x0000, 0x0860, 0xc564, 0xf6e6, 0xeea6, 0xeec6, 0xeec6, 0xeec6,
  0xeec6, 0xf6e6, 0xcdc5, 0x0840, 0x0000, 0x0000, 0x0000, 0x0000,
  0xacc4, 0xff06, 0xcdc5, 0x1080, 0x0000, 0x0000, 0x0000, 0x0000,
  0xacc4, 0xf6e6, 0xeec6, 0xeec6, 0xeec6, 0xeec6, 0xeec6, 0xf6c6,
  0xde25, 0x18c0, 0x0000, 0x0000, 0x0000, 0x0000, 0x9423, 0xf6e6,
  0xeec6, 0xeec6, 0xeec6, 0xeec6, 0xeec6, 0xeec6, 0xeec6, 0xeec6,
  0xeec6, 0xeec6, 0xeec6, 0xff06, 0x8be3, 0x0000, 0x0000, 0x0000,
  0x0000, 0x20e0, 0xde25, 0xff06, 0xcdc5, 0x2921, 0x0000, 0x0000,
  0x0000, 0x0000, 0x18a0, 0xb504, 0xf6e6, 0xeec6, 0xeec6, 0xeec6,
  0xf6e6, 0xacc4, 0x0020, 0x0000, 0x0000, 0x0000, 0x0000, 0x0860,
  0x6b03, 0xace4, 0xb524, 0x9c44, 0x39c1, 0x0000, 0x0000, 0x0000,
  0x0000, 0x0000, 0x0000, 0x18c0, 0xe666, 0xf6c6, 0xeec6, 0xeec6,
  0xeec6, 0xeec6, 0xeec6, 0xeec6, 0xeec6, 0xeec6, 0xeec6, 0xeec6,
  0xeec6, 0xeec6, 0xeec6, 0xeec6, 0xeec6, 0xeec6, 0xeec6, 0xeec6,
  0xeec6, 0xeec6, 0xeec6, 0xf6e6, 0xa4a4, 0x0000, 0x0000, 0x0000,
  0x0000, 0x0000, 0x0840, 0x9c63, 0xf6e6, 0xff06, 0xff06, 0xf6c6,
  0x62c2, 0x0000, 0x0000, 0x0000, 0x0000, 0x0000, 0x0000, 0x7323,
  0xf6c6, 0xf706, 0xf706, 0xff06, 0xa484, 0x0820, 0x0000, 0x0000,
  0x0000, 0x0000, 0x4202, 0xf6c6, 0xf6c6, 0xf6c6, 0xeec6, 0x39c1,
  0x0000, 0x0000, 0x0000, 0x0000, 0x39a1, 0xeea6, 0xf6e6, 0xf6c6,
  0xeec6, 0xeec6, 0xff06, 0x9c63, 0x0000, 0x0000, 0x0000, 0x0000,
  0x0020, 0xbd64, 0xf6e6, 0xeec6, 0xeec6, 0xeec6, 0xf6e6, 0xd605,
  0x2101, 0x0000, 0x0000, 0x0000, 0x0000, 0x1080, 0x18c0, 0x0000,
  0x0000, 0x0000, 0x0000, 0x3161, 0xe665, 0xf6c6, 0xeec6, 0xeec6,
  0xeec6, 0xeec6, 0xeec6, 0xeec6, 0xeec6, 0xeec6, 0xeec6, 0xeec6,
  0xeec6, 0xeec6, 0xeec6, 0xeec6, 0xeec6, 0xeec6, 0xeec6, 0xeec6,
  0xeec6, 0xeec6, 0xeec6, 0xeec6, 0xeec6, 0xeec6, 0xeec6, 0xeec6,
  0xeec6, 0xeec6, 0xeec6, 0xeec6, 0xeec6, 0xfee6, 0x62c2, 0x0000,
  0x0000, 0x0000, 0x0000, 0x0000, 0x0000, 0x0020, 0x41e2, 0xcda5,
  0xf6e6, 0xeec6, 0xeec6, 0xf6e6, 0xace4, 0x0000, 0x0000, 0x0000,
  0x0000, 0x1060, 0xc5a5, 0xf6e6, 0xeec6, 0xeec6, 0xeec6, 0xeec6,
  0xeec6, 0xf6e6, 0xd5e5, 0x0860, 0x0000, 0x0000, 0x0000, 0x0000,
  0xa484, 0xff06, 0xc585, 0x0840, 0x0000, 0x0000, 0x0000, 0x0020,
  0xb504, 0xf6e6, 0xeec6, 0xeec6, 0xeec6, 0xeec6, 0xeec6, 0xf6c6,
  0xe645, 0x18c0, 0x0000, 0x0000, 0x0000, 0x0000, 0x8bc3, 0xf6e6,
  0xf6c6, 0xeec6, 0xeec6, 0xeec6, 0xeec6, 0xeec6, 0xeec6, 0xeec6,
  0xeec6, 0xeec6, 0xeec6, 0xff06, 0x8be3, 0x0000, 0x0000, 0x0000,
  0x0000, 0x20e1, 0xe665, 0xde25, 0x3161, 0x0000, 0x0000, 0x0000,
  0x0000, 0x18a0, 0xb504, 0xff06, 0xeec6, 0xeec6, 0xeec6, 0xeec6,
  0xf6c6, 0x4a22, 0x0000, 0x0000, 0x0000, 0x0000, 0x0840, 0xa464,
  0xff06, 0xfee6, 0xf6e6, 0xff06, 0xee86, 0x5a82, 0x0000, 0x0000,
  0x0000, 0x0000, 0x0000, 0x18c0, 0xe666, 0xf6c6, 0xeec6, 0xeec6,
  0xeec6, 0xeec6, 0xeec6, 0xeec6, 0xeec6, 0xeec6, 0xeec6, 0xeec6,
  0xeec6, 0xeec6, 0xeec6, 0xeec6, 0xeec6, 0xeec6, 0xeec6, 0xeec6,
  0xeec6, 0xeec6, 0xeec6, 0xf6e6, 0xa4a4, 0x0000, 0x0000, 0x0000,
  0x0000, 0x0000, 0x62c2, 0xf706, 0xf6c6, 0xeec6, 0xeec6, 0xf6e6,
  0xc584, 0x0860, 0x0000, 0x0000, 0x0000, 0x0000, 0x20e0, 0xde45,
  0xf6e6, 0xeec6, 0xeec6, 0xf6c6, 0xeea6, 0x39a1, 0x0000, 0x0000,
  0x0000, 0x0000, 0x39a1, 0xee85, 0xf6c6, 0xf6c6, 0xee86, 0x62e2,
  0x4a01, 0x4a01, 0x4a01, 0x41e1, 0x9443, 0xf6e6, 0xeec6, 0xeec6,
  0xeec6, 0xf6a6, 0xf706, 0xb524, 0x0000, 0x0000, 0x0000, 0x0000,
  0x0000, 0xbd45, 0xf6e6, 0xeec6, 0xeec6, 0xeec6, 0xf6c6, 0xf6e6,
  0xa4a4, 0x0840, 0x0000, 0x0000, 0x0000, 0x0000, 0x0000, 0x0000,
  0x0000, 0x0000, 0x1060, 0xbd44, 0xf6e6, 0xeec6, 0xeec6, 0xeec6,
  0xeec6, 0xeec6, 0xeec6, 0xeec6, 0xeec6, 0xeec6, 0xeec6, 0xeec6,
  0xeec6, 0xeec6, 0xeec6, 0xeec6, 0xeec6, 0xeec6, 0xeec6, 0xeec6,
  0xeec6, 0xeec6, 0xeec6, 0xeec6, 0xeec6, 0xeec6, 0xeec6, 0xeec6,
  0xeec6, 0xeec6, 0xeec6, 0xeec6, 0xeec6, 0xfee6, 0x6ae2, 0x0000,
  0x0000, 0x0000, 0x0000, 0x0000, 0x0000, 0x0860, 0x7323, 0xd5e5,
  0xf6e6, 0xeec6, 0xeec6, 0xf6e6, 0xa4a4, 0x0000, 0x0000, 0x0000,
  0x0000, 0x1080, 0xcda5, 0xf6e6, 0xeec6, 0xeec6, 0xeec6, 0xeec6,
  0xeec6, 0xf6e6, 0xd5e5, 0x0860, 0x0000, 0x0000, 0x0000, 0x0000,
  0x9c63, 0xff26, 0xbd45, 0x0000, 0x0000, 0x0000, 0x0000, 0x0020,
  0xb524, 0xf6e6, 0xeec6, 0xeec6, 0xeec6, 0xeec6, 0xeec6, 0xf6c6,
  0xe666, 0x18c0, 0x0000, 0x0000, 0x0000, 0x0000, 0x83a3, 0xf6e6,
  0xeec6, 0xeec6, 0xeec6, 0xeec6, 0xeec6, 0xeec6, 0xeec6, 0xeec6,
  0xeec6, 0xeec6, 0xeec6, 0xff06, 0x8be3, 0x0000, 0x0000, 0x0000,
  0x0000, 0x2101, 0xcdc4, 0x41e2, 0x0000, 0x0000, 0x0000, 0x0000,
  0x18a0, 0xb504, 0xfee6, 0xeec6, 0xeec6, 0xeec6, 0xeec6, 0xf6e6,
  0xd5e5, 0x10a0, 0x0000, 0x0000, 0x0000, 0x0000, 0x62c2, 0xf6e6,
  0xf6c6, 0xeec6, 0xeec6, 0xeec6, 0xf6e6, 0xd625, 0x20e1, 0x0000,
  0x0000, 0x0000, 0x0000, 0x18c0, 0xe666, 0xf6c6, 0xeec6, 0xeec6,
  0xeec6, 0xeec6, 0xeec6, 0xeec6, 0xeec6, 0xeec6, 0xeec6, 0xeec6,
  0xeec6, 0xeec6, 0xeec6, 0xeec6, 0xeec6, 0xeec6, 0xeec6, 0xeec6,
  0xeec6, 0xeec6, 0xeec6, 0xf6e6, 0xa4a4, 0x0000, 0x0000, 0x0000,
  0x0000, 0x0020, 0xace4, 0xf706, 0xeec6, 0xeec6, 0xeec6, 0xf6c6,
  0xde25, 0x18c1, 0x0000, 0x0000, 0x0000, 0x0000, 0x5242, 0xf6e6,
  0xf6c6, 0xeec6, 0xeec6, 0xeec6, 0xf6e6, 0x5aa2, 0x0000, 0x0000,
  0x0000, 0x0000, 0x3181, 0xe686, 0xf6c6, 0xeec6, 0xf6a6, 0xeec5,
  0xeea6, 0xf6c6, 0xeec6, 0xeec6, 0xf6c6, 0xf6c6, 0xf6e6, 0xf6e6,
  0xf6e6, 0xf706, 0xee86, 0x62c2, 0x0000, 0x0000, 0x0000, 0x0000,
  0x0000, 0xbd45, 0xf6e6, 0xeec6, 0xeec6, 0xeec6, 0xeec6, 0xf6c6,
  0xf6e6, 0x6b02, 0x0000, 0x0000, 0x0000, 0x0000, 0x0000, 0x0000,
  0x0000, 0x0000, 0x83a3, 0xfee6, 0xf6c6, 0xeec6, 0xeec6, 0xeec6,
  0xeec6, 0xeec6, 0xeec6, 0xeec6, 0xeec6, 0xeec6, 0xeec6, 0xeec6,
  0xeec6, 0xeec6, 0xeec6, 0xeec6, 0xeec6, 0xeec6, 0xeec6, 0xeec6,
  0xeec6, 0xeec6, 0xeec6, 0xeec6, 0xeec6, 0xeec6, 0xeec6, 0xeec6,
  0xeec6, 0xeec6, 0xeec6, 0xeec6, 0xeec6, 0xfee6, 0x62c2, 0x0000,
  0x0000, 0x0000, 0x0000, 0x0000, 0x0000, 0x0000, 0x0000, 0x18a0,
  0x9c64, 0xf6e6, 0xeec6, 0xf6e6, 0xa4a4, 0x0000, 0x0000, 0x0000,
  0x0000, 0x1080, 0xcda5, 0xf6e6, 0xeec6, 0xeec6, 0xeec6, 0xeec6,
  0xeec6, 0xf6e6, 0xd5e5, 0x0860, 0x0000, 0x0000, 0x0000, 0x0000,
  0x9c63, 0xff26, 0xc565, 0x0020, 0x0000, 0x0000, 0x0000, 0x0020,
  0xb504, 0xf6e6, 0xeec6, 0xeec6, 0xeec6, 0xeec6, 0xeec6, 0xf6c6,
  0xe665, 0x18c0, 0x0000, 0x0000, 0x0000, 0x0000, 0x83a3, 0xf6e6,
  0xeec6, 0xeec6, 0xeec6, 0xeec6, 0xeec6, 0xeec6, 0xeec6, 0xeec6,
  0xeec6, 0xeec6, 0xeec6, 0xff06, 0x8be3, 0x0000, 0x0000, 0x0000,
  0x0000, 0x18a1, 0x39a1, 0x0000, 0x0000, 0x0000, 0x0000, 0x1080,
  0xace4, 0xff06, 0xeec6, 0xeec6, 0xf6c6, 0xeec6, 0xeec6, 0xf6e6,
  0xacc4, 0x0000, 0x0000, 0x0000, 0x0000, 0x0020, 0xb524, 0xf6e6,
  0xeec6, 0xeec6, 0xeec6, 0xeec6, 0xeec6, 0xf6e6, 0x6ae2, 0x0000,
  0x0000, 0x0000, 0x0000, 0x18c0, 0xe666, 0xf6c6, 0xeec6, 0xeec6,
  0xeec6, 0xeec6, 0xeec6, 0xeec6, 0xeec6, 0xeec6, 0xeec6, 0xeec6,
  0xeec6, 0xeec6, 0xeec6, 0xeec6, 0xeec6, 0xeec6, 0xeec6, 0xeec6,
  0xeec6, 0xeec6, 0xeec6, 0xf6e6, 0xa4a4, 0x0000, 0x0000, 0x0000,
  0x0000, 0x1060, 0xc5a5, 0xf6e6, 0xf6c6, 0xeec6, 0xeec6, 0xf6c6,
  0xe665, 0x18c0, 0x0000, 0x0000, 0x0000, 0x0000, 0x7342, 0xf6e6,
  0xf6a6, 0xeec6, 0xeec6, 0xeec6, 0xff06, 0x6ae2, 0x0000, 0x0000,
  0x0000, 0x0000, 0x3181, 0xe685, 0xf6c6, 0xeec6, 0xf6a6, 0xf6c6,
  0xf6c6, 0xf6e6, 0xf706, 0xf706, 0xeea6, 0xde45, 0xcdc5, 0xbd44,
  0x9c83, 0x7343, 0x3181, 0x0000, 0x0000, 0x0000, 0x0000, 0x0000,
  0x0000, 0xbd45, 0xf6e6, 0xeec6, 0xeec6, 0xeec6, 0xeec6, 0xeec6,
  0xf6c6, 0xe666, 0x3181, 0x0000, 0x0000, 0x0000, 0x0000, 0x0000,
  0x0000, 0x4a21, 0xeea5, 0xf6c6, 0xeec6, 0xeec6, 0xeec6, 0xeec6,
  0xeec6, 0xeec6, 0xeec6, 0xeec6, 0xeec6, 0xeec6, 0xeec6, 0xeec6,
  0xeec6, 0xeec6, 0xeec6, 0xeec6, 0xeec6, 0xeec6, 0xeec6, 0xeec6,
  0xeec6, 0xeec6, 0xeec6, 0xeec6, 0xeec6, 0xeec6, 0xeec6, 0xeec6,
  0xeec6, 0xeec6, 0xeec6, 0xeec6, 0xeec6, 0xf6e6, 0xace4, 0x7343,
  0x7322, 0x5aa2, 0x2921, 0x0000, 0x0000, 0x0000, 0x0000, 0x0000,
  0x0840, 0xace4, 0xf6e6, 0xf6e6, 0xb4e4, 0x0000, 0x0000, 0x0000,
  0x0000, 0x1060, 0xc584, 0xf6e6, 0xeec6, 0xeec6, 0xeec6, 0xeec6,
  0xeec6, 0xf6e6, 0xcdc5, 0x0860, 0x0000, 0x0000, 0x0000, 0x0000,
  0xa4a4, 0xff06, 0xcda5, 0x0840, 0x0000, 0x0000, 0x0000, 0x0000,
  0xb4e4, 0xf6e6, 0xeec6, 0xeec6, 0xeec6, 0xeec6, 0xeec6, 0xf6c6,
  0xde45, 0x18c0, 0x0000, 0x0000, 0x0000, 0x0000, 0x8be3, 0xf6e6,
  0xf6c6, 0xeec6, 0xeec6, 0xeec6, 0xeec6, 0xeec6, 0xeec6, 0xeec6,
  0xeec6, 0xeec6, 0xeec6, 0xff06, 0x8be3, 0x0000, 0x0000, 0x0000,
  0x0000, 0x0000, 0x0000, 0x0000, 0x0000, 0x0000, 0x0000, 0x1060,
  0xbd65, 0xf6e6, 0xeec6, 0xeea6, 0xeec6, 0xeec6, 0xeec6, 0xf706,
  0x8be3, 0x0000, 0x0000, 0x0000, 0x0000, 0x18c0, 0xde25, 0xf6c6,
  0xeec6, 0xeec6, 0xeec6, 0xeec6, 0xf6c6, 0xf6e6, 0x9c43, 0x0000,
  0x0000, 0x0000, 0x0000, 0x18c0, 0xe666, 0xf6c6, 0xeec6, 0xeec6,
  0xeec6, 0xeec6, 0xeec6, 0xeec6, 0xeec6, 0xeec6, 0xeec6, 0xeec6,
  0xeec6, 0xeec6, 0xeec6, 0xeec6, 0xeec6, 0xeec6, 0xeec6, 0xeec6,
  0xeec6, 0xeec6, 0xeec6, 0xf6e6, 0xa4a4, 0x0000, 0x0000, 0x0000,
  0x0000, 0x1080, 0xcda5, 0xf6e6, 0xeec6, 0xeec6, 0xeec6, 0xf6c6,
  0xe666, 0x18c0, 0x0000, 0x0000, 0x0000, 0x0000, 0x83a3, 0xf6e6,
  0xf6c6, 0xeec6, 0xeec6, 0xeec6, 0xff06, 0x6ae2, 0x0000, 0x0000,
  0x0000, 0x0000, 0x3181, 0xe686, 0xf6c6, 0xf6c6, 0xeec6, 0xeec6,
  0xf6e6, 0xe645, 0xa484, 0x62e2, 0x39a1, 0x2921, 0x0860, 0x0020,
  0x0000, 0x0000, 0x0000, 0x0000, 0x0000, 0x0000, 0x0000, 0x0000,
  0x0000, 0xbd45, 0xf6e6, 0xeec6, 0xeec6, 0xeec6, 0xeec6, 0xeec6,
  0xeec6, 0xf706, 0xacc4, 0x0000, 0x0000, 0x0000, 0x0000, 0x0000,
  0x0840, 0xb544, 0xfee6, 0xeec6, 0xf6c6, 0xeec6, 0xeec6, 0xeec6,
  0xeec6, 0xeec6, 0xeec6, 0xeec6, 0xeec6, 0xeec6, 0xeec6, 0xeec6,
  0xeec6, 0xeec6, 0xeec6, 0xeec6, 0xeec6, 0xeec6, 0xeec6, 0xeec6,
  0xeec6, 0xeec6, 0xeec6, 0xeec6, 0xeec6, 0xeec6, 0xeec6, 0xf6c6,
  0xf6c6, 0xf6c6, 0xf6c6, 0xeec6, 0xeec6, 0xeec6, 0xf6e6, 0xff06,
  0xf706, 0xf6e6, 0xe666, 0x8bc3, 0x0840, 0x0000, 0x0000, 0x0000,
  0x0000, 0x39a1, 0xee85, 0xf6e6, 0xbd64, 0x0840, 0x0000, 0x0000,
  0x0000, 0x0840, 0xbd64, 0xf6e6, 0xeec6, 0xeec6, 0xeec6, 0xeec6,
  0xeec6, 0xf6e6, 0xc5a5, 0x0840, 0x0000, 0x0000, 0x0000, 0x0000,
  0xace4, 0xff06, 0xd5e5, 0x18a0, 0x0000, 0x0000, 0x0000, 0x0000,
  0xaca4, 0xf6e6, 0xeec6, 0xeec6, 0xeec6, 0xeec6, 0xeec6, 0xf6c6,
  0xde25, 0x18c0, 0x0000, 0x0000, 0x0000, 0x0000, 0x9423, 0xf6e6,
  0xeec6, 0xeec6, 0xeec6, 0xeec6, 0xeec6, 0xeec6, 0xeec6, 0xeec6,
  0xeec6, 0xeec6, 0xeec6, 0xff06, 0x8be3, 0x0000, 0x0000, 0x0000,
  0x0000, 0x0000, 0x0000, 0x0000, 0x0000, 0x0000, 0x0000, 0x0000,
  0x41c1, 0xee86, 0xf6c6, 0xeec6, 0xeec6, 0xeec6, 0xeec6, 0xf706,
  0x7322, 0x0000, 0x0000, 0x0000, 0x0000, 0x3161, 0xe686, 0xf6c6,
  0xeec6, 0xeec6, 0xeec6, 0xeec6, 0xeec6, 0xf6e6, 0xb4e4, 0x0000,
  0x0000, 0x0000, 0x0000, 0x18c0, 0xe666, 0xf6c6, 0xeec6, 0xeec6,
  0xeec6, 0xeec6, 0xeec6, 0xeec6, 0xeec6, 0xeec6, 0xeec6, 0xeec6,
  0xeec6, 0xeec6, 0xeec6, 0xeec6, 0xeec6, 0xeec6, 0xeec6, 0xeec6,
  0xeec6, 0xeec6, 0xeec6, 0xf6e6, 0xa4a4, 0x0000, 0x0000, 0x0000,
  0x0000, 0x1080, 0xcda5, 0xf6e6, 0xeec6, 0xeec6, 0xeec6, 0xf6c6,
  0xe666, 0x18c0, 0x0000, 0x0000, 0x0000, 0x0000, 0x83a3, 0xf6e6,
  0xf6a6, 0xeec6, 0xeec6, 0xeec6, 0xff06, 0x6ae2, 0x0000, 0x0000,
  0x0000, 0x0000, 0x3181, 0xe686, 0xf6c6, 0xeec6, 0xeec6, 0xf6c6,
  0x9c84, 0x2921, 0x0000, 0x0000, 0x0000, 0x0000, 0x0000, 0x0000,
  0x0000, 0x0000, 0x0000, 0x0860, 0x0000, 0x0000, 0x0000, 0x0000,
  0x0000, 0xbd45, 0xf6e6, 0xeec6, 0xeec6, 0xeec6, 0xeec6, 0xeec6,
  0xf6c6, 0xf6c6, 0x6ae3, 0x0000, 0x0000, 0x0000, 0x0000, 0x0000,
  0x0000, 0x62c2, 0xf6c6, 0xf6c6, 0xeec6, 0xeec6, 0xeec6, 0xeec6,
  0xeec6, 0xeec6, 0xeec6, 0xeec6, 0xeec6, 0xeec6, 0xeec6, 0xeec6,
  0xeec6, 0xeec6, 0xeec6, 0xeec6, 0xeec6, 0xeec6, 0xeec6, 0xeec6,
  0xeec6, 0xeec6, 0xeec6, 0xeec6, 0xeec6, 0xf6a6, 0xf6c6, 0xf6e6,
  0xf6e6, 0xf6e6, 0xf6e6, 0xf6e6, 0xf6a6, 0xf6c6, 0xeec6, 0xeec6,
  0xf6c6, 0xf6c6, 0xf6c6, 0xff06, 0x6302, 0x0000, 0x0000, 0x0000,
  0x0000, 0x0020, 0xbd44, 0xff06, 0xcdc5, 0x1080, 0x0000, 0x0000,
  0x0000, 0x0000, 0xacc4, 0xf6e6, 0xeec6, 0xeec6, 0xeec6, 0xeec6,
  0xeec6, 0xf6e6, 0xbd45, 0x0820, 0x0000, 0x0000, 0x0000, 0x0020,
  0xbd64, 0xf6e6, 0xde45, 0x2100, 0x0000, 0x0000, 0x0000, 0x0000,
  0x9403, 0xff06, 0xeec6, 0xeec6, 0xeec6, 0xeec6, 0xeec6, 0xf6e6,
  0xd5e5, 0x1080, 0x0000, 0x0000, 0x0000, 0x0000, 0xa4c4, 0xf6e6,
  0xeec6, 0xeec6, 0xeec6, 0xeec6, 0xeec6, 0xeec6, 0xeec6, 0xeec6,
  0xeec6, 0xeec6, 0xeec6, 0xff06, 0x8be3, 0x0000, 0x0000, 0x0000,
  0x0000, 0x0000, 0x0000, 0x0000, 0x0000, 0x0000, 0x0000, 0x0000,
  0x0000, 0x83c3, 0xf6e6, 0xeec6, 0xeec6, 0xeec6, 0xeec6, 0xff06,
  0x6b02, 0x0000, 0x0000, 0x0000, 0x0000, 0x3161, 0xe686, 0xf6c6,
  0xeec6, 0xeec6, 0xeec6, 0xeec6, 0xeec6, 0xf6e6, 0xbd44, 0x0840,
  0x0000, 0x0000, 0x0000, 0x18c0, 0xe666, 0xf6c6, 0xeec6, 0xeec6,
  0xeec6, 0xeec6, 0xeec6, 0xeec6, 0xeec6, 0xeec6, 0xeec6, 0xeec6,
  0xeec6, 0xeec6, 0xeec6, 0xeec6, 0xeec6, 0xeec6, 0xeec6, 0xeec6,
  0xeec6, 0xeec6, 0xeec6, 0xf6e6, 0xa4a4, 0x0000, 0x0000, 0x0000,
  0x0000, 0x1080, 0xcda5, 0xf6e6, 0xeec6, 0xeec6, 0xeec6, 0xf6c6,
  0xe666, 0x18c0, 0x0000, 0x0000, 0x0000, 0x0000, 0x83a3, 0xf6e6,
  0xf6c6, 0xeec6, 0xeec6, 0xeec6, 0xff06, 0x6b03, 0x0000, 0x0000,
  0x0000, 0x0000, 0x3181, 0xe686, 0xf6c6, 0xeec6, 0xf6e6, 0x9c44,
  0x0020, 0x0000, 0x0000, 0x0000, 0x0000, 0x0000, 0x0840, 0x20e0,
  0x41e1, 0x5a82, 0x9423, 0x9c63, 0x0020, 0x0000, 0x0000, 0x0000,
  0x0000, 0xbd45, 0xf6e6, 0xeec6, 0xeec6, 0xeec6, 0xf6a6, 0xeec6,
  0xf6e6, 0xace4, 0x0820, 0x0000, 0x0000, 0x0000, 0x0000, 0x0000,
  0x0000, 0x0020, 0xa4a4, 0xf6e6, 0xeec6, 0xeec6, 0xeec6, 0xeec6,
  0xeec6, 0xeec6, 0xeec6, 0xeec6, 0xeec6, 0xeec6, 0xeec6, 0xeec6,
  0xeec6, 0xeec6, 0xeec6, 0xeec6, 0xeec6, 0xeec6, 0xeec6, 0xeec6,
  0xeec6, 0xeec6, 0xeec6, 0xeec6, 0xeec6, 0xf6e6, 0xb505, 0x62e2,
  0x6ae2, 0x6ae2, 0x62e2, 0x9403, 0xeec6, 0xf6c6, 0xeec6, 0xeec6,
  0xeec6, 0xeec6, 0xeec6, 0xf6e6, 0xb4e4, 0x0000, 0x0000, 0x0000,
  0x0000, 0x0000, 0x9423, 0xff06, 0xde45, 0x18c1, 0x0000, 0x0000,
  0x0000, 0x0000, 0x9423, 0xf6e6, 0xeec6, 0xeec6, 0xeec6, 0xeec6,
  0xeec6, 0xf6e6, 0xa484, 0x0000, 0x0000, 0x0000, 0x0000, 0x18c0,
  0xd605, 0xf6e6, 0xeea6, 0x3161, 0x0000, 0x0000, 0x0000, 0x0000,
  0x7b63, 0xfee6, 0xeec6, 0xeec6, 0xeec6, 0xeec6, 0xf6a6, 0xf6e6,
  0xbd44, 0x0820, 0x0000, 0x0000, 0x0000, 0x0860, 0xc584, 0xf6e6,
  0xeec6, 0xeec6, 0xeec6, 0xeec6, 0xeec6, 0xeec6, 0xeec6, 0xeec6,
  0xeec6, 0xeec6, 0xeec6, 0xff06, 0x8be3, 0x0000, 0x0000, 0x0000,
  0x0000, 0x0000, 0x0000, 0x0840, 0x1060, 0x0000, 0x0000, 0x0000,
  0x0000, 0x10a0, 0xcda5, 0xf6e6, 0xeec6, 0xeec6, 0xeec6, 0xff06,
  0x7b83, 0x0000, 0x0000, 0x0000, 0x0000, 0x2100, 0xde45, 0xf6c6,
  0xeec6, 0xeec6, 0xeec6, 0xeec6, 0xeec6, 0xf6e6, 0xace4, 0x0000,
  0x0000, 0x0000, 0x0000, 0x18c0, 0xe666, 0xf6c6, 0xeec6, 0xeec6,
  0xeec6, 0xeec6, 0xeec6, 0xeec6, 0xeec6, 0xeec6, 0xeec6, 0xeec6,
  0xeec6, 0xeec6, 0xeec6, 0xeec6, 0xeec6, 0xeec6, 0xeec6, 0xeec6,
  0xeec6, 0xeec6, 0xeec6, 0xf6e6, 0xa4a4, 0x0000, 0x0000, 0x0000,
  0x0000, 0x1080, 0xcda5, 0xf6e6, 0xeec6, 0xeec6, 0xeec6, 0xf6c6,
  0xe666, 0x18c0, 0x0000, 0x0000, 0x0000, 0x0000, 0x83a3, 0xf6e6,
  0xf6c6, 0xeec6, 0xeec6, 0xeec6, 0xff06, 0x6b02, 0x0000, 0x0000,
  0x0000, 0x0000, 0x3181, 0xe686, 0xf6c6, 0xf6e6, 0xd605, 0x18c1,
  0x0000, 0x0000, 0x0000, 0x0000, 0x1080, 0x7b43, 0xc564, 0xde45,
  0xeea6, 0xf6e6, 0xff26, 0xbd44, 0x0020, 0x0000, 0x0000, 0x0000,
  0x0000, 0xbd45, 0xf6e6, 0xeec6, 0xeec6, 0xeec6, 0xeec6, 0xf6c6,
  0xe665, 0x3161, 0x0000, 0x0000, 0x0000, 0x0000, 0x0000, 0x0000,
  0x0000, 0x0000, 0x2941, 0xde25, 0xf6e6, 0xeec6, 0xeec6, 0xeec6,
  0xeec6, 0xeec6, 0xeec6, 0xeec6, 0xeec6, 0xeec6, 0xeec6, 0xeec6,
  0xeec6, 0xeec6, 0xeec6, 0xeec6, 0xeec6, 0xeec6, 0xeec6, 0xeec6,
  0xeec6, 0xeec6, 0xeec6, 0xeec6, 0xeec6, 0xf706, 0x9403, 0x0000,
  0x0000, 0x0000, 0x0000, 0x2941, 0xeea5, 0xf6c6, 0xeec6, 0xeec6,
  0xeec6, 0xeec6, 0xeec6, 0xf6e6, 0xbd44, 0x0000, 0x0000, 0x0000,
  0x0000, 0x0000, 0x83c3, 0xff06, 0xeea6, 0x41c2, 0x0000, 0x0000,
  0x0000, 0x0000, 0x6b02, 0xf6e6, 0xf6c6, 0xeec6, 0xeec6, 0xeec6,
  0xeec6, 0xff06, 0x7b63, 0x0000, 0x0000, 0x0000, 0x0000, 0x3161,
  0xee85, 0xf6c6, 0xf6e6, 0x5a82, 0x0000, 0x0000, 0x0000, 0x0000,
  0x5242, 0xf6c6, 0xf6c6, 0xeec6, 0xeec6, 0xeec6, 0xeec6, 0xf6e6,
  0x9423, 0x0000, 0x0000, 0x0000, 0x0000, 0x18e0, 0xde45, 0xf6c6,
  0xeec6, 0xeec6, 0xeec6, 0xeec6, 0xeec6, 0xeec6, 0xeec6, 0xeec6,
  0xeec6, 0xeec6, 0xeec6, 0xff06, 0x8be3, 0x0000, 0x0000, 0x0000,
  0x0000, 0x0000, 0x0860, 0xa4a4, 0x8be3, 0x0000, 0x0000, 0x0000,
  0x0000, 0x0000, 0x4a22, 0xeea5, 0xf6c6, 0xeec6, 0xeec6, 0xf706,
  0x9c43, 0x0000, 0x0000, 0x0000, 0x0000, 0x0840, 0xc585, 0xf6e6,
  0xeec6, 0xeec6, 0xeec6, 0xeec6, 0xeec6, 0xff06, 0x8be3, 0x0000,
  0x0000, 0x0000, 0x0000, 0x18c0, 0xe666, 0xf6c6, 0xeec6, 0xeec6,
  0xeec6, 0xeec6, 0xeec6, 0xeec6, 0xeec6, 0xeec6, 0xeec6, 0xeec6,
  0xeec6, 0xeec6, 0xeec6, 0xeec6, 0xeec6, 0xeec6, 0xeec6, 0xeec6,
  0xeec6, 0xeec6, 0xeec6, 0xf6e6, 0xa4a4, 0x0000, 0x0000, 0x0000,
  0x0000, 0x1080, 0xcda5, 0xf6e6, 0xeec6, 0xeec6, 0xeec6, 0xf6c6,
  0xe666, 0x18c0, 0x0000, 0x0000, 0x0000, 0x0000, 0x83a3, 0xf6e6,
  0xf6c6, 0xeec6, 0xeec6, 0xeec6, 0xff06, 0x6b02, 0x0000, 0x0000,
  0x0000, 0x0000, 0x3181, 0xe686, 0xf6c6, 0xf6e6, 0x9c84, 0x0000,
  0x0000, 0x0000, 0x0000, 0x0820, 0xa484, 0xff06, 0xf6e6, 0xf6c6,
  0xf6c6, 0xeec6, 0xf6e6, 0xb504, 0x0020, 0x0000, 0x0000, 0x0000,
  0x0000, 0xbd45, 0xf6e6, 0xeec6, 0xeec6, 0xeec6, 0xeec6, 0xf6e6,
  0x7b63, 0x0000, 0x0000, 0x0000, 0x0000, 0x0000, 0x0000, 0x0000,
  0x0000, 0x0000, 0x0000, 0x6b02, 0xf6e6, 0xeec6, 0xeec6, 0xeec6,
  0xeec6, 0xeec6, 0xeec6, 0xf6e6, 0xf6e6, 0xf6e6, 0xf6e6, 0xf6e6,
  0xf6e6, 0xf6c6, 0xeec6, 0xeec6, 0xeec6, 0xeec6, 0xeec6, 0xeec6,
  0xeec6, 0xeec6, 0xeec6, 0xeec6, 0xeec6, 0xf6e6, 0xace4, 0x0000,
  0x0000, 0x0000, 0x0000, 0x1080, 0xcdc5, 0xf6e6, 0xeec6, 0xeec6,
  0xeec6, 0xeec6, 0xeec6, 0xf706, 0xa4c4, 0x0000, 0x0000, 0x0000,
  0x0000, 0x0000, 0x9c63, 0xf706, 0xf6e6, 0x7322, 0x0000, 0x0000,
  0x0000, 0x0000, 0x3161, 0xe686, 0xf6c6, 0xeec6, 0xeec6, 0xeec6,
  0xf6c6, 0xeea5, 0x41c1, 0x0000, 0x0000, 0x0000, 0x0000, 0x62c2,
  0xf6e6, 0xf6c6, 0xf6e6, 0x8be3, 0x0000, 0x0000, 0x0000, 0x0000,
  0x20e1, 0xde46, 0xf6c6, 0xeec6, 0xeec6, 0xeec6, 0xeec6, 0xf6e6,
  0x5a62, 0x0000, 0x0000, 0x0000, 0x0000, 0x4a02, 0xf6c6, 0xf6c6,
  0xeec6, 0xeec6, 0xeec6, 0xeec6, 0xeec6, 0xeec6, 0xeec6, 0xeec6,
  0xeec6, 0xeec6, 0xeec6, 0xff06, 0x8be3, 0x0000, 0x0000, 0x0000,
  0x0000, 0x0840, 0x9c63, 0xff06, 0xe686, 0x39a1, 0x0000, 0x0000,
  0x0000, 0x0000, 0x0000, 0x9c43, 0xf706, 0xeec6, 0xeec6, 0xf6e6,
  0xb524, 0x0020, 0x0000, 0x0000, 0x0000, 0x0000, 0x8be3, 0xff06,
  0xeec6, 0xeec6, 0xeec6, 0xf6c6, 0xf6c6, 0xeea6, 0x41c1, 0x0000,
  0x0000, 0x0000, 0x0000, 0x18c0, 0xe666, 0xf6c6, 0xeec6, 0xeec6,
  0xeec6, 0xeec6, 0xeec6, 0xeec6, 0xeec6, 0xeec6, 0xeec6, 0xeec6,
  0xeec6, 0xeec6, 0xeec6, 0xeec6, 0xeec6, 0xeec6, 0xeec6, 0xeec6,
  0xeec6, 0xeec6, 0xeec6, 0xf6e6, 0xa4a4, 0x0000, 0x0000, 0x0000,
  0x0000, 0x1080, 0xcda5, 0xf6e6, 0xeec6, 0xeec6, 0xeec6, 0xf6c6,
  0xe666, 0x18c0, 0x0000, 0x0000, 0x0000, 0x0000, 0x83a3, 0xf6e6,
  0xf6c6, 0xeec6, 0xeec6, 0xeec6, 0xff06, 0x6b02, 0x0000, 0x0000,
  0x0000, 0x0000, 0x3181, 0xe686, 0xf6c6, 0xff06, 0x7b63, 0x0000,
  0x0000, 0x0000, 0x0000, 0x2940, 0xe665, 0xf6c6, 0xf6c6, 0xeec6,
  0xeec6, 0xeec6, 0xf706, 0x9423, 0x0000, 0x0000, 0x0000, 0x0000,
  0x0000, 0xbd45, 0xf6e6, 0xeec6, 0xeec6, 0xeec6, 0xf6e6, 0xc564,
  0x1080, 0x0000, 0x0000, 0x0000, 0x0000, 0x41c1, 0x41c1, 0x0000,
  0x0000, 0x0000, 0x0000, 0x0840, 0xb504, 0xf6e6, 0xeec6, 0xeec6,
  0xeec6, 0xf6c6, 0xeea6, 0xc5a5, 0xc564, 0xc564, 0xc564, 0xc564,
  0xc585, 0xee85, 0xf6c6, 0xeec6, 0xeec6, 0xeec6, 0xeec6, 0xeec6,
  0xeec6, 0xeec6, 0xeec6, 0xeec6, 0xeec6, 0xf6c6, 0xcde5, 0x1060,
  0x0000, 0x0000, 0x0000, 0x0000, 0x7343, 0xff06, 0xf6c6, 0xeec6,
  0xeec6, 0xeec6, 0xf6c6, 0xf6e6, 0x5262, 0x0000, 0x0000, 0x0000,
  0x0000, 0x0820, 0xc565, 0xf6e6, 0xf6e6, 0xace4, 0x0000, 0x0000,
  0x0000, 0x0000, 0x0020, 0xacc4, 0xff06, 0xeec6, 0xeec6, 0xeec6,
  0xff06, 0xb505, 0x0840, 0x0000, 0x0000, 0x0000, 0x0000, 0xa484,
  0xf6e6, 0xeec6, 0xf6e6, 0xc585, 0x0840, 0x0000, 0x0000, 0x0000,
  0x0000, 0x9424, 0xff06, 0xeec6, 0xeec6, 0xeec6, 0xf6e6, 0xcdc5,
  0x1080, 0x0000, 0x0000, 0x0000, 0x0000, 0x83c3, 0xf6e6, 0xeec6,
  0xeec6, 0xeec6, 0xeec6, 0xeec6, 0xeec6, 0xeec6, 0xeec6, 0xeec6,
  0xeec6, 0xeec6, 0xeec6, 0xff06, 0x8be3, 0x0000, 0x0000, 0x0000,
  0x0000, 0x20e1, 0xde45, 0xf6c6, 0xfee6, 0xace4, 0x0820, 0x0000,
  0x0000, 0x0000, 0x0000, 0x18e1, 0xd5e5, 0xf6e6, 0xeec6, 0xf6e6,
  0xde45, 0x2101, 0x0000, 0x0000, 0x0000, 0x0000, 0x2921, 0xde25,
  0xfee6, 0xf6c6, 0xf6c6, 0xf6c6, 0xff06, 0x9c44, 0x0020, 0x0000,
  0x0000, 0x0000, 0x0000, 0x18c0, 0xe666, 0xf6c6, 0xeec6, 0xeec6,
  0xeec6, 0xeec6, 0xeec6, 0xeec6, 0xeec6, 0xeec6, 0xeec6, 0xeec6,
  0xeec6, 0xeec6, 0xeec6, 0xeec6, 0xeec6, 0xeec6, 0xeec6, 0xeec6,
  0xeec6, 0xeec6, 0xeec6, 0xf6e6, 0xa4a4, 0x0000, 0x0000, 0x0000,
  0x0000, 0x1080, 0xcda5, 0xf6e6, 0xeec6, 0xeec6, 0xeec6, 0xf6c6,
  0xe666, 0x18c0, 0x0000, 0x0000, 0x0000, 0x0000, 0x83a3, 0xf6e6,
  0xf6c6, 0xeec6, 0xeec6, 0xeec6, 0xff06, 0x6b02, 0x0000, 0x0000,
  0x0000, 0x0000, 0x3181, 0xe686, 0xf6c6, 0xff06, 0x7322, 0x0000,
  0x0000, 0x0000, 0x0000, 0x2121, 0xe666, 0xf6c6, 0xeec6, 0xeec6,
  0xeec6, 0xf6e6, 0xeea6, 0x41e2, 0x0000, 0x0000, 0x0000, 0x0000,
  0x0000, 0xbd45, 0xf6e6, 0xeec6, 0xeec6, 0xf6c6, 0xeea6, 0x41e1,
  0x0000, 0x0000, 0x0000, 0x0000, 0x0860, 0xbd64, 0xc585, 0x1060,
  0x0000, 0x0000, 0x0000, 0x0000, 0x3181, 0xe665, 0xf6c6, 0xf6a6,
  0xeec6, 0xf6c6, 0xe666, 0x2941, 0x0860, 0x0860, 0x0860, 0x0860,
  0x18a1, 0xd5e5, 0xf6e6, 0xeea6, 0xeec6, 0xeec6, 0xeec6, 0xeec6,
  0xeec6, 0xeec6, 0xeec6, 0xeec6, 0xeec6, 0xf6c6, 0xeec5, 0x41e2,
  0x0000, 0x0000, 0x0000, 0x0000, 0x0860, 0x9c44, 0xf6c6, 0xff06,
  0xf706, 0xf706, 0xeea6, 0x83c3, 0x0020, 0x0000, 0x0000, 0x0000,
  0x0000, 0x3161, 0xe685, 0xf6c6, 0xf6c6, 0xe665, 0x2941, 0x0000,
  0x0000, 0x0000, 0x0000, 0x3161, 0xd5e5, 0xff06, 0xff06, 0xff06,
  0xd605, 0x3181, 0x0000, 0x0000, 0x0000, 0x0000, 0x2101, 0xde45,
  0xf6c6, 0xf6c6, 0xeec6, 0xeea6, 0x41e2, 0x0000, 0x0000, 0x0000,
  0x0000, 0x20e1, 0xc585, 0xff06, 0xf706, 0xf706, 0xe665, 0x4a22,
  0x0000, 0x0000, 0x0000, 0x0000, 0x1080, 0xcdc5, 0xf6e6, 0xeec6,
  0xeec6, 0xeec6, 0xeec6, 0xeec6, 0xeec6, 0xeec6, 0xeec6, 0xeec6,
  0xeec6, 0xeec6, 0xeec6, 0xff06, 0x8be3, 0x0000, 0x0000, 0x0000,
  0x0000, 0x20e0, 0xde25, 0xf6c6, 0xf6c6, 0xf6c6, 0x5a82, 0x0000,
  0x0000, 0x0000, 0x0000, 0x0000, 0x5aa2, 0xf6c6, 0xf6c6, 0xeec6,
  0xf6e6, 0x62c2, 0x0000, 0x0000, 0x0000, 0x0000, 0x0000, 0x41c2,
  0xc585, 0xeea6, 0xf6c6, 0xe665, 0x9423, 0x1081, 0x0000, 0x0000,
  0x0000, 0x0000, 0x0000, 0x18c0, 0xe666, 0xf6c6, 0xeec6, 0xeec6,
  0xeec6, 0xeec6, 0xeec6, 0xeec6, 0xeec6, 0xeec6, 0xeec6, 0xeec6,
  0xeec6, 0xeec6, 0xeec6, 0xeec6, 0xeec6, 0xeec6, 0xeec6, 0xeec6,
  0xeec6, 0xeec6, 0xeec6, 0xf6e6, 0xa4a4, 0x0000, 0x0000, 0x0000,
  0x0000, 0x1080, 0xcda5, 0xf6e6, 0xeec6, 0xeec6, 0xeec6, 0xf6c6,
  0xe666, 0x18c0, 0x0000, 0x0000, 0x0000, 0x0000, 0x83a3, 0xf6e6,
  0xf6c6, 0xeec6, 0xeec6, 0xeec6, 0xff06, 0x6b02, 0x0000, 0x0000,
  0x0000, 0x0000, 0x3181, 0xe686, 0xf6c6, 0xf6e6, 0x9403, 0x0000,
  0x0000, 0x0000, 0x0000, 0x0020, 0x9423, 0xf6e6, 0xff06, 0xfee6,
  0xf6e6, 0xe666, 0x7343, 0x0000, 0x0000, 0x0000, 0x0000, 0x0000,
  0x0000, 0xbd45, 0xf6e6, 0xeec6, 0xeec6, 0xf6e6, 0x9403, 0x0000,
  0x0000, 0x0000, 0x0000, 0x0000, 0x6b02, 0xf6e6, 0xf6e6, 0x7343,
  0x0000, 0x0000, 0x0000, 0x0000, 0x0000, 0x7b83, 0xf6e6, 0xeec6,
  0xeec6, 0xf6c6, 0xe666, 0x20e1, 0x0000, 0x0000, 0x0000, 0x0000,
  0x0840, 0xd5e5, 0xf6e6, 0xeec6, 0xeec6, 0xeec6, 0xeec6, 0xeec6,
  0xeec6, 0xeec6, 0xeec6, 0xeec6, 0xeec6, 0xf6c6, 0xf6e6, 0xa4a4,
  0x0000, 0x0000, 0x0000, 0x0000, 0x0000, 0x0020, 0x5242, 0x8c03,
  0x9c64, 0x8be3, 0x41e1, 0x0000, 0x0000, 0x0000, 0x0000, 0x0000,
  0x0000, 0x9403, 0xfee6, 0xeec6, 0xeec6, 0xf6e6, 0x83c3, 0x0000,
  0x0000, 0x0000, 0x0000, 0x0000, 0x2101, 0x83a3, 0x9c64, 0x83a3,
  0x2921, 0x0000, 0x0000, 0x0000, 0x0000, 0x0000, 0x7b83, 0xf6e6,
  0xeec6, 0xf6a6, 0xeec6, 0xf6e6, 0xa484, 0x0000, 0x0000, 0x0000,
  0x0000, 0x0000, 0x18c0, 0x7b63, 0x9c64, 0x8be3, 0x3181, 0x0000,
  0x0000, 0x0000, 0x0000, 0x0000, 0x62c2, 0xf6e6, 0xeec6, 0xeec6,
  0xeec6, 0xeec6, 0xeec6, 0xeec6, 0xeec6, 0xeec6, 0xeec6, 0xeec6,
  0xeec6, 0xeec6, 0xeec6, 0xff06, 0x8be3, 0x0000, 0x0000, 0x0000,
  0x0000, 0x20e0, 0xde25, 0xf6c6, 0xeec6, 0xf6e6, 0xcdc5, 0x10a0,
  0x0000, 0x0000, 0x0000, 0x0000, 0x0020, 0xaca4, 0xf706, 0xf6c6,
  0xf6e6, 0xc564, 0x1061, 0x0000, 0x0000, 0x0000, 0x0000, 0x0000,
  0x1080, 0x39a1, 0x41c1, 0x2921, 0x0000, 0x0000, 0x0000, 0x0000,
  0x0000, 0x0000, 0x0000, 0x18c0, 0xe666, 0xf6c6, 0xeec6, 0xeec6,
  0xeec6, 0xeec6, 0xeec6, 0xeec6, 0xeec6, 0xeec6, 0xeec6, 0xeec6,
  0xeec6, 0xeec6, 0xeec6, 0xeec6, 0xeec6, 0xeec6, 0xeec6, 0xeec6,
  0xeec6, 0xeec6, 0xeec6, 0xf6e6, 0xa4a4, 0x0000, 0x0000, 0x0000,
  0x0000, 0x1080, 0xcda5, 0xf6e6, 0xeec6, 0xeec6, 0xeec6, 0xf6c6,
  0xe666, 0x18c0, 0x0000, 0x0000, 0x0000, 0x0000, 0x83a3, 0xf6e6,
  0xf6c6, 0xeec6, 0xeec6, 0xeec6, 0xff06, 0x6b02, 0x0000, 0x0000,
  0x0000, 0x0000, 0x3181, 0xe686, 0xf6c6, 0xf6e6, 0xc565, 0x0840,
  0x0000, 0x0000, 0x0000, 0x0000, 0x0840, 0x4a22, 0x7b63, 0x83c3,
  0x6b02, 0x3161, 0x0000, 0x0000, 0x0000, 0x0000, 0x0000, 0x0000,
  0x0000, 0xbd24, 0xf6e6, 0xeec6, 0xf6e6, 0xd5e5, 0x18c0, 0x0000,
  0x0000, 0x0000, 0x0000, 0x2101, 0xde25, 0xf6e6, 0xf6c6, 0xde45,
  0x2921, 0x0000, 0x0000, 0x0000, 0x0000, 0x1080, 0xc565, 0xf6e6,
  0xeec6, 0xf6c6, 0xe665, 0x20e1, 0x0000, 0x0000, 0x0000, 0x0000,
  0x0840, 0xd5e5, 0xf6c6, 0xeec6, 0xeec6, 0xeec6, 0xeec6, 0xeec6,
  0xeec6, 0xeec6, 0xeec6, 0xeec6, 0xeec6, 0xeec6, 0xeec6, 0xeec6,
  0x5242, 0x0000, 0x0000, 0x0000, 0x0000, 0x0000, 0x0000, 0x0000,
  0x0000, 0x0000, 0x0000, 0x0000, 0x0000, 0x0000, 0x0000, 0x0000,
  0x4a01, 0xee86, 0xf6c6, 0xeec6, 0xeec6, 0xf6c6, 0xe665, 0x3181,
  0x0000, 0x0000, 0x0000, 0x0000, 0x0000, 0x0000, 0x0000, 0x0000,
  0x0000, 0x0000, 0x0000, 0x0000, 0x0000, 0x3161, 0xde45, 0xf6c6,
  0xeec6, 0xeec6, 0xeec6, 0xf6c6, 0xeea6, 0x4a02, 0x0000, 0x0000,
  0x0000, 0x0000, 0x0000, 0x0000, 0x0000, 0x0000, 0x0000, 0x0000,
  0x0000, 0x0000, 0x0000, 0x18c0, 0xd5e5, 0xf6e6, 0xeec6, 0xeec6,
  0xeec6, 0xeec6, 0xeec6, 0xeec6, 0xeec6, 0xeec6, 0xeec6, 0xeec6,
  0xeec6, 0xeec6, 0xeec6, 0xff06, 0x8be3, 0x0000, 0x0000, 0x0000,
  0x0000, 0x20e0, 0xde25, 0xf6c6, 0xeea6, 0xeec6, 0xf6e6, 0x83a3,
  0x0000, 0x0000, 0x0000, 0x0000, 0x0000, 0x2921, 0xde45, 0xf6c6,
  0xf6c6, 0xf6e6, 0x7b83, 0x0000, 0x0000, 0x0000, 0x0000, 0x0000,
  0x0000, 0x0000, 0x0000, 0x0000, 0x0000, 0x0000, 0x3181, 0x0840,
  0x0000, 0x0000, 0x0000, 0x18c0, 0xe666, 0xf6c6, 0xeec6, 0xeec6,
  0xeec6, 0xeec6, 0xeec6, 0xeec6, 0xeec6, 0xeec6, 0xeec6, 0xeec6,
  0xeec6, 0xeec6, 0xeec6, 0xeec6, 0xeec6, 0xeec6, 0xeec6, 0xeec6,
  0xeec6, 0xeec6, 0xeec6, 0xf6e6, 0xa4a4, 0x0000, 0x0000, 0x0000,
  0x0000, 0x1080, 0xcda5, 0xf6e6, 0xeec6, 0xeec6, 0xeec6, 0xf6c6,
  0xe666, 0x18c0, 0x0000, 0x0000, 0x0000, 0x0000, 0x83a3, 0xf6e6,
  0xf6c6, 0xeec6, 0xeec6, 0xeec6, 0xff06, 0x6b02, 0x0000, 0x0000,
  0x0000, 0x0000, 0x3181, 0xe686, 0xf6c6, 0xeec6, 0xf6c6, 0x5a62,
  0x0000, 0x0000, 0x0000, 0x0000, 0x0000, 0x0000, 0x0000, 0x0000,
  0x0000, 0x0000, 0x0000, 0x0840, 0x0020, 0x0000, 0x0000, 0x0000,
  0x0000, 0xacc4, 0xf6e6, 0xf6c6, 0xeec6, 0x5a82, 0x0000, 0x0000,
  0x0000, 0x0000, 0x0000, 0x9c64, 0xf6e6, 0xf6a6, 0xeec6, 0xf6e6,
  0xa484, 0x0020, 0x0000, 0x0000, 0x0000, 0x0000, 0x41e2, 0xee86,
  0xf6c6, 0xf6c6, 0xe666, 0x20e1, 0x0000, 0x0000, 0x0000, 0x0000,
  0x0840, 0xd5e5, 0xf6e6, 0xeec6, 0xeec6, 0xeec6, 0xeec6, 0xeec6,
  0xeec6, 0xeec6, 0xeec6, 0xeec6, 0xeec6, 0xeec6, 0xeec6, 0xf6e6,
  0xde25, 0x39c1, 0x0000, 0x0000, 0x0000, 0x0000, 0x0000, 0x0000,
  0x0000, 0x0000, 0x0000, 0x0000, 0x0000, 0x0000, 0x0000, 0x39c1,
  0xde25, 0xf6e6, 0xeec6, 0xeec6, 0xeec6, 0xeec6, 0xf6e6, 0xc564,
  0x18c1, 0x0000, 0x0000, 0x0000, 0x0000, 0x0000, 0x0000, 0x0000,
  0x0000, 0x0000, 0x0000, 0x0000, 0x18a0, 0xbd44, 0xf6e6, 0xeec6,
  0xeec6, 0xeec6, 0xeec6, 0xeec6, 0xf6e6, 0xd5e5, 0x2941, 0x0000,
  0x0000, 0x0000, 0x0000, 0x0000, 0x0000, 0x0000, 0x0000, 0x0000,
  0x0000, 0x0000, 0x0840, 0xa4a4, 0xf6e6, 0xf6c6, 0xeec6, 0xeec6,
  0xeec6, 0xeec6, 0xeec6, 0xeec6, 0xeec6, 0xeec6, 0xeec6, 0xeec6,
  0xeec6, 0xeec6, 0xeec6, 0xff06, 0x8be3, 0x0000, 0x0000, 0x0000,
  0x0000, 0x20e0, 0xde25, 0xf6c6, 0xeec6, 0xeec6, 0xf6c6, 0xe665,
  0x3161, 0x0000, 0x0000, 0x0000, 0x0000, 0x0000, 0x7322, 0xf6e6,
  0xf6c6, 0xf6c6, 0xeea6, 0x6b03, 0x0000, 0x0000, 0x0000, 0x0000,
  0x0000, 0x0000, 0x0000, 0x0000, 0x0000, 0x4a01, 0xacc4, 0x0860,
  0x0000, 0x0000, 0x0000, 0x18c0, 0xe665, 0xf6c6, 0xeec6, 0xeec6,
  0xeec6, 0xeec6, 0xeec6, 0xeec6, 0xeec6, 0xeec6, 0xeec6, 0xeec6,
  0xeec6, 0xeec6, 0xeec6, 0xeec6, 0xeec6, 0xeec6, 0xeec6, 0xeec6,
  0xeec6, 0xeec6, 0xeec6, 0xf6e6, 0xa484, 0x0000, 0x0000, 0x0000,
  0x0000, 0x0860, 0xcda5, 0xf6e6, 0xeec6, 0xeec6, 0xeec6, 0xf6c6,
  0xe666, 0x18a0, 0x0000, 0x0000, 0x0000, 0x0000, 0x83a3, 0xf6e6,
  0xf6c6, 0xeec6, 0xeec6, 0xeec6, 0xff06, 0x6ae2, 0x0000, 0x0000,
  0x0000, 0x0000, 0x3161, 0xe686, 0xf6c6, 0xeec6, 0xf6c6, 0xde25,
  0x39c1, 0x0000, 0x0000, 0x0000, 0x0000, 0x0000, 0x0000, 0x0000,
  0x0000, 0x0000, 0x2941, 0xa4a4, 0x2920, 0x0000, 0x0000, 0x0000,
  0x0000, 0x8be3, 0xfee6, 0xf6e6, 0xa484, 0x0000, 0x0000, 0x0000,
  0x0000, 0x0000, 0x4a22, 0xeea6, 0xf6c6, 0xeec6, 0xeec6, 0xf6c6,
  0xeec6, 0x5242, 0x0000, 0x0000, 0x0000, 0x0000, 0x0000, 0x83c3,
  0xf6e6, 0xf6c6, 0xe666, 0x18c0, 0x0000, 0x0000, 0x0000, 0x0000,
  0x0820, 0xd5e5, 0xf6e6, 0xeec6, 0xeec6, 0xeec6, 0xeec6, 0xeec6,
  0xeec6, 0xeec6, 0xeec6, 0xeec6, 0xeec6, 0xeec6, 0xeec6, 0xeec6,
  0xf6e6, 0xde46, 0x62c2, 0x0840, 0x0000, 0x0000, 0x0000, 0x0000,
  0x0000, 0x0000, 0x0000, 0x0000, 0x0000, 0x0840, 0x6ae2, 0xde45,
  0xf6e6, 0xeec6, 0xeec6, 0xeec6, 0xeec6, 0xeec6, 0xeec6, 0xf6e6,
  0xbd44, 0x3161, 0x0000, 0x0000, 0x0000, 0x0000, 0x0000, 0x0000,
  0x0000, 0x0000, 0x0000, 0x2941, 0xbd44, 0xf6e6, 0xeec6, 0xeec6,
  0xeec6, 0xeec6, 0xeec6, 0xeec6, 0xeea6, 0xf6e6, 0xcdc5, 0x41c1,
  0x0000, 0x0000, 0x0000, 0x0000, 0x0000, 0x0000, 0x0000, 0x0000,
  0x0000, 0x20e1, 0xacc4, 0xf6e6, 0xeec6, 0xeec6, 0xeec6, 0xeec6,
  0xeec6, 0xeec6, 0xeec6, 0xeec6, 0xeec6, 0xeec6, 0xeec6, 0xeec6,
  0xeec6, 0xeec6, 0xeec6, 0xff06, 0x8bc3, 0x0000, 0x0000, 0x0000,
  0x0000, 0x18c0, 0xde25, 0xf6c6, 0xeec6, 0xeec6, 0xeec6, 0xf6e6,
  0xa4a4, 0x0000, 0x0000, 0x0000, 0x0000, 0x0000, 0x0020, 0xb504,
  0xf6e6, 0xeec6, 0xf6c6, 0xf6c6, 0x9c64, 0x3181, 0x0820, 0x0000,
  0x0000, 0x0000, 0x0000, 0x18c0, 0x7343, 0xe685, 0xc565, 0x0840,
  0x0000, 0x0000, 0x0000, 0x18c1, 0xe665, 0xf6c6, 0xeec6, 0xeec6,
  0xeec6, 0xeec6, 0xeec6, 0xeec6, 0xeec6, 0xeec6, 0xeec6, 0xeec6,
  0xeec6, 0xeec6, 0xeec6, 0xeec6, 0xeec6, 0xeec6, 0xeec6, 0xeec6,
  0xeec6, 0xeec6, 0xeec6, 0xf6e6, 0xace4, 0x20e0, 0x2101, 0x2101,
  0x2100, 0x3161, 0xd5e5, 0xf6c6, 0xeec6, 0xeec6, 0xeec6, 0xf6c6,
  0xe666, 0x39a1, 0x20e1, 0x2100, 0x2100, 0x20e0, 0x9423, 0xf6e6,
  0xf6c6, 0xeec6, 0xeec6, 0xeec6, 0xfee6, 0x7b83, 0x20e0, 0x2100,
  0x2100, 0x20e0, 0x5242, 0xee86, 0xf6c6, 0xeec6, 0xf6a6, 0xf6e6,
  0xe645, 0x7b82, 0x2941, 0x0860, 0x0000, 0x0000, 0x0020, 0x1080,
  0x3981, 0x83c3, 0xde45, 0xf706, 0x5aa2, 0x20e0, 0x2100, 0x2101,
  0x20e1, 0x6b03, 0xf6e6, 0xe665, 0x4a22, 0x20e1, 0x2101, 0x2101,
  0x2101, 0x2941, 0xc585, 0xf6e6, 0xf6c6, 0xeec6, 0xeec6, 0xeec6,
  0xf6e6, 0xcda5, 0x2941, 0x2101, 0x2101, 0x2101, 0x2101, 0x39a1,
  0xde05, 0xf6e6, 0xe666, 0x39a1, 0x20e0, 0x20e0, 0x20e0, 0x20e0,
  0x2941, 0xd605, 0xf6c6, 0xeec6, 0xeec6, 0xeec6, 0xeec6, 0xeec6,
  0xeec6, 0xeec6, 0xeec6, 0xeec6, 0xeec6, 0xeec6, 0xeec6, 0xeec6,
  0xeea6, 0xf6c6, 0xf6c6, 0xbd24, 0x62c2, 0x2100, 0x0860, 0x0000,
  0x0000, 0x0000, 0x1060, 0x2921, 0x6b02, 0xc565, 0xf6e6, 0xf6e6,
  0xeec6, 0xeec6, 0xeec6, 0xeec6, 0xeec6, 0xeec6, 0xeec6, 0xeec6,
  0xf6e6, 0xde45, 0x83c3, 0x3181, 0x1080, 0x0000, 0x0000, 0x0000,
  0x1080, 0x3181, 0x83a3, 0xde45, 0xf6e6, 0xeec6, 0xeec6, 0xeec6,
  0xeec6, 0xeec6, 0xeec6, 0xeec6, 0xeec6, 0xeea6, 0xf6e6, 0xe685,
  0x9423, 0x39a1, 0x1080, 0x0020, 0x0000, 0x0000, 0x1060, 0x2941,
  0x7362, 0xd605, 0xf6e6, 0xeec6, 0xeea6, 0xf6c6, 0xeec6, 0xeec6,
  0xeec6, 0xeec6, 0xeec6, 0xeec6, 0xeec6, 0xeec6, 0xeec6, 0xeec6,
  0xeec6, 0xeec6, 0xeec6, 0xf6e6, 0x9c44, 0x20e0, 0x2100, 0x2100,
  0x20e0, 0x39c1, 0xde45, 0xf6c6, 0xeec6, 0xeec6, 0xeec6, 0xf6c6,
  0xeec6, 0x62a2, 0x20e1, 0x2101, 0x2101, 0x2101, 0x20e1, 0x5aa2,
  0xeea6, 0xf6c6, 0xf6c6, 0xf6c6, 0xf706, 0xee86, 0xbd44, 0x9443,
  0x7b83, 0x83a3, 0xaca4, 0xd605, 0xf6e6, 0xff06, 0xbd24, 0x0020,
  0x0000, 0x0000, 0x0000, 0x2101, 0xe665, 0xf6c6, 0xeec6, 0xeec6,
  0xeec6, 0xeec6, 0xeec6, 0xeec6, 0xeec6, 0xeec6, 0xeec6, 0xeec6,
  0xeec6, 0xeec6, 0xeec6, 0xeec6, 0xeec6, 0xeec6, 0xeec6, 0xeec6,
  0xeec6, 0xeec6, 0xeec6, 0xeec6, 0xeea6, 0xe686, 0xe686, 0xe686,
  0xe686, 0xe686, 0xeea6, 0xeec6, 0xeec6, 0xeec6, 0xeec6, 0xeec6,
  0xeec6, 0xee86, 0xe686, 0xe686, 0xe686, 0xe686, 0xeea6, 0xeec6,
  0xeec6, 0xeec6, 0xeec6, 0xeec6, 0xeec6, 0xeea6, 0xe686, 0xe686,
  0xe686, 0xe686, 0xee86, 0xeec6, 0xeec6, 0xeec6, 0xeec6, 0xeec6,
  0xf6c6, 0xf6e6, 0xe666, 0xc5a4, 0xace4, 0xacc4, 0xbd24, 0xd5e5,
  0xeea6, 0xf6e6, 0xf6c6, 0xeec6, 0xeea6, 0xe686, 0xe686, 0xe686,
  0xe686, 0xee86, 0xeec6, 0xeea6, 0xe666, 0xe686, 0xe686, 0xe686,
  0xe686, 0xee86, 0xf6c6, 0xeec6, 0xeec6, 0xeec6, 0xeec6, 0xeec6,
  0xeec6, 0xf6c6, 0xee86, 0xe686, 0xe686, 0xe686, 0xe686, 0xe666,
  0xeea6, 0xeec6, 0xeea6, 0xe666, 0xe665, 0xe665, 0xe666, 0xe666,
  0xe665, 0xeea6, 0xeec6, 0xeec6, 0xeec6, 0xeec6, 0xeec6, 0xeec6,
  0xeec6, 0xeec6, 0xeec6, 0xeec6, 0xeec6, 0xeec6, 0xeec6, 0xeec6,
  0xeec6, 0xeec6, 0xeec6, 0xf6e6, 0xf6e6, 0xe665, 0xcda5, 0xb504,
  0xa4c4, 0xb504, 0xcda5, 0xe665, 0xf6e6, 0xf6e6, 0xf6c6, 0xeec6,
  0xeec6, 0xeec6, 0xeec6, 0xeec6, 0xeec6, 0xeec6, 0xeec6, 0xeec6,
  0xeec6, 0xf6c6, 0xf6e6, 0xee86, 0xcdc5, 0xb524, 0xacc4, 0xb524,
  0xcdc5, 0xee86, 0xf6e6, 0xf6c6, 0xeec6, 0xeec6, 0xeec6, 0xeec6,
  0xeec6, 0xeec6, 0xeec6, 0xeec6, 0xeec6, 0xeec6, 0xeec6, 0xf6c6,
  0xf6e6, 0xeea6, 0xd5e5, 0xb524, 0xacc4, 0xb504, 0xcda5, 0xe686,
  0xf6e6, 0xf6c6, 0xeec6, 0xeec6, 0xeec6, 0xeec6, 0xeec6, 0xeec6,
  0xeec6, 0xeec6, 0xeec6, 0xeec6, 0xeec6, 0xeec6, 0xeec6, 0xeec6,
  0xeec6, 0xeec6, 0xeec6, 0xeec6, 0xeea6, 0xe686, 0xe686, 0xe686,
  0xe686, 0xee86, 0xeea6, 0xeec6, 0xeec6, 0xeec6, 0xeec6, 0xeec6,
  0xf6c6, 0xeea6, 0xe686, 0xe686, 0xe686, 0xe686, 0xe686, 0xe665,
  0xeea6, 0xeea6, 0xeea6, 0xeea6, 0xeea6, 0xeea6, 0xf6e6, 0xfee6,
  0xff06, 0xff06, 0xf6e6, 0xf6c6, 0xeec6, 0xf6e6, 0xa484, 0x0000,
  0x0000, 0x0000, 0x0000, 0x39c1, 0xeea6, 0xf6c6, 0xeec6, 0xeec6,
  0xeec6, 0xeec6, 0xeec6, 0xeec6, 0xeec6, 0xeec6, 0xeec6, 0xeec6,
  0xeec6, 0xeec6, 0xeec6, 0xeec6, 0xeec6, 0xeec6, 0xeec6, 0xeec6,
  0xeec6, 0xeec6, 0xeec6, 0xeec6, 0xf6c6, 0xf6c6, 0xf6c6, 0xf6c6,
  0xf6c6, 0xf6c6, 0xeec6, 0xeec6, 0xeec6, 0xeec6, 0xeec6, 0xeec6,
  0xeec6, 0xf6c6, 0xf6c6, 0xf6c6, 0xf6c6, 0xf6c6, 0xf6c6, 0xeec6,
  0xeec6, 0xeec6, 0xeec6, 0xeec6, 0xeec6, 0xf6c6, 0xf6c6, 0xf6c6,
  0xf6c6, 0xf6c6, 0xf6c6, 0xeec6, 0xeec6, 0xeec6, 0xeec6, 0xeec6,
  0xeec6, 0xf6c6, 0xf6c6, 0xf6e6, 0xf6e6, 0xf6e6, 0xf6e6, 0xf6c6,
  0xf6c6, 0xf6c6, 0xeec6, 0xeec6, 0xf6c6, 0xf6c6, 0xf6c6, 0xf6c6,
  0xf6c6, 0xf6c6, 0xeec6, 0xeec6, 0xf6c6, 0xf6c6, 0xf6c6, 0xf6c6,
  0xf6c6, 0xf6c6, 0xeec6, 0xeec6, 0xeec6, 0xeec6, 0xeec6, 0xeec6,
  0xeec6, 0xeec6, 0xf6c6, 0xf6c6, 0xf6c6, 0xf6c6, 0xf6c6, 0xf6c6,
  0xeec6, 0xeec6, 0xeec6, 0xf6c6, 0xf6c6, 0xf6c6, 0xf6c6, 0xf6c6,
  0xf6c6, 0xeec6, 0xeec6, 0xeec6, 0xeec6, 0xeec6, 0xeec6, 0xeec6,
  0xeec6, 0xeec6, 0xeec6, 0xeec6, 0xeec6, 0xeec6, 0xeec6, 0xeec6,
  0xeec6, 0xeec6, 0xeec6, 0xeec6, 0xf6c6, 0xf6c6, 0xf6e6, 0xf6e6,
  0xf6e6, 0xf6e6, 0xf6e6, 0xf6c6, 0xeec6, 0xeec6, 0xeec6, 0xeec6,
  0xeec6, 0xeec6, 0xeec6, 0xeec6, 0xeec6, 0xeec6, 0xeec6, 0xeec6,
  0xeec6, 0xeec6, 0xeec6, 0xf6c6, 0xf6c6, 0xf6e6, 0xf706, 0xf6e6,
  0xf6c6, 0xf6c6, 0xeec6, 0xeec6, 0xeec6, 0xeec6, 0xeec6, 0xeec6,
  0xeec6, 0xeec6, 0xeec6, 0xeec6, 0xeec6, 0xeec6, 0xeec6, 0xf6c6,
  0xeec6, 0xf6c6, 0xf6e6, 0xf6e6, 0xf706, 0xf6e6, 0xf6e6, 0xf6c6,
  0xeec6, 0xeec6, 0xeec6, 0xeec6, 0xeec6, 0xeec6, 0xeec6, 0xeec6,
  0xeec6, 0xeec6, 0xeec6, 0xeec6, 0xeec6, 0xeec6, 0xeec6, 0xeec6,
  0xeec6, 0xeec6, 0xeec6, 0xeec6, 0xf6c6, 0xf6c6, 0xf6c6, 0xf6c6,
  0xf6c6, 0xf6c6, 0xeec6, 0xeec6, 0xeec6, 0xeec6, 0xeec6, 0xeec6,
  0xeec6, 0xf6c6, 0xf6c6, 0xf6c6, 0xf6c6, 0xf6c6, 0xf6c6, 0xf6c6,
  0xeea6, 0x62c2, 0x39c1, 0x41c1, 0x41c1, 0x39a1, 0x8bc3, 0xf6e6,
  0xf6c6, 0xeec6, 0xeec6, 0xeec6, 0xeec6, 0xf6e6, 0x62a2, 0x0000,
  0x0000, 0x0000, 0x0000, 0x62c2, 0xf6e6, 0xeec6, 0xeec6, 0xeec6,
  0xeec6, 0xeec6, 0xeec6, 0xeec6, 0xeec6, 0xeec6, 0xeec6, 0xeec6,
  0xeec6, 0xeec6, 0xeec6, 0xeec6, 0xeec6, 0xeec6, 0xeec6, 0xeec6,
  0xeec6, 0xeec6, 0xeec6, 0xeec6, 0xeec6, 0xeec6, 0xeec6, 0xeec6,
  0xeec6, 0xeec6, 0xeec6, 0xeec6, 0xeec6, 0xeec6, 0xeec6, 0xeec6,
  0xeec6, 0xeec6, 0xeec6, 0xeec6, 0xeec6, 0xeec6, 0xeec6, 0xeec6,
  0xeec6, 0xeec6, 0xeec6, 0xeec6, 0xeec6, 0xeec6, 0xeec6, 0xeec6,
  0xeec6, 0xeec6, 0xeec6, 0xeec6, 0xeec6, 0xeec6, 0xeec6, 0xeec6,
  0xeec6, 0xeec6, 0xeec6, 0xeec6, 0xeec6, 0xeec6, 0xeec6, 0xeec6,
  0xeec6, 0xeec6, 0xeec6, 0xeec6, 0xeec6, 0xeec6, 0xeec6, 0xeec6,
  0xeec6, 0xeec6, 0xeec6, 0xeec6, 0xeec6, 0xeec6, 0xeec6, 0xeec6,
  0xeec6, 0xeec6, 0xeec6, 0xeec6, 0xeec6, 0xeec6, 0xeec6, 0xeec6,
  0xeec6, 0xeec6, 0xeec6, 0xeec6, 0xeec6, 0xeec6, 0xeec6, 0xeec6,
  0xeec6, 0xeec6, 0xeec6, 0xeea6, 0xeec6, 0xeec6, 0xeec6, 0xeec6,
  0xeec6, 0xf6c6, 0xeec6, 0xeec6, 0xeec6, 0xeec6, 0xeec6, 0xeec6,
  0xeec6, 0xeec6, 0xeec6, 0xeec6, 0xeec6, 0xeec6, 0xeec6, 0xeec6,
  0xeec6, 0xeec6, 0xeec6, 0xeec6, 0xeec6, 0xeec6, 0xeec6, 0xeec6,
  0xeec6, 0xeec6, 0xeec6, 0xeec6, 0xeec6, 0xeec6, 0xeec6, 0xeec6,
  0xeec6, 0xeec6, 0xeec6, 0xeec6, 0xeec6, 0xeec6, 0xeec6, 0xeec6,
  0xeec6, 0xeec6, 0xeea6, 0xeec6, 0xeec6, 0xeec6, 0xf6c6, 0xf6c6,
  0xeea6, 0xeec6, 0xeec6, 0xeec6, 0xeec6, 0xeec6, 0xeec6, 0xeec6,
  0xeec6, 0xeec6, 0xeec6, 0xeec6, 0xeec6, 0xeec6, 0xeec6, 0xf6c6,
  0xeec6, 0xeec6, 0xeec6, 0xf6c6, 0xeec6, 0xeec6, 0xeec6, 0xf6a6,
  0xeec6, 0xeec6, 0xeec6, 0xeec6, 0xeec6, 0xeec6, 0xeec6, 0xeec6,
  0xeec6, 0xeec6, 0xeec6, 0xeec6, 0xeec6, 0xeec6, 0xeec6, 0xeec6,
  0xeec6, 0xeec6, 0xeec6, 0xeec6, 0xeec6, 0xeec6, 0xeec6, 0xeec6,
  0xeec6, 0xeec6, 0xeec6, 0xeec6, 0xeec6, 0xeec6, 0xeec6, 0xeec6,
  0xeec6, 0xeec6, 0xeec6, 0xeec6, 0xeec6, 0xeec6, 0xeec6, 0xf6c6,
  0xf6c6, 0x5242, 0x0000, 0x0000, 0x0000, 0x0000, 0x10a0, 0xc585,
  0xff06, 0xf6e6, 0xf6e6, 0xf6e6, 0xff06, 0xacc4, 0x0860, 0x0000,
  0x0000, 0x0000, 0x0000, 0xacc4, 0xf6e6, 0xeec6, 0xeec6, 0xeec6,
  0xeec6, 0xeec6, 0xeec6, 0xeec6, 0xeec6, 0xeec6, 0xeec6, 0xeec6,
  0xeec6, 0xeec6, 0xeec6, 0xeec6, 0xeec6, 0xeec6, 0xeec6, 0xeec6,
  0xeec6, 0xeec6, 0xeec6, 0xeec6, 0xeec6, 0xeec6, 0xeec6, 0xeec6,
  0xeec6, 0xeec6, 0xeec6, 0xeec6, 0xeec6, 0xeec6, 0xeec6, 0xeec6,
  0xeec6, 0xeec6, 0xeec6, 0xeec6, 0xeec6, 0xeec6, 0xeec6, 0xeec6,
  0xeec6, 0xeec6, 0xeec6, 0xeec6, 0xeec6, 0xeec6, 0xeec6, 0xeec6,
  0xeec6, 0xeec6, 0xeec6, 0xeec6, 0xeec6, 0xeec6, 0xeec6, 0xeec6,
  0xeec6, 0xeec6, 0xeec6, 0xeec6, 0xeec6, 0xeec6, 0xeec6, 0xeec6,
  0xeec6, 0xeec6, 0xeec6, 0xeec6, 0xeec6, 0xeec6, 0xeec6, 0xeec6,
  0xeec6, 0xeec6, 0xeec6, 0xeec6, 0xeec6, 0xeec6, 0xeec6, 0xeec6,
  0xeec6, 0xeec6, 0xeec6, 0xeec6, 0xeec6, 0xeec6, 0xeec6, 0xeec6,
  0xeec6, 0xeec6, 0xeec6, 0xeec6, 0xeec6, 0xeec6, 0xeec6, 0xeec6,
  0xeec6, 0xeec6, 0xeec6, 0xeec6, 0xeec6, 0xeec6, 0xeec6, 0xeec6,
  0xeec6, 0xeec6, 0xeec6, 0xeec6, 0xeec6, 0xeec6, 0xeec6, 0xeec6,
  0xeec6, 0xeec6, 0xeec6, 0xeec6, 0xeec6, 0xeec6, 0xeec6, 0xeec6,
  0xeec6, 0xeec6, 0xeec6, 0xeec6, 0xeec6, 0xeec6, 0xeec6, 0xeec6,
  0xeec6, 0xeec6, 0xeec6, 0xeec6, 0xeec6, 0xeec6, 0xeec6, 0xeec6,
  0xeec6, 0xeec6, 0xeec6, 0xeec6, 0xeec6, 0xeec6, 0xeec6, 0xeec6,
  0xeec6, 0xeec6, 0xeec6, 0xeec6, 0xeec6, 0xeec6, 0xeec6, 0xeec6,
  0xeec6, 0xeec6, 0xeec6, 0xeec6, 0xeec6, 0xeec6, 0xeec6, 0xeec6,
  0xeec6, 0xeec6, 0xeec6, 0xeec6, 0xeec6, 0xeec6, 0xeec6, 0xeec6,
  0xeec6, 0xeec6, 0xeec6, 0xeec6, 0xeec6, 0xeec6, 0xeec6, 0xeec6,
  0xeec6, 0xeec6, 0xeec6, 0xeec6, 0xeec6, 0xeec6, 0xeec6, 0xeec6,
  0xeec6, 0xeec6, 0xeec6, 0xeec6, 0xeec6, 0xeec6, 0xeec6, 0xeec6,
  0xeec6, 0xeec6, 0xeec6, 0xeec6, 0xeec6, 0xeec6, 0xeec6, 0xeec6,
  0xeec6, 0xeec6, 0xeec6, 0xeec6, 0xeec6, 0xeec6, 0xeec6, 0xeec6,
  0xeec6, 0xeec6, 0xeec6, 0xeec6, 0xeec6, 0xeec6, 0xeec6, 0xeec6,
  0xf6e6, 0xa4a4, 0x0000, 0x0000, 0x0000, 0x0000, 0x0000, 0x20e1,
  0x83c3, 0xbd64, 0xcdc5, 0xbd44, 0x7b62, 0x1080, 0x0000, 0x0000,
  0x0000, 0x0000, 0x39a1, 0xee86, 0xf6c6, 0xeec6, 0xeec6, 0xeec6,
  0xeec6, 0xeec6, 0xeec6, 0xeec6, 0xeec6, 0xeec6, 0xeec6, 0xeec6,
  0xeec6, 0xeec6, 0xeec6, 0xeec6, 0xeec6, 0xeec6, 0xeec6, 0xeec6,
  0xeec6, 0xeec6, 0xeec6, 0xeec6, 0xeec6, 0xeec6, 0xeec6, 0xeec6,
  0xeec6, 0xeec6, 0xeec6, 0xeec6, 0xeec6, 0xeec6, 0xeec6, 0xeec6,
  0xeec6, 0xeec6, 0xeec6, 0xeec6, 0xeec6, 0xeec6, 0xeec6, 0xeec6,
  0xeec6, 0xeec6, 0xeec6, 0xeec6, 0xeec6, 0xeec6, 0xeec6, 0xeec6,
  0xeec6, 0xeec6, 0xeec6, 0xeec6, 0xeec6, 0xeec6, 0xeec6, 0xeec6,
  0xeec6, 0xeec6, 0xeec6, 0xeec6, 0xeec6, 0xeec6, 0xeec6, 0xeec6,
  0xeec6, 0xeec6, 0xeec6, 0xeec6, 0xeec6, 0xeec6, 0xeec6, 0xeec6,
  0xeec6, 0xeec6, 0xeec6, 0xeec6, 0xeec6, 0xeec6, 0xeec6, 0xeec6,
  0xeec6, 0xeec6, 0xeec6, 0xeec6, 0xeec6, 0xeec6, 0xeec6, 0xeec6,
  0xeec6, 0xeec6, 0xeec6, 0xeec6, 0xeec6, 0xeec6, 0xeec6, 0xeec6,
  0xeec6, 0xeec6, 0xeec6, 0xeec6, 0xeec6, 0xeec6, 0xeec6, 0xeec6,
  0xeec6, 0xeec6, 0xeec6, 0xeec6, 0xeec6, 0xeec6, 0xeec6, 0xeec6,
  0xeec6, 0xeec6, 0xeec6, 0xeec6, 0xeec6, 0xeec6, 0xeec6, 0xeec6,
  0xeec6, 0xeec6, 0xeec6, 0xeec6, 0xeec6, 0xeec6, 0xeec6, 0xeec6,
  0xeec6, 0xeec6, 0xeec6, 0xeec6, 0xeec6, 0xeec6, 0xeec6, 0xeec6,
  0xeec6, 0xeec6, 0xeec6, 0xeec6, 0xeec6, 0xeec6, 0xeec6, 0xeec6,
  0xeec6, 0xeec6, 0xeec6, 0xeec6, 0xeec6, 0xeec6, 0xeec6, 0xeec6,
  0xeec6, 0xeec6, 0xeec6, 0xeec6, 0xeec6, 0xeec6, 0xeec6, 0xeec6,
  0xeec6, 0xeec6, 0xeec6, 0xeec6, 0xeec6, 0xeec6, 0xeec6, 0xeec6,
  0xeec6, 0xeec6, 0xeec6, 0xeec6, 0xeec6, 0xeec6, 0xeec6, 0xeec6,
  0xeec6, 0xeec6, 0xeec6, 0xeec6, 0xeec6, 0xeec6, 0xeec6, 0xeec6,
  0xeec6, 0xeec6, 0xeec6, 0xeec6, 0xeec6, 0xeec6, 0xeec6, 0xeec6,
  0xeec6, 0xeec6, 0xeec6, 0xeec6, 0xeec6, 0xeec6, 0xeec6, 0xeec6,
  0xeec6, 0xeec6, 0xeec6, 0xeec6, 0xeec6, 0xeec6, 0xeec6, 0xeec6,
  0xeec6, 0xeec6, 0xeec6, 0xeec6, 0xeec6, 0xeec6, 0xeec6, 0xeec6,
  0xeec6, 0xeea6, 0x5a82, 0x0000, 0x0000, 0x0000, 0x0000, 0x0000,
  0x0000, 0x0840, 0x1080, 0x0020, 0x0000, 0x0000, 0x0000, 0x0000,
  0x0000, 0x18a0, 0xc564, 0xf6e6, 0xeec6, 0xeec6, 0xeec6, 0xeec6,
  0xeec6, 0xeec6, 0xeec6, 0xeec6, 0xeec6, 0xeec6, 0xeec6, 0xeec6,
  0xeec6, 0xeec6, 0xeec6, 0xeec6, 0xeec6, 0xeec6, 0xeec6, 0xeec6,
  0xeec6, 0xeec6, 0xeec6, 0xeec6, 0xeec6, 0xeec6, 0xeec6, 0xeec6,
  0xeec6, 0xeec6, 0xeec6, 0xeec6, 0xeec6, 0xeec6, 0xeec6, 0xeec6,
  0xeec6, 0xeec6, 0xeec6, 0xeec6, 0xeec6, 0xeec6, 0xeec6, 0xeec6,
  0xeec6, 0xeec6, 0xeec6, 0xeec6, 0xeec6, 0xeec6, 0xeec6, 0xeec6,
  0xeec6, 0xeec6, 0xeec6, 0xeec6, 0xeec6, 0xeec6, 0xeec6, 0xeec6,
  0xeec6, 0xeec6, 0xeec6, 0xeec6, 0xeec6, 0xeec6, 0xeec6, 0xeec6,
  0xeec6, 0xeec6, 0xeec6, 0xeec6, 0xeec6, 0xeec6, 0xeec6, 0xeec6,
  0xeec6, 0xeec6, 0xeec6, 0xeec6, 0xeec6, 0xeec6, 0xeec6, 0xeec6,
  0xeec6, 0xeec6, 0xeec6, 0xeec6, 0xeec6, 0xeec6, 0xeec6, 0xeec6,
  0xeec6, 0xeec6, 0xeec6, 0xeec6, 0xeec6, 0xeec6, 0xeec6, 0xeec6,
  0xeec6, 0xeec6, 0xeec6, 0xeec6, 0xeec6, 0xeec6, 0xeec6, 0xeec6,
  0xeec6, 0xeec6, 0xeec6, 0xeec6, 0xeec6, 0xeec6, 0xeec6, 0xeec6,
  0xeec6, 0xeec6, 0xeec6, 0xeec6, 0xeec6, 0xeec6, 0xeec6, 0xeec6,
  0xeec6, 0xeec6, 0xeec6, 0xeec6, 0xeec6, 0xeec6, 0xeec6, 0xeec6,
  0xeec6, 0xeec6, 0xeec6, 0xeec6, 0xeec6, 0xeec6, 0xeec6, 0xeec6,
  0xeec6, 0xeec6, 0xeec6, 0xeec6, 0xeec6, 0xeec6, 0xeec6, 0xeec6,
  0xeec6, 0xeec6, 0xeec6, 0xeec6, 0xeec6, 0xeec6, 0xeec6, 0xeec6,
  0xeec6, 0xeec6, 0xeec6, 0xeec6, 0xeec6, 0xeec6, 0xeec6, 0xeec6,
  0xeec6, 0xeec6, 0xeec6, 0xeec6, 0xeec6, 0xeec6, 0xeec6, 0xeec6,
  0xeec6, 0xeec6, 0xeec6, 0xeec6, 0xeec6, 0xeec6, 0xeec6, 0xeec6,
  0xeec6, 0xeec6, 0xeec6, 0xeec6, 0xeec6, 0xeec6, 0xeec6, 0xeec6,
  0xeec6, 0xeec6, 0xeec6, 0xeec6, 0xeec6, 0xeec6, 0xeec6, 0xeec6,
  0xeec6, 0xeec6, 0xeec6, 0xeec6, 0xeec6, 0xeec6, 0xeec6, 0xeec6,
  0xeec6, 0xeec6, 0xeec6, 0xeec6, 0xeec6, 0xeec6, 0xeec6, 0xeec6,
  0xeec6, 0xeec6, 0xeec6, 0xeec6, 0xeec6, 0xeec6, 0xeec6, 0xeec6,
  0xf6a6, 0xf6c6, 0xe665, 0x5a82, 0x0000, 0x0000, 0x0000, 0x0000,
  0x0000, 0x0000, 0x0000, 0x0000, 0x0000, 0x0000, 0x0000, 0x0000,
  0x2921, 0xb524, 0xf6e6, 0xeea6, 0xeec6, 0xeec6, 0xeec6, 0xeec6,
  0xeec6, 0xeec6, 0xeec6, 0xeec6, 0xeec6, 0xeec6, 0xeec6, 0xeec6,
  0xeec6, 0xeec6, 0xeec6, 0xeec6, 0xeec6, 0xeec6, 0xeec6, 0xeec6,
  0xeec6, 0xeec6, 0xeec6, 0xeec6, 0xeec6, 0xeec6, 0xeec6, 0xeec6,
  0xeec6, 0xeec6, 0xeec6, 0xeec6, 0xeec6, 0xeec6, 0xeec6, 0xeec6,
  0xeec6, 0xeec6, 0xeec6, 0xeec6, 0xeec6, 0xeec6, 0xeec6, 0xeec6,
  0xeec6, 0xeec6, 0xeec6, 0xeec6, 0xeec6, 0xeec6, 0xeec6, 0xeec6,
  0xeec6, 0xeec6, 0xeec6, 0xeec6, 0xeec6, 0xeec6, 0xeec6, 0xeec6,
  0xeec6, 0xeec6, 0xeec6, 0xeec6, 0xeec6, 0xeec6, 0xeec6, 0xeec6,
  0xeec6, 0xeec6, 0xeec6, 0xeec6, 0xeec6, 0xeec6, 0xeec6, 0xeec6,
  0xeec6, 0xeec6, 0xeec6, 0xeec6, 0xeec6, 0xeec6, 0xeec6, 0xeec6,
  0xeec6, 0xeec6, 0xeec6, 0xeec6, 0xeec6, 0xeec6, 0xeec6, 0xeec6,
  0xeec6, 0xeec6, 0xeec6, 0xeec6, 0xeec6, 0xeec6, 0xeec6, 0xeec6,
  0xeec6, 0xeec6, 0xeec6, 0xeec6, 0xeec6, 0xeec6, 0xeec6, 0xeec6,
  0xeec6, 0xeec6, 0xeec6, 0xeec6, 0xeec6, 0xeec6, 0xeec6, 0xeec6,
  0xeec6, 0xeec6, 0xeec6, 0xeec6, 0xeec6, 0xeec6, 0xeec6, 0xeec6,
  0xeec6, 0xeec6, 0xeec6, 0xeec6, 0xeec6, 0xeec6, 0xeec6, 0xeec6,
  0xeec6, 0xeec6, 0xeec6, 0xeec6, 0xeec6, 0xeec6, 0xeec6, 0xeec6,
  0xeec6, 0xeec6, 0xeec6, 0xeec6, 0xeec6, 0xeec6, 0xeec6, 0xeec6,
  0xeec6, 0xeec6, 0xeec6, 0xeec6, 0xeec6, 0xeec6, 0xeec6, 0xeec6,
  0xeec6, 0xeec6, 0xeec6, 0xeec6, 0xeec6, 0xeec6, 0xeec6, 0xeec6,
  0xeec6, 0xeec6, 0xeec6, 0xeec6, 0xeec6, 0xeec6, 0xeec6, 0xeec6,
  0xeec6, 0xeec6, 0xeec6, 0xeec6, 0xeec6, 0xeec6, 0xeec6, 0xeec6,
  0xeec6, 0xeec6, 0xeec6, 0xeec6, 0xeec6, 0xeec6, 0xeec6, 0xeec6,
  0xeec6, 0xeec6, 0xeec6, 0xeec6, 0xeec6, 0xeec6, 0xeec6, 0xeec6,
  0xeec6, 0xeec6, 0xeec6, 0xeec6, 0xeec6, 0xeec6, 0xeec6, 0xeec6,
  0xeec6, 0xeec6, 0xeec6, 0xeec6, 0xeec6, 0xeec6, 0xeec6, 0xeec6,
  0xeec6, 0xeec6, 0xeec6, 0xeec6, 0xeec6, 0xeec6, 0xeec6, 0xeec6,
  0xf6c6, 0xeec6, 0xf6e6, 0xeea6, 0x9444, 0x3181, 0x0840, 0x0000,
  0x0000, 0x0000, 0x0000, 0x0000, 0x0000, 0x0020, 0x2921, 0x7363,
  0xd605, 0xf6e6, 0xeec6, 0xeec6, 0xeec6, 0xeec6, 0xeec6, 0xeec6,
  0xeec6, 0xeec6, 0xeec6, 0xeec6, 0xeec6, 0xeec6, 0xeec6, 0xeec6,
  0xeec6, 0xeec6, 0xeec6, 0xeec6, 0xeec6, 0xeec6, 0xeec6, 0xeec6,
  0xeec6, 0xeec6, 0xeec6, 0xeec6, 0xeec6, 0xeec6, 0xeec6, 0xeec6,
  0xeec6, 0xeec6, 0xeec6, 0xeec6, 0xeec6, 0xeec6, 0xeec6, 0xeec6,
  0xeec6, 0xeec6, 0xeec6, 0xeec6, 0xeec6, 0xeec6, 0xeec6, 0xeec6,
  0xeec6, 0xeec6, 0xeec6, 0xeec6, 0xeec6, 0xeec6, 0xeec6, 0xeec6,
  0xeec6, 0xeec6, 0xeec6, 0xeec6, 0xeec6, 0xeec6, 0xeec6, 0xeec6,
  0xeec6, 0xeec6, 0xeec6, 0xeec6, 0xeec6, 0xeec6, 0xeec6, 0xeec6,
  0xeec6, 0xeec6, 0xeec6, 0xeec6, 0xeec6, 0xeec6, 0xeec6, 0xeec6,
  0xeec6, 0xeec6, 0xeec6, 0xeec6, 0xeec6, 0xeec6, 0xeec6, 0xeec6,
  0xeec6, 0xeec6, 0xeec6, 0xeec6, 0xeec6, 0xeec6, 0xeec6, 0xeec6,
  0xeec6, 0xeec6, 0xeec6, 0xeec6, 0xeec6, 0xeec6, 0xeec6, 0xeec6,
  0xeec6, 0xeec6, 0xeec6, 0xeec6, 0xeec6, 0xeec6, 0xeec6, 0xeec6,
  0xeec6, 0xeec6, 0xeec6, 0xeec6, 0xeec6, 0xeec6, 0xeec6, 0xeec6,
  0xeec6, 0xeec6, 0xeec6, 0xeec6, 0xeec6, 0xeec6, 0xeec6, 0xeec6,
  0xeec6, 0xeec6, 0xeec6, 0xeec6, 0xeec6, 0xeec6, 0xeec6, 0xeec6,
  0xeec6, 0xeec6, 0xeec6, 0xeec6, 0xeec6, 0xeec6, 0xeec6, 0xeec6,
  0xeec6, 0xeec6, 0xeec6, 0xeec6, 0xeec6, 0xeec6, 0xeec6, 0xeec6,
  0xeec6, 0xeec6, 0xeec6, 0xeec6, 0xeec6, 0xeec6, 0xeec6, 0xeec6,
  0xeec6, 0xeec6, 0xeec6, 0xeec6, 0xeec6, 0xeec6, 0xeec6, 0xeec6,
  0xeec6, 0xeec6, 0xeec6, 0xeec6, 0xeec6, 0xeec6, 0xeec6, 0xeec6,
  0xeec6, 0xeec6, 0xeec6, 0xeec6, 0xeec6, 0xeec6, 0xeec6, 0xeec6,
  0xeec6, 0xeec6, 0xeec6, 0xeec6, 0xeec6, 0xeec6, 0xeec6, 0xeec6,
  0xeec6, 0xeec6, 0xeec6, 0xeec6, 0xeec6, 0xeec6, 0xeec6, 0xeec6,
  0xeec6, 0xeec6, 0xeec6, 0xeec6, 0xeec6, 0xeec6, 0xeec6, 0xeec6,
  0xeec6, 0xeec6, 0xeec6, 0xeec6, 0xeec6, 0xeec6, 0xeec6, 0xeec6,
  0xeec6, 0xeec6, 0xeec6, 0xeec6, 0xeec6, 0xeec6, 0xeec6, 0xeec6,
  0xeec6, 0xeec6, 0xeec6, 0xf6c6, 0xf6e6, 0xee86, 0xbd44, 0x8c03,
  0x6b02, 0x5a82, 0x5a82, 0x7323, 0x8c03, 0xb504, 0xe645, 0xf6e6,
  0xf6c6, 0xeec6, 0xeec6, 0xeec6, 0xeec6, 0xeec6, 0xeec6, 0xeec6,
  0xeec6, 0xeec6, 0xeec6, 0xeec6, 0xeec6, 0xeec6, 0xeec6, 0xeec6,
  0xeec6, 0xeec6, 0xeec6, 0xeec6, 0xeec6, 0xeec6, 0xeec6, 0xeec6,
  0xeec6, 0xeec6, 0xeec6, 0xeec6, 0xeec6, 0xeec6, 0xeec6, 0xeec6,
  0xeec6, 0xeec6, 0xeec6, 0xeec6, 0xeec6, 0xeec6, 0xeec6, 0xeec6,
  0xeec6, 0xeec6, 0xeec6, 0xeec6, 0xeec6, 0xeec6, 0xeec6, 0xeec6,
  0xeec6, 0xeec6, 0xeec6, 0xeec6, 0xeec6, 0xeec6, 0xeec6, 0xeec6,
  0xeec6, 0xeec6, 0xeec6, 0xeec6, 0xeec6, 0xeec6, 0xeec6, 0xeec6,
  0xeec6, 0xeec6, 0xeec6, 0xeec6, 0xeec6, 0xeec6, 0xeec6, 0xeec6,
  0xeec6, 0xeec6, 0xeec6, 0xeec6, 0xeec6, 0xeec6, 0xeec6, 0xeec6,
  0xeec6, 0xeec6, 0xeec6, 0xeec6, 0xeec6, 0xeec6, 0xeec6, 0xeec6,
  0xeec6, 0xeec6, 0xeec6, 0xeec6, 0xeec6, 0xeec6, 0xeec6, 0xeec6,
  0xeec6, 0xeec6, 0xeec6, 0xeec6, 0xeec6, 0xeec6, 0xeec6, 0xeec6,
  0xeec6, 0xeec6, 0xeec6, 0xeec6, 0xeec6, 0xeec6, 0xeec6, 0xeec6,
  0xeec6, 0xeec6, 0xeec6, 0xeec6, 0xeec6, 0xeec6, 0xeec6, 0xeec6,
  0xeec6, 0xeec6, 0xeec6, 0xeec6, 0xeec6, 0xeec6, 0xeec6, 0xeec6,
  0xeec6, 0xeec6, 0xeec6, 0xeec6, 0xeec6, 0xeec6, 0xeec6, 0xeec6,
  0xeec6, 0xeec6, 0xeec6, 0xeec6, 0xeec6, 0xeec6, 0xeec6, 0xeec6,
  0xeec6, 0xeec6, 0xeec6, 0xeec6, 0xeec6, 0xeec6, 0xeec6, 0xeec6,
  0xeec6, 0xeec6, 0xeec6, 0xeec6, 0xeec6, 0xeec6, 0xeec6, 0xeec6,
  0xeec6, 0xeec6, 0xeec6, 0xeec6, 0xeec6, 0xeec6, 0xeec6, 0xeec6,
  0xeec6, 0xeec6, 0xeec6, 0xeec6, 0xeec6, 0xeec6, 0xeec6, 0xeec6,
  0xeec6, 0xeec6, 0xeec6, 0xeec6, 0xeec6, 0xeec6, 0xeec6, 0xeec6,
  0xeec6, 0xeec6, 0xeec6, 0xeec6, 0xeec6, 0xeec6, 0xeec6, 0xeec6,
  0xeec6, 0xeec6, 0xeec6, 0xeec6, 0xeec6, 0xeec6, 0xeec6, 0xeec6,
  0xeec6, 0xeec6, 0xeec6, 0xeec6, 0xeec6, 0xeec6, 0xeec6, 0xeec6,
  0xeec6, 0xeec6, 0xeec6, 0xeec6, 0xeec6, 0xeec6, 0xeec6, 0xeec6,
  0xeec6, 0xeec6, 0xeec6, 0xeec6, 0xeec6, 0xeec6, 0xeec6, 0xeec6,
  0xeec6, 0xeec6, 0xeec6, 0xeea6, 0xeec6, 0xf6c6, 0xf6e6, 0xf6e6,
  0xf6e6, 0xf706, 0xf6e6, 0xf6e6, 0xf6e6, 0xf6e6, 0xf6c6, 0xeec6,
  0xeec6, 0xeec6, 0xeec6, 0xeec6, 0xeec6, 0xeec6, 0xeec6, 0xeec6,
  0xeec6, 0xeec6, 0xeec6, 0xeec6, 0xeec6, 0xeec6, 0xeec6, 0xeec6,
  0xeec6, 0xeec6, 0xeec6, 0xeec6, 0xeec6, 0xeec6, 0xeec6, 0xeec6,
  0xeec6, 0xeec6, 0xeec6, 0xeec6, 0xeec6, 0xeec6, 0xeec6, 0xeec6,
  0xeec6, 0xeec6, 0xeec6, 0xeec6, 0xeec6, 0xeec6, 0xeec6, 0xeec6,
  0xeec6, 0xeec6, 0xeec6, 0xeec6, 0xeec6, 0xeec6, 0xeec6, 0xeec6,
  0xeec6, 0xeec6, 0xeec6, 0xeec6, 0xeec6, 0xeec6, 0xeec6, 0xeec6,
  0xeec6, 0xeec6, 0xeec6, 0xeec6, 0xeec6, 0xeec6, 0xeec6, 0xeec6,
  0xeec6, 0xeec6, 0xeec6, 0xeec6, 0xeec6, 0xeec6, 0xeec6, 0xeec6,
  0xeec6, 0xeec6, 0xeec6, 0xeec6, 0xeec6, 0xeec6, 0xeec6, 0xeec6,
  0xeec6, 0xeec6, 0xeec6, 0xeec6, 0xeec6, 0xeec6, 0xeec6, 0xeec6,
  0xeec6, 0xeec6, 0xeec6, 0xeec6, 0xeec6, 0xeec6, 0xeec6, 0xeec6,
  0xeec6, 0xeec6, 0xeec6, 0xeec6, 0xeec6, 0xeec6, 0xeec6, 0xeec6,
  0xeec6, 0xeec6, 0xeec6, 0xeec6, 0xeec6, 0xeec6, 0xeec6, 0xeec6,
  0xeec6, 0xeec6, 0xeec6, 0xeec6, 0xeec6, 0xeec6, 0xeec6, 0xeec6,
  0xeec6, 0xeec6, 0xeec6, 0xeec6, 0xeec6, 0xeec6, 0xeec6, 0xeec6,
  0xeec6, 0xeec6, 0xeec6, 0xeec6, 0xeec6, 0xeec6, 0xeec6, 0xeec6,
  0xeec6, 0xeec6, 0xeec6, 0xeec6, 0xeec6, 0xeec6, 0xeec6, 0xeec6,
  0xeec6, 0xeec6, 0xeec6, 0xeec6, 0xeec6, 0xeec6, 0xeec6, 0xeec6,
  0xeec6, 0xeec6, 0xeec6, 0xeec6, 0xeec6, 0xeec6, 0xeec6, 0xeec6,
  0xeec6, 0xeec6, 0xeec6, 0xeec6, 0xeec6, 0xeec6, 0xeec6, 0xeec6,
  0xeec6, 0xeec6, 0xeec6, 0xeec6, 0xeec6, 0xeec6, 0xeec6, 0xeec6,
  0xeec6, 0xeec6, 0xeec6, 0xeec6, 0xeec6, 0xeec6, 0xeec6, 0xeec6,
  0xeec6, 0xeec6, 0xeec6, 0xeec6, 0xeec6, 0xeec6, 0xeec6, 0xeec6,
  0xeec6, 0xeec6, 0xeec6, 0xeec6, 0xeec6, 0xeec6, 0xeec6, 0xeec6,
  0xeec6, 0xeec6, 0xeec6, 0xeec6, 0xeec6, 0xeec6, 0xeec6, 0xeec6,
  0xeec6, 0xeec6, 0xeec6, 0xeec6, 0xeec6, 0xeec6, 0xeec6, 0xeec6,
  0xeec6, 0xeec6, 0xeec6, 0xeec6, 0xeec6, 0xeec6, 0xeec6, 0xeec6,
  0xeec6, 0xeec6, 0xeec6, 0xf6c6, 0xeec6, 0xeec6, 0xeec6, 0xeec6,
  0xeec6, 0xeec6, 0xeec6, 0xeec6, 0xeec6, 0xeec6, 0xeec6, 0xeec6,
  0xeec6, 0xeec6, 0xeec6, 0xeec6, 0xeec6, 0xeec6, 0xeec6, 0xeec6,
  0xeec6, 0xeec6, 0xeec6, 0xeec6, 0xeec6, 0xeec6, 0xeec6, 0xeec6,
  0xeec6, 0xeec6, 0xeec6, 0xeec6, 0xeec6, 0xeec6, 0xeec6, 0xeec6,
  0xeec6, 0xeec6, 0xeec6, 0xeec6, 0xeec6, 0xeec6, 0xeec6, 0xeec6,
  0xeec6, 0xeec6, 0xeec6, 0xeec6, 0xeec6, 0xeec6, 0xeec6, 0xeec6,
  0xeec6, 0xeec6, 0xeec6, 0xeec6, 0xeec6, 0xeec6, 0xeec6, 0xeec6,
  0xeec6, 0xeec6, 0xeec6, 0xeec6, 0xeec6, 0xeec6, 0xeec6, 0xeec6,
  0xeec6, 0xeec6, 0xeec6, 0xeec6, 0xeec6, 0xeec6, 0xeec6, 0xeec6,
  0xeec6, 0xeec6, 0xeec6, 0xeec6, 0xeec6, 0xeec6, 0xeec6, 0xeec6,
  0xeec6, 0xeec6, 0xeec6, 0xeec6, 0xeec6, 0xeec6, 0xeec6, 0xeec6,
  0xeec6, 0xeec6, 0xeec6, 0xeec6, 0xeec6, 0xeec6, 0xeec6, 0xeec6,
  0xeec6, 0xeec6, 0xeec6, 0xeec6, 0xeec6, 0xeec6, 0xeec6, 0xeec6,
  0xeec6, 0xeec6, 0xeec6, 0xeec6, 0xeec6, 0xeec6, 0xeec6, 0xeec6,
  0xeec6, 0xeec6, 0xeec6, 0xeec6, 0xeec6, 0xeec6, 0xeec6, 0xeec6,
  0xeec6, 0xeec6, 0xeec6, 0xeec6, 0xeec6, 0xeec6, 0xeec6, 0xeec6,
  0xeec6, 0xeec6, 0xeec6, 0xeec6, 0xeec6, 0xeec6, 0xeec6, 0xeec6,
  0xeec6, 0xeec6, 0xeec6, 0xeec6, 0xeec6, 0xeec6, 0xeec6, 0xeec6,
  0xeec6, 0xeec6, 0xeec6, 0xeec6, 0xeec6, 0xeec6, 0xeec6, 0xeec6,
  0xeec6, 0xeec6, 0xeec6, 0xeec6, 0xeec6, 0xeec6, 0xeec6, 0xeec6,
  0xeec6, 0xeec6, 0xeec6, 0xeec6, 0xeec6, 0xeec6, 0xeec6, 0xeec6,
  0xeec6, 0xeec6, 0xeec6, 0xeec6, 0xeec6, 0xeec6, 0xeec6, 0xeec6,
  0xeec6, 0xeec6, 0xeec6, 0xeec6, 0xeec6, 0xeec6, 0xeec6, 0xeec6,
  0xeec6, 0xeec6, 0xeec6, 0xeec6, 0xeec6, 0xeec6, 0xeec6, 0xeec6,
  0xeec6, 0xeec6, 0xeec6, 0xeec6, 0xeec6, 0xeec6, 0xeec6, 0xeec6,
  0xeec6, 0xeec6, 0xeec6, 0xeec6, 0xeec6, 0xeec6, 0xeec6, 0xeec6,
  0xeec6, 0xeec6, 0xeec6, 0xeec6, 0xeec6, 0xeec6, 0xeec6, 0xeec6,
  0xeec6, 0xeec6, 0xeec6, 0xeec6, 0xeec6, 0xeec6, 0xeec6, 0xeec6,
  0xeec6, 0xeec6, 0xeec6, 0xeec6, 0xeec6, 0xeec6, 0xeec6, 0xeec6,
  0xeec6, 0xeec6, 0xeec6, 0xeec6, 0xeec6, 0xeec6, 0xeec6, 0xeec6,
  0xeec6, 0xeec6, 0xeec6, 0xeec6, 0xeec6, 0xeec6, 0xeec6, 0xeec6,
  0xeec6, 0xeec6, 0xeec6, 0xeec6, 0xeec6, 0xeec6, 0xeec6, 0xeec6,
  0xeec6, 0xeec6, 0xeec6, 0xeec6, 0xeec6, 0xeec6, 0xeec6, 0xeec6,
  0xeec6, 0xeec6, 0xeec6, 0xeec6, 0xeec6, 0xeec6, 0xeec6, 0xeec6,
  0xeec6, 0xeec6, 0xeec6, 0xeec6, 0xeec6, 0xeec6, 0xeec6, 0xeec6,
  0xeec6, 0xeec6, 0xeec6, 0xeec6, 0xeec6, 0xeec6, 0xeec6, 0xeec6,
  0xeec6, 0xeec6, 0xeec6, 0xeec6, 0xeec6, 0xeec6, 0xeec6, 0xeec6,
  0xeec6, 0xeec6, 0xeec6, 0xeec6, 0xeec6, 0xeec6, 0xeec6, 0xeec6,
  0xeec6, 0xeec6, 0xeec6, 0xeec6, 0xeec6, 0xeec6, 0xeec6, 0xeec6,
  0xeec6, 0xeec6, 0xeec6, 0xeec6, 0xeec6, 0xeec6, 0xeec6, 0xeec6,
  0xeec6, 0xeec6, 0xeec6, 0xeec6, 0xeec6, 0xeec6, 0xeec6, 0xeec6,
  0xeec6, 0xeec6, 0xeec6, 0xeec6, 0xeec6, 0xeec6, 0xeec6, 0xeec6,
  0xeec6, 0xeec6, 0xeec6, 0xeec6, 0xeec6, 0xeec6, 0xeec6, 0xeec6,
  0xeec6, 0xeec6, 0xeec6, 0xeec6, 0xeec6, 0xeec6, 0xeec6, 0xeec6,
  0xeec6, 0xeec6, 0xeec6, 0xeec6, 0xeec6, 0xeec6, 0xeec6, 0xeec6,
  0xeec6, 0xeec6, 0xeec6, 0xeec6, 0xeec6, 0xeec6, 0xeec6, 0xeec6,
  0xeec6, 0xeec6, 0xeec6, 0xeec6, 0xeec6, 0xeec6, 0xeec6, 0xeec6,
  0xeec6, 0xeec6, 0xeec6, 0xeec6, 0xeec6, 0xeec6, 0xeec6, 0xeec6,
  0xeec6, 0xeec6, 0xeec6, 0xeec6, 0xeec6, 0xeec6, 0xeec6, 0xeec6,
  0xeec6, 0xeec6, 0xeec6, 0xeec6, 0xeec6, 0xeec6, 0xeec6, 0xeec6,
  0xeec6, 0xeec6, 0xeec6, 0xeec6, 0xeec6, 0xeec6, 0xeec6, 0xeec6,
  0xeec6, 0xeec6, 0xeec6, 0xeec6, 0xeec6, 0xeec6, 0xeec6, 0xeec6,
  0xeec6, 0xeec6, 0xeec6, 0xeec6, 0xeec6, 0xeec6, 0xeec6, 0xeec6,
  0xeec6, 0xeec6, 0xeec6, 0xeec6, 0xeec6, 0xeec6, 0xeec6, 0xeec6,
  0xeec6, 0xeec6, 0xeec6, 0xeec6, 0xeec6, 0xeec6, 0xeec6, 0xeec6,
  0xeec6, 0xeec6, 0xeec6, 0xeec6, 0xeec6, 0xeec6, 0xeec6, 0xeec6,
  0xeec6, 0xeec6, 0xeec6, 0xeec6, 0xeec6, 0xeec6, 0xeec6, 0xeec6,
  0xeec6, 0xeec6, 0xeec6, 0xeec6, 0xeec6, 0xeec6, 0xeec6, 0xeec6,
  0xeec6, 0xeec6, 0xeec6, 0xeec6, 0xeec6, 0xeec6, 0xeec6, 0xeec6,
  0xeec6, 0xeec6, 0xeec6, 0xeec6, 0xeec6, 0xeec6, 0xeec6, 0xeec6,
  0xeec6, 0xeec6, 0xeec6, 0xeec6, 0xeec6, 0xeec6, 0xeec6, 0xeec6,
  0xeec6, 0xeec6, 0xeec6, 0xeec6, 0xeec6, 0xeec6, 0xeec6, 0xeec6,
  0xeec6, 0xeec6, 0xeec6, 0xeec6, 0xeec6, 0xeec6, 0xeec6, 0xeec6,
  0xeec6, 0xeec6, 0xeec6, 0xeec6, 0xeec6, 0xeec6, 0xeec6, 0xeec6,
  0xeec6, 0xeec6, 0xeec6, 0xeec6, 0xeec6, 0xeec6, 0xeec6, 0xeec6,
  0xeec6, 0xeec6, 0xeec6, 0xeec6, 0xeec6, 0xeec6, 0xeec6, 0xeec6,
  0xeec6, 0xeec6, 0xeec6, 0xeec6, 0xeec6, 0xeec6, 0xeec6, 0xeec6,
  0xeec6, 0xeec6, 0xeec6, 0xeec6, 0xeec6, 0xeec6, 0xeec6, 0xeec6,
  0xeec6, 0xeec6, 0xeec6, 0xeec6, 0xeec6, 0xeec6, 0xeec6, 0xeec6,
  0xeec6, 0xeec6, 0xeec6, 0xeec6, 0xeec6, 0xeec6, 0xeec6, 0xeec6,
  0xeec6, 0xeec6, 0xeec6, 0xeec6, 0xeec6, 0xeec6, 0xeec6, 0xeec6,
  0xeec6, 0xeec6, 0xeec6, 0xeec6, 0xeec6, 0xeec6, 0xeec6, 0xeec6,
  0xeec6, 0xeec6, 0xeec6, 0xeec6, 0xeec6, 0xeec6, 0xeec6, 0xeec6,
  0xeec6, 0xeec6, 0xeec6, 0xeec6, 0xeec6, 0xeec6, 0xeec6, 0xeec6,
  0xeec6, 0xeec6, 0xeec6, 0xeec6, 0xeec6, 0xeec6, 0xeec6, 0xeec6,
  0xeec6, 0xeec6, 0xeec6, 0xeec6, 0xeec6, 0xeec6, 0xeec6, 0xeec6,
  0xeec6, 0xeec6, 0xeec6, 0xeec6, 0xeec6, 0xeec6, 0xeec6, 0xeec6,
  0xeec6, 0xeec6, 0xeec6, 0xeec6, 0xeec6, 0xeec6, 0xeec6, 0xeec6,
  0xeec6, 0xeec6, 0xeec6, 0xeec6, 0xeec6, 0xeec6, 0xeec6, 0xeec6,
  0xeec6, 0xeec6, 0xeec6, 0xeec6, 0xeec6, 0xeec6, 0xeec6, 0xeec6,
  0xeec6, 0xeec6, 0xeec6, 0xeec6, 0xeec6, 0xeec6, 0xeec6, 0xeec6,
  0xeec6, 0xeec6, 0xeec6, 0xeec6, 0xeec6, 0xeec6, 0xeec6, 0xeec6,
  0xeec6, 0xeec6, 0xeec6, 0xeec6, 0xeec6, 0xeec6, 0xeec6, 0xeec6,
  0xeec6, 0xeec6, 0xeec6, 0xeec6, 0xeec6, 0xeec6, 0xeec6, 0xeec6,
  0xeec6, 0xeec6, 0xeec6, 0xeec6, 0xeec6, 0xeec6, 0xeec6, 0xeec6,
  0xeec6, 0xeec6, 0xeec6, 0xeec6, 0xeec6, 0xeec6, 0xeec6, 0xeec6,
  0xeec6, 0xeec6, 0xeec6, 0xeec6, 0xeec6, 0xeec6, 0xeec6, 0xeec6,
  0xeec6, 0xeec6, 0xeec6, 0xeec6, 0xeec6, 0xeec6, 0xeec6, 0xeec6,
  0xeec6, 0xeec6, 0xeec6, 0xeec6, 0xeec6, 0xeec6, 0xeec6, 0xeec6,
  0xeec6, 0xeec6, 0xeec6, 0xeec6, 0xeec6, 0xeec6, 0xeec6, 0xeec6,
  0xeec6, 0xeec6, 0xeec6, 0xeec6, 0xeec6, 0xeec6, 0xeec6, 0xeec6,
  0xeec6, 0xeec6, 0xeec6, 0xeec6, 0xeec6, 0xeec6, 0xeec6, 0xeec6,
  0xeec6, 0xeec6, 0xeec6, 0xeec6, 0xeec6, 0xeec6, 0xeec6, 0xeec6,
  0xf800, 0xf800, 0xf800, 0xf800, 0xf800, 0xf800, 0xf800, 0xf800,
  0xf800, 0xf800, 0xf800, 0xf800, 0xf800, 0xf800, 0xf800, 0xf800,
  0xf800, 0xf800, 0xf800, 0xf800, 0xf800, 0xf800, 0xf800, 0xf800,
  0xf800, 0xf800, 0xf800, 0xf800, 0xf800, 0xf800, 0xf800, 0xf800,
  0xf800, 0xf800, 0xf800, 0xf800, 0xf800, 0xf800, 0xf800, 0xf800,
  0xf800, 0xf800, 0xf800, 0xf800, 0xf800, 0xf800, 0xf800, 0xf800,
  0xf800, 0xf800, 0xf800, 0xf800, 0xf800, 0xf800, 0xf800, 0xf800,
  0xf800, 0xf800, 0xf800, 0xf800, 0xf800, 0xf800, 0xf800, 0xf800,
  0xf800, 0xf800, 0xf800, 0xf800, 0xf800, 0xf800, 0xf800, 0xf800,
  0xf800, 0xf800, 0xf800, 0xf800, 0xf800, 0xf800, 0xf800, 0xf800,
  0xf800, 0xf800, 0xf800, 0xf800, 0xf800, 0xf800, 0xf800, 0xf800,
  0xf800, 0xf800, 0xf800, 0xf800, 0xf800, 0xf800, 0xf800, 0xf800,
  0xf800, 0xf800, 0xf800, 0xf800, 0xf800, 0xf800, 0xf800, 0xf800,
  0xf800, 0xf800, 0xf800, 0xf800, 0xf800, 0xf800, 0xf800, 0xf800,
  0xf800, 0xf800, 0xf800, 0xf800, 0xf800, 0xf800, 0xf800, 0xf800,
  0xf800, 0xf800, 0xf800, 0xf800, 0xf800, 0xf800, 0xf800, 0xf800,
  0xf800, 0xf800, 0xf800, 0xf800, 0xf800, 0xf800, 0xf800, 0xf800,
  0xf800, 0xf800, 0xf800, 0xf800, 0xf800, 0xf800, 0xf800, 0xf800,
  0xf800, 0xf800, 0xf800, 0xf800, 0xf800, 0xf800, 0xf800, 0xf800,
  0xf800, 0xf800, 0xf800, 0xf800, 0xf800, 0xf800, 0xf800, 0xf800,
  0xf800, 0xf800, 0xf800, 0xf800, 0xf800, 0xf800, 0xf800, 0xf800,
  0xf800, 0xf800, 0xf800, 0xf800, 0xf800, 0xf800, 0xf800, 0xf800,
  0xf800, 0xf800, 0xf800, 0xf800, 0xf800, 0xf800, 0xf800, 0xf800,
  0xf800, 0xf800, 0xf800, 0xf800, 0xf800, 0xf800, 0xf800, 0xf800,
  0xf800, 0xf800, 0xf800, 0xf800, 0xf800, 0xf800, 0xf800, 0xf800,
  0xf800, 0xf800, 0xf800, 0xf800, 0xf800, 0xf800, 0xf800, 0xf800,
  0xf800, 0xf800, 0xf800, 0xf800, 0xf800, 0xf800, 0xf800, 0xf800,
  0xf800, 0xf800, 0xf800, 0xf800, 0xf800, 0xf800, 0xf800, 0xf800,
  0xf800, 0xf800, 0xf800, 0xf800, 0xf800, 0xf800, 0xf800, 0xf800,
  0xf800, 0xf800, 0xf800, 0xf800, 0xf800, 0xf800, 0xf800, 0xf800,
  0xf800, 0xf800, 0xf800, 0xf800, 0xf800, 0xf800, 0xf800, 0xf800,
  0xf800, 0xf800, 0xf800, 0xf800, 0xf800, 0xf800, 0xf800, 0xf800,
  0xf800, 0xf800, 0xf800, 0xf800, 0xf800, 0xf800, 0xf800, 0xf800,
  0xf800, 0xf800, 0xf800, 0xf800, 0xf800, 0xf800, 0xf800, 0xf800,
  0xf800, 0xf800, 0xf800, 0xf800, 0xf800, 0xf800, 0xf800, 0xf800,
  0xf800, 0xf800, 0xf800, 0xf800, 0xf800, 0xf800, 0xf800, 0xf800,
  0xf800, 0xf800, 0xf800, 0xf800, 0xf800, 0xf800, 0xf800, 0xf800,
  0xf800, 0xf800, 0xf800, 0xf800, 0xf800, 0xf800, 0xf800, 0xf800,
  0xf800, 0xf800, 0xf800, 0xf800, 0xf800, 0xf800, 0xf800, 0xf800,
  0xf800, 0xf800, 0xf800, 0xf800, 0xf800, 0xf800, 0xf800, 0xf800,
  0xf800, 0xf800, 0xf800, 0xf800, 0xf800, 0xf800, 0xf800, 0xf800,
  0xf800, 0xf800, 0xf800, 0xf800, 0xf800, 0xf800, 0xf800, 0xf800,
  0xf800, 0xf800, 0xf800, 0xf800, 0xf800, 0xf800, 0xf800, 0xf800,
  0xf800, 0xf800, 0xf800, 0xf800, 0xf800, 0xf800, 0xf800, 0xf800,
  0xf800, 0xf800, 0xf800, 0xf800, 0xf800, 0xf800, 0xf800, 0xf800,
  0xf800, 0xf800, 0xf800, 0xf800, 0xf800, 0xf800, 0xf800, 0xf800,
  0xf800, 0xf800, 0xf800, 0xf800, 0xf800, 0xf800, 0xf800, 0xf800,
  0xf800, 0xf800, 0xf800, 0xf800, 0xf800, 0xf800, 0xf800, 0xf800,
  0xf800, 0xf800, 0xf800, 0xf800, 0xf800, 0xf800, 0xf800, 0xf800,
  0xf800, 0xf800, 0xf800, 0xf800, 0xf800, 0xf800, 0xf800, 0xf800,
  0xf800, 0xf800, 0xf800, 0xf800, 0xf800, 0xf800, 0xf800, 0xf800,
  0xf800, 0xf800, 0xf800, 0xf800, 0xf800, 0xf800, 0xf800, 0xf800,
  0xf800, 0xf800, 0xf800, 0xf800, 0xf800, 0xf800, 0xf800, 0xf800,
  0xf800, 0xf800, 0xf800, 0xf800, 0xf800, 0xf800, 0xf800, 0xf800,
  0xf800, 0xf800, 0xf800, 0xf800, 0xf800, 0xf800, 0xf800, 0xf800,
  0xf800, 0xf800, 0xf800, 0xf800, 0xf800, 0xf800, 0xf800, 0xf800,
  0xf800, 0xf800, 0xf800, 0xf800, 0xf800, 0xf800, 0xf800, 0xf800,
  0xf800, 0xf800, 0xf800, 0xf800, 0xf800, 0xf800, 0xf800, 0xf800,
  0xf800, 0xf800, 0xf800, 0xf800, 0xf800, 0xf800, 0xf800, 0xf800,
  0xf800, 0xf800, 0xf800, 0xf800, 0xf800, 0xf800, 0xf800, 0xf800,
  0xf800, 0xf800, 0xf800, 0xf800, 0xf800, 0xf800, 0xf800, 0xf800,
  0xf800, 0xf800, 0xf800, 0xf800, 0xf800, 0xf800, 0xf800, 0xf800,
  0xf800, 0xf800, 0xf800, 0xf800, 0xf800, 0xf800, 0xf800, 0xf800,
  0xf800, 0xf800, 0xf800, 0xf800, 0xf800, 0xf800, 0xf800, 0xf800,
  0xf800, 0xf800, 0xf800, 0xf800, 0xf800, 0xf800, 0xf800, 0xf800,
  0xf800, 0xf800, 0xf800, 0xf800, 0xf800, 0xf800, 0xf800, 0xf800,
  0xf800, 0xf800, 0xf800, 0xf800, 0xf800, 0xf800, 0xf800, 0xf800,
  0xf800, 0xf800, 0xf800, 0xf800, 0xf800, 0xf800, 0xf800, 0xf800,
  0xf800, 0xf800, 0xf800, 0xf800, 0xf800, 0xf800, 0xf800, 0xf800,
  0xf800, 0xf800, 0xf800, 0xf800, 0xf800, 0xf800, 0xf800, 0xf800,
  0xf800, 0xf800, 0xf800, 0xf800, 0xf800, 0xf800, 0xf800, 0xf800,
  0xf800, 0xf800, 0xf800, 0xf800, 0xf800, 0xf800, 0xf800, 0xf800,
  0xf800, 0xf800, 0xf800, 0xf800, 0xf800, 0xf800, 0xf800, 0xf800,
  0xf800, 0xf800, 0xf800, 0xf800, 0xf800, 0xf800, 0xf800, 0xf800,
  0xf800, 0xf800, 0xf800, 0xf800, 0xf800, 0xf800, 0xf800, 0xf800,
  0xf800, 0xf800, 0xf800, 0xf800, 0xf800, 0xf800, 0xf800, 0xf800,
  0xf800, 0xf800, 0xf800, 0xf800, 0xf800, 0xf800, 0xf800, 0xf800,
  0xf800, 0xf800, 0xf800, 0xf800, 0xf800, 0xf800, 0xf800, 0xf800,
  0xf800, 0xf800, 0xf800, 0xf800, 0xf800, 0xf800, 0xf800, 0xf800,
  0xf800, 0xf800, 0xf800, 0xf800, 0xf800, 0xf800, 0xf800, 0xf800,
  0xf800, 0xf800, 0xf800, 0xf800, 0xf800, 0xf800, 0xf800, 0xf800,
  0xf800, 0xf800, 0xf800, 0xf800, 0xf800, 0xf800, 0xf800, 0xf800,
  0xf800, 0xf800, 0xf800, 0xf800, 0xf800, 0xf800, 0xf800, 0xf800,
  0xf800, 0xf800, 0xf800, 0xf800, 0xf800, 0xf800, 0xf800, 0xf800,
  0xf800, 0xf800, 0xf800, 0xf800, 0xf800, 0xf800, 0xf800, 0xf800,
  0xf800, 0xf800, 0xf800, 0xf800, 0xf800, 0xf800, 0xf800, 0xf800,
  0xf800, 0xf800, 0xf800, 0xf800, 0xf800, 0xf800, 0xf800, 0xf800,
  0xf800, 0xf800, 0xf800, 0xf800, 0xf800, 0xf800, 0xf800, 0xf800,
  0xf800, 0xf800, 0xf800, 0xf800, 0xf800, 0xf800, 0xf800, 0xf800,
  0xf800, 0xf800, 0xf800, 0xf800, 0xf800, 0xf800, 0xf800, 0xf800,
  0xf800, 0xf800, 0xf800, 0xf800, 0xf800, 0xf800, 0xf800, 0xf800,
  0xf800, 0xf800, 0xf800, 0xf800, 0xf800, 0xf800, 0xf800, 0xf800,
  0xf800, 0xf800, 0xf800, 0xf800, 0xf800, 0xf800, 0xf800, 0xf800,
  0xf800, 0xf800, 0xf800, 0xf800, 0xf800, 0xf800, 0xf800, 0xf800,
  0xf800, 0xf800, 0xf800, 0xf800, 0xf800, 0xf800, 0xf800, 0xf800,
  0xf800, 0xf800, 0xf800, 0xf800, 0xf800, 0xf800, 0xf800, 0xf800,
  0xf800, 0xf800, 0xf800, 0xf800, 0xf800, 0xf800, 0xf800, 0xf800,
  0xf800, 0xf800, 0xf800, 0xf800, 0xf800, 0xf800, 0xf800, 0xf800,
  0xf800, 0xf800, 0xf800, 0xf800, 0xf800, 0xf800, 0xf800, 0xf800,
  0xf800, 0xf800, 0xf800, 0xf800, 0xf800, 0xf800, 0xf800, 0xf800,
  0xf800, 0xf800, 0xf800, 0xf800, 0xf800, 0xf800, 0xf800, 0xf800,
  0xf800, 0xf800, 0xf800, 0xf800, 0xf800, 0xf800, 0xf800, 0xf800,
  0xf800, 0xf800, 0xf800, 0xf800, 0xf800, 0xf800, 0xf800, 0xf800,
  0xf800, 0xf800, 0xf800, 0xf800, 0xf800, 0xf800, 0xf800, 0xf800,
  0xf800, 0xf800, 0xf800, 0xf800, 0xf800, 0xf800, 0xf800, 0xf800,
  0xf800, 0xf800, 0xf800, 0xf800, 0xf800, 0xf800, 0xf800, 0xf800,
  0xf800, 0xf800, 0xf800, 0xf800, 0xf800, 0xf800, 0xf800, 0xf800,
  0xf800, 0xf800, 0xf800, 0xf800, 0xf800, 0xf800, 0xf800, 0xf800,
  0xf800, 0xf800, 0xf800, 0xf800, 0xf800, 0xf800, 0xf800, 0xf800,
  0xf800, 0xf800, 0xf800, 0xf800, 0xf800, 0xf800, 0xf800, 0xf800,
  0xf800, 0xf800, 0xf800, 0xf800, 0xf800, 0xf800, 0xf800, 0xf800,
  0xf800, 0xf800, 0xf800, 0xf800, 0xf800, 0xf800, 0xf800, 0xf800,
  0xf800, 0xf800, 0xf800, 0xf800, 0xf800, 0xf800, 0xf800, 0xf800,
  0xf800, 0xf800, 0xf800, 0xf800, 0xf800, 0xf800, 0xf800, 0xf800,
  0xf800, 0xf800, 0xf800, 0xf800, 0xf800, 0xf800, 0xf800, 0xf800,
  0xf800, 0xf800, 0xf800, 0xf800, 0xf800, 0xf800, 0xf800, 0xf800,
  0xf800, 0xf800, 0xf800, 0xf800, 0xf800, 0xf800, 0xf800, 0xf800,
  0xf800, 0xf800, 0xf800, 0xf800, 0xf800, 0xf800, 0xf800, 0xf800,
  0xf800, 0xf800, 0xf800, 0xf800, 0xf800, 0xf800, 0xf800, 0xf800,
  0xf800, 0xf800, 0xf800, 0xf800, 0xf800, 0xf800, 0xf800, 0xf800,
  0xf800, 0xf800, 0xf800, 0xf800, 0xf800, 0xf800, 0xf800, 0xf800,
  0xf800, 0xf800, 0xf800, 0xf800, 0xf800, 0xf800, 0xf800, 0xf800,
  0xf800, 0xf800, 0xf800, 0xf800, 0xf800, 0xf800, 0xf800, 0xf800,
  0xf800, 0xf800, 0xf800, 0xf800, 0xf800, 0xf800, 0xf800, 0xf800,
  0xf800, 0xf800, 0xf800, 0xf800, 0xf800, 0xf800, 0xf800, 0xf800,
  0xf800, 0xf800, 0xf800, 0xf800, 0xf800, 0xf800, 0xf800, 0xf800,
  0xf800, 0xf800, 0xf800, 0xf800, 0xf800, 0xf800, 0xf800, 0xf800,
  0xf800, 0xf800, 0xf800, 0xf800, 0xf800, 0xf800, 0xf800, 0xf800,
  0xf800, 0xf800, 0xf800, 0xf800, 0xf800, 0xf800, 0xf800, 0xf800,
  0xf800, 0xf800, 0xf800, 0xf800, 0xf800, 0xf800, 0xf800, 0xf800,
  0xf800, 0xf800, 0xf800, 0xf800, 0xf800, 0xf800, 0xf800, 0xf800,
  0xf800, 0xf800, 0xf800, 0xf800, 0xf800, 0xf800, 0xf800, 0xf800,
  0xf800, 0xf800, 0xf800, 0xf800, 0xf800, 0xf800, 0xf800, 0xf800,
  0xf800, 0xf800, 0xf800, 0xf800, 0xf800, 0xf800, 0xf800, 0xf800,
  0xf800, 0xf800, 0xf800, 0xf800, 0xf800, 0xf800, 0xf800, 0xf800,
  0xf800, 0xf800, 0xf800, 0xf800, 0xf800, 0xf800, 0xf800, 0xf800,
  0xf800, 0xf800, 0xf800, 0xf800, 0xf800, 0xf800, 0xf800, 0xf800,
  0xf800, 0xf800, 0xf800, 0xf800, 0xf800, 0xf800, 0xf800, 0xf800,
  0xf800, 0xf800, 0xf800, 0xf800, 0xf800, 0xf800, 0xf800, 0xf800,
  0xf800, 0xf800, 0xf800, 0xf800, 0xf800, 0xf800, 0xf800, 0xf800,
  0xf800, 0xf800, 0xf800, 0xf800, 0xf800, 0xf800, 0xf800, 0xf800,
  0xf800, 0xf800, 0xf800, 0xf800, 0xf800, 0xf800, 0xf800, 0xf800,
  0xf800, 0xf800, 0xf800, 0xf800, 0xf800, 0xf800, 0xf800, 0xf800,
  0xf800, 0xf800, 0xf800, 0xf800, 0xf800, 0xf800, 0xf800, 0xf800,
  0xf800, 0xf800, 0xf800, 0xf800, 0xf800, 0xf800, 0xf800, 0xf800,
  0xf800, 0xf800, 0xf800, 0xf800, 0xf800, 0xf800, 0xf800, 0xf800,
  0xf800, 0xf800, 0xf800, 0xf800, 0xf800, 0xf800, 0xf800, 0xf800,
  0xf800, 0xf800, 0xf800, 0xf800, 0xf800, 0xf800, 0xf800, 0xf800,
  0xf800, 0xf800, 0xf800, 0xf800, 0xf800, 0xf800, 0xf800, 0xf800,
  0xf800, 0xf800, 0xf800, 0xf800, 0xf800, 0xf800, 0xf800, 0xf800,
  0xf800, 0xf800, 0xf800, 0xf800, 0xf800, 0xf800, 0xf800, 0xf800,
  0xf800, 0xf800, 0xf800, 0xf800, 0xf800, 0xf800, 0xf800, 0xf800,
  0xf800, 0xf800, 0xf800, 0xf800, 0xf800, 0xf800, 0xf800, 0xf800,
  0xf800, 0xf800, 0xf800, 0xf800, 0xf800, 0xf800, 0xf800, 0xf800,
  0xf800, 0xf800, 0xf800, 0xf800, 0xf800, 0xf800, 0xf800, 0xf800,
  0xf800, 0xf800, 0xf800, 0xf800, 0xf800, 0xf800, 0xf800, 0xf800,
  0xf800, 0xf800, 0xf800, 0xf800, 0xf800, 0xf800, 0xf800, 0xf800,
  0xf800, 0xf800, 0xf800, 0xf800, 0xf800, 0xf800, 0xf800, 0xf800,
  0xf800, 0xf800, 0xf800, 0xf800, 0xf800, 0xf800, 0xf800, 0xf800,
  0xf800, 0xf800, 0xf800, 0xf800, 0xf800, 0xf800, 0xf800, 0xf800,
  0xf800, 0xf800, 0xf800, 0xf800, 0xf800, 0xf800, 0xf800, 0xf800,
  0xf800, 0xf800, 0xf800, 0xf800, 0xf800, 0xf800, 0xf800, 0xf800,
  0xf800, 0xf800, 0xf800, 0xf800, 0xf800, 0xf800, 0xf800, 0xf800,
  0xf800, 0xf800, 0xf800, 0xf800, 0xf800, 0xf800, 0xf800, 0xf800,
  0xf800, 0xf800, 0xf800, 0xf800, 0xf800, 0xf800, 0xf800, 0xf800,
  0xf800, 0xf800, 0xf800, 0xf800, 0xf800, 0xf800, 0xf800, 0xf800,
  0xf800, 0xf800, 0xf800, 0xf800, 0xf800, 0xf800, 0xf800, 0xf800,
  0xf800, 0xf800, 0xf800, 0xf800, 0xf800, 0xf800, 0xf800, 0xf800,
  0xf800, 0xf800, 0xf800, 0xf800, 0xf800, 0xf800, 0xf800, 0xf800,
  0xf800, 0xf800, 0xf800, 0xf800, 0xf800, 0xf800, 0xf800, 0xf800,
  0xf800, 0xf800, 0xf800, 0xf800, 0xf800, 0xf800, 0xf800, 0xf800,
  0xf800, 0xf800, 0xf800, 0xf800, 0xf800, 0xf800, 0xf800, 0xf800,
  0xf800, 0xf800, 0xf800, 0xf800, 0xf800, 0xf800, 0xf800, 0xf800,
  0xf800, 0xf800, 0xf800, 0xf800, 0xf800, 0xf800, 0xf800, 0xf800,
  0xf800, 0xf800, 0xf800, 0xf800, 0xf800, 0xf800, 0xf800, 0xf800,
  0xf800, 0xf800, 0xf800, 0xf800, 0xf800, 0xf800, 0xf800, 0xf800,
  0xf800, 0xf800, 0xf800, 0xf800, 0xf800, 0xf800, 0xf800, 0xf800,
  0xf800, 0xf800, 0xf800, 0xf800, 0xf800, 0xf800, 0xf800, 0xf800,
  0xf800, 0xf800, 0xf800, 0xf800, 0xf800, 0xf800, 0xf800, 0xf800,
  0xf800, 0xf800, 0xf800, 0xf800, 0xf800, 0xf800, 0xf800, 0xf800,
  0xf800, 0xf800, 0xf800, 0xf800, 0xf800, 0xf800, 0xf800, 0xf800,
  0xf800, 0xf800, 0xf800, 0xf800, 0xf800, 0xf800, 0xf800, 0xf800,
  0xf800, 0xf800, 0xf800, 0xf800, 0xf800, 0xf800, 0xf800, 0xf800,
  0xf800, 0xf800, 0xf800, 0xf800, 0xf800, 0xf800, 0xf800, 0xf800,
  0xf800, 0xf800, 0xf800, 0xf800, 0xf800, 0xf800, 0xf800, 0xf800,
  0xf800, 0xf800, 0xf800, 0xf800, 0xf800, 0xf800, 0xf800, 0xf800,
  0xf800, 0xf800, 0xf800, 0xf800, 0xf800, 0xf800, 0xf800, 0xf800,
  0xf800, 0xf800, 0xf800, 0xf800, 0xf800, 0xf800, 0xf800, 0xf800,
  0xf800, 0xf800, 0xf800, 0xf800, 0xf800, 0xf800, 0xf800, 0xf800,
  0xf800, 0xf800, 0xf800, 0xf800, 0xf800, 0xf800, 0xf800, 0xf800,
  0xf800, 0xf800, 0xf800, 0xf800, 0xf800, 0xf800, 0xf800, 0xf800,
  0xf800, 0xf800, 0xf800, 0xf800, 0xf800, 0xf800, 0xf800, 0xf800,
  0xf800, 0xf800, 0xf800, 0xf800, 0xf800, 0xf800, 0xf800, 0xf800,
  0xf800, 0xf800, 0xf800, 0xf800, 0xf800, 0xf800, 0xf800, 0xf800,
  0xf800, 0xf800, 0xf800, 0xf800, 0xf800, 0xf800, 0xf800, 0xf800,
  0xf800, 0xf800, 0xf800, 0xf800, 0xf800, 0xf800, 0xf800, 0xf800,
  0xf800, 0xf800, 0xf800, 0xf800, 0xf800, 0xf800, 0xf800, 0xf800,
  0xf800, 0xf800, 0xf800, 0xf800, 0xf800, 0xf800, 0xf800, 0xf800,
  0xf800, 0xf800, 0xf800, 0xf800, 0xf800, 0xf800, 0xf800, 0xf800,
  0xf800, 0xf800, 0xf800, 0xf800, 0xf800, 0xf800, 0xf800, 0xf800,
  0xf800, 0xf800, 0xf800, 0xf800, 0xf800, 0xf800, 0xf800, 0xf800,
  0xf800, 0xf800, 0xf800, 0xf800, 0xf800, 0xf800, 0xf800, 0xf800,
  0xf800, 0xf800, 0xf800, 0xf800, 0xf800, 0xf800, 0xf800, 0xf800,
  0xf800, 0xf800, 0xf800, 0xf800, 0xf800, 0xf800, 0xf800, 0xf800,
  0xf800, 0xf800, 0xf800, 0xf800, 0xf800, 0xf800, 0xf800, 0xf800,
  0xf800, 0xf800, 0xf800, 0xf800, 0xf800, 0xf800, 0xf800, 0xf800,
  0xf800, 0xf800, 0xf800, 0xf800, 0xf800, 0xf800, 0xf800, 0xf800,
  0xf800, 0xf800, 0xf800, 0xf800, 0xf800, 0xf800, 0xf800, 0xf800,
  0xf800, 0xf800, 0xf800, 0xf800, 0xf800, 0xf800, 0xf800, 0xf800,
  0xf800, 0xf800, 0xf800, 0xf800, 0xf800, 0xf800, 0xf800, 0xf800,
  0xf800, 0xf800, 0xf800, 0xf800, 0xf800, 0xf800, 0xf800, 0xf800,
  0xf800, 0xf800, 0xf800, 0xf800, 0xf800, 0xf800, 0xf800, 0xf800,
  0xf800, 0xf800, 0xf800, 0xf800, 0xf800, 0xf800, 0xf800, 0xf800,
  0xf800, 0xf800, 0xf800, 0xf800, 0xf800, 0xf800, 0xf800, 0xf800,
  0xf800, 0xf800, 0xf800, 0xf800, 0xf800, 0xf800, 0xf800, 0xf800,
  0xf800, 0xf800, 0xf800, 0xf800, 0xf800, 0xf800, 0xf800, 0xf800,
  0xf800, 0xf800, 0xf800, 0xf800, 0xf800, 0xf800, 0xf800, 0xf800,
  0xf800, 0xf800, 0xf800, 0xf800, 0xf800, 0xf800, 0xf800, 0xf800,
  0xf800, 0xf800, 0xf800, 0xf800, 0xf800, 0xf800, 0xf800, 0xf800,
  0xf800, 0xf800, 0xf800, 0xf800, 0xf800, 0xf800, 0xf800, 0xf800,
  0xf800, 0xf800, 0xf800, 0xf800, 0xf800, 0xf800, 0xf800, 0xf800,
  0xf800, 0xf800, 0xf800, 0xf800, 0xf800, 0xf800, 0xf800, 0xf800,
  0xf800, 0xf800, 0xf800, 0xf800, 0xf800, 0xf800, 0xf800, 0xf800,
  0xf800, 0xf800, 0xf800, 0xf800, 0xf800, 0xf800, 0xf800, 0xf800,
  0xf800, 0xf800, 0xf800, 0xf800, 0xf800, 0xf800, 0xf800, 0xf800,
  0xf800, 0xf800, 0xf800, 0xf800, 0xf800, 0xf800, 0xf800, 0xf800,
  0xf800, 0xf800, 0xf800, 0xf800, 0xf800, 0xf800, 0xf800, 0xf800,
  0xf800, 0xf800, 0xf800, 0xf800, 0xf800, 0xf800, 0xf800, 0xf800,
  0xf800, 0xf800, 0xf800, 0xf800, 0xf800, 0xf800, 0xf800, 0xf800,
  0xf800, 0xf800, 0xf800, 0xf800, 0xf800, 0xf800, 0xf800, 0xf800,
  0xf800, 0xf800, 0xf800, 0xf800, 0xf800, 0xf800, 0xf800, 0xf800,
  0xf800, 0xf800, 0xf800, 0xf800, 0xf800, 0xf800, 0xf800, 0xf800,
  0xf800, 0xf800, 0xf800, 0xf800, 0xf800, 0xf800, 0xf800, 0xf800,
  0xf800, 0xf800, 0xf800, 0xf800, 0xf800, 0xf800, 0xf800, 0xf800,
  0xf800, 0xf800, 0xf800, 0xf800, 0xf800, 0xf800, 0xf800, 0xf800,
  0xf800, 0xf800, 0xf800, 0xf800, 0xf800, 0xf800, 0xf800, 0xf800,
  0xf800, 0xf800, 0xf800, 0xf800, 0xf800, 0xf800, 0xf800, 0xf800,
  0xf800, 0xf800, 0xf800, 0xf800, 0xf800, 0xf800, 0xf800, 0xf800,
  0xf800, 0xf800, 0xf800, 0xf800, 0xf800, 0xf800, 0xf800, 0xf800,
  0xf800, 0xf800, 0xf800, 0xf800, 0xf800, 0xf800, 0xf800, 0xf800,
  0xf800, 0xf800, 0xf800, 0xf800, 0xf800, 0xf800, 0xf800, 0xf800,
  0xf800, 0xf800, 0xf800, 0xf800, 0xf800, 0xf800, 0xf800, 0xf800,
  0xf800, 0xf800, 0xf800, 0xf800, 0xf800, 0xf800, 0xf800, 0xf800,
  0xf800, 0xf800, 0xf800, 0xf800, 0xf800, 0xf800, 0xf800, 0xf800,
  0xf800, 0xf800, 0xf800, 0xf800, 0xf800, 0xf800, 0xf800, 0xf800,
  0xf800, 0xf800, 0xf800, 0xf800, 0xf800, 0xf800, 0xf800, 0xf800,
  0xf800, 0xf800, 0xf800, 0xf800, 0xf800, 0xf800, 0xf800, 0xf800,
  0xf800, 0xf800, 0xf800, 0xf800, 0xf800, 0xf800, 0xf800, 0xf800,
  0xf800, 0xf800, 0xf800, 0xf800, 0xf800, 0xf800, 0xf800, 0xf800,
  0xf800, 0xf800, 0xf800, 0xf800, 0xf800, 0xf800, 0xf800, 0xf800,
  0xf800, 0xf800, 0xf800, 0xf800, 0xf800, 0xf800, 0xf800, 0xf800,
  0xf800, 0xf800, 0xf800, 0xf800, 0xf800, 0xf800, 0xf800, 0xf800,
  0xf800, 0xf800, 0xf800, 0xf800, 0xf800, 0xf800, 0xf800, 0xf800,
  0xf800, 0xf800, 0xf800, 0xf800, 0xf800, 0xf800, 0xf800, 0xf800,
  0xf800, 0xf800, 0xf800, 0xf800, 0xf800, 0xf800, 0xf800, 0xf800,
  0xf800, 0xf800, 0xf800, 0xf800, 0xf800, 0xf800, 0xf800, 0xf800,
  0xf800, 0xf800, 0xf800, 0xf800, 0xf800, 0xf800, 0xf800, 0xf800,
  0xf800, 0xf800, 0xf800, 0xf800, 0xf800, 0xf800, 0xf800, 0xf800,
  0xf800, 0xf800, 0xf800, 0xf800, 0xf800, 0xf800, 0xf800, 0xf800,
  0xf800, 0xf800, 0xf800, 0xf800, 0xf800, 0xf800, 0xf800, 0xf800,
  0xf800, 0xf800, 0xf800, 0xf800, 0xf800, 0xf800, 0xf800, 0xf800,
  0xf800, 0xf800, 0xf800, 0xf800, 0xf800, 0xf800, 0xf800, 0xf800,
  0xf800, 0xf800, 0xf800, 0xf800, 0xf800, 0xf800, 0xf800, 0xf800,
  0xf800, 0xf800, 0xf800, 0xf800, 0xf800, 0xf800, 0xf800, 0xf800,
  0xf800, 0xf800, 0xf800, 0xf800, 0xf800, 0xf800, 0xf800, 0xf800,
  0xf800, 0xf800, 0xf800, 0xf800, 0xf800, 0xf800, 0xf800, 0xf800,
  0xf800, 0xf800, 0xf800, 0xf800, 0xf800, 0xf800, 0xf800, 0xf800,
  0xf800, 0xf800, 0xf800, 0xf800, 0xf800, 0xf800, 0xf800, 0xf800,
  0xf800, 0xf800, 0xf800, 0xf800, 0xf800, 0xf800, 0xf800, 0xf800,
  0xf800, 0xf800, 0xf800, 0xf800, 0xf800, 0xf800, 0xf800, 0xf800,
  0xf800, 0xf800, 0xf800, 0xf800, 0xf800, 0xf800, 0xf800, 0xf800,
  0xf800, 0xf800, 0xf800, 0xf800, 0xf800, 0xf800, 0xf800, 0xf800,
  0xf800, 0xf800, 0xf800, 0xf800, 0xf800, 0xf800, 0xf800, 0xf800,
  0xf800, 0xf800, 0xf800, 0xf800, 0xf800, 0xf800, 0xf800, 0xf800,
  0xf800, 0xf800, 0xf800, 0xf800, 0xf800, 0xf800, 0xf800, 0xf800,
  0xf800, 0xf800, 0xf800, 0xf800, 0xf800, 0xf800, 0xf800, 0xf800,
  0xf800, 0xf800, 0xf800, 0xf800, 0xf800, 0xf800, 0xf800, 0xf800,
  0xf800, 0xf800, 0xf800, 0xf800, 0xf800, 0xf800, 0xf800, 0xf800,
  0xf800, 0xf800, 0xf800, 0xf800, 0xf800, 0xf800, 0xf800, 0xf800,
  0xf800, 0xf800, 0xf800, 0xf800, 0xf800, 0xf800, 0xf800, 0xf800,
  0xf800, 0xf800, 0xf800, 0xf800, 0xf800, 0xf800, 0xf800, 0xf800,
  0xf800, 0xf800, 0xf800, 0xf800, 0xf800, 0xf800, 0xf800, 0xf800,
  0xf800, 0xf800, 0xf800, 0xf800, 0xf800, 0xf800, 0xf800, 0xf800,
  0xf800, 0xf800, 0xf800, 0xf800, 0xf800, 0xf800, 0xf800, 0xf800,
  0xf800, 0xf800, 0xf800, 0xf800, 0xf800, 0xf800, 0xf800, 0xf800,
  0xf800, 0xf800, 0xf800, 0xf800, 0xf800, 0xf800, 0xf800, 0xf800,
  0xf800, 0xf800, 0xf800, 0xf800, 0xf800, 0xf800, 0xf800, 0xf800,
  0xf800, 0xf800, 0xf800, 0xf800, 0xf800, 0xf800, 0xf800, 0xf800,
  0xf800, 0xf800, 0xf800, 0xf800, 0xf800, 0xf800, 0xf800, 0xf800,
  0xf800, 0xf800, 0xf800, 0xf800, 0xf800, 0xf800, 0xf800, 0xf800,
  0xf800, 0xf800, 0xf800, 0xf800, 0xf800, 0xf800, 0xf800, 0xf800,
  0xf800, 0xf800, 0xf800, 0xf800, 0xf800, 0xf800, 0xf800, 0xf800,
  0xf800, 0xf800, 0xf800, 0xf800, 0xf800, 0xf800, 0xf800, 0xf800,
  0xf800, 0xf800, 0xf800, 0xf800, 0xf800, 0xf800, 0xf800, 0xf800,
  0xf800, 0xf800, 0xf800, 0xf800, 0xf800, 0xf800, 0xf800, 0xf800,
  0xf800, 0xf800, 0xf800, 0xf800, 0xf800, 0xf800, 0xf800, 0xf800,
  0xf800, 0xf800, 0xf800, 0xf800, 0xf800, 0xf800, 0xf800, 0xf800,
  0xf800, 0xf800, 0xf800, 0xf800, 0xf800, 0xf800, 0xf800, 0xf800,
  0xf800, 0xf800, 0xf800, 0xf800, 0xf800, 0xf800, 0xf800, 0xf800,
  0xf800, 0xf800, 0xf800, 0xf800, 0xf800, 0xf800, 0xf800, 0xf800,
  0xf800, 0xf800, 0xf800, 0xf800, 0xf800, 0xf800, 0xf800, 0xf800,
  0xf800, 0xf800, 0xf800, 0xf800, 0xf800, 0xf800, 0xf800, 0xf800,
  0xf800, 0xf800, 0xf800, 0xf800, 0xf800, 0xf800, 0xf800, 0xf800,
  0xf800, 0xf800, 0xf800, 0xf800, 0xf800, 0xf800, 0xf800, 0xf800,
  0xf800, 0xf800, 0xf800, 0xf800, 0xf800, 0xf800, 0xf800, 0xf800,
  0xf800, 0xf800, 0xf800, 0xf800, 0xf800, 0xf800, 0xf800, 0xf800,
  0xf800, 0xf800, 0xf800, 0xf800, 0xf800, 0xf800, 0xf800, 0xf800,
  0xf800, 0xf800, 0xf800, 0xf800, 0xf800, 0xf800, 0xf800, 0xf800,
  0xf800, 0xf800, 0xf800, 0xf800, 0xf800, 0xf800, 0xf800, 0xf800,
  0xf800, 0xf800, 0xf800, 0xf800, 0xf800, 0xf800, 0xf800, 0xf800,
  0xf800, 0xf800, 0xf800, 0xf800, 0xf800, 0xf800, 0xf800, 0xf800,
  0xf800, 0xf800, 0xf800, 0xf800, 0xf800, 0xf800, 0xf800, 0xf800,
  0xf800, 0xf800, 0xf800, 0xf800, 0xf800, 0xf800, 0xf800, 0xf800,
  0xf800, 0xf800, 0xf800, 0xf800, 0xf800, 0xf800, 0xf800, 0xf800,
  0xf800, 0xf800, 0xf800, 0xf800, 0xf800, 0xf800, 0xf800, 0xf800,
  0xf800, 0xf800, 0xf800, 0xf800, 0xf800, 0xf800, 0xf800, 0xf800,
  0xf800, 0xf800, 0xf800, 0xf800, 0xf800, 0xf800, 0xf800, 0xf800,
  0xf800, 0xf800, 0xf800, 0xf800, 0xf800, 0xf800, 0xf800, 0xf800,
  0xf800, 0xf800, 0xf800, 0xf800, 0xf800, 0xf800, 0xf800, 0xf800,
  0xf800, 0xf800, 0xf800, 0xf800, 0xf800, 0xf800, 0xf800, 0xf800,
  0xf800, 0xf800, 0xf800, 0xf800, 0xf800, 0xf800, 0xf800, 0xf800,
  0xf800, 0xf800, 0xf800, 0xf800, 0xf800, 0xf800, 0xf800, 0xf800,
  0xf800, 0xf800, 0xf800, 0xf800, 0xf800, 0xf800, 0xf800, 0xf800,
  0xf800, 0xf800, 0xf800, 0xf800, 0xf800, 0xf800, 0xf800, 0xf800,
  0xf800, 0xf800, 0xf800, 0xf800, 0xf800, 0xf800, 0xf800, 0xf800,
  0xf800, 0xf800, 0xf800, 0xf800, 0xf800, 0xf800, 0xf800, 0xf800,
  0xf800, 0xf800, 0xf800, 0xf800, 0xf800, 0xf800, 0xf800, 0xf800,
  0xf800, 0xf800, 0xf800, 0xf800, 0xf800, 0xf800, 0xf800, 0xf800,
  0xf800, 0xf800, 0xf800, 0xf800, 0xf800, 0xf800, 0xf800, 0xf800,
  0xf800, 0xf800, 0xf800, 0xf800, 0xf800, 0xf800, 0xf800, 0xf800,
  0xf800, 0xf800, 0xf800, 0xf800, 0xf800, 0xf800, 0xf800, 0xf800,
  0xf800, 0xf800, 0xf800, 0xf800, 0xf800, 0xf800, 0xf800, 0xf800,
  0xf800, 0xf800, 0xf800, 0xf800, 0xf800, 0xf800, 0xf800, 0xf800,
  0xf800, 0xf800, 0xf800, 0xf800, 0xf800, 0xf800, 0xf800, 0xf800,
  0xf800, 0xf800, 0xf800, 0xf800, 0xf800, 0xf800, 0xf800, 0xf800,
  0xf800, 0xf800, 0xf800, 0xf800, 0xf800, 0xf800, 0xf800, 0xf800,
  0xf800, 0xf800, 0xf800, 0xf800, 0xf800, 0xf800, 0xf800, 0xf800,
  0xf800, 0xf800, 0xf800, 0xf800, 0xf800, 0xf800, 0xf800, 0xf800,
  0xf800, 0xf800, 0xf800, 0xf800, 0xf800, 0xf800, 0xf800, 0xf800,
  0xf800, 0xf800, 0xf800, 0xf800, 0xf800, 0xf800, 0xf800, 0xf800,
  0xf800, 0xf800, 0xf800, 0xf800, 0xf800, 0xf800, 0xf800, 0xf800,
  0xf800, 0xf800, 0xf800, 0xf800, 0xf800, 0xf800, 0xf800, 0xf800,
  0xf800, 0xf800, 0xf800, 0xf800, 0xf800, 0xf800, 0xf800, 0xf800,
  0xf800, 0xf800, 0xf800, 0xf800, 0xf800, 0xf800, 0xf800, 0xf800,
  0xf800, 0xf800, 0xf800, 0xf800, 0xf800, 0xf800, 0xf800, 0xf800,
  0xf800, 0xf800, 0xf800, 0xf800, 0xf800, 0xf800, 0xf800, 0xf800,
  0xf800, 0xf800, 0xf800, 0xf800, 0xf800, 0xf800, 0xf800, 0xf800,
  0xf800, 0xf800, 0xf800, 0xf800, 0xf800, 0xf800, 0xf800, 0xf800,
  0xf800, 0xf800, 0xf800, 0xf800, 0xf800, 0xf800, 0xf800, 0xf800,
  0xf800, 0xf800, 0xf800, 0xf800, 0xf800, 0xf800, 0xf800, 0xf800,
  0xf800, 0xf800, 0xf800, 0xf800, 0xf800, 0xf800, 0xf800, 0xf800,
  0xf800, 0xf800, 0xf800, 0xf800, 0xf800, 0xf800, 0xf800, 0xf800,
  0xf800, 0xf800, 0xf800, 0xf800, 0xf800, 0xf800, 0xf800, 0xf800,
  0xf800, 0xf800, 0xf800, 0xf800, 0xf800, 0xf800, 0xf800, 0xf800,
  0xf800, 0xf800, 0xf800, 0xf800, 0xf800, 0xf800, 0xf800, 0xf800,
  0xf800, 0xf800, 0xf800, 0xf800, 0xf800, 0xf800, 0xf800, 0xf800,
  0xf800, 0xf800, 0xf800, 0xf800, 0xf800, 0xf800, 0xf800, 0xf800,
  0xf800, 0xf800, 0xf800, 0xf800, 0xf800, 0xf800, 0xf800, 0xf800,
  0xf800, 0xf800, 0xf800, 0xf800, 0xf800, 0xf800, 0xf800, 0xf800,
  0xf800, 0xf800, 0xf800, 0xf800, 0xf800, 0xf800, 0xf800, 0xf800,
  0xf800, 0xf800, 0xf800, 0xf800, 0xf800, 0xf800, 0xf800, 0xf800,
  0xf800, 0xf800, 0xf800, 0xf800, 0xf800, 0xf800, 0xf800, 0xf800,
  0xf800, 0xf800, 0xf800, 0xf800, 0xf800, 0xf800, 0xf800, 0xf800,
  0xf800, 0xf800, 0xf800, 0xf800, 0xf800, 0xf800, 0xf800, 0xf800,
  0xf800, 0xf800, 0xf800, 0xf800, 0xf800, 0xf800, 0xf800, 0xf800,
  0xf800, 0xf800, 0xf800, 0xf800, 0xf800, 0xf800, 0xf800, 0xf800,
  0xf800, 0xf800, 0xf800, 0xf800, 0xf800, 0xf800, 0xf800, 0xf800,
  0xf800, 0xf800, 0xf800, 0xf800, 0xf800, 0xf800, 0xf800, 0xf800,
  0xf800, 0xf800, 0xf800, 0xf800, 0xf800, 0xf800, 0xf800, 0xf800,
  0xf800, 0xf800, 0xf800, 0xf800, 0xf800, 0xf800, 0xf800, 0xf800,
  0xf800, 0xf800, 0xf800, 0xf800, 0xf800, 0xf800, 0xf800, 0xf800,
  0xf800, 0xf800, 0xf800, 0xf800, 0xf800, 0xf800, 0xf800, 0xf800,
  0xf800, 0xf800, 0xf800, 0xf800, 0xf800, 0xf800, 0xf800, 0xf800,
  0xf800, 0xf800, 0xf800, 0xf800, 0xf800, 0xf800, 0xf800, 0xf800,
  0xf800, 0xf800, 0xf800, 0xf800, 0xf800, 0xf800, 0xf800, 0xf800,
  0xf800, 0xf800, 0xf800, 0xf800, 0xf800, 0xf800, 0xf800, 0xf800,
  0xf800, 0xf800, 0xf800, 0xf800, 0xf800, 0xf800, 0xf800, 0xf800,
  0xf800, 0xf800, 0xf800, 0xf800, 0xf800, 0xf800, 0xf800, 0xf800,
  0xf800, 0xf800, 0xf800, 0xf800, 0xf800, 0xf800, 0xf800, 0xf800,
  0xf800, 0xf800, 0xf800, 0xf800, 0xf800, 0xf800, 0xf800, 0xf800,
  0xf800, 0xf800, 0xf800, 0xf800, 0xf800, 0xf800, 0xf800, 0xf800,
  0xf800, 0xf800, 0xf800, 0xf800, 0xf800, 0xf800, 0xf800, 0xf800,
  0xf800, 0xf800, 0xf800, 0xf800, 0xf800, 0xf800, 0xf800, 0xf800,
  0xf800, 0xf800, 0xf800, 0xf800, 0xf800, 0xf800, 0xf800, 0xf800,
  0xf800, 0xf800, 0xf800, 0xf800, 0xf800, 0xf800, 0xf800, 0xf800,
  0xf800, 0xf800, 0xf800, 0xf800, 0xf800, 0xf800, 0xf800, 0xf800,
  0xf800, 0xf800, 0xf800, 0xf800, 0xf800, 0xf800, 0xf800, 0xf800,
  0xf800, 0xf800, 0xf800, 0xf800, 0xf800, 0xf800, 0xf800, 0xf800,
  0xf800, 0xf800, 0xf800, 0xf800, 0xf800, 0xf800, 0xf800, 0xf800,
  0xf800, 0xf800, 0xf800, 0xf800, 0xf800, 0xf800, 0xf800, 0xf800,
  0xf800, 0xf800, 0xf800, 0xf800, 0xf800, 0xf800, 0xf800, 0xf800,
  0xf800, 0xf800, 0xf800, 0xf800, 0xf800, 0xf800, 0xf800, 0xf800,
  0xf800, 0xf800, 0xf800, 0xf800, 0xf800, 0xf800, 0xf800, 0xf800,
  0xf800, 0xf800, 0xf800, 0xf800, 0xf800, 0xf800, 0xf800, 0xf800,
  0xf800, 0xf800, 0xf800, 0xf800, 0xf800, 0xf800, 0xf800, 0xf800,
  0xf800, 0xf800, 0xf800, 0xf800, 0xf800, 0xf800, 0xf800, 0xf800,
  0xf800, 0xf800, 0xf800, 0xf800, 0xf800, 0xf800, 0xf800, 0xf800,
  0xf800, 0xf800, 0xf800, 0xf800, 0xf800, 0xf800, 0xf800, 0xf800,
  0xf800, 0xf800, 0xf800, 0xf800, 0xf800, 0xf800, 0xf800, 0xf800,
  0xf800, 0xf800, 0xf800, 0xf800, 0xf800, 0xf800, 0xf800, 0xf800,
  0xf800, 0xf800, 0xf800, 0xf800, 0xf800, 0xf800, 0xf800, 0xf800,
  0xf800, 0xf800, 0xf800, 0xf800, 0xf800, 0xf800, 0xf800, 0xf800,
  0xf800, 0xf800, 0xf800, 0xf800, 0xf800, 0xf800, 0xf800, 0xf800,
  0xf800, 0xf800, 0xf800, 0xf800, 0xf800, 0xf800, 0xf800, 0xf800,
  0xf800, 0xf800, 0xf800, 0xf800, 0xf800, 0xf800, 0xf800, 0xf800,
  0xf800, 0xf800, 0xf800, 0xf800, 0xf800, 0xf800, 0xf800, 0xf800,
  0xf800, 0xf800, 0xf800, 0xf800, 0xf800, 0xf800, 0xf800, 0xf800,
  0xf800, 0xf800, 0xf800, 0xf800, 0xf800, 0xf800, 0xf800, 0xf800,
  0xf800, 0xf800, 0xf800, 0xf800, 0xf800, 0xf800, 0xf800, 0xf800,
  0xf800, 0xf800, 0xf800, 0xf800, 0xf800, 0xf800, 0xf800, 0xf800,
  0xf800, 0xf800, 0xf800, 0xf800, 0xf800, 0xf800, 0xf800, 0xf800,
  0xf800, 0xf800, 0xf800, 0xf800, 0xf800, 0xf800, 0xf800, 0xf800,
  0xf800, 0xf800, 0xf800, 0xf800, 0xf800, 0xf800, 0xf800, 0xf800,
  0xf800, 0xf800, 0xf800, 0xf800, 0xf800, 0xf800, 0xf800, 0xf800,
  0xf800, 0xf800, 0xf800, 0xf800, 0xf800, 0xf800, 0xf800, 0xf800,
  0xf800, 0xf800, 0xf800, 0xf800, 0xf800, 0xf800, 0xf800, 0xf800,
  0xf800, 0xf800, 0xf800, 0xf800, 0xf800, 0xf800, 0xf800, 0xf800,
  0xf800, 0xf800, 0xf800, 0xf800, 0xf800, 0xf800, 0xf800, 0xf800,
  0xf800, 0xf800, 0xf800, 0xf800, 0xf800, 0xf800, 0xf800, 0xf800,
  0xf800, 0xf800, 0xf800, 0xf800, 0xf800, 0xf800, 0xf800, 0xf800,
  0xf800, 0xf800, 0xf800, 0xf800, 0xf800, 0xf800, 0xf800, 0xf800,
  0xf800, 0xf800, 0xf800, 0xf800, 0xf800, 0xf800, 0xf800, 0xf800,
  0xf800, 0xf800, 0xf800, 0xf800, 0xf800, 0xf800, 0xf800, 0xf800,
  0xf800, 0xf800, 0xf800, 0xf800, 0xf800, 0xf800, 0xf800, 0xf800,
  0xf800, 0xf800, 0xf800, 0xf800, 0xf800, 0xf800, 0xf800, 0xf800,
  0xf800, 0xf800, 0xf800, 0xf800, 0xf800, 0xf800, 0xf800, 0xf800,
  0xf800, 0xf800, 0xf800, 0xf800, 0xf800, 0xf800, 0xf800, 0xf800,
  0xf800, 0xf800, 0xf800, 0xf800, 0xf800, 0xf800, 0xf800, 0xf800,
  0xf800, 0xf800, 0xf800, 0xf800, 0xf800, 0xf800, 0xf800, 0xf800,
  0xf800, 0xf800, 0xf800, 0xf800, 0xf800, 0xf800, 0xf800, 0xf800,
  0xf800, 0xf800, 0xf800, 0xf800, 0xf800, 0xf800, 0xf800, 0xf800,
  0xf800, 0xf800, 0xf800, 0xf800, 0xf800, 0xf800, 0xf800, 0xf800,
  0xf800, 0xf800, 0xf800, 0xf800, 0xf800, 0xf800, 0xf800, 0xf800,
  0xf800, 0xf800, 0xf800, 0xf800, 0xf800, 0xf800, 0xf800, 0xf800,
  0xf800, 0xf800, 0xf800, 0xf800, 0xf800, 0xf800, 0xf800, 0xf800,
  0xf800, 0xf800, 0xf800, 0xf800, 0xf800, 0xf800, 0xf800, 0xf800,
  0xf800, 0xf800, 0xf800, 0xf800, 0xf800, 0xf800, 0xf800, 0xf800,
  0xf800, 0xf800, 0xf800, 0xf800, 0xf800, 0xf800, 0xf800, 0xf800,
  0xf800, 0xf800, 0xf800, 0xf800, 0xf800, 0xf800, 0xf800, 0xf800,
  0xf800, 0xf800, 0xf800, 0xf800, 0xf800, 0xf800, 0xf800, 0xf800,
  0xf800, 0xf800, 0xf800, 0xf800, 0xf800, 0xf800, 0xf800, 0xf800,
  0xf800, 0xf800, 0xf800, 0xf800, 0xf800, 0xf800, 0xf800, 0xf800,
  0xf800, 0xf800, 0xf800, 0xf800, 0xf800, 0xf800, 0xf800, 0xf800,
  0xf800, 0xf800, 0xf800, 0xf800, 0xf800, 0xf800, 0xf800, 0xf800,
  0xf800, 0xf800, 0xf800, 0xf800, 0xf800, 0xf800, 0xf800, 0xf800,
  0xf800, 0xf800, 0xf800, 0xf800, 0xf800, 0xf800, 0xf800, 0xf800,
  0xf800, 0xf800, 0xf800, 0xf800, 0xf800, 0xf800, 0xf800, 0xf800,
  0xf800, 0xf800, 0xf800, 0xf800, 0xf800, 0xf800, 0xf800, 0xf800,
  0xf800, 0xf800, 0xf800, 0xf800, 0xf800, 0xf800, 0xf800, 0xf800,
  0xf800, 0xf800, 0xf800, 0xf800, 0xf800, 0xf800, 0xf800, 0xf800,
  0xf800, 0xf800, 0xf800, 0xf800, 0xf800, 0xf800, 0xf800, 0xf800,
  0xf800, 0xf800, 0xf800, 0xf800, 0xf800, 0xf800, 0xf800, 0xf800,
  0xf800, 0xf800, 0xf800, 0xf800, 0xf800, 0xf800, 0xf800, 0xf800,
  0xf800, 0xf800, 0xf800, 0xf800, 0xf800, 0xf800, 0xf800, 0xf800,
  0xf800, 0xf800, 0xf800, 0xf800, 0xf800, 0xf800, 0xf800, 0xf800,
  0xf800, 0xf800, 0xf800, 0xf800, 0xf800, 0xf800, 0xf800, 0xf800,
  0xf800, 0xf800, 0xf800, 0xf800, 0xf800, 0xf800, 0xf800, 0xf800,
  0xf800, 0xf800, 0xf800, 0xf800, 0xf800, 0xf800, 0xf800, 0xf800,
  0xf800, 0xf800, 0xf800, 0xf800, 0xf800, 0xf800, 0xf800, 0xf800,
  0xf800, 0xf800, 0xf800, 0xf800, 0xf800, 0xf800, 0xf800, 0xf800,
  0xf800, 0xf800, 0xf800, 0xf800, 0xf800, 0xf800, 0xf800, 0xf800,
  0xf800, 0xf800, 0xf800, 0xf800, 0xf800, 0xf800, 0xf800, 0xf800,
  0xf800, 0xf800, 0xf800, 0xf800, 0xf800, 0xf800, 0xf800, 0xf800,
  0xf800, 0xf800, 0xf800, 0xf800, 0xf800, 0xf800, 0xf800, 0xf800,
  0xf800, 0xf800, 0xf800, 0xf800, 0xf800, 0xf800, 0xf800, 0xf800,
  0xf800, 0xf800, 0xf800, 0xf800, 0xf800, 0xf800, 0xf800, 0xf800,
  0xf800, 0xf800, 0xf800, 0xf800, 0xf800, 0xf800, 0xf800, 0xf800,
  0xf800, 0xf800, 0xf800, 0xf800, 0xf800, 0xf800, 0xf800, 0xf800,
  0xf800, 0xf800, 0xf800, 0xf800, 0xf800, 0xf800, 0xf800, 0xf800,
  0xf800, 0xf800, 0xf800, 0xf800, 0xf800, 0xf800, 0xf800, 0xf800,
  0xf800, 0xf800, 0xf800, 0xf800, 0xf800, 0xf800, 0xf800, 0xf800,
  0xf800, 0xf800, 0xf800, 0xf800, 0xf800, 0xf800, 0xf800, 0xf800,
  0xf800, 0xf800, 0xf800, 0xf800, 0xf800, 0xf800, 0xf800, 0xf800,
  0xf800, 0xf800, 0xf800, 0xf800, 0xf800, 0xf800, 0xf800, 0xf800,
  0xf800, 0xf800, 0xf800, 0xf800, 0xf800, 0xf800, 0xf800, 0xf800,
  0xf800, 0xf800, 0xf800, 0xf800, 0xf800, 0xf800, 0xf800, 0xf800,
  0xf800, 0xf800, 0xf800, 0xf800, 0xf800, 0xf800, 0xf800, 0xf800,
  0xf800, 0xf800, 0xf800, 0xf800, 0xf800, 0xf800, 0xf800, 0xf800,
  0xf800, 0xf800, 0xf800, 0xf800, 0xf800, 0xf800, 0xf800, 0xf800,
  0xf800, 0xf800, 0xf800, 0xf800, 0xf800, 0xf800, 0xf800, 0xf800,
  0xf800, 0xf800, 0xf800, 0xf800, 0xf800, 0xf800, 0xf800, 0xf800,
  0xf800, 0xf800, 0xf800, 0xf800, 0xf800, 0xf800, 0xf800, 0xf800,
  0xf800, 0xf800, 0xf800, 0xf800, 0xf800, 0xf800, 0xf800, 0xf800,
  0xf800, 0xf800, 0xf800, 0xf800, 0xf800, 0xf800, 0xf800, 0xf800,
  0xf800, 0xf800, 0xf800, 0xf800, 0xf800, 0xf800, 0xf800, 0xf800,
  0xf800, 0xf800, 0xf800, 0xf800, 0xf800, 0xf800, 0xf800, 0xf800,
  0xf800, 0xf800, 0xf800, 0xf800, 0xf800, 0xf800, 0xf800, 0xf800,
  0xf800, 0xf800, 0xf800, 0xf800, 0xf800, 0xf800, 0xf800, 0xf800,
  0xf800, 0xf800, 0xf800, 0xf800, 0xf800, 0xf800, 0xf800, 0xf800,
  0xf800, 0xf800, 0xf800, 0xf800, 0xf800, 0xf800, 0xf800, 0xf800,
  0xf800, 0xf800, 0xf800, 0xf800, 0xf800, 0xf800, 0xf800, 0xf800,
  0xf800, 0xf800, 0xf800, 0xf800, 0xf800, 0xf800, 0xf800, 0xf800,
  0xf800, 0xf800, 0xf800, 0xf800, 0xf800, 0xf800, 0xf800, 0xf800,
  0xf800, 0xf800, 0xf800, 0xf800, 0xf800, 0xf800, 0xf800, 0xf800,
  0xf800, 0xf800, 0xf800, 0xf800, 0xf800, 0xf800, 0xf800, 0xf800,
  0xf800, 0xf800, 0xf800, 0xf800, 0xf800, 0xf800, 0xf800, 0xf800,
  0xf800, 0xf800, 0xf800, 0xf800, 0xf800, 0xf800, 0xf800, 0xf800,
  0xf800, 0xf800, 0xf800, 0xf800, 0xf800, 0xf800, 0xf800, 0xf800,
  0xf800, 0xf800, 0xf800, 0xf800, 0xf800, 0xf800, 0xf800, 0xf800,
  0xf800, 0xf800, 0xf800, 0xf800, 0xf800, 0xf800, 0xf800, 0xf800,
  0xf800, 0xf800, 0xf800, 0xf800, 0xf800, 0xf800, 0xf800, 0xf800,
  0xf800, 0xf800, 0xf800, 0xf800, 0xf800, 0xf800, 0xf800, 0xf800,
  0xf800, 0xf800, 0xf800, 0xf800, 0xf800, 0xf800, 0xf800, 0xf800,
  0xf800, 0xf800, 0xf800, 0xf800, 0xf800, 0xf800, 0xf800, 0xf800,
  0xf800, 0xf800, 0xf800, 0xf800, 0xf800, 0xf800, 0xf800, 0xf800,
  0xf800, 0xf800, 0xf800, 0xf800, 0xf800, 0xf800, 0xf800, 0xf800,
  0xf800, 0xf800, 0xf800, 0xf800, 0xf800, 0xf800, 0xf800, 0xf800,
  0xf800, 0xf800, 0xf800, 0xf800, 0xf800, 0xf800, 0xf800, 0xf800,
  0xf800, 0xf800, 0xf800, 0xf800, 0xf800, 0xf800, 0xf800, 0xf800,
  0xf800, 0xf800, 0xf800, 0xf800, 0xf800, 0xf800, 0xf800, 0xf800,
  0xf800, 0xf800, 0xf800, 0xf800, 0xf800, 0xf800, 0xf800, 0xf800,
  0xf800, 0xf800, 0xf800, 0xf800, 0xf800, 0xf800, 0xf800, 0xf800,
  0xf800, 0xf800, 0xf800, 0xf800, 0xf800, 0xf800, 0xf800, 0xf800,
  0xf800, 0xf800, 0xf800, 0xf800, 0xf800, 0xf800, 0xf800, 0xf800,
  0xf800, 0xf800, 0xf800, 0xf800, 0xf800, 0xf800, 0xf800, 0xf800,
  0xf800, 0xf800, 0xf800, 0xf800, 0xf800, 0xf800, 0xf800, 0xf800,
  0xf800, 0xf800, 0xf800, 0xf800, 0xf800, 0xf800, 0xf800, 0xf800,
  0xf800, 0xf800, 0xf800, 0xf800, 0xf800, 0xf800, 0xf800, 0xf800,
  0xf800, 0xf800, 0xf800, 0xf800, 0xf800, 0xf800, 0xf800, 0xf800,
  0xf800, 0xf800, 0xf800, 0xf800, 0xf800, 0xf800, 0xf800, 0xf800,
  0xf800, 0xf800, 0xf800, 0xf800, 0xf800, 0xf800, 0xf800, 0xf800,
  0xf800, 0xf800, 0xf800, 0xf800, 0xf800, 0xf800, 0xf800, 0xf800,
  0xf800, 0xf800, 0xf800, 0xf800, 0xf800, 0xf800, 0xf800, 0xf800,
  0xf800, 0xf800, 0xf800, 0xf800, 0xf800, 0xf800, 0xf800, 0xf800,
  0xf800, 0xf800, 0xf800, 0xf800, 0xf800, 0xf800, 0xf800, 0xf800,
  0xf800, 0xf800, 0xf800, 0xf800, 0xf800, 0xf800, 0xf800, 0xf800,
  0xf800, 0xf800, 0xf800, 0xf800, 0xf800, 0xf800, 0xf800, 0xf800,
  0xf800, 0xf800, 0xf800, 0xf800, 0xf800, 0xf800, 0xf800, 0xf800,
  0xf800, 0xf800, 0xf800, 0xf800, 0xf800, 0xf800, 0xf800, 0xf800,
  0xf800, 0xf800, 0xf800, 0xf800, 0xf800, 0xf800, 0xf800, 0xf800,
  0xf800, 0xf800, 0xf800, 0xf800, 0xf800, 0xf800, 0xf800, 0xf800,
  0xf800, 0xf800, 0xf800, 0xf800, 0xf800, 0xf800, 0xf800, 0xf800,
  0xf800, 0xf800, 0xf800, 0xf800, 0xf800, 0xf800, 0xf800, 0xf800,
  0xf800, 0xf800, 0xf800, 0xf800, 0xf800, 0xf800, 0xf800, 0xf800,
  0xf800, 0xf800, 0xf800, 0xf800, 0xf800, 0xf800, 0xf800, 0xf800,
  0xf800, 0xf800, 0xf800, 0xf800, 0xf800, 0xf800, 0xf800, 0xf800,
  0xf800, 0xf800, 0xf800, 0xf800, 0xf800, 0xf800, 0xf800, 0xf800,
  0xf800, 0xf800, 0xf800, 0xf800, 0xf800, 0xf800, 0xf800, 0xf800,
  0xf800, 0xf800, 0xf800, 0xf800, 0xf800, 0xf800, 0xf800, 0xf800,
  0xf800, 0xf800, 0xf800, 0xf800, 0xf800, 0xf800, 0xf800, 0xf800,
  0xf800, 0xf800, 0xf800, 0xf800, 0xf800, 0xf800, 0xf800, 0xf800,
  0xf800, 0xf800, 0xf800, 0xf800, 0xf800, 0xf800, 0xf800, 0xf800,
  0xf800, 0xf800, 0xf800, 0xf800, 0xf800, 0xf800, 0xf800, 0xf800,
  0xf800, 0xf800, 0xf800, 0xf800, 0xf800, 0xf800, 0xf800, 0xf800,
  0xf800, 0xf800, 0xf800, 0xf800, 0xf800, 0xf800, 0xf800, 0xf800,
  0xf800, 0xf800, 0xf800, 0xf800, 0xf800, 0xf800, 0xf800, 0xf800,
  0xf800, 0xf800, 0xf800, 0xf800, 0xf800, 0xf800, 0xf800, 0xf800,
  0xf800, 0xf800, 0xf800, 0xf800, 0xf800, 0xf800, 0xf800, 0xf800,
  0xf800, 0xf800, 0xf800, 0xf800, 0xf800, 0xf800, 0xf800, 0xf800,
  0xf800, 0xf800, 0xf800, 0xf800, 0xf800, 0xf800, 0xf800, 0xf800,
  0xf800, 0xf800, 0xf800, 0xf800, 0xf800, 0xf800, 0xf800, 0xf800,
  0xf800, 0xf800, 0xf800, 0xf800, 0xf800, 0xf800, 0xf800, 0xf800,
  0xf800, 0xf800, 0xf800, 0xf800, 0xf800, 0xf800, 0xf800, 0xf800,
  0xf800, 0xf800, 0xf800, 0xf800, 0xf800, 0xf800, 0xf800, 0xf800,
  0xf800, 0xf800, 0xf800, 0xf800, 0xf800, 0xf800, 0xf800, 0xf800,
  0xf800, 0xf800, 0xf800, 0xf800, 0xf800, 0xf800, 0xf800, 0xf800,
  0xf800, 0xf800, 0xf800, 0xf800, 0xf800, 0xf800, 0xf800, 0xf800,
  0xf800, 0xf800, 0xf800, 0xf800, 0xf800, 0xf800, 0xf800, 0xf800,
  0xf800, 0xf800, 0xf800, 0xf800, 0xf800, 0xf800, 0xf800, 0xf800,
  0xf800, 0xf800, 0xf800, 0xf800, 0xf800, 0xf800, 0xf800, 0xf800,
  0xf800, 0xf800, 0xf800, 0xf800, 0xf800, 0xf800, 0xf800, 0xf800,
  0xf800, 0xf800, 0xf800, 0xf800, 0xf800, 0xf800, 0xf800, 0xf800,
  0xf800, 0xf800, 0xf800, 0xf800, 0xf800, 0xf800, 0xf800, 0xf800,
  0xf800, 0xf800, 0xf800, 0xf800, 0xf800, 0xf800, 0xf800, 0xf800,
  0xf800, 0xf800, 0xf800, 0xf800, 0xf800, 0xf800, 0xf800, 0xf800,
  0xf800, 0xf800, 0xf800, 0xf800, 0xf800, 0xf800, 0xf800, 0xf800,
  0xf800, 0xf800, 0xf800, 0xf800, 0xf800, 0xf800, 0xf800, 0xf800,
  0xf800, 0xf800, 0xf800, 0xf800, 0xf800, 0xf800, 0xf800, 0xf800,
  0xf800, 0xf800, 0xf800, 0xf800, 0xf800, 0xf800, 0xf800, 0xf800,
  0xf800, 0xf800, 0xf800, 0xf800, 0xf800, 0xf800, 0xf800, 0xf800,
  0xf800, 0xf800, 0xf800, 0xf800, 0xf800, 0xf800, 0xf800, 0xf800,
  0xf800, 0xf800, 0xf800, 0xf800, 0xf800, 0xf800, 0xf800, 0xf800,
  0xf800, 0xf800, 0xf800, 0xf800, 0xf800, 0xf800, 0xf800, 0xf800,
  0xf800, 0xf800, 0xf800, 0xf800, 0xf800, 0xf800, 0xf800, 0xf800,
  0xf800, 0xf800, 0xf800, 0xf800, 0xf800, 0xf800, 0xf800, 0xf800,
  0xf800, 0xf800, 0xf800, 0xf800, 0xf800, 0xf800, 0xf800, 0xf800,
  0xf800, 0xf800, 0xf800, 0xf800, 0xf800, 0xf800, 0xf800, 0xf800,
  0xf800, 0xf800, 0xf800, 0xf800, 0xf800, 0xf800, 0xf800, 0xf800,
  0xf800, 0xf800, 0xf800, 0xf800, 0xf800, 0xf800, 0xf800, 0xf800,
  0xf800, 0xf800, 0xf800, 0xf800, 0xf800, 0xf800, 0xf800, 0xf800,
  0xf800, 0xf800, 0xf800, 0xf800, 0xf800, 0xf800, 0xf800, 0xf800,
  0xf800, 0xf800, 0xf800, 0xf800, 0xf800, 0xf800, 0xf800, 0xf800,
  0xf800, 0xf800, 0xf800, 0xf800, 0xf800, 0xf800, 0xf800, 0xf800,
  0xf800, 0xf800, 0xf800, 0xf800, 0xf800, 0xf800, 0xf800, 0xf800,
  0xf800, 0xf800, 0xf800, 0xf800, 0xf800, 0xf800, 0xf800, 0xf800,
  0xf800, 0xf800, 0xf800, 0xf800, 0xf800, 0xf800, 0xf800, 0xf800,
  0xf800, 0xf800, 0xf800, 0xf800, 0xf800, 0xf800, 0xf800, 0xf800,
  0xf800, 0xf800, 0xf800, 0xf800, 0xf800, 0xf800, 0xf800, 0xf800,
  0xf800, 0xf800, 0xf800, 0xf800, 0xf800, 0xf800, 0xf800, 0xf800,
  0xf800, 0xf800, 0xf800, 0xf800, 0xf800, 0xf800, 0xf800, 0xf800,
  0xf800, 0xf800, 0xf800, 0xf800, 0xf800, 0xf800, 0xf800, 0xf800,
  0xf800, 0xf800, 0xf800, 0xf800, 0xf800, 0xf800, 0xf800, 0xf800,
  0xf800, 0xf800, 0xf800, 0xf800, 0xf800, 0xf800, 0xf800, 0xf800,
  0xf800, 0xf800, 0xf800, 0xf800, 0xf800, 0xf800, 0xf800, 0xf800,
  0xf800, 0xf800, 0xf800, 0xf800, 0xf800, 0xf800, 0xf800, 0xf800,
  0xf800, 0xf800, 0xf800, 0xf800, 0xf800, 0xf800, 0xf800, 0xf800,
  0xf800, 0xf800, 0xf800, 0xf800, 0xf800, 0xf800, 0xf800, 0xf800,
  0xf800, 0xf800, 0xf800, 0xf800, 0xf800, 0xf800, 0xf800, 0xf800,
  0xf800, 0xf800, 0xf800, 0xf800, 0xf800, 0xf800, 0xf800, 0xf800,
  0xf800, 0xf800, 0xf800, 0xf800, 0xf800, 0xf800, 0xf800, 0xf800,
  0xf800, 0xf800, 0xf800, 0xf800, 0xf800, 0xf800, 0xf800, 0xf800,
  0xf800, 0xf800, 0xf800, 0xf800, 0xf800, 0xf800, 0xf800, 0xf800,
  0xf800, 0xf800, 0xf800, 0xf800, 0xf800, 0xf800, 0xf800, 0xf800,
  0xf800, 0xf800, 0xf800, 0xf800, 0xf800, 0xf800, 0xf800, 0xf800,
  0xf800, 0xf800, 0xf800, 0xf800, 0xf800, 0xf800, 0xf800, 0xf800,
  0xf800, 0xf800, 0xf800, 0xf800, 0xf800, 0xf800, 0xf800, 0xf800,
  0xf800, 0xf800, 0xf800, 0xf800, 0xf800, 0xf800, 0xf800, 0xf800,
  0xf800, 0xf800, 0xf800, 0xf800, 0xf800, 0xf800, 0xf800, 0xf800,
  0xf800, 0xf800, 0xf800, 0xf800, 0xf800, 0xf800, 0xf800, 0xf800,
  0xf800, 0xf800, 0xf800, 0xf800, 0xf800, 0xf800, 0xf800, 0xf800,
  0xf800, 0xf800, 0xf800, 0xf800, 0xf800, 0xf800, 0xf800, 0xf800,
  0xf800, 0xf800, 0xf800, 0xf800, 0xf800, 0xf800, 0xf800, 0xf800,
  0xf800, 0xf800, 0xf800, 0xf800, 0xf800, 0xf800, 0xf800, 0xf800,
  0xf800, 0xf800, 0xf800, 0xf800, 0xf800, 0xf800, 0xf800, 0xf800,
  0xf800, 0xf800, 0xf800, 0xf800, 0xf800, 0xf800, 0xf800, 0xf800,
  0xf800, 0xf800, 0xf800, 0xf800, 0xf800, 0xf800, 0xf800, 0xf800,
  0xf800, 0xf800, 0xf800, 0xf800, 0xf800, 0xf800, 0xf800, 0xf800,
  0xf800, 0xf800, 0xf800, 0xf800, 0xf800, 0xf800, 0xf800, 0xf800,
  0xf800, 0xf800, 0xf800, 0xf800, 0xf800, 0xf800, 0xf800, 0xf800,
  0xf800, 0xf800, 0xf800, 0xf800, 0xf800, 0xf800, 0xf800, 0xf800,
  0xf800, 0xf800, 0xf800, 0xf800, 0xf800, 0xf800, 0xf800, 0xf800,
  0xf800, 0xf800, 0xf800, 0xf800, 0xf800, 0xf800, 0xf800, 0xf800,
  0xf800, 0xf800, 0xf800, 0xf800, 0xf800, 0xf800, 0xf800, 0xf800,
  0xf800, 0xf800, 0xf800, 0xf800, 0xf800, 0xf800, 0xf800, 0xf800,
  0xf800, 0xf800, 0xf800, 0xf800, 0xf800, 0xf800, 0xf800, 0xf800,
  0xf800, 0xf800, 0xf800, 0xf800, 0xf800, 0xf800, 0xf800, 0xf800,
  0xf800, 0xf800, 0xf800, 0xf800, 0xf800, 0xf800, 0xf800, 0xf800,
  0xf800, 0xf800, 0xf800, 0xf800, 0xf800, 0xf800, 0xf800, 0xf800,
  0xf800, 0xf800, 0xf800, 0xf800, 0xf800, 0xf800, 0xf800, 0xf800,
  0xf800, 0xf800, 0xf800, 0xf800, 0xf800, 0xf800, 0xf800, 0xf800,
  0xf800, 0xf800, 0xf800, 0xf800, 0xf800, 0xf800, 0xf800, 0xf800,
  0xf800, 0xf800, 0xf800, 0xf800, 0xf800, 0xf800, 0xf800, 0xf800,
  0xf800, 0xf800, 0xf800, 0xf800, 0xf800, 0xf800, 0xf800, 0xf800,
  0xf800, 0xf800, 0xf800, 0xf800, 0xf800, 0xf800, 0xf800, 0xf800,
  0xf800, 0xf800, 0xf800, 0xf800, 0xf800, 0xf800, 0xf800, 0xf800,
  0xf800, 0xf800, 0xf800, 0xf800, 0xf800, 0xf800, 0xf800, 0xf800,
  0xf800, 0xf800, 0xf800, 0xf800, 0xf800, 0xf800, 0xf800, 0xf800,
  0xf800, 0xf800, 0xf800, 0xf800, 0xf800, 0xf800, 0xf800, 0xf800,
  0xf800, 0xf800, 0xf800, 0xf800, 0xf800, 0xf800, 0xf800, 0xf800,
  0xf800, 0xf800, 0xf800, 0xf800, 0xf800, 0xf800, 0xf800, 0xf800,
  0xf800, 0xf800, 0xf800, 0xf800, 0xf800, 0xf800, 0xf800, 0xf800,
  0xf800, 0xf800, 0xf800, 0xf800, 0xf800, 0xf800, 0xf800, 0xf800,
  0xf800, 0xf800, 0xf800, 0xf800, 0xf800, 0xf800, 0xf800, 0xf800,
  0xf800, 0xf800, 0xf800, 0xf800, 0xf800, 0xf800, 0xf800, 0xf800,
  0xf800, 0xf800, 0xf800, 0xf800, 0xf800, 0xf800, 0xf800, 0xf800,
  0xf800, 0xf800, 0xf800, 0xf800, 0xf800, 0xf800, 0xf800, 0xf800,
  0xf800, 0xf800, 0xf800, 0xf800, 0xf800, 0xf800, 0xf800, 0xf800,
  0xf800, 0xf800, 0xf800, 0xf800, 0xf800, 0xf800, 0xf800, 0xf800,
  0xf800, 0xf800, 0xf800, 0xf800, 0xf800, 0xf800, 0xf800, 0xf800,
  0xf800, 0xf800, 0xf800, 0xf800, 0xf800, 0xf800, 0xf800, 0xf800,
  0xf800, 0xf800, 0xf800, 0xf800, 0xf800, 0xf800, 0xf800, 0xf800,
  0xf800, 0xf800, 0xf800, 0xf800, 0xf800, 0xf800, 0xf800, 0xf800,
  0xf800, 0xf800, 0xf800, 0xf800, 0xf800, 0xf800, 0xf800, 0xf800,
  0xf800, 0xf800, 0xf800, 0xf800, 0xf800, 0xf800, 0xf800, 0xf800,
  0xf800, 0xf800, 0xf800, 0xf800, 0xf800, 0xf800, 0xf800, 0xf800,
  0xf800, 0xf800, 0xf800, 0xf800, 0xf800, 0xf800, 0xf800, 0xf800,
  0xf800, 0xf800, 0xf800, 0xf800, 0xf800, 0xf800, 0xf800, 0xf800,
  0xf800, 0xf800, 0xf800, 0xf800, 0xf800, 0xf800, 0xf800, 0xf800,
  0xf800, 0xf800, 0xf800, 0xf800, 0xf800, 0xf800, 0xf800, 0xf800,
  0xf800, 0xf800, 0xf800, 0xf800, 0xf800, 0xf800, 0xf800, 0xf800,
  0xf800, 0xf800, 0xf800, 0xf800, 0xf800, 0xf800, 0xf800, 0xf800,
  0xf800, 0xf800, 0xf800, 0xf800, 0xf800, 0xf800, 0xf800, 0xf800,
  0xf800, 0xf800, 0xf800, 0xf800, 0xf800, 0xf800, 0xf800, 0xf800,
  0xf800, 0xf800, 0xf800, 0xf800, 0xf800, 0xf800, 0xf800, 0xf800,
  0xf800, 0xf800, 0xf800, 0xf800, 0xf800, 0xf800, 0xf800, 0xf800,
  0xf800, 0xf800, 0xf800, 0xf800, 0xf800, 0xf800, 0xf800, 0xf800,
  0xf800, 0xf800, 0xf800, 0xf800, 0xf800, 0xf800, 0xf800, 0xf800,
  0xf800, 0xf800, 0xf800, 0xf800, 0xf800, 0xf800, 0xf800, 0xf800,
  0xf800, 0xf800, 0xf800, 0xf800, 0xf800, 0xf800, 0xf800, 0xf800,
  0xf800, 0xf800, 0xf800, 0xf800, 0xf800, 0xf800, 0xf800, 0xf800,
  0xf800, 0xf800, 0xf800, 0xf800, 0xf800, 0xf800, 0xf800, 0xf800,
  0xf800, 0xf800, 0xf800, 0xf800, 0xf800, 0xf800, 0xf800, 0xf800,
  0xf800, 0xf800, 0xf800, 0xf800, 0xf800, 0xf800, 0xf800, 0xf800,
  0xf800, 0xf800, 0xf800, 0xf800, 0xf800, 0xf800, 0xf800, 0xf800,
  0xf800, 0xf800, 0xf800, 0xf800, 0xf800, 0xf800, 0xf800, 0xf800,
  0xf800, 0xf800, 0xf800, 0xf800, 0xf800, 0xf800, 0xf800, 0xf800,
  0xf800, 0xf800, 0xf800, 0xf800, 0xf800, 0xf800, 0xf800, 0xf800,
  0xf800, 0xf800, 0xf800, 0xf800, 0xf800, 0xf800, 0xf800, 0xf800,
  0xf800, 0xf800, 0xf800, 0xf800, 0xf800, 0xf800, 0xf800, 0xf800,
  0xf800, 0xf800, 0xf800, 0xf800, 0xf800, 0xf800, 0xf800, 0xf800,
  0xf800, 0xf800, 0xf800, 0xf800, 0xf800, 0xf800, 0xf800, 0xf800,
  0xf800, 0xf800, 0xf800, 0xf800, 0xf800, 0xf800, 0xf800, 0xf800,
  0xf800, 0xf800, 0xf800, 0xf800, 0xf800, 0xf800, 0xf800, 0xf800,
  0xf800, 0xf800, 0xf800, 0xf800, 0xf800, 0xf800, 0xf800, 0xf800,
  0xf800, 0xf800, 0xf800, 0xf800, 0xf800, 0xf800, 0xf800, 0xf800,
  0xf800, 0xf800, 0xf800, 0xf800, 0xf800, 0xf800, 0xf800, 0xf800,
  0xf800, 0xf800, 0xf800, 0xf800, 0xf800, 0xf800, 0xf800, 0xf800,
  0xf800, 0xf800, 0xf800, 0xf800, 0xf800, 0xf800, 0xf800, 0xf800,
  0xf800, 0xf800, 0xf800, 0xf800, 0xf800, 0xf800, 0xf800, 0xf800,
  0xf800, 0xf800, 0xf800, 0xf800, 0xf800, 0xf800, 0xf800, 0xf800,
  0xf800, 0xf800, 0xf800, 0xf800, 0xf800, 0xf800, 0xf800, 0xf800,
  0xf800, 0xf800, 0xf800, 0xf800, 0xf800, 0xf800, 0xf800, 0xf800,
  0xf800, 0xf800, 0xf800, 0xf800, 0xf800, 0xf800, 0xf800, 0xf800,
  0xf800, 0xf800, 0xf800, 0xf800, 0xf800, 0xf800, 0xf800, 0xf800,
  0xf800, 0xf800, 0xf800, 0xf800, 0xf800, 0xf800, 0xf800, 0xf800,
  0xf800, 0xf800, 0xf800, 0xf800, 0xf800, 0xf800, 0xf800, 0xf800,
  0xf800, 0xf800, 0xf800, 0xf800, 0xf800, 0xf800, 0xf800, 0xf800,
  0xf800, 0xf800, 0xf800, 0xf800, 0xf800, 0xf800, 0xf800, 0xf800,
  0xf800, 0xf800, 0xf800, 0xf800, 0xf800, 0xf800, 0xf800, 0xf800,
  0xf800, 0xf800, 0xf800, 0xf800, 0xf800, 0xf800, 0xf800, 0xf800,
  0xf800, 0xf800, 0xf800, 0xf800, 0xf800, 0xf800, 0xf800, 0xf800,
  0xf800, 0xf800, 0xf800, 0xf800, 0xf800, 0xf800, 0xf800, 0xf800,
  0xf800, 0xf800, 0xf800, 0xf800, 0xf800, 0xf800, 0xf800, 0xf800,
  0xf800, 0xf800, 0xf800, 0xf800, 0xf800, 0xf800, 0xf800, 0xf800,
  0xf800, 0xf800, 0xf800, 0xf800, 0xf800, 0xf800, 0xf800, 0xf800,
  0xf800, 0xf800, 0xf800, 0xf800, 0xf800, 0xf800, 0xf800, 0xf800,
  0xf800, 0xf800, 0xf800, 0xf800, 0xf800, 0xf800, 0xf800, 0xf800,
  0xf800, 0xf800, 0xf800, 0xf800, 0xf800, 0xf800, 0xf800, 0xf800,
  0xf800, 0xf800, 0xf800, 0xf800, 0xf800, 0xf800, 0xf800, 0xf800,
  0xf800, 0xf800, 0xf800, 0xf800, 0xf800, 0xf800, 0xf800, 0xf800,
  0xf800, 0xf800, 0xf800, 0xf800, 0xf800, 0xf800, 0xf800, 0xf800,
  0xf800, 0xf800, 0xf800, 0xf800, 0xf800, 0xf800, 0xf800, 0xf800,
  0xf800, 0xf800, 0xf800, 0xf800, 0xf800, 0xf800, 0xf800, 0xf800,
  0xf800, 0xf800, 0xf800, 0xf800, 0xf800, 0xf800, 0xf800, 0xf800,
  0xf800, 0xf800, 0xf800, 0xf800, 0xf800, 0xf800, 0xf800, 0xf800,
  0xf800, 0xf800, 0xf800, 0xf800, 0xf800, 0xf800, 0xf800, 0xf800,
  0xf800, 0xf800, 0xf800, 0xf800, 0xf800, 0xf800, 0xf800, 0xf800,
  0xf800, 0xf800, 0xf800, 0xf800, 0xf800, 0xf800, 0xf800, 0xf800,
  0xf800, 0xf800, 0xf800, 0xf800, 0xf800, 0xf800, 0xf800, 0xf800,
  0xf800, 0xf800, 0xf800, 0xf800, 0xf800, 0xf800, 0xf800, 0xf800,
  0xf800, 0xf800, 0xf800, 0xf800, 0xf800, 0xf800, 0xf800, 0xf800,
  0xf800, 0xf800, 0xf800, 0xf800, 0xf800, 0xf800, 0xf800, 0xf800,
  0xf800, 0xf800, 0xf800, 0xf800, 0xf800, 0xf800, 0xf800, 0xf800,
  0xf800, 0xf800, 0xf800, 0xf800, 0xf800, 0xf800, 0xf800, 0xf800,
  0xf800, 0xf800, 0xf800, 0xf800, 0xf800, 0xf800, 0xf800, 0xf800,
  0xf800, 0xf800, 0xf800, 0xf800, 0xf800, 0xf800, 0xf800, 0xf800,
  0xf800, 0xf800, 0xf800, 0xf800, 0xf800, 0xf800, 0xf800, 0xf800,
  0xf800, 0xf800, 0xf800, 0xf800, 0xf800, 0xf800, 0xf800, 0xf800,
  0xf800, 0xf800, 0xf800, 0xf800, 0xf800, 0xf800, 0xf800, 0xf800,
  0xf800, 0xf800, 0xf800, 0xf800, 0xf800, 0xf800, 0xf800, 0xf800,
  0xf800, 0xf800, 0xf800, 0xf800, 0xf800, 0xf800, 0xf800, 0xf800,
  0xf800, 0xf800, 0xf800, 0xf800, 0xf800, 0xf800, 0xf800, 0xf800,
  0xf800, 0xf800, 0xf800, 0xf800, 0xf800, 0xf800, 0xf800, 0xf800,
  0xf800, 0xf800, 0xf800, 0xf800, 0xf800, 0xf800, 0xf800, 0xf800,
  0xf800, 0xf800, 0xf800, 0xf800, 0xf800, 0xf800, 0xf800, 0xf800,
  0xf800, 0xf800, 0xf800, 0xf800, 0xf800, 0xf800, 0xf800, 0xf800,
  0xf800, 0xf800, 0xf800, 0xf800, 0xf800, 0xf800, 0xf800, 0xf800,
  0xf800, 0xf800, 0xf800, 0xf800, 0xf800, 0xf800, 0xf800, 0xf800,
  0xf800, 0xf800, 0xf800, 0xf800, 0xf800, 0xf800, 0xf800, 0xf800,
  0xf800, 0xf800, 0xf800, 0xf800, 0xf800, 0xf800, 0xf800, 0xf800,
  0xf800, 0xf800, 0xf800, 0xf800, 0xf800, 0xf800, 0xf800, 0xf800,
  0xf800, 0xf800, 0xf800, 0xf800, 0xf800, 0xf800, 0xf800, 0xf800,
  0xf800, 0xf800, 0xf800, 0xf800, 0xf800, 0xf800, 0xf800, 0xf800,
  0xf800, 0xf800, 0xf800, 0xf800, 0xf800, 0xf800, 0xf800, 0xf800,
  0xf800, 0xf800, 0xf800, 0xf800, 0xf800, 0xf800, 0xf800, 0xf800,
  0xf800, 0xf800, 0xf800, 0xf800, 0xf800, 0xf800, 0xf800, 0xf800,
  0xf800, 0xf800, 0xf800, 0xf800, 0xf800, 0xf800, 0xf800, 0xf800,
  0xf800, 0xf800, 0xf800, 0xf800, 0xf800, 0xf800, 0xf800, 0xf800,
  0xf800, 0xf800, 0xf800, 0xf800, 0xf800, 0xf800, 0xf800, 0xf800,
  0xf800, 0xf800, 0xf800, 0xf800, 0xf800, 0xf800, 0xf800, 0xf800,
  0xf800, 0xf800, 0xf800, 0xf800, 0xf800, 0xf800, 0xf800, 0xf800,
  0xf800, 0xf800, 0xf800, 0xf800, 0xf800, 0xf800, 0xf800, 0xf800,
  0xf800, 0xf800, 0xf800, 0xf800, 0xf800, 0xf800, 0xf800, 0xf800,
  0xf800, 0xf800, 0xf800, 0xf800, 0xf800, 0xf800, 0xf800, 0xf800,
  0xf800, 0xf800, 0xf800, 0xf800, 0xf800, 0xf800, 0xf800, 0xf800,
  0xf800, 0xf800, 0xf800, 0xf800, 0xf800, 0xf800, 0xf800, 0xf800,
  0xf800, 0xf800, 0xf800, 0xf800, 0xf800, 0xf800, 0xf800, 0xf800,
  0xf800, 0xf800, 0xf800, 0xf800, 0xf800, 0xf800, 0xf800, 0xf800,
  0xf800, 0xf800, 0xf800, 0xf800, 0xf800, 0xf800, 0xf800, 0xf800,
  0xf800, 0xf800, 0xf800, 0xf800, 0xf800, 0xf800, 0xf800, 0xf800,
  0xf800, 0xf800, 0xf800, 0xf800, 0xf800, 0xf800, 0xf800, 0xf800,
  0xf800, 0xf800, 0xf800, 0xf800, 0xf800, 0xf800, 0xf800, 0xf800,
  0xf800, 0xf800, 0xf800, 0xf800, 0xf800, 0xf800, 0xf800, 0xf800,
  0xf800, 0xf800, 0xf800, 0xf800, 0xf800, 0xf800, 0xf800, 0xf800,
  0xf800, 0xf800, 0xf800, 0xf800, 0xf800, 0xf800, 0xf800, 0xf800,
  0xf800, 0xf800, 0xf800, 0xf800, 0xf800, 0xf800, 0xf800, 0xf800,
  0xf800, 0xf800, 0xf800, 0xf800, 0xf800, 0xf800, 0xf800, 0xf800,
  0xf800, 0xf800, 0xf800, 0xf800, 0xf800, 0xf800, 0xf800, 0xf800,
  0xf800, 0xf800, 0xf800, 0xf800, 0xf800, 0xf800, 0xf800, 0xf800,
  0xf800, 0xf800, 0xf800, 0xf800, 0xf800, 0xf800, 0xf800, 0xf800,
  0xf800, 0xf800, 0xf800, 0xf800, 0xf800, 0xf800, 0xf800, 0xf800,
  0xf800, 0xf800, 0xf800, 0xf800, 0xf800, 0xf800, 0xf800, 0xf800,
  0xf800, 0xf800, 0xf800, 0xf800, 0xf800, 0xf800, 0xf800, 0xf800,
  0xf800, 0xf800, 0xf800, 0xf800, 0xf800, 0xf800, 0xf800, 0xf800,
  0xf800, 0xf800, 0xf800, 0xf800, 0xf800, 0xf800, 0xf800, 0xf800,
  0xf800, 0xf800, 0xf800, 0xf800, 0xf800, 0xf800, 0xf800, 0xf800,
  0xf800, 0xf800, 0xf800, 0xf800, 0xf800, 0xf800, 0xf800, 0xf800,
  0xf800, 0xf800, 0xf800, 0xf800, 0xf800, 0xf800, 0xf800, 0xf800,
  0xf800, 0xf800, 0xf800, 0xf800, 0xf800, 0xf800, 0xf800, 0xf800,
  0xf800, 0xf800, 0xf800, 0xf800, 0xf800, 0xf800, 0xf800, 0xf800,
  0xf800, 0xf800, 0xf800, 0xf800, 0xf800, 0xf800, 0xf800, 0xf800,
  0xf800, 0xf800, 0xf800, 0xf800, 0xf800, 0xf800, 0xf800, 0xf800,
  0xf800, 0xf800, 0xf800, 0xf800, 0xf800, 0xf800, 0xf800, 0xf800,
  0xf800, 0xf800, 0xf800, 0xf800, 0xf800, 0xf800, 0xf800, 0xf800,
  0xf800, 0xf800, 0xf800, 0xf800, 0xf800, 0xf800, 0xf800, 0xf800,
  0xf800, 0xf800, 0xf800, 0xf800, 0xf800, 0xf800, 0xf800, 0xf800,
  0xf800, 0xf800, 0xf800, 0xf800, 0xf800, 0xf800, 0xf800, 0xf800,
  0xf800, 0xf800, 0xf800, 0xf800, 0xf800, 0xf800, 0xf800, 0xf800,
  0xf800, 0xf800, 0xf800, 0xf800, 0xf800, 0xf800, 0xf800, 0xf800,
  0xf800, 0xf800, 0xf800, 0xf800, 0xf800, 0xf800, 0xf800, 0xf800,
  0xf800, 0xf800, 0xf800, 0xf800, 0xf800, 0xf800, 0xf800, 0xf800,
  0xf800, 0xf800, 0xf800, 0xf800, 0xf800, 0xf800, 0xf800, 0xf800,
  0xf800, 0xf800, 0xf800, 0xf800, 0xf800, 0xf800, 0xf800, 0xf800,
  0xf800, 0xf800, 0xf800, 0xf800, 0xf800, 0xf800, 0xf800, 0xf800,
  0xf800, 0xf800, 0xf800, 0xf800, 0xf800, 0xf800, 0xf800, 0xf800,
  0xf800, 0xf800, 0xf800, 0xf800, 0xf800, 0xf800, 0xf800, 0xf800,
  0xf800, 0xf800, 0xf800, 0xf800, 0xf800, 0xf800, 0xf800, 0xf800,
  0xf800, 0xf800, 0xf800, 0xf800, 0xf800, 0xf800, 0xf800, 0xf800,
  0xf800, 0xf800, 0xf800, 0xf800, 0xf800, 0xf800, 0xf800, 0xf800,
  0xf800, 0xf800, 0xf800, 0xf800, 0xf800, 0xf800, 0xf800, 0xf800,
  0xf800, 0xf800, 0xf800, 0xf800, 0xf800, 0xf800, 0xf800, 0xf800,
  0xf800, 0xf800, 0xf800, 0xf800, 0xf800, 0xf800, 0xf800, 0xf800,
  0xf800, 0xf800, 0xf800, 0xf800, 0xf800, 0xf800, 0xf800, 0xf800,
  0xf800, 0xf800, 0xf800, 0xf800, 0xf800, 0xf800, 0xf800, 0xf800,
  0xf800, 0xf800, 0xf800, 0xf800, 0xf800, 0xf800, 0xf800, 0xf800,
  0xf800, 0xf800, 0xf800, 0xf800, 0xf800, 0xf800, 0xf800, 0xf800,
  0xf800, 0xf800, 0xf800, 0xf800, 0xf800, 0xf800, 0xf800, 0xf800,
  0xf800, 0xf800, 0xf800, 0xf800, 0xf800, 0xf800, 0xf800, 0xf800,
  0xf800, 0xf800, 0xf800, 0xf800, 0xf800, 0xf800, 0xf800, 0xf800,
  0xf800, 0xf800, 0xf800, 0xf800, 0xf800, 0xf800, 0xf800, 0xf800,
  0xf800, 0xf800, 0xf800, 0xf800, 0xf800, 0xf800, 0xf800, 0xf800,
  0xf800, 0xf800, 0xf800, 0xf800, 0xf800, 0xf800, 0xf800, 0xf800,
  0xf800, 0xf800, 0xf800, 0xf800, 0xf800, 0xf800, 0xf800, 0xf800,
  0xf800, 0xf800, 0xf800, 0xf800, 0xf800, 0xf800, 0xf800, 0xf800,
  0xf800, 0xf800, 0xf800, 0xf800, 0xf800, 0xf800, 0xf800, 0xf800,
  0xf800, 0xf800, 0xf800, 0xf800, 0xf800, 0xf800, 0xf800, 0xf800,
  0xf800, 0xf800, 0xf800, 0xf800, 0xf800, 0xf800, 0xf800, 0xf800,
  0xf800, 0xf800, 0xf800, 0xf800, 0xf800, 0xf800, 0xf800, 0xf800,
  0xf800, 0xf800, 0xf800, 0xf800, 0xf800, 0xf800, 0xf800, 0xf800,
  0xf800, 0xf800, 0xf800, 0xf800, 0xf800, 0xf800, 0xf800, 0xf800,
  0xf800, 0xf800, 0xf800, 0xf800, 0xf800, 0xf800, 0xf800, 0xf800,
  0xf800, 0xf800, 0xf800, 0xf800, 0xf800, 0xf800, 0xf800, 0xf800,
  0xf800, 0xf800, 0xf800, 0xf800, 0xf800, 0xf800, 0xf800, 0xf800,
  0xf800, 0xf800, 0xf800, 0xf800, 0xf800, 0xf800, 0xf800, 0xf800,
  0xf800, 0xf800, 0xf800, 0xf800, 0xf800, 0xf800, 0xf800, 0xf800,
  0xf800, 0xf800, 0xf800, 0xf800, 0xf800, 0xf800, 0xf800, 0xf800,
  0xf800, 0xf800, 0xf800, 0xf800, 0xf800, 0xf800, 0xf800, 0xf800,
  0xf800, 0xf800, 0xf800, 0xf800, 0xf800, 0xf800, 0xf800, 0xf800,
  0xf800, 0xf800, 0xf800, 0xf800, 0xf800, 0xf800, 0xf800, 0xf800,
  0xf800, 0xf800, 0xf800, 0xf800, 0xf800, 0xf800, 0xf800, 0xf800,
  0xf800, 0xf800, 0xf800, 0xf800, 0xf800, 0xf800, 0xf800, 0xf800,
  0xf800, 0xf800, 0xf800, 0xf800, 0xf800, 0xf800, 0xf800, 0xf800,
  0xf800, 0xf800, 0xf800, 0xf800, 0xf800, 0xf800, 0xf800, 0xf800,
  0xf800, 0xf800, 0xf800, 0xf800, 0xf800, 0xf800, 0xf800, 0xf800,
  0xf800, 0xf800, 0xf800, 0xf800, 0xf800, 0xf800, 0xf800, 0xf800,
  0xf800, 0xf800, 0xf800, 0xf800, 0xf800, 0xf800, 0xf800, 0xf800,
  0xf800, 0xf800, 0xf800, 0xf800, 0xf800, 0xf800, 0xf800, 0xf800,
  0xf800, 0xf800, 0xf800, 0xf800, 0xf800, 0xf800, 0xf800, 0xf800,
  0xf800, 0xf800, 0xf800, 0xf800, 0xf800, 0xf800, 0xf800, 0xf800,
  0xf800, 0xf800, 0xf800, 0xf800, 0xf800, 0xf800, 0xf800, 0xf800,
  0xf800, 0xf800, 0xf800, 0xf800, 0xf800, 0xf800, 0xf800, 0xf800,
  0xf800, 0xf800, 0xf800, 0xf800, 0xf800, 0xf800, 0xf800, 0xf800,
  0xf800, 0xf800, 0xf800, 0xf800, 0xf800, 0xf800, 0xf800, 0xf800,
  0xf800, 0xf800, 0xf800, 0xf800, 0xf800, 0xf800, 0xf800, 0xf800,
  0xf800, 0xf800, 0xf800, 0xf800, 0xf800, 0xf800, 0xf800, 0xf800,
  0xf800, 0xf800, 0xf800, 0xf800, 0xf800, 0xf800, 0xf800, 0xf800,
  0xf800, 0xf800, 0xf800, 0xf800, 0xf800, 0xf800, 0xf800, 0xf800,
  0xf800, 0xf800, 0xf800, 0xf800, 0xf800, 0xf800, 0xf800, 0xf800,
  0xf800, 0xf800, 0xf800, 0xf800, 0xf800, 0xf800, 0xf800, 0xf800,
  0xf800, 0xf800, 0xf800, 0xf800, 0xf800, 0xf800, 0xf800, 0xf800,
  0xf800, 0xf800, 0xf800, 0xf800, 0xf800, 0xf800, 0xf800, 0xf800,
  0xf800, 0xf800, 0xf800, 0xf800, 0xf800, 0xf800, 0xf800, 0xf800,
  0xf800, 0xf800, 0xf800, 0xf800, 0xf800, 0xf800, 0xf800, 0xf800,
  0xf800, 0xf800, 0xf800, 0xf800, 0xf800, 0xf800, 0xf800, 0xf800,
  0xf800, 0xf800, 0xf800, 0xf800, 0xf800, 0xf800, 0xf800, 0xf800,
  0xf800, 0xf800, 0xf800, 0xf800, 0xf800, 0xf800, 0xf800, 0xf800,
  0xf800, 0xf800, 0xf800, 0xf800, 0xf800, 0xf800, 0xf800, 0xf800,
  0xf800, 0xf800, 0xf800, 0xf800, 0xf800, 0xf800, 0xf800, 0xf800,
  0xf800, 0xf800, 0xf800, 0xf800, 0xf800, 0xf800, 0xf800, 0xf800,
  0xf800, 0xf800, 0xf800, 0xf800, 0xf800, 0xf800, 0xf800, 0xf800,
  0xf800, 0xf800, 0xf800, 0xf800, 0xf800, 0xf800, 0xf800, 0xf800,
  0xf800, 0xf800, 0xf800, 0xf800, 0xf800, 0xf800, 0xf800, 0xf800,
  0xf800, 0xf800, 0xf800, 0xf800, 0xf800, 0xf800, 0xf800, 0xf800,
  0xf800, 0xf800, 0xf800, 0xf800, 0xf800, 0xf800, 0xf800, 0xf800,
  0xf800, 0xf800, 0xf800, 0xf800, 0xf800, 0xf800, 0xf800, 0xf800,
  0xf800, 0xf800, 0xf800, 0xf800, 0xf800, 0xf800, 0xf800, 0xf800,
  0xf800, 0xf800, 0xf800, 0xf800, 0xf800, 0xf800, 0xf800, 0xf800,
  0xf800, 0xf800, 0xf800, 0xf800, 0xf800, 0xf800, 0xf800, 0xf800,
  0xf800, 0xf800, 0xf800, 0xf800, 0xf800, 0xf800, 0xf800, 0xf800,
  0xf800, 0xf800, 0xf800, 0xf800, 0xf800, 0xf800, 0xf800, 0xf800,
  0xf800, 0xf800, 0xf800, 0xf800, 0xf800, 0xf800, 0xf800, 0xf800,
  0xf800, 0xf800, 0xf800, 0xf800, 0xf800, 0xf800, 0xf800, 0xf800,
  0xf800, 0xf800, 0xf800, 0xf800, 0xf800, 0xf800, 0xf800, 0xf800,
  0xf800, 0xf800, 0xf800, 0xf800, 0xf800, 0xf800, 0xf800, 0xf800,
  0xf800, 0xf800, 0xf800, 0xf800, 0xf800, 0xf800, 0xf800, 0xf800,
  0xf800, 0xf800, 0xf800, 0xf800, 0xf800, 0xf800, 0xf800, 0xf800,
  0xf800, 0xf800, 0xf800, 0xf800, 0xf800, 0xf800, 0xf800, 0xf800,
  0xf800, 0xf800, 0xf800, 0xf800, 0xf800, 0xf800, 0xf800, 0xf800,
  0xf800, 0xf800, 0xf800, 0xf800, 0xf800, 0xf800, 0xf800, 0xf800,
  0xf800, 0xf800, 0xf800, 0xf800, 0xf800, 0xf800, 0xf800, 0xf800,
  0xf800, 0xf800, 0xf800, 0xf800, 0xf800, 0xf800, 0xf800, 0xf800,
  0xf800, 0xf800, 0xf800, 0xf800, 0xf800, 0xf800, 0xf800, 0xf800,
  0xf800, 0xf800, 0xf800, 0xf800, 0xf800, 0xf800, 0xf800, 0xf800,
  0xf800, 0xf800, 0xf800, 0xf800, 0xf800, 0xf800, 0xf800, 0xf800,
  0xf800, 0xf800, 0xf800, 0xf800, 0xf800, 0xf800, 0xf800, 0xf800,
  0xf800, 0xf800, 0xf800, 0xf800, 0xf800, 0xf800, 0xf800, 0xf800,
  0xf800, 0xf800, 0xf800, 0xf800, 0xf800, 0xf800, 0xf800, 0xf800,
  0xf800, 0xf800, 0xf800, 0xf800, 0xf800, 0xf800, 0xf800, 0xf800,
  0xf800, 0xf800, 0xf800, 0xf800, 0xf800, 0xf800, 0xf800, 0xf800,
  0xf800, 0xf800, 0xf800, 0xf800, 0xf800, 0xf800, 0xf800, 0xf800,
  0xf800, 0xf800, 0xf800, 0xf800, 0xf800, 0xf800, 0xf800, 0xf800,
  0xf800, 0xf800, 0xf800, 0xf800, 0xf800, 0xf800, 0xf800, 0xf800,
  0xf800, 0xf800, 0xf800, 0xf800, 0xf800, 0xf800, 0xf800, 0xf800,
  0xf800, 0xf800, 0xf800, 0xf800, 0xf800, 0xf800, 0xf800, 0xf800,
  0xf800, 0xf800, 0xf800, 0xf800, 0xf800, 0xf800, 0xf800, 0xf800,
  0xf800, 0xf800, 0xf800, 0xf800, 0xf800, 0xf800, 0xf800, 0xf800,
  0xf800, 0xf800, 0xf800, 0xf800, 0xf800, 0xf800, 0xf800, 0xf800,
  0xf800, 0xf800, 0xf800, 0xf800, 0xf800, 0xf800, 0xf800, 0xf800,
  0xf800, 0xf800, 0xf800, 0xf800, 0xf800, 0xf800, 0xf800, 0xf800,
  0xf800, 0xf800, 0xf800, 0xf800, 0xf800, 0xf800, 0xf800, 0xf800,
  0xf800, 0xf800, 0xf800, 0xf800, 0xf800, 0xf800, 0xf800, 0xf800,
  0xf800, 0xf800, 0xf800, 0xf800, 0xf800, 0xf800, 0xf800, 0xf800,
  0xf800, 0xf800, 0xf800, 0xf800, 0xf800, 0xf800, 0xf800, 0xf800,
  0xf800, 0xf800, 0xf800, 0xf800, 0xf800, 0xf800, 0xf800, 0xf800,
  0xf800, 0xf800, 0xf800, 0xf800, 0xf800, 0xf800, 0xf800, 0xf800,
  0xf800, 0xf800, 0xf800, 0xf800, 0xf800, 0xf800, 0xf800, 0xf800,
  0xf800, 0xf800, 0xf800, 0xf800, 0xf800, 0xf800, 0xf800, 0xf800,
  0xf800, 0xf800, 0xf800, 0xf800, 0xf800, 0xf800, 0xf800, 0xf800,
  0xf800, 0xf800, 0xf800, 0xf800, 0xf800, 0xf800, 0xf800, 0xf800,
  0xf800, 0xf800, 0xf800, 0xf800, 0xf800, 0xf800, 0xf800, 0xf800,
  0xf800, 0xf800, 0xf800, 0xf800, 0xf800, 0xf800, 0xf800, 0xf800,
  0xf800, 0xf800, 0xf800, 0xf800, 0xf800, 0xf800, 0xf800, 0xf800,
  0xf800, 0xf800, 0xf800, 0xf800, 0xf800, 0xf800, 0xf800, 0xf800,
  0xf800, 0xf800, 0xf800, 0xf800, 0xf800, 0xf800, 0xf800, 0xf800,
  0xf800, 0xf800, 0xf800, 0xf800, 0xf800, 0xf800, 0xf800, 0xf800,
  0xf800, 0xf800, 0xf800, 0xf800, 0xf800, 0xf800, 0xf800, 0xf800,
  0xf800, 0xf800, 0xf800, 0xf800, 0xf800, 0xf800, 0xf800, 0xf800,
  0xf800, 0xf800, 0xf800, 0xf800, 0xf800, 0xf800, 0xf800, 0xf800,
  0xf800, 0xf800, 0xf800, 0xf800, 0xf800, 0xf800, 0xf800, 0xf800,
  0xf800, 0xf800, 0xf800, 0xf800, 0xf800, 0xf800, 0xf800, 0xf800,
  0xf800, 0xf800, 0xf800, 0xf800, 0xf800, 0xf800, 0xf800, 0xf800,
  0xf800, 0xf800, 0xf800, 0xf800, 0xf800, 0xf800, 0xf800, 0xf800,
  0xf800, 0xf800, 0xf800, 0xf800, 0xf800, 0xf800, 0xf800, 0xf800,
  0xf800, 0xf800, 0xf800, 0xf800, 0xf800, 0xf800, 0xf800, 0xf800,
  0xf800, 0xf800, 0xf800, 0xf800, 0xf800, 0xf800, 0xf800, 0xf800,
  0xf800, 0xf800, 0xf800, 0xf800, 0xf800, 0xf800, 0xf800, 0xf800,
  0xf800, 0xf800, 0xf800, 0xf800, 0xf800, 0xf800, 0xf800, 0xf800,
  0xf800, 0xf800, 0xf800, 0xf800, 0xf800, 0xf800, 0xf800, 0xf800,
  0xf800, 0xf800, 0xf800, 0xf800, 0xf800, 0xf800, 0xf800, 0xf800,
  0xf800, 0xf800, 0xf800, 0xf800, 0xf800, 0xf800, 0xf800, 0xf800,
  0xf800, 0xf800, 0xf800, 0xf800, 0xf800, 0xf800, 0xf800, 0xf800,
  0xf800, 0xf800, 0xf800, 0xf800, 0xf800, 0xf800, 0xf800, 0xf800,
  0xf800, 0xf800, 0xf800, 0xf800, 0xf800, 0xf800, 0xf800, 0xf800,
  0xf800, 0xf800, 0xf800, 0xf800, 0xf800, 0xf800, 0xf800, 0xf800,
  0xf800, 0xf800, 0xf800, 0xf800, 0xf800, 0xf800, 0xf800, 0xf800,
  0xf800, 0xf800, 0xf800, 0xf800, 0xf800, 0xf800, 0xf800, 0xf800,
  0xf800, 0xf800, 0xf800, 0xf800, 0xf800, 0xf800, 0xf800, 0xf800,
  0xf800, 0xf800, 0xf800, 0xf800, 0xf800, 0xf800, 0xf800, 0xf800,
  0xf800, 0xf800, 0xf800, 0xf800, 0xf800, 0xf800, 0xf800, 0xf800,
  0xf800, 0xf800, 0xf800, 0xf800, 0xf800, 0xf800, 0xf800, 0xf800,
  0xf800, 0xf800, 0xf800, 0xf800, 0xf800, 0xf800, 0xf800, 0xf800,
  0xf800, 0xf800, 0xf800, 0xf800, 0xf800, 0xf800, 0xf800, 0xf800,
  0xf800, 0xf800, 0xf800, 0xf800, 0xf800, 0xf800, 0xf800, 0xf800,
  0xf800, 0xf800, 0xf800, 0xf800, 0xf800, 0xf800, 0xf800, 0xf800,
  0xf800, 0xf800, 0xf800, 0xf800, 0xf800, 0xf800, 0xf800, 0xf800,
  0xf800, 0xf800, 0xf800, 0xf800, 0xf800, 0xf800, 0xf800, 0xf800,
  0xf800, 0xf800, 0xf800, 0xf800, 0xf800, 0xf800, 0xf800, 0xf800,
  0xf800, 0xf800, 0xf800, 0xf800, 0xf800, 0xf800, 0xf800, 0xf800,
  0xf800, 0xf800, 0xf800, 0xf800, 0xf800, 0xf800, 0xf800, 0xf800,
  0xf800, 0xf800, 0xf800, 0xf800, 0xf800, 0xf800, 0xf800, 0xf800,
  0xf800, 0xf800, 0xf800, 0xf800, 0xf800, 0xf800, 0xf800, 0xf800,
  0xf800, 0xf800, 0xf800, 0xf800, 0xf800, 0xf800, 0xf800, 0xf800,
  0xf800, 0xf800, 0xf800, 0xf800, 0xf800, 0xf800, 0xf800, 0xf800,
  0xf800, 0xf800, 0xf800, 0xf800, 0xf800, 0xf800, 0xf800, 0xf800,
  0xf800, 0xf800, 0xf800, 0xf800, 0xf800, 0xf800, 0xf800, 0xf800,
  0xf800, 0xf800, 0xf800, 0xf800, 0xf800, 0xf800, 0xf800, 0xf800,
  0xf800, 0xf800, 0xf800, 0xf800, 0xf800, 0xf800, 0xf800, 0xf800,
  0xf800, 0xf800, 0xf800, 0xf800, 0xf800, 0xf800, 0xf800, 0xf800,
  0xf800, 0xf800, 0xf800, 0xf800, 0xf800, 0xf800, 0xf800, 0xf800,
  0xf800, 0xf800, 0xf800, 0xf800, 0xf800, 0xf800, 0xf800, 0xf800,
  0xf800, 0xf800, 0xf800, 0xf800, 0xf800, 0xf800, 0xf800, 0xf800,
  0xf800, 0xf800, 0xf800, 0xf800, 0xf800, 0xf800, 0xf800, 0xf800,
  0xf800, 0xf800, 0xf800, 0xf800, 0xf800, 0xf800, 0xf800, 0xf800,
  0xf800, 0xf800, 0xf800, 0xf800, 0xf800, 0xf800, 0xf800, 0xf800,
  0xf800, 0xf800, 0xf800, 0xf800, 0xf800, 0xf800, 0xf800, 0xf800,
  0xf800, 0xf800, 0xf800, 0xf800, 0xf800, 0xf800, 0xf800, 0xf800,
  0xf800, 0xf800, 0xf800, 0xf800, 0xf800, 0xf800, 0xf800, 0xf800,
  0xf800, 0xf800, 0xf800, 0xf800, 0xf800, 0xf800, 0xf800, 0xf800,
  0xf800, 0xf800, 0xf800, 0xf800, 0xf800, 0xf800, 0xf800, 0xf800,
  0xf800, 0xf800, 0xf800, 0xf800, 0xf800, 0xf800, 0xf800, 0xf800,
  0xf800, 0xf800, 0xf800, 0xf800, 0xf800, 0xf800, 0xf800, 0xf800,
  0xf800, 0xf800, 0xf800, 0xf800, 0xf800, 0xf800, 0xf800, 0xf800,
  0xf800, 0xf800, 0xf800, 0xf800, 0xf800, 0xf800, 0xf800, 0xf800,
  0xf800, 0xf800, 0xf800, 0xf800, 0xf800, 0xf800, 0xf800, 0xf800,
  0xf800, 0xf800, 0xf800, 0xf800, 0xf800, 0xf800, 0xf800, 0xf800,
  0xf800, 0xf800, 0xf800, 0xf800, 0xf800, 0xf800, 0xf800, 0xf800,
  0xf800, 0xf800, 0xf800, 0xf800, 0xf800, 0xf800, 0xf800, 0xf800,
  0xf800, 0xf800, 0xf800, 0xf800, 0xf800, 0xf800, 0xf800, 0xf800,
  0xf800, 0xf800, 0xf800, 0xf800, 0xf800, 0xf800, 0xf800, 0xf800,
  0xf800, 0xf800, 0xf800, 0xf800, 0xf800, 0xf800, 0xf800, 0xf800,
  0xf800, 0xf800, 0xf800, 0xf800, 0xf800, 0xf800, 0xf800, 0xf800,
  0xf800, 0xf800, 0xf800, 0xf800, 0xf800, 0xf800, 0xf800, 0xf800,
  0xf800, 0xf800, 0xf800, 0xf800, 0xf800, 0xf800, 0xf800, 0xf800,
  0xf800, 0xf800, 0xf800, 0xf800, 0xf800, 0xf800, 0xf800, 0xf800,
  0xf800, 0xf800, 0xf800, 0xf800, 0xf800, 0xf800, 0xf800, 0xf800,
  0xf800, 0xf800, 0xf800, 0xf800, 0xf800, 0xf800, 0xf800, 0xf800,
  0xf800, 0xf800, 0xf800, 0xf800, 0xf800, 0xf800, 0xf800, 0xf800,
  0xf800, 0xf800, 0xf800, 0xf800, 0xf800, 0xf800, 0xf800, 0xf800,
  0xf800, 0xf800, 0xf800, 0xf800, 0xf800, 0xf800, 0xf800, 0xf800,
  0xf800, 0xf800, 0xf800, 0xf800, 0xf800, 0xf800, 0xf800, 0xf800,
  0xf800, 0xf800, 0xf800, 0xf800, 0xf800, 0xf800, 0xf800, 0xf800,
  0xf800, 0xf800, 0xf800, 0xf800, 0xf800, 0xf800, 0xf800, 0xf800,
  0xf800, 0xf800, 0xf800, 0xf800, 0xf800, 0xf800, 0xf800, 0xf800,
  0xf800, 0xf800, 0xf800, 0xf800, 0xf800, 0xf800, 0xf800, 0xf800,
  0xf800, 0xf800, 0xf800, 0xf800, 0xf800, 0xf800, 0xf800, 0xf800,
  0xf800, 0xf800, 0xf800, 0xf800, 0xf800, 0xf800, 0xf800, 0xf800,
  0xf800, 0xf800, 0xf800, 0xf800, 0xf800, 0xf800, 0xf800, 0xf800,
  0xf800, 0xf800, 0xf800, 0xf800, 0xf800, 0xf800, 0xf800, 0xf800,
  0xf800, 0xf800, 0xf800, 0xf800, 0xf800, 0xf800, 0xf800, 0xf800,
  0xf800, 0xf800, 0xf800, 0xf800, 0xf800, 0xf800, 0xf800, 0xf800,
  0xf800, 0xf800, 0xf800, 0xf800, 0xf800, 0xf800, 0xf800, 0xf800,
  0xf800, 0xf800, 0xf800, 0xf800, 0xf800, 0xf800, 0xf800, 0xf800,
  0xf800, 0xf800, 0xf800, 0xf800, 0xf800, 0xf800, 0xf800, 0xf800,
  0xf800, 0xf800, 0xf800, 0xf800, 0xf800, 0xf800, 0xf800, 0xf800,
  0xf800, 0xf800, 0xf800, 0xf800, 0xf800, 0xf800, 0xf800, 0xf800,
  0xf800, 0xf800, 0xf800, 0xf800, 0xf800, 0xf800, 0xf800, 0xf800,
  0xf800, 0xf800, 0xf800, 0xf800, 0xf800, 0xf800, 0xf800, 0xf800,
  0xf800, 0xf800, 0xf800, 0xf800, 0xf800, 0xf800, 0xf800, 0xf800,
  0xf800, 0xf800, 0xf800, 0xf800, 0xf800, 0xf800, 0xf800, 0xf800,
  0xf800, 0xf800, 0xf800, 0xf800, 0xf800, 0xf800, 0xf800, 0xf800,
  0xf800, 0xf800, 0xf800, 0xf800, 0xf800, 0xf800, 0xf800, 0xf800,
  0xf800, 0xf800, 0xf800, 0xf800, 0xf800, 0xf800, 0xf800, 0xf800,
  0xf800, 0xf800, 0xf800, 0xf800, 0xf800, 0xf800, 0xf800, 0xf800,
  0xf800, 0xf800, 0xf800, 0xf800, 0xf800, 0xf800, 0xf800, 0xf800,
  0xf800, 0xf800, 0xf800, 0xf800, 0xf800, 0xf800, 0xf800, 0xf800,
  0xf800, 0xf800, 0xf800, 0xf800, 0xf800, 0xf800, 0xf800, 0xf800,
  0xf800, 0xf800, 0xf800, 0xf800, 0xf800, 0xf800, 0xf800, 0xf800,
  0xf800, 0xf800, 0xf800, 0xf800, 0xf800, 0xf800, 0xf800, 0xf800,
  0xf800, 0xf800, 0xf800, 0xf800, 0xf800, 0xf800, 0xf800, 0xf800,
  0xf800, 0xf800, 0xf800, 0xf800, 0xf800, 0xf800, 0xf800, 0xf800,
  0xf800, 0xf800, 0xf800, 0xf800, 0xf800, 0xf800, 0xf800, 0xf800,
  0xf800, 0xf800, 0xf800, 0xf800, 0xf800, 0xf800, 0xf800, 0xf800,
  0xf800, 0xf800, 0xf800, 0xf800, 0xf800, 0xf800, 0xf800, 0xf800,
  0xf800, 0xf800, 0xf800, 0xf800, 0xf800, 0xf800, 0xf800, 0xf800,
  0xf800, 0xf800, 0xf800, 0xf800, 0xf800, 0xf800, 0xf800, 0xf800,
  0xf800, 0xf800, 0xf800, 0xf800, 0xf800, 0xf800, 0xf800, 0xf800,
  0xf800, 0xf800, 0xf800, 0xf800, 0xf800, 0xf800, 0xf800, 0xf800,
  0xf800, 0xf800, 0xf800, 0xf800, 0xf800, 0xf800, 0xf800, 0xf800,
  0xf800, 0xf800, 0xf800, 0xf800, 0xf800, 0xf800, 0xf800, 0xf800,
  0xf800, 0xf800, 0xf800, 0xf800, 0xf800, 0xf800, 0xf800, 0xf800,
  0xf800, 0xf800, 0xf800, 0xf800, 0xf800, 0xf800, 0xf800, 0xf800,
  0xf800, 0xf800, 0xf800, 0xf800, 0xf800, 0xf800, 0xf800, 0xf800,
  0xf800, 0xf800, 0xf800, 0xf800, 0xf800, 0xf800, 0xf800, 0xf800,
  0xf800, 0xf800, 0xf800, 0xf800, 0xf800, 0xf800, 0xf800, 0xf800,
  0xf800, 0xf800, 0xf800, 0xf800, 0xf800, 0xf800, 0xf800, 0xf800,
  0xf800, 0xf800, 0xf800, 0xf800, 0xf800, 0xf800, 0xf800, 0xf800,
  0xf800, 0xf800, 0xf800, 0xf800, 0xf800, 0xf800, 0xf800, 0xf800,
  0xf800, 0xf800, 0xf800, 0xf800, 0xf800, 0xf800, 0xf800, 0xf800,
  0xf800, 0xf800, 0xf800, 0xf800, 0xf800, 0xf800, 0xf800, 0xf800,
  0xf800, 0xf800, 0xf800, 0xf800, 0xf800, 0xf800, 0xf800, 0xf800,
  0xf800, 0xf800, 0xf800, 0xf800, 0xf800, 0xf800, 0xf800, 0xf800,
  0xf800, 0xf800, 0xf800, 0xf800, 0xf800, 0xf800, 0xf800, 0xf800,
  0xf800, 0xf800, 0xf800, 0xf800, 0xf800, 0xf800, 0xf800, 0xf800,
  0xf800, 0xf800, 0xf800, 0xf800, 0xf800, 0xf800, 0xf800, 0xf800,
  0xf800, 0xf800, 0xf800, 0xf800, 0xf800, 0xf800, 0xf800, 0xf800,
  0xf800, 0xf800, 0xf800, 0xf800, 0xf800, 0xf800, 0xf800, 0xf800,
  0xf800, 0xf800, 0xf800, 0xf800, 0xf800, 0xf800, 0xf800, 0xf800,
  0xf800, 0xf800, 0xf800, 0xf800, 0xf800, 0xf800, 0xf800, 0xf800,
  0xf800, 0xf800, 0xf800, 0xf800, 0xf800, 0xf800, 0xf800, 0xf800,
  0xf800, 0xf800, 0xf800, 0xf800, 0xf800, 0xf800, 0xf800, 0xf800,
  0xf800, 0xf800, 0xf800, 0xf800, 0xf800, 0xf800, 0xf800, 0xf800,
  0xf800, 0xf800, 0xf800, 0xf800, 0xf800, 0xf800, 0xf800, 0xf800,
  0xf800, 0xf800, 0xf800, 0xf800, 0xf800, 0xf800, 0xf800, 0xf800,
  0xf800, 0xf800, 0xf800, 0xf800, 0xf800, 0xf800, 0xf800, 0xf800,
  0xf800, 0xf800, 0xf800, 0xf800, 0xf800, 0xf800, 0xf800, 0xf800,
  0xf800, 0xf800, 0xf800, 0xf800, 0xf800, 0xf800, 0xf800, 0xf800,
  0xf800, 0xf800, 0xf800, 0xf800, 0xf800, 0xf800, 0xf800, 0xf800,
  0xf800, 0xf800, 0xf800, 0xf800, 0xf800, 0xf800, 0xf800, 0xf800,
  0xf800, 0xf800, 0xf800, 0xf800, 0xf800, 0xf800, 0xf800, 0xf800,
  0xf800, 0xf800, 0xf800, 0xf800, 0xf800, 0xf800, 0xf800, 0xf800,
  0xf800, 0xf800, 0xf800, 0xf800, 0xf800, 0xf800, 0xf800, 0xf800,
  0xf800, 0xf800, 0xf800, 0xf800, 0xf800, 0xf800, 0xf800, 0xf800,
  0xf800, 0xf800, 0xf800, 0xf800, 0xf800, 0xf800, 0xf800, 0xf800,
  0xf800, 0xf800, 0xf800, 0xf800, 0xf800, 0xf800, 0xf800, 0xf800,
  0xf800, 0xf800, 0xf800, 0xf800, 0xf800, 0xf800, 0xf800, 0xf800,
  0xf800, 0xf800, 0xf800, 0xf800, 0xf800, 0xf800, 0xf800, 0xf800,
  0xf800, 0xf800, 0xf800, 0xf800, 0xf800, 0xf800, 0xf800, 0xf800,
  0xf800, 0xf800, 0xf800, 0xf800, 0xf800, 0xf800, 0xf800, 0xf800,
  0xf800, 0xf800, 0xf800, 0xf800, 0xf800, 0xf800, 0xf800, 0xf800,
  0xf800, 0xf800, 0xf800, 0xf800, 0xf800, 0xf800, 0xf800, 0xf800,
  0xf800, 0xf800, 0xf800, 0xf800, 0xf800, 0xf800, 0xf800, 0xf800,
  0xf800, 0xf800, 0xf800, 0xf800, 0xf800, 0xf800, 0xf800, 0xf800,
  0xf800, 0xf800, 0xf800, 0xf800, 0xf800, 0xf800, 0xf800, 0xf800,
  0xf800, 0xf800, 0xf800, 0xf800, 0xf800, 0xf800, 0xf800, 0xf800,
  0xf800, 0xf800, 0xf800, 0xf800, 0xf800, 0xf800, 0xf800, 0xf800,
  0xf800, 0xf800, 0xf800, 0xf800, 0xf800, 0xf800, 0xf800, 0xf800,
  0xf800, 0xf800, 0xf800, 0xf800, 0xf800, 0xf800, 0xf800, 0xf800,
  0xf800, 0xf800, 0xf800, 0xf800, 0xf800, 0xf800, 0xf800, 0xf800,
  0xf800, 0xf800, 0xf800, 0xf800, 0xf800, 0xf800, 0xf800, 0xf800,
  0xf800, 0xf800, 0xf800, 0xf800, 0xf800, 0xf800, 0xf800, 0xf800,
  0xf800, 0xf800, 0xf800, 0xf800, 0xf800, 0xf800, 0xf800, 0xf800,
  0xf800, 0xf800, 0xf800, 0xf800, 0xf800, 0xf800, 0xf800, 0xf800,
  0xf800, 0xf800, 0xf800, 0xf800, 0xf800, 0xf800, 0xf800, 0xf800,
  0xf800, 0xf800, 0xf800, 0xf800, 0xf800, 0xf800, 0xf800, 0xf800,
  0xf800, 0xf800, 0xf800, 0xf800, 0xf800, 0xf800, 0xf800, 0xf800,
  0xf800, 0xf800, 0xf800, 0xf800, 0xf800, 0xf800, 0xf800, 0xf800,
  0xf800, 0xf800, 0xf800, 0xf800, 0xf800, 0xf800, 0xf800, 0xf800,
  0xf800, 0xf800, 0xf800, 0xf800, 0xf800, 0xf800, 0xf800, 0xf800,
  0xf800, 0xf800, 0xf800, 0xf800, 0xf800, 0xf800, 0xf800, 0xf800,
  0xf800, 0xf800, 0xf800, 0xf800, 0xf800, 0xf800, 0xf800, 0xf800,
  0xf800, 0xf800, 0xf800, 0xf800, 0xf800, 0xf800, 0xf800, 0xf800,
  0xf800, 0xf800, 0xf800, 0xf800, 0xf800, 0xf800, 0xf800, 0xf800,
  0xf800, 0xf800, 0xf800, 0xf800, 0xf800, 0xf800, 0xf800, 0xf800,
  0xf800, 0xf800, 0xf800, 0xf800, 0xf800, 0xf800, 0xf800, 0xf800,
  0xf800, 0xf800, 0xf800, 0xf800, 0xf800, 0xf800, 0xf800, 0xf800,
  0xf800, 0xf800, 0xf800, 0xf800, 0xf800, 0xf800, 0xf800, 0xf800,
  0xf800, 0xf800, 0xf800, 0xf800, 0xf800, 0xf800, 0xf800, 0xf800,
  0xf800, 0xf800, 0xf800, 0xf800, 0xf800, 0xf800, 0xf800, 0xf800,
  0xf800, 0xf800, 0xf800, 0xf800, 0xf800, 0xf800, 0xf800, 0xf800,
  0xf800, 0xf800, 0xf800, 0xf800, 0xf800, 0xf800, 0xf800, 0xf800,
  0xf800, 0xf800, 0xf800, 0xf800, 0xf800, 0xf800, 0xf800, 0xf800,
  0xf800, 0xf800, 0xf800, 0xf800, 0xf800, 0xf800, 0xf800, 0xf800,
  0xf800, 0xf800, 0xf800, 0xf800, 0xf800, 0xf800, 0xf800, 0xf800,
  0xf800, 0xf800, 0xf800, 0xf800, 0xf800, 0xf800, 0xf800, 0xf800,
  0xf800, 0xf800, 0xf800, 0xf800, 0xf800, 0xf800, 0xf800, 0xf800,
  0xf800, 0xf800, 0xf800, 0xf800, 0xf800, 0xf800, 0xf800, 0xf800,
  0xf800, 0xf800, 0xf800, 0xf800, 0xf800, 0xf800, 0xf800, 0xf800,
  0xf800, 0xf800, 0xf800, 0xf800, 0xf800, 0xf800, 0xf800, 0xf800,
  0xf800, 0xf800, 0xf800, 0xf800, 0xf800, 0xf800, 0xf800, 0xf800,
  0xf800, 0xf800, 0xf800, 0xf800, 0xf800, 0xf800, 0xf800, 0xf800,
  0xf800, 0xf800, 0xf800, 0xf800, 0xf800, 0xf800, 0xf800, 0xf800,
  0xf800, 0xf800, 0xf800, 0xf800, 0xf800, 0xf800, 0xf800, 0xf800,
  0xf800, 0xf800, 0xf800, 0xf800, 0xf800, 0xf800, 0xf800, 0xf800,
  0xf800, 0xf800, 0xf800, 0xf800, 0xf800, 0xf800, 0xf800, 0xf800,
  0xf800, 0xf800, 0xf800, 0xf800, 0xf800, 0xf800, 0xf800, 0xf800,
  0xf800, 0xf800, 0xf800, 0xf800, 0xf800, 0xf800, 0xf800, 0xf800,
  0xf800, 0xf800, 0xf800, 0xf800, 0xf800, 0xf800, 0xf800, 0xf800,
  0xf800, 0xf800, 0xf800, 0xf800, 0xf800, 0xf800, 0xf800, 0xf800,
  0xf800, 0xf800, 0xf800, 0xf800, 0xf800, 0xf800, 0xf800, 0xf800,
  0xf800, 0xf800, 0xf800, 0xf800, 0xf800, 0xf800, 0xf800, 0xf800,
  0xf800, 0xf800, 0xf800, 0xf800, 0xf800, 0xf800, 0xf800, 0xf800,
  0xf800, 0xf800, 0xf800, 0xf800, 0xf800, 0xf800, 0xf800, 0xf800,
  0xf800, 0xf800, 0xf800, 0xf800, 0xf800, 0xf800, 0xf800, 0xf800,
  0xf800, 0xf800, 0xf800, 0xf800, 0xf800, 0xf800, 0xf800, 0xf800,
  0xf800, 0xf800, 0xf800, 0xf800, 0xf800, 0xf800, 0xf800, 0xf800,
  0xf800, 0xf800, 0xf800, 0xf800, 0xf800, 0xf800, 0xf800, 0xf800,
  0xf800, 0xf800, 0xf800, 0xf800, 0xf800, 0xf800, 0xf800, 0xf800,
  0xf800, 0xf800, 0xf800, 0xf800, 0xf800, 0xf800, 0xf800, 0xf800,
  0xf800, 0xf800, 0xf800, 0xf800, 0xf800, 0xf800, 0xf800, 0xf800,
  0xf800, 0xf800, 0xf800, 0xf800, 0xf800, 0xf800, 0xf800, 0xf800,
  0xf800, 0xf800, 0xf800, 0xf800, 0xf800, 0xf800, 0xf800, 0xf800,
  0xf800, 0xf800, 0xf800, 0xf800, 0xf800, 0xf800, 0xf800, 0xf800,
  0xf800, 0xf800, 0xf800, 0xf800, 0xf800, 0xf800, 0xf800, 0xf800,
  0xf800, 0xf800, 0xf800, 0xf800, 0xf800, 0xf800, 0xf800, 0xf800,
  0xf800, 0xf800, 0xf800, 0xf800, 0xf800, 0xf800, 0xf800, 0xf800,
  0xf800, 0xf800, 0xf800, 0xf800, 0xf800, 0xf800, 0xf800, 0xf800,
  0xf800, 0xf800, 0xf800, 0xf800, 0xf800, 0xf800, 0xf800, 0xf800,
  0xf800, 0xf800, 0xf800, 0xf800, 0xf800, 0xf800, 0xf800, 0xf800,
  0xf800, 0xf800, 0xf800, 0xf800, 0xf800, 0xf800, 0xf800, 0xf800,
  0xf800, 0xf800, 0xf800, 0xf800, 0xf800, 0xf800, 0xf800, 0xf800,
  0xf800, 0xf800, 0xf800, 0xf800, 0xf800, 0xf800, 0xf800, 0xf800,
  0xf800, 0xf800, 0xf800, 0xf800, 0xf800, 0xf800, 0xf800, 0xf800,
  0xf800, 0xf800, 0xf800, 0xf800, 0xf800, 0xf800, 0xf800, 0xf800,
  0xf800, 0xf800, 0xf800, 0xf800, 0xf800, 0xf800, 0xf800, 0xf800,
  0xf800, 0xf800, 0xf800, 0xf800, 0xf800, 0xf800, 0xf800, 0xf800,
  0xf800, 0xf800, 0xf800, 0xf800, 0xf800, 0xf800, 0xf800, 0xf800,
  0xf800, 0xf800, 0xf800, 0xf800, 0xf800, 0xf800, 0xf800, 0xf800,
  0xf800, 0xf800, 0xf800, 0xf800, 0xf800, 0xf800, 0xf800, 0xf800,
  0xf800, 0xf800, 0xf800, 0xf800, 0xf800, 0xf800, 0xf800, 0xf800,
  0xf800, 0xf800, 0xf800, 0xf800, 0xf800, 0xf800, 0xf800, 0xf800,
  0xf800, 0xf800, 0xf800, 0xf800, 0xf800, 0xf800, 0xf800, 0xf800,
  0xf800, 0xf800, 0xf800, 0xf800, 0xf800, 0xf800, 0xf800, 0xf800,
  0xf800, 0xf800, 0xf800, 0xf800, 0xf800, 0xf800, 0xf800, 0xf800,
  0xf800, 0xf800, 0xf800, 0xf800, 0xf800, 0xf800, 0xf800, 0xf800,
  0xf800, 0xf800, 0xf800, 0xf800, 0xf800, 0xf800, 0xf800, 0xf800,
  0xf800, 0xf800, 0xf800, 0xf800, 0xf800, 0xf800, 0xf800, 0xf800,
  0xf800, 0xf800, 0xf800, 0xf800, 0xf800, 0xf800, 0xf800, 0xf800,
  0xf800, 0xf800, 0xf800, 0xf800, 0xf800, 0xf800, 0xf800, 0xf800,
  0xf800, 0xf800, 0xf800, 0xf800, 0xf800, 0xf800, 0xf800, 0xf800,
  0xf800, 0xf800, 0xf800, 0xf800, 0xf800, 0xf800, 0xf800, 0xf800,
  0xf800, 0xf800, 0xf800, 0xf800, 0xf800, 0xf800, 0xf800, 0xf800,
  0xf800, 0xf800, 0xf800, 0xf800, 0xf800, 0xf800, 0xf800, 0xf800,
  0xf800, 0xf800, 0xf800, 0xf800, 0xf800, 0xf800, 0xf800, 0xf800,
  0xf800, 0xf800, 0xf800, 0xf800, 0xf800, 0xf800, 0xf800, 0xf800,
  0xf800, 0xf800, 0xf800, 0xf800, 0xf800, 0xf800, 0xf800, 0xf800,
  0xf800, 0xf800, 0xf800, 0xf800, 0xf800, 0xf800, 0xf800, 0xf800,
  0xf800, 0xf800, 0xf800, 0xf800, 0xf800, 0xf800, 0xf800, 0xf800,
  0xf800, 0xf800, 0xf800, 0xf800, 0xf800, 0xf800, 0xf800, 0xf800,
  0xf800, 0xf800, 0xf800, 0xf800, 0xf800, 0xf800, 0xf800, 0xf800,
  0xf800, 0xf800, 0xf800, 0xf800, 0xf800, 0xf800, 0xf800, 0xf800,
  0xf800, 0xf800, 0xf800, 0xf800, 0xf800, 0xf800, 0xf800, 0xf800,
  0xf800, 0xf800, 0xf800, 0xf800, 0xf800, 0xf800, 0xf800, 0xf800,
  0xf800, 0xf800, 0xf800, 0xf800, 0xf800, 0xf800, 0xf800, 0xf800,
  0xf800, 0xf800, 0xf800, 0xf800, 0xf800, 0xf800, 0xf800, 0xf800,
  0xf800, 0xf800, 0xf800, 0xf800, 0xf800, 0xf800, 0xf800, 0xf800,
  0xf800, 0xf800, 0xf800, 0xf800, 0xf800, 0xf800, 0xf800, 0xf800,
  0xf800, 0xf800, 0xf800, 0xf800, 0xf800, 0xf800, 0xf800, 0xf800,
  0xf800, 0xf800, 0xf800, 0xf800, 0xf800, 0xf800, 0xf800, 0xf800,
  0xf800, 0xf800, 0xf800, 0xf800, 0xf800, 0xf800, 0xf800, 0xf800,
  0xf800, 0xf800, 0xf800, 0xf800, 0xf800, 0xf800, 0xf800, 0xf800,
  0xf800, 0xf800, 0xf800, 0xf800, 0xf800, 0xf800, 0xf800, 0xf800,
  0xf800, 0xf800, 0xf800, 0xf800, 0xf800, 0xf800, 0xf800, 0xf800,
  0xf800, 0xf800, 0xf800, 0xf800, 0xf800, 0xf800, 0xf800, 0xf800,
  0xf800, 0xf800, 0xf800, 0xf800, 0xf800, 0xf800, 0xf800, 0xf800,
  0xf800, 0xf800, 0xf800, 0xf800, 0xf800, 0xf800, 0xf800, 0xf800,
  0xf800, 0xf800, 0xf800, 0xf800, 0xf800, 0xf800, 0xf800, 0xf800,
  0xf800, 0xf800, 0xf800, 0xf800, 0xf800, 0xf800, 0xf800, 0xf800,
  0xf800, 0xf800, 0xf800, 0xf800, 0xf800, 0xf800, 0xf800, 0xf800,
  0xf800, 0xf800, 0xf800, 0xf800, 0xf800, 0xf800, 0xf800, 0xf800,
  0xf800, 0xf800, 0xf800, 0xf800, 0xf800, 0xf800, 0xf800, 0xf800,
  0xf800, 0xf800, 0xf800, 0xf800, 0xf800, 0xf800, 0xf800, 0xf800,
  0xf800, 0xf800, 0xf800, 0xf800, 0xf800, 0xf800, 0xf800, 0xf800,
  0xf800, 0xf800, 0xf800, 0xf800, 0xf800, 0xf800, 0xf800, 0xf800,
  0xf800, 0xf800, 0xf800, 0xf800, 0xf800, 0xf800, 0xf800, 0xf800,
  0xf800, 0xf800, 0xf800, 0xf800, 0xf800, 0xf800, 0xf800, 0xf800,
  0xf800, 0xf800, 0xf800, 0xf800, 0xf800, 0xf800, 0xf800, 0xf800,
  0xf800, 0xf800, 0xf800, 0xf800, 0xf800, 0xf800, 0xf800, 0xf800,
  0xf800, 0xf800, 0xf800, 0xf800, 0xf800, 0xf800, 0xf800, 0xf800,
  0xf800, 0xf800, 0xf800, 0xf800, 0xf800, 0xf800, 0xf800, 0xf800,
  0xf800, 0xf800, 0xf800, 0xf800, 0xf800, 0xf800, 0xf800, 0xf800,
  0xf800, 0xf800, 0xf800, 0xf800, 0xf800, 0xf800, 0xf800, 0xf800,
  0xf800, 0xf800, 0xf800, 0xf800, 0xf800, 0xf800, 0xf800, 0xf800,
  0xf800, 0xf800, 0xf800, 0xf800, 0xf800, 0xf800, 0xf800, 0xf800,
  0xf800, 0xf800, 0xf800, 0xf800, 0xf800, 0xf800, 0xf800, 0xf800,
  0xf800, 0xf800, 0xf800, 0xf800, 0xf800, 0xf800, 0xf800, 0xf800,
  0xf800, 0xf800, 0xf800, 0xf800, 0xf800, 0xf800, 0xf800, 0xf800,
  0xf800, 0xf800, 0xf800, 0xf800, 0xf800, 0xf800, 0xf800, 0xf800,
  0xf800, 0xf800, 0xf800, 0xf800, 0xf800, 0xf800, 0xf800, 0xf800,
  0xf800, 0xf800, 0xf800, 0xf800, 0xf800, 0xf800, 0xf800, 0xf800,
  0xf800, 0xf800, 0xf800, 0xf800, 0xf800, 0xf800, 0xf800, 0xf800,
  0xf800, 0xf800, 0xf800, 0xf800, 0xf800, 0xf800, 0xf800, 0xf800,
  0xf800, 0xf800, 0xf800, 0xf800, 0xf800, 0xf800, 0xf800, 0xf800,
  0xf800, 0xf800, 0xf800, 0xf800, 0xf800, 0xf800, 0xf800, 0xf800,
  0xf800, 0xf800, 0xf800, 0xf800, 0xf800, 0xf800, 0xf800, 0xf800,
  0xf800, 0xf800, 0xf800, 0xf800, 0xf800, 0xf800, 0xf800, 0xf800,
  0xf800, 0xf800, 0xf800, 0xf800, 0xf800, 0xf800, 0xf800, 0xf800,
  0xf800, 0xf800, 0xf800, 0xf800, 0xf800, 0xf800, 0xf800, 0xf800,
  0xf800, 0xf800, 0xf800, 0xf800, 0xf800, 0xf800, 0xf800, 0xf800,
  0xf800, 0xf800, 0xf800, 0xf800, 0xf800, 0xf800, 0xf800, 0xf800,
  0xf800, 0xf800, 0xf800, 0xf800, 0xf800, 0xf800, 0xf800, 0xf800,
  0xf800, 0xf800, 0xf800, 0xf800, 0xf800, 0xf800, 0xf800, 0xf800,
  0xf800, 0xf800, 0xf800, 0xf800, 0xf800, 0xf800, 0xf800, 0xf800,
  0xf800, 0xf800, 0xf800, 0xf800, 0xf800, 0xf800, 0xf800, 0xf800,
  0xf800, 0xf800, 0xf800, 0xf800, 0xf800, 0xf800, 0xf800, 0xf800,
  0xf800, 0xf800, 0xf800, 0xf800, 0xf800, 0xf800, 0xf800, 0xf800,
  0xf800, 0xf800, 0xf800, 0xf800, 0xf800, 0xf800, 0xf800, 0xf800,
  0xf800, 0xf800, 0xf800, 0xf800, 0xf800, 0xf800, 0xf800, 0xf800,
  0xf800, 0xf800, 0xf800, 0xf800, 0xf800, 0xf800, 0xf800, 0xf800,
  0xf800, 0xf800, 0xf800, 0xf800, 0xf800, 0xf800, 0xf800, 0xf800,
  0xf800, 0xf800, 0xf800, 0xf800, 0xf800, 0xf800, 0xf800, 0xf800
};

const int image_max300_width = 240;
const int image_max300_height = 320;
const int image_max300_size = 153600;
