const uint8_t oneslot80Bitmaps[] PROGMEM = {
  0x1F, 0xFF, 0x03, 0xFF, 0xE0, 0x7F, 0xFC, 0x0F, 0xFF, 0x81, 0xFF, 0xF0,
  0x3F, 0xFE, 0x07, 0xFF, 0xC0, 0xFF, 0xF8, 0x1F, 0xFF, 0x03, 0xFF, 0xE0,
  0x7F, 0xFC, 0x0F, 0xFF, 0x81, 0xFF, 0xF0, 0x3F, 0xFE, 0x07, 0xFF, 0xC0,
  0xFF, 0xF8, 0x1F, 0xFF, 0x03, 0xFF, 0xE0, 0x7F, 0xFC, 0x0F, 0xFF, 0x81,
  0xFF, 0xF0, 0x3F, 0xFE, 0x07, 0xFF, 0xC0, 0xFF, 0xF8, 0x1F, 0xFF, 0x03,
  0xFF, 0xE0, 0x7F, 0xFC, 0x0F, 0xFF, 0x81, 0xFF, 0xF0, 0x3F, 0xFE, 0x07,
  0xFF, 0xC0, 0xFF, 0xF8, 0x1F, 0xFF, 0x03, 0xFF, 0xE0, 0x7F, 0xFC, 0x0F,
  0xFF, 0x81, 0xFF, 0xF0, 0x3F, 0xFE, 0x07, 0xFF, 0xC0, 0xFF, 0xF8, 0x1F,
  0xFF, 0x03, 0xFF, 0xE0, 0x7F, 0xFC, 0x0F, 0xFF, 0x81, 0xFF, 0xF0, 0x3F,
  0xFE, 0x07, 0xFF, 0xC0, 0xFF, 0xF8, 0x1F, 0xFF, 0x03, 0xFF, 0xE0, 0x7F,
  0xFC, 0x0F, 0xFF, 0x81, 0xFF, 0xF0, 0x3F, 0xFE, 0x07, 0xFF, 0xC0, 0xFF,
  0xF8, 0x1F, 0xFF, 0x03, 0xFF, 0xE0, 0x7F, 0xFC, 0x0F, 0xFF, 0x81, 0xFF,
  0xF0, 0x3F, 0xFE, 0x07, 0xFF, 0xC0, 0xFF, 0xF8, 0x1F, 0xFF, 0x03, 0xFF,
  0xE0, 0x7F, 0xFC, 0x0F, 0xFF, 0x81, 0xFF, 0xF0, 0x3F, 0xFE, 0x07, 0xFF,
  0xC0, 0xFF, 0xF8, 0x1F, 0xFF, 0x03, 0xFF, 0xE0, 0x7F, 0xFC, 0x0F, 0xFF,
  0x81, 0xFF, 0xF0, 0x3F, 0xFE, 0x07, 0xFF, 0xC0, 0xFF, 0xF8, 0x1F, 0xFF,
  0x03, 0xFF, 0xE0, 0x00, 0x00, 0x00, 0x00, 0x00, 0x00, 0x00, 0x00, 0x00,
  0x00, 0x00, 0x00, 0x00, 0x00, 0x00, 0x00, 0x00, 0x00, 0x00, 0x00, 0x00,
  0x00, 0x00, 0x00, 0x00, 0x00, 0x00, 0x00, 0x00, 0xFE, 0x00, 0x7F, 0xF0,
  0x1F, 0xFF, 0x07, 0xFF, 0xF0, 0xFF, 0xFE, 0x3F, 0xFF, 0xE7, 0xFF, 0xFD,
  0xFF, 0xFF, 0xFF, 0xFF, 0xFF, 0xFF, 0xFF, 0xFF, 0xFF, 0xEF, 0xFF, 0xF9,
  0xFF, 0xFF, 0x3F, 0xFF, 0xE3, 0xFF, 0xF8, 0x3F, 0xFE, 0x03, 0xFF, 0x80,
  0x1F, 0xC0, 0xFF, 0xFC, 0x07, 0xFF, 0xFF, 0xFF, 0x80, 0xFF, 0xFD, 0xFF,
  0xF0, 0x1F, 0xFF, 0x3F, 0xFE, 0x03, 0xFF, 0xE7, 0xFF, 0x80, 0x3F, 0xFC,
  0xFF, 0xF0, 0x07, 0xFF, 0x9F, 0xFE, 0x00, 0xFF, 0xF3, 0xFF, 0xC0, 0x1F,
  0xFE, 0x7F, 0xF8, 0x03, 0xFF, 0xCF, 0xFF, 0x00, 0x7F, 0xF8, 0xFF, 0xE0,
  0x0F, 0xFE, 0x1F, 0xFC, 0x01, 0xFF, 0xC3, 0xFF, 0x00, 0x1F, 0xF8, 0x7F,
  0xE0, 0x03, 0xFF, 0x0F, 0xFC, 0x00, 0x7F, 0xE1, 0xFF, 0x80, 0x0F, 0xFC,
  0x3F, 0xF0, 0x01, 0xFF, 0x87, 0xFE, 0x00, 0x3F, 0xF0, 0x7F, 0xC0, 0x07,
  0xFC, 0x0F, 0xF8, 0x00, 0xFF, 0x81, 0xFE, 0x00, 0x0F, 0xF0, 0x3F, 0xC0,
  0x01, 0xFE, 0x07, 0xF8, 0x00, 0x3F, 0xC0, 0xFF, 0x00, 0x07, 0xF8, 0x1F,
  0xE0, 0x00, 0xFF, 0x03, 0xFC, 0x00, 0x1F, 0xE0, 0x3F, 0x80, 0x03, 0xF8,
  0x00, 0x01, 0xFF, 0xF8, 0x0F, 0xFF, 0xC0, 0x00, 0xFF, 0xFC, 0x07, 0xFF,
  0xE0, 0x00, 0x7F, 0xFE, 0x03, 0xFF, 0xF0, 0x00, 0x3F, 0xFF, 0x01, 0xFF,
  0xF8, 0x00, 0x1F, 0xFF, 0x80, 0xFF, 0xFC, 0x00, 0x0F, 0xFF, 0xC0, 0x7F,
  0xFE, 0x00, 0x07, 0xFF, 0xE0, 0x3F, 0xFF, 0x01, 0xFF, 0xFF, 0xFF, 0xFF,
  0xFF, 0xFF, 0xFF, 0xFF, 0xFF, 0xFF, 0xFF, 0xFF, 0xFF, 0xFF, 0xFF, 0xFF,
  0xFF, 0xFF, 0xFF, 0xFF, 0xFF, 0xFF, 0xFF, 0xFF, 0xFF, 0xFF, 0xFF, 0xFF,
  0xFF, 0xFF, 0xFF, 0xFF, 0xFF, 0xFF, 0xFF, 0xFF, 0xFF, 0xFF, 0xFF, 0xFF,
  0xFF, 0xFF, 0xFF, 0xFF, 0xFF, 0xFF, 0xFF, 0xFF, 0xFF, 0xFF, 0xFF, 0xFF,
  0xFF, 0xFF, 0xFF, 0xFF, 0xFF, 0xFF, 0xFF, 0xFF, 0xFF, 0xFF, 0xFF, 0xFF,
  0xFF, 0xFF, 0xFF, 0xFF, 0xFF, 0xFF, 0xFF, 0xFF, 0xFF, 0xFF, 0xFF, 0xFF,
  0xFF, 0xFF, 0xFF, 0xF0, 0x1F, 0xFF, 0x80, 0xFF, 0xFC, 0x00, 0x0F, 0xFF,
  0xC0, 0x7F, 0xFE, 0x00, 0x07, 0xFF, 0xE0, 0x3F, 0xFF, 0x00, 0x03, 0xFF,
  0xF0, 0x1F, 0xFF, 0x80, 0x01, 0xFF, 0xF8, 0x0F, 0xFF, 0xC0, 0x00, 0xFF,
  0xFC, 0x07, 0xFF, 0xE0, 0x00, 0x7F, 0xFE, 0x03, 0xFF, 0xF0, 0x1F, 0xFF,
  0xFF, 0xFF, 0xFF, 0xFF, 0xFF, 0xFF, 0xFF, 0xFF, 0xFF, 0xFF, 0xFF, 0xFF,
  0xFF, 0xFF, 0xFF, 0xFF, 0xFF, 0xFF, 0xFF, 0xFF, 0xFF, 0xFF, 0xFF, 0xFF,
  0xFF, 0xFF, 0xFF, 0xFF, 0xFF, 0xFF, 0xFF, 0xFF, 0xFF, 0xFF, 0xFF, 0xFF,
  0xFF, 0xFF, 0xFF, 0xFF, 0xFF, 0xFF, 0xFF, 0xFF, 0xFF, 0xFF, 0xFF, 0xFF,
  0xFF, 0xFF, 0xFF, 0xFF, 0xFF, 0xFF, 0xFF, 0xFF, 0xFF, 0xFF, 0xFF, 0xFF,
  0xFF, 0xFF, 0xFF, 0xFF, 0xFF, 0xFF, 0xFF, 0xFF, 0xFF, 0xFF, 0xFF, 0xFF,
  0xFF, 0xFF, 0xFF, 0xFF, 0xFF, 0xFF, 0xFF, 0xFF, 0xFF, 0xFF, 0xFF, 0xFF,
  0x80, 0xFF, 0xFC, 0x07, 0xFF, 0xE0, 0x00, 0x7F, 0xFE, 0x03, 0xFF, 0xF0,
  0x00, 0x3F, 0xFF, 0x01, 0xFF, 0xF8, 0x00, 0x1F, 0xFF, 0x80, 0xFF, 0xFC,
  0x00, 0x0F, 0xFF, 0xC0, 0x7F, 0xFE, 0x00, 0x07, 0xFF, 0xE0, 0x3F, 0xFF,
  0x00, 0x03, 0xFF, 0xF0, 0x1F, 0xFF, 0x80, 0x00, 0x00, 0x07, 0xFF, 0xC0,
  0x00, 0x00, 0x00, 0x00, 0x0F, 0xFF, 0x80, 0x00, 0x00, 0x00, 0x00, 0x1F,
  0xFF, 0x00, 0x00, 0x00, 0x00, 0x00, 0x3F, 0xFE, 0x00, 0x00, 0x00, 0x00,
  0x00, 0x7F, 0xFC, 0x00, 0x00, 0x00, 0x00, 0x00, 0xFF, 0xF8, 0x00, 0x00,
  0x00, 0x00, 0x01, 0xFF, 0xF0, 0x00, 0x00, 0x00, 0x00, 0x03, 0xFF, 0xE0,
  0x00, 0x00, 0x00, 0x00, 0x07, 0xFF, 0xC0, 0x00, 0x00, 0x00, 0x00, 0x0F,
  0xFF, 0x80, 0x00, 0x00, 0x00, 0x00, 0x1F, 0xFF, 0x00, 0x00, 0x00, 0x00,
  0x00, 0x3F, 0xFE, 0x00, 0x00, 0x00, 0x00, 0x00, 0x7F, 0xFC, 0x00, 0x00,
  0x00, 0x00, 0x01, 0xFF, 0xFE, 0x00, 0x00, 0x00, 0x00, 0x7F, 0xFF, 0xFF,
  0xE0, 0x00, 0x00, 0x03, 0xFF, 0xFF, 0xFF, 0xF0, 0x00, 0x00, 0x1F, 0xFF,
  0xFF, 0xFF, 0xF8, 0x00, 0x00, 0xFF, 0xFF, 0xFF, 0xFF, 0xFC, 0x00, 0x03,
  0xFF, 0xFF, 0xFF, 0xFF, 0xFE, 0x00, 0x0F, 0xFF, 0xFF, 0xFF, 0xFF, 0xFE,
  0x00, 0x3F, 0xFF, 0xFF, 0xFF, 0xFF, 0xFF, 0x00, 0xFF, 0xFF, 0xFF, 0xFF,
  0xFF, 0xFF, 0x03, 0xFF, 0xFF, 0xFF, 0xFF, 0xFF, 0xFF, 0x07, 0xFF, 0xFF,
  0xFF, 0xFF, 0xFF, 0xFF, 0x1F, 0xFF, 0xFF, 0xFF, 0xFF, 0xFF, 0xFC, 0x3F,
  0xFF, 0xFF, 0xFF, 0xFF, 0xFF, 0xF0, 0xFF, 0xFF, 0xFF, 0xFF, 0xFF, 0xFF,
  0xC1, 0xFF, 0xFF, 0xFC, 0x07, 0xFF, 0xFF, 0x07, 0xFF, 0xFF, 0x80, 0x00,
  0xFF, 0xFC, 0x0F, 0xFF, 0xFC, 0x00, 0x00, 0x7F, 0xF0, 0x1F, 0xFF, 0xE0,
  0x00, 0x00, 0x3F, 0xC0, 0x7F, 0xFF, 0x80, 0x00, 0x00, 0x1F, 0x00, 0xFF,
  0xFE, 0x00, 0x00, 0x00, 0x1C, 0x01, 0xFF, 0xFC, 0x00, 0x00, 0x00, 0x00,
  0x03, 0xFF, 0xF0, 0x00, 0x00, 0x00, 0x00, 0x07, 0xFF, 0xE0, 0x00, 0x00,
  0x00, 0x00, 0x0F, 0xFF, 0xC0, 0x00, 0x00, 0x00, 0x00, 0x1F, 0xFF, 0x80,
  0x00, 0x00, 0x00, 0x00, 0x3F, 0xFF, 0x00, 0x00, 0x00, 0x00, 0x00, 0x7F,
  0xFE, 0x00, 0x00, 0x00, 0x00, 0x00, 0xFF, 0xFC, 0x00, 0x00, 0x00, 0x00,
  0x01, 0xFF, 0xFC, 0x00, 0x00, 0x00, 0x00, 0x03, 0xFF, 0xF8, 0x00, 0x00,
  0x00, 0x00, 0x03, 0xFF, 0xF8, 0x00, 0x00, 0x00, 0x00, 0x07, 0xFF, 0xF8,
  0x00, 0x00, 0x00, 0x00, 0x0F, 0xFF, 0xFC, 0x00, 0x00, 0x00, 0x00, 0x0F,
  0xFF, 0xFC, 0x00, 0x00, 0x00, 0x00, 0x1F, 0xFF, 0xFF, 0x80, 0x00, 0x00,
  0x00, 0x1F, 0xFF, 0xFF, 0xFF, 0xC0, 0x00, 0x00, 0x3F, 0xFF, 0xFF, 0xFF,
  0xF8, 0x00, 0x00, 0x3F, 0xFF, 0xFF, 0xFF, 0xFC, 0x00, 0x00, 0x3F, 0xFF,
  0xFF, 0xFF, 0xFE, 0x00, 0x00, 0x3F, 0xFF, 0xFF, 0xFF, 0xFF, 0x00, 0x00,
  0x3F, 0xFF, 0xFF, 0xFF, 0xFF, 0x00, 0x00, 0x3F, 0xFF, 0xFF, 0xFF, 0xFF,
  0x00, 0x00, 0x3F, 0xFF, 0xFF, 0xFF, 0xFF, 0x80, 0x00, 0x3F, 0xFF, 0xFF,
  0xFF, 0xFF, 0x80, 0x00, 0x1F, 0xFF, 0xFF, 0xFF, 0xFF, 0x80, 0x00, 0x0F,
  0xFF, 0xFF, 0xFF, 0xFF, 0x00, 0x00, 0x07, 0xFF, 0xFF, 0xFF, 0xFF, 0x00,
  0x00, 0x01, 0xFF, 0xFF, 0xFF, 0xFF, 0x00, 0x00, 0x00, 0x0F, 0xFF, 0xFF,
  0xFE, 0x00, 0x00, 0x00, 0x00, 0x1F, 0xFF, 0xFE, 0x00, 0x00, 0x00, 0x00,
  0x07, 0xFF, 0xFC, 0x00, 0x00, 0x00, 0x00, 0x07, 0xFF, 0xFC, 0x00, 0x00,
  0x00, 0x00, 0x07, 0xFF, 0xF8, 0x00, 0x00, 0x00, 0x00, 0x07, 0xFF, 0xF0,
  0x00, 0x00, 0x00, 0x00, 0x07, 0xFF, 0xF0, 0x00, 0x00, 0x00, 0x00, 0x07,
  0xFF, 0xE0, 0x00, 0x00, 0x00, 0x00, 0x0F, 0xFF, 0xC0, 0x00, 0x00, 0x00,
  0x00, 0x1F, 0xFF, 0x80, 0x00, 0x00, 0x00, 0x00, 0x3F, 0xFF, 0x00, 0x00,
  0x00, 0x00, 0x00, 0x7F, 0xFE, 0x00, 0x00, 0x00, 0x00, 0x00, 0xFF, 0xFC,
  0x00, 0x00, 0x00, 0x00, 0x01, 0xFF, 0xF8, 0x00, 0x00, 0x00, 0x00, 0x03,
  0xFF, 0xF0, 0x02, 0x00, 0x00, 0x00, 0x0F, 0xFF, 0xE0, 0x0E, 0x00, 0x00,
  0x00, 0x3F, 0xFF, 0xC0, 0x3F, 0x00, 0x00, 0x00, 0xFF, 0xFF, 0x00, 0xFF,
  0x80, 0x00, 0x03, 0xFF, 0xFE, 0x03, 0xFF, 0xC0, 0x00, 0x0F, 0xFF, 0xFC,
  0x0F, 0xFF, 0xE0, 0x00, 0xFF, 0xFF, 0xF8, 0x3F, 0xFF, 0xFF, 0xFF, 0xFF,
  0xFF, 0xE0, 0xFF, 0xFF, 0xFF, 0xFF, 0xFF, 0xFF, 0xC3, 0xFF, 0xFF, 0xFF,
  0xFF, 0xFF, 0xFF, 0x0F, 0xFF, 0xFF, 0xFF, 0xFF, 0xFF, 0xFE, 0x3F, 0xFF,
  0xFF, 0xFF, 0xFF, 0xFF, 0xF8, 0x3F, 0xFF, 0xFF, 0xFF, 0xFF, 0xFF, 0xE0,
  0x3F, 0xFF, 0xFF, 0xFF, 0xFF, 0xFF, 0x80, 0x1F, 0xFF, 0xFF, 0xFF, 0xFF,
  0xFE, 0x00, 0x1F, 0xFF, 0xFF, 0xFF, 0xFF, 0xF8, 0x00, 0x0F, 0xFF, 0xFF,
  0xFF, 0xFF, 0xE0, 0x00, 0x0F, 0xFF, 0xFF, 0xFF, 0xFF, 0x80, 0x00, 0x07,
  0xFF, 0xFF, 0xFF, 0xFC, 0x00, 0x00, 0x01, 0xFF, 0xFF, 0xFF, 0xE0, 0x00,
  0x00, 0x00, 0x7F, 0xFF, 0xFE, 0x00, 0x00, 0x00, 0x00, 0x07, 0xFF, 0xC0,
  0x00, 0x00, 0x00, 0x00, 0x0F, 0xFF, 0x80, 0x00, 0x00, 0x00, 0x00, 0x1F,
  0xFF, 0x00, 0x00, 0x00, 0x00, 0x00, 0x3F, 0xFE, 0x00, 0x00, 0x00, 0x00,
  0x00, 0x7F, 0xFC, 0x00, 0x00, 0x00, 0x00, 0x00, 0xFF, 0xF8, 0x00, 0x00,
  0x00, 0x00, 0x01, 0xFF, 0xF0, 0x00, 0x00, 0x00, 0x00, 0x03, 0xFF, 0xE0,
  0x00, 0x00, 0x00, 0x00, 0x07, 0xFF, 0xC0, 0x00, 0x00, 0x00, 0x00, 0x0F,
  0xFF, 0x80, 0x00, 0x00, 0x00, 0x00, 0x1F, 0xFF, 0x00, 0x00, 0x00, 0x00,
  0x00, 0x3F, 0xFE, 0x00, 0x00, 0x00, 0x00, 0x00, 0x7F, 0xFC, 0x00, 0x00,
  0x00, 0x00, 0x00, 0xFF, 0xF8, 0x00, 0x00, 0x00, 0x00, 0x01, 0xFF, 0xE0,
  0x00, 0x00, 0x00, 0x00, 0x00, 0x0F, 0xFF, 0xF8, 0x00, 0x00, 0x00, 0x00,
  0x00, 0x7F, 0xFF, 0xFC, 0x00, 0x00, 0x00, 0x00, 0x03, 0xFF, 0xFF, 0xFC,
  0x00, 0x00, 0x00, 0x00, 0x0F, 0xFF, 0xFF, 0xFC, 0x00, 0x00, 0x00, 0x00,
  0x3F, 0xFF, 0xFF, 0xFC, 0x00, 0x00, 0x00, 0x00, 0xFF, 0xFF, 0xFF, 0xFC,
  0x00, 0x00, 0x00, 0x03, 0xFF, 0xFF, 0xFF, 0xFC, 0x00, 0x00, 0x00, 0x0F,
  0xFF, 0xFF, 0xFF, 0xFC, 0x00, 0x00, 0x00, 0x1F, 0xFF, 0xFF, 0xFF, 0xFC,
  0x00, 0x00, 0x00, 0x7F, 0xFF, 0xFF, 0xFF, 0xF8, 0x00, 0x00, 0x01, 0xFF,
  0xFF, 0xFF, 0xFF, 0xF8, 0x00, 0x00, 0x03, 0xFF, 0xFF, 0xFF, 0xFF, 0xF0,
  0x00, 0x00, 0x07, 0xFF, 0xFE, 0x7F, 0xFF, 0xF0, 0x00, 0x00, 0x1F, 0xFF,
  0xE0, 0x1F, 0xFF, 0xE0, 0x00, 0x00, 0x3F, 0xFF, 0x80, 0x1F, 0xFF, 0xC0,
  0x00, 0x00, 0x7F, 0xFE, 0x00, 0x1F, 0xFF, 0xC0, 0x00, 0x00, 0xFF, 0xFC,
  0x00, 0x3F, 0xFF, 0x80, 0x00, 0x01, 0xFF, 0xF0, 0x00, 0x3F, 0xFF, 0x00,
  0x00, 0x07, 0xFF, 0xE0, 0x00, 0x7F, 0xFE, 0x00, 0x00, 0x0F, 0xFF, 0xC0,
  0x00, 0xFF, 0xFC, 0x00, 0x00, 0x1F, 0xFF, 0x80, 0x01, 0xFF, 0xF8, 0x00,
  0x00, 0x1F, 0xFF, 0x80, 0x03, 0xFF, 0xF0, 0x00, 0x00, 0x3F, 0xFF, 0x00,
  0x0F, 0xFF, 0xE0, 0x00, 0x00, 0x7F, 0xFF, 0x00, 0x1F, 0xFF, 0x80, 0x00,
  0x00, 0xFF, 0xFF, 0x00, 0x7F, 0xFF, 0x00, 0x00, 0x01, 0xFF, 0xFF, 0x03,
  0xFF, 0xFE, 0x00, 0x00, 0x01, 0xFF, 0xFF, 0xFF, 0xFF, 0xFC, 0x00, 0x00,
  0x03, 0xFF, 0xFF, 0xFF, 0xFF, 0xF0, 0x00, 0x00, 0x03, 0xFF, 0xFF, 0xFF,
  0xFF, 0xE0, 0x00, 0x00, 0x07, 0xFF, 0xFF, 0xFF, 0xFF, 0x80, 0x00, 0x00,
  0x07, 0xFF, 0xFF, 0xFF, 0xFF, 0x00, 0x00, 0x00, 0x0F, 0xFF, 0xFF, 0xFF,
  0xFC, 0x00, 0x1C, 0x00, 0x0F, 0xFF, 0xFF, 0xFF, 0xF0, 0x00, 0x78, 0x00,
  0x0F, 0xFF, 0xFF, 0xFF, 0xC0, 0x03, 0xF8, 0x00, 0x0F, 0xFF, 0xFF, 0xFF,
  0x00, 0x0F, 0xF8, 0x00, 0x0F, 0xFF, 0xFF, 0xFC, 0x00, 0x3F, 0xF8, 0x00,
  0x07, 0xFF, 0xFF, 0xF0, 0x01, 0xFF, 0xF0, 0x00, 0x07, 0xFF, 0xFF, 0x80,
  0x07, 0xFF, 0xF0, 0x00, 0x03, 0xFF, 0xFC, 0x00, 0x3F, 0xFF, 0xF0, 0x00,
  0x00, 0x7F, 0xC0, 0x00, 0xFF, 0xFF, 0xE0, 0x00, 0x00, 0x00, 0x00, 0x07,
  0xFF, 0xFF, 0xE0, 0x00, 0x00, 0x00, 0x00, 0x1F, 0xFF, 0xFF, 0xE0, 0x00,
  0x00, 0x00, 0x00, 0x7F, 0xFF, 0xFF, 0x80, 0x00, 0x00, 0x00, 0x03, 0xFF,
  0xFF, 0xFC, 0x00, 0x00, 0x00, 0x00, 0x0F, 0xFF, 0xFF, 0xF0, 0x00, 0x00,
  0x00, 0x00, 0x7F, 0xFF, 0xFF, 0x80, 0x00, 0x00, 0x00, 0x01, 0xFF, 0xFF,
  0xFE, 0x00, 0x00, 0x00, 0x00, 0x0F, 0xFF, 0xFF, 0xF8, 0x00, 0x00, 0x00,
  0x00, 0x3F, 0xFF, 0xFF, 0xC0, 0x00, 0x00, 0x00, 0x00, 0xFF, 0xFF, 0xFF,
  0x00, 0x00, 0x00, 0x00, 0x07, 0xFF, 0xFF, 0xF8, 0x00, 0x00, 0x00, 0x00,
  0x1F, 0xFF, 0xFF, 0xE0, 0x00, 0x00, 0x00, 0x00, 0xFF, 0xFF, 0xFF, 0x00,
  0x00, 0x00, 0x00, 0x03, 0xFF, 0xFF, 0xFC, 0x00, 0x00, 0x00, 0x00, 0x1F,
  0xFF, 0xFF, 0xF0, 0x00, 0x00, 0x00, 0x00, 0x7F, 0xFF, 0xFF, 0x80, 0x00,
  0x00, 0x00, 0x01, 0xFF, 0xFF, 0xFE, 0x00, 0x00, 0x00, 0x00, 0x0F, 0xFF,
  0xFF, 0xF0, 0x00, 0x00, 0x00, 0x00, 0x3F, 0xFF, 0xFF, 0xC0, 0x00, 0x00,
  0x00, 0x01, 0xFF, 0xFF, 0xFE, 0x00, 0x00, 0x00, 0x00, 0x07, 0xFF, 0xFF,
  0xF8, 0x00, 0x00, 0x00, 0x00, 0x3F, 0xFF, 0xFF, 0xE0, 0x00, 0x00, 0x00,
  0x00, 0xFF, 0xFF, 0xFF, 0x00, 0x00, 0x00, 0x00, 0x03, 0xFF, 0xFF, 0xFC,
  0x00, 0x00, 0x00, 0x00, 0x1F, 0xFF, 0xFF, 0xE0, 0x00, 0x00, 0x00, 0x00,
  0x7F, 0xFF, 0xFF, 0x80, 0x00, 0x00, 0x00, 0x00, 0xFF, 0xFF, 0xFC, 0x00,
  0x00, 0x00, 0x00, 0x01, 0xFF, 0xFF, 0xF0, 0x00, 0x00, 0x00, 0x00, 0x01,
  0xFF, 0xFF, 0xC0, 0x01, 0xFF, 0xE0, 0x00, 0x01, 0xFF, 0xFE, 0x00, 0x1F,
  0xFF, 0xF0, 0x00, 0x03, 0xFF, 0xF8, 0x00, 0xFF, 0xFF, 0xF8, 0x00, 0x03,
  0xFF, 0xC0, 0x03, 0xFF, 0xFF, 0xFC, 0x00, 0x03, 0xFF, 0x00, 0x0F, 0xFF,
  0xFF, 0xFC, 0x00, 0x07, 0xF8, 0x00, 0x3F, 0xFF, 0xFF, 0xFC, 0x00, 0x07,
  0xE0, 0x00, 0xFF, 0xFF, 0xFF, 0xFC, 0x00, 0x07, 0x80, 0x03, 0xFF, 0xFF,
  0xFF, 0xFC, 0x00, 0x04, 0x00, 0x0F, 0xFF, 0xFF, 0xFF, 0xFC, 0x00, 0x00,
  0x00, 0x3F, 0xFF, 0xFF, 0xFF, 0xF8, 0x00, 0x00, 0x00, 0x7F, 0xFF, 0xFF,
  0xFF, 0xF8, 0x00, 0x00, 0x01, 0xFF, 0xFF, 0xFF, 0xFF, 0xF8, 0x00, 0x00,
  0x03, 0xFF, 0xFF, 0xFF, 0xFF, 0xF0, 0x00, 0x00, 0x0F, 0xFF, 0xFE, 0x7F,
  0xFF, 0xE0, 0x00, 0x00, 0x1F, 0xFF, 0xE0, 0x1F, 0xFF, 0xE0, 0x00, 0x00,
  0x3F, 0xFF, 0x80, 0x1F, 0xFF, 0xC0, 0x00, 0x00, 0xFF, 0xFE, 0x00, 0x1F,
  0xFF, 0x80, 0x00, 0x01, 0xFF, 0xFC, 0x00, 0x3F, 0xFF, 0x00, 0x00, 0x03,
  0xFF, 0xF0, 0x00, 0x7F, 0xFE, 0x00, 0x00, 0x07, 0xFF, 0xE0, 0x00, 0x7F,
  0xFE, 0x00, 0x00, 0x0F, 0xFF, 0xC0, 0x00, 0xFF, 0xFC, 0x00, 0x00, 0x1F,
  0xFF, 0x80, 0x01, 0xFF, 0xF8, 0x00, 0x00, 0x3F, 0xFF, 0x00, 0x07, 0xFF,
  0xE0, 0x00, 0x00, 0x7F, 0xFF, 0x00, 0x0F, 0xFF, 0xC0, 0x00, 0x00, 0x7F,
  0xFE, 0x00, 0x3F, 0xFF, 0x80, 0x00, 0x00, 0xFF, 0xFE, 0x00, 0xFF, 0xFF,
  0x00, 0x00, 0x01, 0xFF, 0xFF, 0x03, 0xFF, 0xFE, 0x00, 0x00, 0x03, 0xFF,
  0xFF, 0xFF, 0xFF, 0xF8, 0x00, 0x00, 0x03, 0xFF, 0xFF, 0xFF, 0xFF, 0xF0,
  0x00, 0x00, 0x07, 0xFF, 0xFF, 0xFF, 0xFF, 0xC0, 0x00, 0x00, 0x07, 0xFF,
  0xFF, 0xFF, 0xFF, 0x80, 0x00, 0x00, 0x0F, 0xFF, 0xFF, 0xFF, 0xFE, 0x00,
  0x00, 0x00, 0x0F, 0xFF, 0xFF, 0xFF, 0xF8, 0x00, 0x00, 0x00, 0x0F, 0xFF,
  0xFF, 0xFF, 0xF0, 0x00, 0x00, 0x00, 0x0F, 0xFF, 0xFF, 0xFF, 0xC0, 0x00,
  0x00, 0x00, 0x0F, 0xFF, 0xFF, 0xFF, 0x00, 0x00, 0x00, 0x00, 0x0F, 0xFF,
  0xFF, 0xFC, 0x00, 0x00, 0x00, 0x00, 0x0F, 0xFF, 0xFF, 0xE0, 0x00, 0x00,
  0x00, 0x00, 0x07, 0xFF, 0xFF, 0x80, 0x00, 0x00, 0x00, 0x00, 0x03, 0xFF,
  0xFC, 0x00, 0x00, 0x00, 0x00, 0x00, 0x00, 0xFF, 0x80, 0x00, 0x00, 0x00,
  0x00, 0x00, 0x00, 0x00, 0x00, 0x00, 0x00, 0x00, 0xFF, 0x80, 0x00, 0x00,
  0x00, 0x00, 0x03, 0xFF, 0xF0, 0x00, 0x00, 0x00, 0x00, 0x0F, 0xFF, 0xFC,
  0x00, 0x00, 0x00, 0x00, 0x1F, 0xFF, 0xFE, 0x00, 0x00, 0x00, 0x00, 0x3F,
  0xFF, 0xFF, 0x00, 0x00, 0x00, 0x00, 0x7F, 0xFF, 0xFF, 0x80, 0x00, 0x00,
  0x00, 0xFF, 0xFF, 0xFF, 0xC0, 0x00, 0x00, 0x01, 0xFF, 0xFF, 0xFF, 0xE0,
  0x00, 0x00, 0x01, 0xFF, 0xFF, 0xFF, 0xE0, 0x00, 0x00, 0x03, 0xFF, 0xE1,
  0xFF, 0xF0, 0x00, 0x00, 0x03, 0xFF, 0x80, 0x7F, 0xF0, 0x00, 0x00, 0x07,
  0xFF, 0x00, 0x3F, 0xF0, 0x00, 0x00, 0x07, 0xFE, 0x00, 0x1F, 0xF8, 0x00,
  0x00, 0x07, 0xFE, 0x00, 0x1F, 0xF8, 0x00, 0x00, 0x07, 0xFC, 0x00, 0x0F,
  0xF8, 0x00, 0x00, 0x07, 0xFC, 0x00, 0x0F, 0xF8, 0x00, 0x00, 0x07, 0xFC,
  0x00, 0x0F, 0xF8, 0x00, 0x00, 0x07, 0xFC, 0x00, 0x0F, 0xF8, 0x00, 0x00,
  0x07, 0xFE, 0x00, 0x1F, 0xF8, 0x00, 0x00, 0x07, 0xFE, 0x00, 0x1F, 0xF8,
  0x00, 0x00, 0x07, 0xFF, 0x00, 0x3F, 0xF0, 0x00, 0x00, 0x03, 0xFF, 0x80,
  0x7F, 0xF0, 0x00, 0x00, 0x03, 0xFF, 0x80, 0xFF, 0xF0, 0x00, 0x00, 0x01,
  0xFF, 0xC1, 0xFF, 0xE0, 0x00, 0x00, 0x01, 0xFF, 0xE7, 0xFF, 0xE0, 0x00,
  0x00, 0x00, 0xFF, 0xFF, 0xFF, 0xC0, 0x00, 0x00, 0x00, 0x7F, 0xFF, 0xFF,
  0x80, 0x00, 0x00, 0x00, 0x3F, 0xFF, 0xFF, 0x00, 0x00, 0x00, 0x00, 0x3F,
  0xFF, 0xFE, 0x00, 0x00, 0x00, 0x00, 0x1F, 0xFF, 0xFC, 0x00, 0x00, 0x00,
  0x00, 0x0F, 0xFF, 0xF8, 0x00, 0x00, 0x00, 0x00, 0x07, 0xFF, 0xE0, 0x00,
  0x00, 0x00, 0x00, 0x1F, 0xFF, 0xC0, 0x00, 0x00, 0x00, 0x00, 0x3F, 0xFF,
  0xC0, 0x00, 0x00, 0x00, 0x00, 0x7F, 0xFF, 0xE0, 0x00, 0x00, 0x00, 0x00,
  0xFF, 0xFF, 0xF0, 0x00, 0x00, 0x00, 0x01, 0xFF, 0xFF, 0xF8, 0x00, 0x00,
  0x00, 0x03, 0xFF, 0xFF, 0xFC, 0x00, 0x00, 0x00, 0x07, 0xFF, 0xFF, 0xFC,
  0x00, 0x00, 0x00, 0x0F, 0xFF, 0x9F, 0xFE, 0x00, 0x00, 0x00, 0x0F, 0xFF,
  0x0F, 0xFF, 0x00, 0x00, 0x00, 0x1F, 0xFE, 0x07, 0xFF, 0x80, 0x00, 0x00,
  0x1F, 0xFC, 0x03, 0xFF, 0xC0, 0x00, 0x00, 0x3F, 0xF8, 0x01, 0xFF, 0xC0,
  0x00, 0x00, 0x3F, 0xF0, 0x01, 0xFF, 0xE0, 0x00, 0x00, 0x3F, 0xF0, 0x00,
  0xFF, 0xF0, 0x00, 0x00, 0x7F, 0xE0, 0x00, 0x7F, 0xF8, 0x00, 0x00, 0x7F,
  0xE0, 0x00, 0x3F, 0xFC, 0x00, 0x00, 0x7F, 0xC0, 0x00, 0x1F, 0xFC, 0x00,
  0x00, 0x7F, 0xC0, 0x00, 0x1F, 0xFE, 0x00, 0x60, 0x7F, 0xC0, 0x00, 0x0F,
  0xFF, 0x00, 0xF0, 0x7F, 0xC0, 0x00, 0x07, 0xFF, 0x83, 0xF8, 0x7F, 0xC0,
  0x00, 0x03, 0xFF, 0xC7, 0xF8, 0x7F, 0xC0, 0x00, 0x01, 0xFF, 0xCF, 0xFC,
  0x7F, 0xC0, 0x00, 0x01, 0xFF, 0xFF, 0xFE, 0x7F, 0xC0, 0x00, 0x00, 0xFF,
  0xFF, 0xFF, 0x7F, 0xE0, 0x00, 0x00, 0x7F, 0xFF, 0xFE, 0x7F, 0xE0, 0x00,
  0x00, 0x3F, 0xFF, 0xFC, 0x7F, 0xE0, 0x00, 0x00, 0x1F, 0xFF, 0xF8, 0x3F,
  0xF0, 0x00, 0x00, 0x1F, 0xFF, 0xE0, 0x3F, 0xF8, 0x00, 0x00, 0x1F, 0xFF,
  0xC0, 0x1F, 0xF8, 0x00, 0x00, 0x3F, 0xFF, 0x80, 0x1F, 0xFC, 0x00, 0x00,
  0x7F, 0xFF, 0xC0, 0x0F, 0xFF, 0x00, 0x00, 0xFF, 0xFF, 0xE0, 0x0F, 0xFF,
  0x80, 0x03, 0xFF, 0xFF, 0xE0, 0x07, 0xFF, 0xF0, 0x1F, 0xFF, 0xFF, 0xF0,
  0x03, 0xFF, 0xFF, 0xFF, 0xFF, 0xFF, 0xF8, 0x01, 0xFF, 0xFF, 0xFF, 0xFF,
  0xBF, 0xFC, 0x01, 0xFF, 0xFF, 0xFF, 0xFF, 0x1F, 0xFE, 0x00, 0xFF, 0xFF,
  0xFF, 0xFE, 0x0F, 0xF8, 0x00, 0x3F, 0xFF, 0xFF, 0xFC, 0x0F, 0xF0, 0x00,
  0x1F, 0xFF, 0xFF, 0xF0, 0x07, 0xE0, 0x00, 0x07, 0xFF, 0xFF, 0xE0, 0x03,
  0xC0, 0x00, 0x01, 0xFF, 0xFF, 0x00, 0x01, 0x80, 0x00, 0x00, 0x3F, 0xF8,
  0x00, 0x00, 0x00, 0x00, 0x00, 0x00, 0x00, 0x00, 0x00, 0x00, 0x00, 0x7F,
  0xC0, 0x00, 0x3F, 0xFE, 0x00, 0x1F, 0xFF, 0xF0, 0x07, 0xFF, 0xFF, 0x01,
  0xFF, 0xFF, 0xF0, 0x7F, 0xFF, 0xFF, 0x0F, 0xFF, 0xFF, 0xE3, 0xFF, 0xFF,
  0xFE, 0x7F, 0xFF, 0xFF, 0xDF, 0xFF, 0xFF, 0xFF, 0xFF, 0xFF, 0xFF, 0xFF,
  0xFF, 0xFF, 0xFF, 0xFF, 0xFF, 0xFF, 0xFF, 0xFF, 0xFF, 0xFF, 0xFF, 0xFF,
  0xFF, 0xFF, 0xFF, 0xFF, 0xFF, 0xFF, 0xFF, 0xFF, 0xFF, 0xFF, 0xFD, 0xFF,
  0xFF, 0xFF, 0x3F, 0xFF, 0xFF, 0xE3, 0xFF, 0xFF, 0xF8, 0x7F, 0xFF, 0xFF,
  0x07, 0xFF, 0xFF, 0xC0, 0x7F, 0xFF, 0xF0, 0x07, 0xFF, 0xFC, 0x00, 0x7F,
  0xFF, 0x00, 0x07, 0xFF, 0xC0, 0x00, 0x7F, 0xF0, 0x00, 0x1F, 0xFC, 0x00,
  0x07, 0xFF, 0x00, 0x01, 0xFF, 0xC0, 0x00, 0x7F, 0xF0, 0x00, 0x1F, 0xF8,
  0x00, 0x07, 0xFE, 0x00, 0x00, 0x7F, 0x80, 0x00, 0x07, 0xE0, 0x00, 0x00,
  0x78, 0x00, 0x00, 0x06, 0x00, 0x00, 0x00, 0x00, 0x00, 0x00, 0x00, 0x00,
  0x07, 0xE0, 0x00, 0x07, 0xFC, 0x00, 0x07, 0xFF, 0x80, 0x03, 0xFF, 0xF0,
  0x00, 0xFF, 0xFE, 0x00, 0x7F, 0xFF, 0xC0, 0x1F, 0xFF, 0xF8, 0x07, 0xFF,
  0xFF, 0x01, 0xFF, 0xFF, 0xE0, 0x7F, 0xFF, 0xFC, 0x1F, 0xFF, 0xFF, 0x83,
  0xFF, 0xFF, 0xF0, 0xFF, 0xFF, 0xFE, 0x3F, 0xFF, 0xFF, 0xC7, 0xFF, 0xFF,
  0x01, 0xFF, 0xFF, 0x80, 0x3F, 0xFF, 0xE0, 0x0F, 0xFF, 0xF8, 0x01, 0xFF,
  0xFE, 0x00, 0x3F, 0xFF, 0x80, 0x0F, 0xFF, 0xE0, 0x01, 0xFF, 0xFC, 0x00,
  0x3F, 0xFF, 0x00, 0x07, 0xFF, 0xE0, 0x00, 0xFF, 0xFC, 0x00, 0x1F, 0xFF,
  0x00, 0x03, 0xFF, 0xE0, 0x00, 0x7F, 0xFC, 0x00, 0x0F, 0xFF, 0x80, 0x01,
  0xFF, 0xF0, 0x00, 0x3F, 0xFE, 0x00, 0x07, 0xFF, 0xC0, 0x00, 0xFF, 0xF8,
  0x00, 0x1F, 0xFF, 0x00, 0x03, 0xFF, 0xE0, 0x00, 0x7F, 0xFC, 0x00, 0x0F,
  0xFF, 0x80, 0x01, 0xFF, 0xF0, 0x00, 0x3F, 0xFE, 0x00, 0x07, 0xFF, 0xC0,
  0x00, 0xFF, 0xF8, 0x00, 0x1F, 0xFF, 0x00, 0x03, 0xFF, 0xE0, 0x00, 0x7F,
  0xFC, 0x00, 0x0F, 0xFF, 0x80, 0x01, 0xFF, 0xF0, 0x00, 0x3F, 0xFE, 0x00,
  0x07, 0xFF, 0xC0, 0x00, 0xFF, 0xF8, 0x00, 0x1F, 0xFF, 0x00, 0x03, 0xFF,
  0xE0, 0x00, 0x7F, 0xFC, 0x00, 0x0F, 0xFF, 0x80, 0x01, 0xFF, 0xF0, 0x00,
  0x3F, 0xFE, 0x00, 0x07, 0xFF, 0xC0, 0x00, 0xFF, 0xF8, 0x00, 0x1F, 0xFF,
  0x00, 0x03, 0xFF, 0xE0, 0x00, 0x7F, 0xFC, 0x00, 0x0F, 0xFF, 0x80, 0x01,
  0xFF, 0xF0, 0x00, 0x3F, 0xFE, 0x00, 0x07, 0xFF, 0xC0, 0x00, 0xFF, 0xF8,
  0x00, 0x1F, 0xFF, 0x00, 0x03, 0xFF, 0xE0, 0x00, 0x7F, 0xFC, 0x00, 0x0F,
  0xFF, 0x80, 0x01, 0xFF, 0xF0, 0x00, 0x3F, 0xFE, 0x00, 0x07, 0xFF, 0xC0,
  0x00, 0xFF, 0xF8, 0x00, 0x1F, 0xFF, 0x00, 0x03, 0xFF, 0xE0, 0x00, 0x7F,
  0xFC, 0x00, 0x0F, 0xFF, 0x80, 0x01, 0xFF, 0xF0, 0x00, 0x3F, 0xFE, 0x00,
  0x07, 0xFF, 0xC0, 0x00, 0xFF, 0xF8, 0x00, 0x1F, 0xFF, 0x00, 0x03, 0xFF,
  0xE0, 0x00, 0x7F, 0xFC, 0x00, 0x0F, 0xFF, 0x80, 0x01, 0xFF, 0xF0, 0x00,
  0x3F, 0xFE, 0x00, 0x07, 0xFF, 0xC0, 0x00, 0xFF, 0xF8, 0x00, 0x1F, 0xFF,
  0x00, 0x03, 0xFF, 0xE0, 0x00, 0x7F, 0xFC, 0x00, 0x0F, 0xFF, 0x80, 0x01,
  0xFF, 0xF0, 0x00, 0x3F, 0xFE, 0x00, 0x07, 0xFF, 0xC0, 0x00, 0xFF, 0xF8,
  0x00, 0x1F, 0xFF, 0x00, 0x03, 0xFF, 0xE0, 0x00, 0x7F, 0xFC, 0x00, 0x0F,
  0xFF, 0x80, 0x01, 0xFF, 0xF0, 0x00, 0x3F, 0xFE, 0x00, 0x07, 0xFF, 0xC0,
  0x00, 0xFF, 0xF8, 0x00, 0x1F, 0xFF, 0x00, 0x03, 0xFF, 0xE0, 0x00, 0x7F,
  0xFC, 0x00, 0x0F, 0xFF, 0x80, 0x01, 0xFF, 0xF0, 0x00, 0x3F, 0xFE, 0x00,
  0x07, 0xFF, 0xC0, 0x00, 0xFF, 0xF8, 0x00, 0x1F, 0xFF, 0x80, 0x03, 0xFF,
  0xF0, 0x00, 0x7F, 0xFE, 0x00, 0x0F, 0xFF, 0xE0, 0x01, 0xFF, 0xFC, 0x00,
  0x1F, 0xFF, 0xC0, 0x03, 0xFF, 0xFC, 0x00, 0x7F, 0xFF, 0xC0, 0x07, 0xFF,
  0xFC, 0x00, 0xFF, 0xFF, 0xE0, 0x0F, 0xFF, 0xFF, 0x01, 0xFF, 0xFF, 0xFE,
  0x1F, 0xFF, 0xFF, 0xC1, 0xFF, 0xFF, 0xF8, 0x1F, 0xFF, 0xFF, 0x01, 0xFF,
  0xFF, 0xE0, 0x1F, 0xFF, 0xFC, 0x01, 0xFF, 0xFF, 0x80, 0x1F, 0xFF, 0xF0,
  0x01, 0xFF, 0xFE, 0x00, 0x1F, 0xFF, 0xC0, 0x00, 0xFF, 0xF8, 0x00, 0x07,
  0xFF, 0x00, 0x00, 0x1F, 0xE0, 0x00, 0x00, 0x3C, 0xFC, 0x00, 0x00, 0x0F,
  0xF8, 0x00, 0x00, 0xFF, 0xF0, 0x00, 0x0F, 0xFF, 0xC0, 0x00, 0xFF, 0xFE,
  0x00, 0x0F, 0xFF, 0xF0, 0x00, 0xFF, 0xFF, 0xC0, 0x0F, 0xFF, 0xFE, 0x00,
  0xFF, 0xFF, 0xF0, 0x0F, 0xFF, 0xFF, 0x80, 0xFF, 0xFF, 0xFC, 0x0F, 0xFF,
  0xFF, 0xC0, 0xFF, 0xFF, 0xFE, 0x0F, 0xFF, 0xFF, 0xF0, 0x07, 0xFF, 0xFF,
  0x00, 0x1F, 0xFF, 0xF8, 0x00, 0xFF, 0xFF, 0x80, 0x07, 0xFF, 0xFC, 0x00,
  0x3F, 0xFF, 0xC0, 0x01, 0xFF, 0xFC, 0x00, 0x0F, 0xFF, 0xE0, 0x00, 0xFF,
  0xFE, 0x00, 0x07, 0xFF, 0xE0, 0x00, 0x7F, 0xFE, 0x00, 0x07, 0xFF, 0xE0,
  0x00, 0x3F, 0xFE, 0x00, 0x03, 0xFF, 0xE0, 0x00, 0x3F, 0xFF, 0x00, 0x03,
  0xFF, 0xF0, 0x00, 0x3F, 0xFF, 0x00, 0x03, 0xFF, 0xF0, 0x00, 0x3F, 0xFF,
  0x00, 0x03, 0xFF, 0xF0, 0x00, 0x3F, 0xFF, 0x00, 0x03, 0xFF, 0xF0, 0x00,
  0x3F, 0xFF, 0x00, 0x03, 0xFF, 0xF0, 0x00, 0x3F, 0xFF, 0x00, 0x03, 0xFF,
  0xF0, 0x00, 0x3F, 0xFF, 0x00, 0x03, 0xFF, 0xF0, 0x00, 0x3F, 0xFF, 0x00,
  0x03, 0xFF, 0xF0, 0x00, 0x3F, 0xFF, 0x00, 0x03, 0xFF, 0xF0, 0x00, 0x3F,
  0xFF, 0x00, 0x03, 0xFF, 0xF0, 0x00, 0x3F, 0xFF, 0x00, 0x03, 0xFF, 0xF0,
  0x00, 0x3F, 0xFF, 0x00, 0x03, 0xFF, 0xF0, 0x00, 0x3F, 0xFF, 0x00, 0x03,
  0xFF, 0xF0, 0x00, 0x3F, 0xFF, 0x00, 0x03, 0xFF, 0xF0, 0x00, 0x3F, 0xFF,
  0x00, 0x03, 0xFF, 0xF0, 0x00, 0x3F, 0xFF, 0x00, 0x03, 0xFF, 0xF0, 0x00,
  0x3F, 0xFF, 0x00, 0x03, 0xFF, 0xF0, 0x00, 0x3F, 0xFF, 0x00, 0x03, 0xFF,
  0xF0, 0x00, 0x3F, 0xFF, 0x00, 0x03, 0xFF, 0xF0, 0x00, 0x3F, 0xFF, 0x00,
  0x03, 0xFF, 0xF0, 0x00, 0x3F, 0xFF, 0x00, 0x03, 0xFF, 0xF0, 0x00, 0x3F,
  0xFF, 0x00, 0x03, 0xFF, 0xF0, 0x00, 0x3F, 0xFF, 0x00, 0x03, 0xFF, 0xF0,
  0x00, 0x3F, 0xFF, 0x00, 0x03, 0xFF, 0xF0, 0x00, 0x3F, 0xFF, 0x00, 0x03,
  0xFF, 0xF0, 0x00, 0x3F, 0xFF, 0x00, 0x03, 0xFF, 0xF0, 0x00, 0x3F, 0xFF,
  0x00, 0x03, 0xFF, 0xF0, 0x00, 0x3F, 0xFF, 0x00, 0x03, 0xFF, 0xF0, 0x00,
  0x3F, 0xFF, 0x00, 0x03, 0xFF, 0xF0, 0x00, 0x3F, 0xFF, 0x00, 0x03, 0xFF,
  0xF0, 0x00, 0x3F, 0xFF, 0x00, 0x03, 0xFF, 0xF0, 0x00, 0x3F, 0xFF, 0x00,
  0x03, 0xFF, 0xF0, 0x00, 0x3F, 0xFF, 0x00, 0x03, 0xFF, 0xF0, 0x00, 0x3F,
  0xFF, 0x00, 0x03, 0xFF, 0xF0, 0x00, 0x3F, 0xFF, 0x00, 0x03, 0xFF, 0xF0,
  0x00, 0x3F, 0xFF, 0x00, 0x03, 0xFF, 0xF0, 0x00, 0x3F, 0xFF, 0x00, 0x03,
  0xFF, 0xF0, 0x00, 0x3F, 0xFF, 0x00, 0x03, 0xFF, 0xF0, 0x00, 0x3F, 0xFF,
  0x00, 0x03, 0xFF, 0xF0, 0x00, 0x3F, 0xFF, 0x00, 0x03, 0xFF, 0xF0, 0x00,
  0x3F, 0xFF, 0x00, 0x03, 0xFF, 0xF0, 0x00, 0x3F, 0xFF, 0x00, 0x03, 0xFF,
  0xF0, 0x00, 0x3F, 0xFE, 0x00, 0x07, 0xFF, 0xE0, 0x00, 0x7F, 0xFE, 0x00,
  0x07, 0xFF, 0xE0, 0x00, 0x7F, 0xFE, 0x00, 0x0F, 0xFF, 0xE0, 0x00, 0xFF,
  0xFE, 0x00, 0x1F, 0xFF, 0xC0, 0x03, 0xFF, 0xFC, 0x00, 0x7F, 0xFF, 0xC0,
  0x0F, 0xFF, 0xF8, 0x03, 0xFF, 0xFF, 0x80, 0xFF, 0xFF, 0xF0, 0xFF, 0xFF,
  0xFE, 0x0F, 0xFF, 0xFF, 0xE0, 0xFF, 0xFF, 0xFC, 0x0F, 0xFF, 0xFF, 0x80,
  0xFF, 0xFF, 0xF0, 0x0F, 0xFF, 0xFE, 0x00, 0xFF, 0xFF, 0xC0, 0x0F, 0xFF,
  0xF8, 0x00, 0xFF, 0xFF, 0x00, 0x0F, 0xFF, 0xE0, 0x00, 0xFF, 0xF8, 0x00,
  0x0F, 0xFE, 0x00, 0x00, 0xFF, 0x00, 0x00, 0x0F, 0x00, 0x00, 0x00, 0x00,
  0x00, 0x00, 0x00, 0x00, 0x00, 0x00, 0x1F, 0x80, 0x00, 0x00, 0x00, 0x3F,
  0xE0, 0x00, 0x00, 0x00, 0x3F, 0xF8, 0x00, 0x00, 0x00, 0x3F, 0xFE, 0x00,
  0x00, 0x00, 0x1F, 0xFF, 0x00, 0x00, 0x00, 0x0F, 0xFF, 0x80, 0x00, 0x00,
  0x07, 0xFF, 0xC0, 0x00, 0x00, 0x03, 0xFF, 0xE0, 0x00, 0x00, 0x01, 0xFF,
  0xF0, 0x00, 0x00, 0xE0, 0xFF, 0xF8, 0x3C, 0x01, 0xFC, 0x3F, 0xF8, 0xFF,
  0x83, 0xFF, 0x8F, 0xFC, 0xFF, 0xE1, 0xFF, 0xC3, 0xF8, 0x7F, 0xF1, 0xFF,
  0xF0, 0x70, 0x7F, 0xFC, 0xFF, 0xF8, 0x00, 0x3F, 0xFE, 0x7F, 0xFC, 0x00,
  0x1F, 0xFF, 0x3F, 0xFE, 0x00, 0x0F, 0xFF, 0x9F, 0xFF, 0x00, 0x07, 0xFF,
  0xCF, 0xFF, 0x80, 0x03, 0xFF, 0xE3, 0xFF, 0xC0, 0x01, 0xFF, 0xE1, 0xFF,
  0xC0, 0x00, 0x7F, 0xF0, 0x7F, 0xC0, 0x00, 0x1F, 0xF0, 0x0F, 0x80, 0x00,
  0x03, 0xE0, 0x00, 0x00, 0x00, 0x00, 0x00, 0x00, 0x00, 0x00, 0x0E, 0x00,
  0x00, 0x1F, 0xC0, 0x1F, 0xC0, 0x00, 0x1F, 0xF8, 0x1F, 0xF8, 0x00, 0x1F,
  0xFC, 0x1F, 0xFC, 0x00, 0x0F, 0xFF, 0x1F, 0xFF, 0x00, 0x0F, 0xFF, 0x8F,
  0xFF, 0x80, 0x07, 0xFF, 0xE7, 0xFF, 0xC0, 0x03, 0xFF, 0xF3, 0xFF, 0xE0,
  0x01, 0xFF, 0xF9, 0xFF, 0xF0, 0x00, 0xFF, 0xF8, 0xFF, 0xF8, 0x00, 0x3F,
  0xFC, 0x3F, 0xFC, 0x00, 0x1F, 0xFC, 0x1F, 0xFC, 0x00, 0x07, 0xFE, 0x07,
  0xFC, 0x00, 0x00, 0xFC, 0x00, 0xFC, 0x00, 0x00, 0x00, 0x00, 0x00, 0x00,
  0x00, 0x00, 0x07, 0xFF, 0xC0, 0x00, 0x00, 0x00, 0x00, 0x0F, 0xFF, 0x80,
  0x00, 0x00, 0x00, 0x00, 0x1F, 0xFF, 0x00, 0x00, 0x00, 0x00, 0x00, 0x3F,
  0xFE, 0x00, 0x00, 0x00, 0x00, 0x00, 0x7F, 0xFC, 0x00, 0x00, 0x00, 0x00,
  0x00, 0xFF, 0xF8, 0x00, 0x00, 0x00, 0x00, 0x01, 0xFF, 0xF0, 0x00, 0x00,
  0x00, 0x00, 0x03, 0xFF, 0xE0, 0x00, 0x00, 0x00, 0x00, 0x07, 0xFF, 0xC0,
  0x00, 0x00, 0x00, 0x00, 0x0F, 0xFF, 0x80, 0x00, 0x00, 0x00, 0x00, 0x1F,
  0xFF, 0x00, 0x00, 0x00, 0x00, 0x00, 0x3F, 0xFE, 0x00, 0x00, 0x00, 0x00,
  0x00, 0x7F, 0xFC, 0x00, 0x00, 0x00, 0x00, 0x00, 0xFF, 0xF8, 0x00, 0x00,
  0x00, 0x00, 0x01, 0xFF, 0xF0, 0x00, 0x00, 0x00, 0x00, 0x03, 0xFF, 0xE0,
  0x00, 0x00, 0x00, 0x00, 0x07, 0xFF, 0xC0, 0x00, 0x00, 0x00, 0x00, 0x0F,
  0xFF, 0x80, 0x00, 0x00, 0x00, 0x00, 0x1F, 0xFF, 0x00, 0x00, 0x00, 0x00,
  0x00, 0x3F, 0xFE, 0x00, 0x00, 0x00, 0x00, 0x00, 0x7F, 0xFC, 0x00, 0x00,
  0x1F, 0xFF, 0xFF, 0xFF, 0xFF, 0xFF, 0xFF, 0xFF, 0xFF, 0xFF, 0xFF, 0xFF,
  0xFF, 0xFF, 0xFF, 0xFF, 0xFF, 0xFF, 0xFF, 0xFF, 0xFF, 0xFF, 0xFF, 0xFF,
  0xFF, 0xFF, 0xFF, 0xFF, 0xFF, 0xFF, 0xFF, 0xFF, 0xFF, 0xFF, 0xFF, 0xFF,
  0xFF, 0xFF, 0xFF, 0xFF, 0xFF, 0xFF, 0xFF, 0xFF, 0xFF, 0xFF, 0xFF, 0xFF,
  0xFF, 0xFF, 0xFF, 0xFF, 0xFF, 0xFF, 0xFF, 0xFF, 0xFF, 0xFF, 0xFF, 0xFF,
  0xFF, 0xFF, 0xFF, 0xFF, 0xFF, 0xFF, 0xFF, 0xFF, 0xFF, 0xFF, 0xFF, 0xFF,
  0xFF, 0xFF, 0xFF, 0xFF, 0xFF, 0xFF, 0xFF, 0xFF, 0xFF, 0xFF, 0xFF, 0xFF,
  0xFF, 0xFF, 0xFF, 0xFF, 0xFF, 0xFF, 0xFF, 0xFF, 0xFF, 0xFF, 0xFF, 0xFF,
  0xF8, 0x00, 0x00, 0x3F, 0xFE, 0x00, 0x00, 0x00, 0x00, 0x00, 0x7F, 0xFC,
  0x00, 0x00, 0x00, 0x00, 0x00, 0xFF, 0xF8, 0x00, 0x00, 0x00, 0x00, 0x01,
  0xFF, 0xF0, 0x00, 0x00, 0x00, 0x00, 0x03, 0xFF, 0xE0, 0x00, 0x00, 0x00,
  0x00, 0x07, 0xFF, 0xC0, 0x00, 0x00, 0x00, 0x00, 0x0F, 0xFF, 0x80, 0x00,
  0x00, 0x00, 0x00, 0x1F, 0xFF, 0x00, 0x00, 0x00, 0x00, 0x00, 0x3F, 0xFE,
  0x00, 0x00, 0x00, 0x00, 0x00, 0x7F, 0xFC, 0x00, 0x00, 0x00, 0x00, 0x00,
  0xFF, 0xF8, 0x00, 0x00, 0x00, 0x00, 0x01, 0xFF, 0xF0, 0x00, 0x00, 0x00,
  0x00, 0x03, 0xFF, 0xE0, 0x00, 0x00, 0x00, 0x00, 0x07, 0xFF, 0xC0, 0x00,
  0x00, 0x00, 0x00, 0x0F, 0xFF, 0x80, 0x00, 0x00, 0x00, 0x00, 0x1F, 0xFF,
  0x00, 0x00, 0x00, 0x00, 0x00, 0x3F, 0xFE, 0x00, 0x00, 0x00, 0x00, 0x00,
  0x7F, 0xFC, 0x00, 0x00, 0x00, 0x00, 0x00, 0xFF, 0xF8, 0x00, 0x00, 0x00,
  0x00, 0x01, 0xFF, 0xF0, 0x00, 0x00, 0x00, 0x00, 0x04, 0x00, 0x00, 0x1F,
  0xFC, 0x00, 0x0F, 0xFF, 0xE0, 0x03, 0xFF, 0xFE, 0x00, 0xFF, 0xFF, 0xE0,
  0x3F, 0xFF, 0xFE, 0x0F, 0xFF, 0xFF, 0xE3, 0xFF, 0xFF, 0xFE, 0x7F, 0xFF,
  0xFF, 0xDF, 0xFF, 0xFF, 0xFB, 0xFF, 0xFF, 0xFF, 0xFF, 0xFF, 0xFF, 0xFF,
  0xFF, 0xFF, 0xFF, 0xFF, 0xFF, 0xFF, 0xFF, 0xFF, 0xFF, 0xFF, 0xFF, 0xFF,
  0xFF, 0xFF, 0xFF, 0xFF, 0xFF, 0xFF, 0xFF, 0xFF, 0xFF, 0xFF, 0xFF, 0xBF,
  0xFF, 0xFF, 0xE7, 0xFF, 0xFF, 0xFC, 0x7F, 0xFF, 0xFF, 0x0F, 0xFF, 0xFF,
  0xE0, 0xFF, 0xFF, 0xF8, 0x0F, 0xFF, 0xFE, 0x00, 0xFF, 0xFF, 0x80, 0x0F,
  0xFF, 0xE0, 0x00, 0xFF, 0xF8, 0x00, 0x1F, 0xFC, 0x00, 0x07, 0xFF, 0x00,
  0x01, 0xFF, 0xC0, 0x00, 0x7F, 0xF0, 0x00, 0x1F, 0xFC, 0x00, 0x07, 0xFF,
  0x00, 0x00, 0xFF, 0xC0, 0x00, 0x0F, 0xF0, 0x00, 0x00, 0xFC, 0x00, 0x00,
  0x0F, 0x00, 0x00, 0x00, 0xC0, 0x00, 0x00, 0xFF, 0xFF, 0xFF, 0xFF, 0xFF,
  0xFF, 0xFF, 0xFF, 0xFF, 0xFF, 0xFF, 0xFF, 0xFF, 0xFF, 0xFF, 0xFF, 0xFF,
  0xFF, 0xFF, 0xFF, 0xFF, 0xFF, 0xFF, 0xFF, 0xFF, 0xFF, 0xFF, 0xFF, 0xFF,
  0xFF, 0xFF, 0xFF, 0xFF, 0xFF, 0xFF, 0xFF, 0xFF, 0xFF, 0xFF, 0xFF, 0xFF,
  0xFF, 0xFF, 0xFF, 0xFF, 0xFF, 0xFF, 0xFF, 0xFF, 0xFF, 0xFF, 0xFF, 0xFF,
  0xFF, 0xFF, 0xFF, 0xFF, 0xFF, 0xFF, 0xFF, 0xFF, 0xFF, 0xFF, 0xFF, 0xFF,
  0xFF, 0xFF, 0xFF, 0xFF, 0xFF, 0xFF, 0xFF, 0xFF, 0xFF, 0xFF, 0xFF, 0xFF,
  0xFF, 0xFF, 0xFF, 0xFF, 0xFF, 0xFF, 0xFF, 0xFF, 0xFF, 0xFF, 0xFF, 0xFF,
  0xFF, 0xFF, 0xFF, 0xFF, 0xFF, 0xFF, 0xFF, 0xC0, 0x00, 0x04, 0x00, 0x00,
  0x1F, 0xFC, 0x00, 0x0F, 0xFF, 0xE0, 0x03, 0xFF, 0xFE, 0x00, 0xFF, 0xFF,
  0xE0, 0x3F, 0xFF, 0xFE, 0x0F, 0xFF, 0xFF, 0xE3, 0xFF, 0xFF, 0xFE, 0x7F,
  0xFF, 0xFF, 0xDF, 0xFF, 0xFF, 0xFB, 0xFF, 0xFF, 0xFF, 0xFF, 0xFF, 0xFF,
  0xFF, 0xFF, 0xFF, 0xFF, 0xFF, 0xFF, 0xFF, 0xFF, 0xFF, 0xFF, 0xFF, 0xFF,
  0xFF, 0xFF, 0xFF, 0xFF, 0xFF, 0xFF, 0xFF, 0xFF, 0xFF, 0xFF, 0xFF, 0xFF,
  0xBF, 0xFF, 0xFF, 0xE7, 0xFF, 0xFF, 0xFC, 0x7F, 0xFF, 0xFF, 0x0F, 0xFF,
  0xFF, 0xE0, 0xFF, 0xFF, 0xF8, 0x0F, 0xFF, 0xFE, 0x00, 0x7F, 0xFF, 0x00,
  0x07, 0xFF, 0xC0, 0x00, 0x1F, 0xC0, 0x00, 0x00, 0x00, 0x00, 0x00, 0x00,
  0x7F, 0xFE, 0x00, 0x00, 0x00, 0x00, 0x00, 0xFF, 0xF8, 0x00, 0x00, 0x00,
  0x00, 0x03, 0xFF, 0xF0, 0x00, 0x00, 0x00, 0x00, 0x07, 0xFF, 0xE0, 0x00,
  0x00, 0x00, 0x00, 0x1F, 0xFF, 0x80, 0x00, 0x00, 0x00, 0x00, 0x3F, 0xFF,
  0x00, 0x00, 0x00, 0x00, 0x00, 0x7F, 0xFE, 0x00, 0x00, 0x00, 0x00, 0x01,
  0xFF, 0xF8, 0x00, 0x00, 0x00, 0x00, 0x03, 0xFF, 0xF0, 0x00, 0x00, 0x00,
  0x00, 0x07, 0xFF, 0xC0, 0x00, 0x00, 0x00, 0x00, 0x1F, 0xFF, 0x80, 0x00,
  0x00, 0x00, 0x00, 0x3F, 0xFF, 0x00, 0x00, 0x00, 0x00, 0x00, 0xFF, 0xFC,
  0x00, 0x00, 0x00, 0x00, 0x01, 0xFF, 0xF8, 0x00, 0x00, 0x00, 0x00, 0x03,
  0xFF, 0xF0, 0x00, 0x00, 0x00, 0x00, 0x0F, 0xFF, 0xC0, 0x00, 0x00, 0x00,
  0x00, 0x1F, 0xFF, 0x80, 0x00, 0x00, 0x00, 0x00, 0x3F, 0xFE, 0x00, 0x00,
  0x00, 0x00, 0x00, 0xFF, 0xFC, 0x00, 0x00, 0x00, 0x00, 0x01, 0xFF, 0xF8,
  0x00, 0x00, 0x00, 0x00, 0x07, 0xFF, 0xE0, 0x00, 0x00, 0x00, 0x00, 0x0F,
  0xFF, 0xC0, 0x00, 0x00, 0x00, 0x00, 0x1F, 0xFF, 0x80, 0x00, 0x00, 0x00,
  0x00, 0x7F, 0xFE, 0x00, 0x00, 0x00, 0x00, 0x00, 0xFF, 0xFC, 0x00, 0x00,
  0x00, 0x00, 0x01, 0xFF, 0xF0, 0x00, 0x00, 0x00, 0x00, 0x07, 0xFF, 0xE0,
  0x00, 0x00, 0x00, 0x00, 0x0F, 0xFF, 0xC0, 0x00, 0x00, 0x00, 0x00, 0x3F,
  0xFF, 0x00, 0x00, 0x00, 0x00, 0x00, 0x7F, 0xFE, 0x00, 0x00, 0x00, 0x00,
  0x00, 0xFF, 0xFC, 0x00, 0x00, 0x00, 0x00, 0x03, 0xFF, 0xF0, 0x00, 0x00,
  0x00, 0x00, 0x07, 0xFF, 0xE0, 0x00, 0x00, 0x00, 0x00, 0x0F, 0xFF, 0x80,
  0x00, 0x00, 0x00, 0x00, 0x3F, 0xFF, 0x00, 0x00, 0x00, 0x00, 0x00, 0x7F,
  0xFE, 0x00, 0x00, 0x00, 0x00, 0x01, 0xFF, 0xF8, 0x00, 0x00, 0x00, 0x00,
  0x03, 0xFF, 0xF0, 0x00, 0x00, 0x00, 0x00, 0x07, 0xFF, 0xE0, 0x00, 0x00,
  0x00, 0x00, 0x1F, 0xFF, 0x80, 0x00, 0x00, 0x00, 0x00, 0x3F, 0xFF, 0x00,
  0x00, 0x00, 0x00, 0x00, 0x7F, 0xFC, 0x00, 0x00, 0x00, 0x00, 0x01, 0xFF,
  0xF8, 0x00, 0x00, 0x00, 0x00, 0x03, 0xFF, 0xF0, 0x00, 0x00, 0x00, 0x00,
  0x0F, 0xFF, 0xC0, 0x00, 0x00, 0x00, 0x00, 0x1F, 0xFF, 0x80, 0x00, 0x00,
  0x00, 0x00, 0x3F, 0xFF, 0x00, 0x00, 0x00, 0x00, 0x00, 0xFF, 0xFC, 0x00,
  0x00, 0x00, 0x00, 0x01, 0xFF, 0xF8, 0x00, 0x00, 0x00, 0x00, 0x03, 0xFF,
  0xE0, 0x00, 0x00, 0x00, 0x00, 0x0F, 0xFF, 0xC0, 0x00, 0x00, 0x00, 0x00,
  0x1F, 0xFF, 0x80, 0x00, 0x00, 0x00, 0x00, 0x7F, 0xFE, 0x00, 0x00, 0x00,
  0x00, 0x00, 0xFF, 0xFC, 0x00, 0x00, 0x00, 0x00, 0x01, 0xFF, 0xF8, 0x00,
  0x00, 0x00, 0x00, 0x07, 0xFF, 0xE0, 0x00, 0x00, 0x00, 0x00, 0x0F, 0xFF,
  0xC0, 0x00, 0x00, 0x00, 0x00, 0x1F, 0xFF, 0x00, 0x00, 0x00, 0x00, 0x00,
  0x7F, 0xFE, 0x00, 0x00, 0x00, 0x00, 0x00, 0xFF, 0xFC, 0x00, 0x00, 0x00,
  0x00, 0x03, 0xFF, 0xF0, 0x00, 0x00, 0x00, 0x00, 0x07, 0xFF, 0xE0, 0x00,
  0x00, 0x00, 0x00, 0x0F, 0xFF, 0xC0, 0x00, 0x00, 0x00, 0x00, 0x3F, 0xFF,
  0x00, 0x00, 0x00, 0x00, 0x00, 0x7F, 0xFE, 0x00, 0x00, 0x00, 0x00, 0x00,
  0xFF, 0xF8, 0x00, 0x00, 0x00, 0x00, 0x03, 0xFF, 0xF0, 0x00, 0x00, 0x00,
  0x00, 0x07, 0xFF, 0xE0, 0x00, 0x00, 0x00, 0x00, 0x1F, 0xFF, 0x80, 0x00,
  0x00, 0x00, 0x00, 0x3F, 0xFF, 0x00, 0x00, 0x00, 0x00, 0x00, 0x7F, 0xFE,
  0x00, 0x00, 0x00, 0x00, 0x01, 0xFF, 0xF8, 0x00, 0x00, 0x00, 0x00, 0x03,
  0xFF, 0xF0, 0x00, 0x00, 0x00, 0x00, 0x07, 0xFF, 0xC0, 0x00, 0x00, 0x00,
  0x00, 0x1F, 0xFF, 0x80, 0x00, 0x00, 0x00, 0x00, 0x3F, 0xFF, 0x00, 0x00,
  0x00, 0x00, 0x00, 0xFF, 0xFC, 0x00, 0x00, 0x00, 0x00, 0x01, 0xFF, 0xF8,
  0x00, 0x00, 0x00, 0x00, 0x03, 0xFF, 0xF0, 0x00, 0x00, 0x00, 0x00, 0x0F,
  0xFF, 0xC0, 0x00, 0x00, 0x00, 0x00, 0x1F, 0xFF, 0x80, 0x00, 0x00, 0x00,
  0x00, 0x3F, 0xFE, 0x00, 0x00, 0x00, 0x00, 0x00, 0xFF, 0xFC, 0x00, 0x00,
  0x00, 0x00, 0x01, 0xFF, 0xF8, 0x00, 0x00, 0x00, 0x00, 0x07, 0xFF, 0xE0,
  0x00, 0x00, 0x00, 0x00, 0x0F, 0xFF, 0xC0, 0x00, 0x00, 0x00, 0x00, 0x1F,
  0xFF, 0x80, 0x00, 0x00, 0x00, 0x00, 0x7F, 0xFE, 0x00, 0x00, 0x00, 0x00,
  0x00, 0xFF, 0xFC, 0x00, 0x00, 0x00, 0x00, 0x01, 0xFF, 0xF0, 0x00, 0x00,
  0x00, 0x00, 0x07, 0xFF, 0xE0, 0x00, 0x00, 0x00, 0x00, 0x0F, 0xFF, 0xC0,
  0x00, 0x00, 0x00, 0x00, 0x3F, 0xFF, 0x00, 0x00, 0x00, 0x00, 0x00, 0x7F,
  0xFE, 0x00, 0x00, 0x00, 0x00, 0x00, 0xFF, 0xFC, 0x00, 0x00, 0x00, 0x00,
  0x03, 0xFF, 0xF0, 0x00, 0x00, 0x00, 0x00, 0x07, 0xFF, 0xE0, 0x00, 0x00,
  0x00, 0x00, 0x0F, 0xFF, 0x80, 0x00, 0x00, 0x00, 0x00, 0x3F, 0xFF, 0x00,
  0x00, 0x00, 0x00, 0x00, 0x7F, 0xFE, 0x00, 0x00, 0x00, 0x00, 0x01, 0xFF,
  0xF8, 0x00, 0x00, 0x00, 0x00, 0x03, 0xFF, 0xF0, 0x00, 0x00, 0x00, 0x00,
  0x07, 0xFF, 0xE0, 0x00, 0x00, 0x00, 0x00, 0x1F, 0xFF, 0x80, 0x00, 0x00,
  0x00, 0x00, 0x3F, 0xFF, 0x00, 0x00, 0x00, 0x00, 0x00, 0x7F, 0xFC, 0x00,
  0x00, 0x00, 0x00, 0x01, 0xFF, 0xF8, 0x00, 0x00, 0x00, 0x00, 0x03, 0xFF,
  0xF0, 0x00, 0x00, 0x00, 0x00, 0x0F, 0xFF, 0xC0, 0x00, 0x00, 0x00, 0x00,
  0x1F, 0xFF, 0x80, 0x00, 0x00, 0x00, 0x00, 0x00, 0x00, 0x00, 0x0F, 0xFF,
  0xE0, 0x00, 0x00, 0x00, 0x00, 0xFF, 0xFF, 0xF8, 0x00, 0x00, 0x00, 0x07,
  0xFF, 0xFF, 0xFC, 0x00, 0x00, 0x00, 0x3F, 0xFF, 0xFF, 0xFE, 0x00, 0x00,
  0x00, 0xFF, 0xFF, 0xFF, 0xFE, 0x00, 0x00, 0x07, 0xFF, 0xFF, 0xFF, 0xFE,
  0x00, 0x00, 0x1F, 0xFF, 0xFF, 0xFF, 0xFF, 0x00, 0x00, 0x7F, 0xFF, 0xFF,
  0xFF, 0xFF, 0x00, 0x01, 0xFF, 0xFF, 0xFF, 0xFF, 0xFF, 0x00, 0x07, 0xFF,
  0xFF, 0xFF, 0xFF, 0xFF, 0x00, 0x0F, 0xFF, 0xFF, 0xFF, 0xFF, 0xFE, 0x00,
  0x3F, 0xFF, 0xFF, 0xFF, 0xFF, 0xFE, 0x00, 0xFF, 0xFF, 0xFF, 0xFF, 0xFF,
  0xFE, 0x03, 0xFF, 0xFF, 0xF8, 0xFF, 0xFF, 0xFC, 0x07, 0xFF, 0xFF, 0x00,
  0x1F, 0xFF, 0xFC, 0x1F, 0xFF, 0xF8, 0x00, 0x0F, 0xFF, 0xFC, 0x3F, 0xFF,
  0xE0, 0x00, 0x0F, 0xFF, 0xF8, 0x7F, 0xFF, 0x80, 0x00, 0x0F, 0xFF, 0xF1,
  0xFF, 0xFE, 0x00, 0x00, 0x0F, 0xFF, 0xF3, 0xFF, 0xF8, 0x00, 0x00, 0x0F,
  0xFF, 0xE7, 0xFF, 0xE0, 0x00, 0x00, 0x0F, 0xFF, 0xDF, 0xFF, 0xC0, 0x00,
  0x00, 0x1F, 0xFF, 0xFF, 0xFF, 0x00, 0x00, 0x00, 0x1F, 0xFF, 0xFF, 0xFE,
  0x00, 0x00, 0x00, 0x3F, 0xFF, 0xFF, 0xFC, 0x00, 0x00, 0x00, 0x7F, 0xFF,
  0xFF, 0xF8, 0x00, 0x00, 0x00, 0xFF, 0xFF, 0xFF, 0xF0, 0x00, 0x00, 0x01,
  0xFF, 0xFF, 0xFF, 0xE0, 0x00, 0x00, 0x03, 0xFF, 0xFF, 0xFF, 0xC0, 0x00,
  0x00, 0x07, 0xFF, 0xFF, 0xFF, 0x80, 0x00, 0x00, 0x0F, 0xFF, 0xFF, 0xFF,
  0x00, 0x00, 0x00, 0x1F, 0xFF, 0xFF, 0xFE, 0x00, 0x00, 0x00, 0x3F, 0xFF,
  0xFF, 0xFC, 0x00, 0x00, 0x00, 0x7F, 0xFF, 0xFF, 0xF8, 0x00, 0x00, 0x00,
  0xFF, 0xFF, 0xFF, 0xF0, 0x00, 0x00, 0x01, 0xFF, 0xFF, 0xFF, 0xE0, 0x00,
  0x00, 0x03, 0xFF, 0xFF, 0xFF, 0xC0, 0x00, 0x00, 0x07, 0xFF, 0xFF, 0xFF,
  0x80, 0x00, 0x00, 0x0F, 0xFF, 0xFF, 0xFF, 0x00, 0x00, 0x00, 0x1F, 0xFF,
  0xFF, 0xFE, 0x00, 0x00, 0x00, 0x3F, 0xFF, 0xFF, 0xFC, 0x00, 0x00, 0x00,
  0x7F, 0xFF, 0xFF, 0xF8, 0x00, 0x00, 0x00, 0xFF, 0xFF, 0xFF, 0xF0, 0x00,
  0x00, 0x01, 0xFF, 0xFF, 0xFF, 0xE0, 0x00, 0x00, 0x03, 0xFF, 0xFF, 0xFF,
  0xC0, 0x00, 0x00, 0x07, 0xFF, 0xFF, 0xFF, 0x80, 0x00, 0x00, 0x0F, 0xFF,
  0xFF, 0xFF, 0x00, 0x00, 0x00, 0x1F, 0xFF, 0xFF, 0xFE, 0x00, 0x00, 0x00,
  0x3F, 0xFF, 0xFF, 0xFC, 0x00, 0x00, 0x00, 0x7F, 0xFF, 0xFF, 0xF8, 0x00,
  0x00, 0x00, 0xFF, 0xFF, 0xFF, 0xF0, 0x00, 0x00, 0x01, 0xFF, 0xFF, 0xFF,
  0xE0, 0x00, 0x00, 0x03, 0xFF, 0xFF, 0xFF, 0xC0, 0x00, 0x00, 0x07, 0xFF,
  0xFF, 0xFF, 0x80, 0x00, 0x00, 0x0F, 0xFF, 0xFF, 0xFF, 0x00, 0x00, 0x00,
  0x1F, 0xFF, 0xFF, 0xFE, 0x00, 0x00, 0x00, 0x3F, 0xFF, 0xFF, 0xFC, 0x00,
  0x00, 0x00, 0x7F, 0xFF, 0xFF, 0xF8, 0x00, 0x00, 0x00, 0xFF, 0xFF, 0xFF,
  0xF0, 0x00, 0x00, 0x01, 0xFF, 0xFF, 0xFF, 0xE0, 0x00, 0x00, 0x03, 0xFF,
  0xFF, 0xFF, 0xC0, 0x00, 0x00, 0x07, 0xFF, 0xFF, 0xFF, 0x80, 0x00, 0x00,
  0x0F, 0xFF, 0xFF, 0xFF, 0x00, 0x00, 0x00, 0x1F, 0xFF, 0xFF, 0xFE, 0x00,
  0x00, 0x00, 0x3F, 0xFF, 0xFF, 0xFC, 0x00, 0x00, 0x00, 0x7F, 0xFF, 0xFF,
  0xF8, 0x00, 0x00, 0x00, 0xFF, 0xFF, 0xFF, 0xF0, 0x00, 0x00, 0x01, 0xFF,
  0xFF, 0xFF, 0xE0, 0x00, 0x00, 0x03, 0xFF, 0xFF, 0xFF, 0xC0, 0x00, 0x00,
  0x07, 0xFF, 0xFF, 0xFF, 0x80, 0x00, 0x00, 0x0F, 0xFF, 0xFF, 0xFF, 0x00,
  0x00, 0x00, 0x1F, 0xFF, 0xFF, 0xFE, 0x00, 0x00, 0x00, 0x3F, 0xFF, 0xFF,
  0xFC, 0x00, 0x00, 0x00, 0x7F, 0xFF, 0xFF, 0xF8, 0x00, 0x00, 0x00, 0xFF,
  0xFF, 0xFF, 0xF0, 0x00, 0x00, 0x01, 0xFF, 0xFF, 0xFF, 0xE0, 0x00, 0x00,
  0x03, 0xFF, 0xFF, 0xFF, 0xC0, 0x00, 0x00, 0x07, 0xFF, 0xFF, 0xFF, 0x80,
  0x00, 0x00, 0x0F, 0xFF, 0xFF, 0xFF, 0x00, 0x00, 0x00, 0x1F, 0xFF, 0xFF,
  0xFE, 0x00, 0x00, 0x00, 0x3F, 0xFF, 0xFF, 0xFE, 0x00, 0x00, 0x00, 0xFF,
  0xFE, 0xFF, 0xFC, 0x00, 0x00, 0x01, 0xFF, 0xF9, 0xFF, 0xFC, 0x00, 0x00,
  0x07, 0xFF, 0xF3, 0xFF, 0xF8, 0x00, 0x00, 0x0F, 0xFF, 0xE7, 0xFF, 0xF8,
  0x00, 0x00, 0x3F, 0xFF, 0xC7, 0xFF, 0xF8, 0x00, 0x00, 0xFF, 0xFF, 0x0F,
  0xFF, 0xF8, 0x00, 0x03, 0xFF, 0xFE, 0x0F, 0xFF, 0xFC, 0x00, 0x1F, 0xFF,
  0xF8, 0x1F, 0xFF, 0xFE, 0x00, 0xFF, 0xFF, 0xF0, 0x1F, 0xFF, 0xFF, 0xFF,
  0xFF, 0xFF, 0xC0, 0x3F, 0xFF, 0xFF, 0xFF, 0xFF, 0xFF, 0x80, 0x3F, 0xFF,
  0xFF, 0xFF, 0xFF, 0xFE, 0x00, 0x3F, 0xFF, 0xFF, 0xFF, 0xFF, 0xF8, 0x00,
  0x3F, 0xFF, 0xFF, 0xFF, 0xFF, 0xE0, 0x00, 0x3F, 0xFF, 0xFF, 0xFF, 0xFF,
  0x80, 0x00, 0x3F, 0xFF, 0xFF, 0xFF, 0xFE, 0x00, 0x00, 0x3F, 0xFF, 0xFF,
  0xFF, 0xF8, 0x00, 0x00, 0x3F, 0xFF, 0xFF, 0xFF, 0xE0, 0x00, 0x00, 0x3F,
  0xFF, 0xFF, 0xFF, 0x80, 0x00, 0x00, 0x1F, 0xFF, 0xFF, 0xFC, 0x00, 0x00,
  0x00, 0x0F, 0xFF, 0xFF, 0xE0, 0x00, 0x00, 0x00, 0x07, 0xFF, 0xFF, 0x00,
  0x00, 0x00, 0x00, 0x00, 0xFF, 0xE0, 0x00, 0x00, 0x00, 0x00, 0x0F, 0xFF,
  0xE0, 0x03, 0xFF, 0xFC, 0x00, 0xFF, 0xFF, 0x80, 0x3F, 0xFF, 0xF0, 0x0F,
  0xFF, 0xFE, 0x03, 0xFF, 0xFF, 0xC0, 0xFF, 0xFF, 0xF8, 0x3F, 0xFF, 0xFF,
  0x0F, 0xFF, 0xFF, 0xE3, 0xFF, 0xFF, 0xFC, 0xFF, 0xFF, 0xFF, 0xBF, 0xFF,
  0xFF, 0xFF, 0xFF, 0xFF, 0xFF, 0xFF, 0xFF, 0xFF, 0xFF, 0xFF, 0xFF, 0xFF,
  0xFF, 0xFF, 0xFF, 0xFF, 0xFF, 0xFF, 0xFF, 0xFF, 0xFF, 0xFF, 0xFF, 0xFF,
  0xFF, 0xFF, 0xFB, 0xFF, 0xFF, 0xFE, 0x7F, 0xFF, 0xFF, 0x8F, 0xFF, 0xFF,
  0xE1, 0xFF, 0xFF, 0xF8, 0x3F, 0xFF, 0xFE, 0x07, 0xFF, 0xFF, 0x80, 0xFF,
  0xFF, 0xE0, 0x1F, 0xFF, 0xF8, 0x03, 0xFF, 0xFE, 0x00, 0x7F, 0xFF, 0x80,
  0x0F, 0xFF, 0xE0, 0x01, 0xFF, 0xF8, 0x00, 0x3F, 0xFF, 0x00, 0x07, 0xFF,
  0xE0, 0x00, 0xFF, 0xFC, 0x00, 0x1F, 0xFF, 0x80, 0x03, 0xFF, 0xF0, 0x00,
  0x7F, 0xFE, 0x00, 0x0F, 0xFF, 0xC0, 0x01, 0xFF, 0xF8, 0x00, 0x3F, 0xFF,
  0x00, 0x07, 0xFF, 0xE0, 0x00, 0xFF, 0xFC, 0x00, 0x1F, 0xFF, 0x80, 0x03,
  0xFF, 0xF0, 0x00, 0x7F, 0xFE, 0x00, 0x0F, 0xFF, 0xC0, 0x01, 0xFF, 0xF8,
  0x00, 0x3F, 0xFF, 0x00, 0x07, 0xFF, 0xE0, 0x00, 0xFF, 0xFC, 0x00, 0x1F,
  0xFF, 0x80, 0x03, 0xFF, 0xF0, 0x00, 0x7F, 0xFE, 0x00, 0x0F, 0xFF, 0xC0,
  0x01, 0xFF, 0xF8, 0x00, 0x3F, 0xFF, 0x00, 0x07, 0xFF, 0xE0, 0x00, 0xFF,
  0xFC, 0x00, 0x1F, 0xFF, 0x80, 0x03, 0xFF, 0xF0, 0x00, 0x7F, 0xFE, 0x00,
  0x0F, 0xFF, 0xC0, 0x01, 0xFF, 0xF8, 0x00, 0x3F, 0xFF, 0x00, 0x07, 0xFF,
  0xE0, 0x00, 0xFF, 0xFC, 0x00, 0x1F, 0xFF, 0x80, 0x03, 0xFF, 0xF0, 0x00,
  0x7F, 0xFE, 0x00, 0x0F, 0xFF, 0xC0, 0x01, 0xFF, 0xF8, 0x00, 0x3F, 0xFF,
  0x00, 0x07, 0xFF, 0xE0, 0x00, 0xFF, 0xFC, 0x00, 0x1F, 0xFF, 0x80, 0x03,
  0xFF, 0xF0, 0x00, 0x7F, 0xFE, 0x00, 0x0F, 0xFF, 0xC0, 0x01, 0xFF, 0xF8,
  0x00, 0x3F, 0xFF, 0x00, 0x07, 0xFF, 0xE0, 0x00, 0xFF, 0xFC, 0x00, 0x1F,
  0xFF, 0x80, 0x03, 0xFF, 0xF0, 0x00, 0x7F, 0xFE, 0x00, 0x0F, 0xFF, 0xC0,
  0x01, 0xFF, 0xF8, 0x00, 0x3F, 0xFF, 0x00, 0x07, 0xFF, 0xE0, 0x00, 0xFF,
  0xFC, 0x00, 0x1F, 0xFF, 0x80, 0x03, 0xFF, 0xF0, 0x00, 0x7F, 0xFE, 0x00,
  0x0F, 0xFF, 0xC0, 0x01, 0xFF, 0xF8, 0x00, 0x3F, 0xFF, 0x00, 0x07, 0xFF,
  0xE0, 0x00, 0xFF, 0xFC, 0x00, 0x1F, 0xFF, 0x80, 0x03, 0xFF, 0xF0, 0x00,
  0x7F, 0xFE, 0x00, 0x0F, 0xFF, 0xC0, 0x01, 0xFF, 0xF8, 0x00, 0x00, 0x0F,
  0xFF, 0xE0, 0x00, 0x00, 0x00, 0x00, 0xFF, 0xFF, 0xF8, 0x00, 0x00, 0x00,
  0x07, 0xFF, 0xFF, 0xFC, 0x00, 0x00, 0x00, 0x3F, 0xFF, 0xFF, 0xFE, 0x00,
  0x00, 0x00, 0xFF, 0xFF, 0xFF, 0xFE, 0x00, 0x00, 0x07, 0xFF, 0xFF, 0xFF,
  0xFE, 0x00, 0x00, 0x1F, 0xFF, 0xFF, 0xFF, 0xFF, 0x00, 0x00, 0x7F, 0xFF,
  0xFF, 0xFF, 0xFF, 0x00, 0x01, 0xFF, 0xFF, 0xFF, 0xFF, 0xFF, 0x00, 0x07,
  0xFF, 0xFF, 0xFF, 0xFF, 0xFF, 0x00, 0x0F, 0xFF, 0xFF, 0xFF, 0xFF, 0xFE,
  0x00, 0x3F, 0xFF, 0xFF, 0xFF, 0xFF, 0xFE, 0x00, 0xFF, 0xFF, 0xFF, 0xFF,
  0xFF, 0xFE, 0x03, 0xFF, 0xFF, 0xF8, 0xFF, 0xFF, 0xFC, 0x07, 0xFF, 0xFF,
  0x00, 0x1F, 0xFF, 0xFC, 0x1F, 0xFF, 0xF8, 0x00, 0x0F, 0xFF, 0xFC, 0x3F,
  0xFF, 0xE0, 0x00, 0x0F, 0xFF, 0xF8, 0x7F, 0xFF, 0x80, 0x00, 0x0F, 0xFF,
  0xF1, 0xFF, 0xFE, 0x00, 0x00, 0x0F, 0xFF, 0xF3, 0xFF, 0xF8, 0x00, 0x00,
  0x0F, 0xFF, 0xE7, 0xFF, 0xE0, 0x00, 0x00, 0x0F, 0xFF, 0xDF, 0xFF, 0xC0,
  0x00, 0x00, 0x1F, 0xFF, 0xFF, 0xFF, 0x00, 0x00, 0x00, 0x1F, 0xFF, 0xFF,
  0xFE, 0x00, 0x00, 0x00, 0x3F, 0xFF, 0xFF, 0xFC, 0x00, 0x00, 0x00, 0x7F,
  0xFF, 0xFF, 0xF8, 0x00, 0x00, 0x00, 0xFF, 0xFF, 0xFF, 0xF0, 0x00, 0x00,
  0x01, 0xFF, 0xF8, 0x00, 0x00, 0x00, 0x00, 0x03, 0xFF, 0xF0, 0x00, 0x00,
  0x00, 0x00, 0x07, 0xFF, 0xE0, 0x00, 0x00, 0x00, 0x00, 0x0F, 0xFF, 0xC0,
  0x00, 0x00, 0x00, 0x00, 0x1F, 0xFF, 0x80, 0x00, 0x00, 0x00, 0x00, 0x3F,
  0xFF, 0x00, 0x00, 0x00, 0x00, 0x00, 0x7F, 0xFE, 0x00, 0x00, 0x00, 0x00,
  0x00, 0xFF, 0xFC, 0x00, 0x00, 0x00, 0x00, 0x03, 0xFF, 0xF0, 0x00, 0x00,
  0x00, 0x00, 0x07, 0xFF, 0xE0, 0x00, 0x00, 0x00, 0x00, 0x0F, 0xFF, 0xC0,
  0x00, 0x00, 0x00, 0x00, 0x1F, 0xFF, 0x80, 0x00, 0x00, 0x00, 0x00, 0x7F,
  0xFF, 0x00, 0x00, 0x00, 0x00, 0x00, 0xFF, 0xFC, 0x00, 0x00, 0x00, 0x00,
  0x01, 0xFF, 0xF8, 0x00, 0x00, 0x00, 0x00, 0x07, 0xFF, 0xF0, 0x00, 0x00,
  0x00, 0x00, 0x0F, 0xFF, 0xC0, 0x00, 0x00, 0x00, 0x00, 0x3F, 0xFF, 0x80,
  0x00, 0x00, 0x00, 0x00, 0x7F, 0xFF, 0x00, 0x00, 0x00, 0x00, 0x01, 0xFF,
  0xFC, 0x00, 0x00, 0x00, 0x00, 0x03, 0xFF, 0xF8, 0x00, 0x00, 0x00, 0x00,
  0x0F, 0xFF, 0xE0, 0x00, 0x00, 0x00, 0x00, 0x1F, 0xFF, 0xC0, 0x00, 0x00,
  0x00, 0x00, 0x7F, 0xFF, 0x00, 0x00, 0x00, 0x00, 0x01, 0xFF, 0xFE, 0x00,
  0x00, 0x00, 0x00, 0x03, 0xFF, 0xF8, 0x00, 0x00, 0x00, 0x00, 0x0F, 0xFF,
  0xF0, 0x00, 0x00, 0x00, 0x00, 0x3F, 0xFF, 0xC0, 0x00, 0x00, 0x00, 0x00,
  0x7F, 0xFF, 0x80, 0x00, 0x00, 0x00, 0x01, 0xFF, 0xFE, 0x00, 0x00, 0x00,
  0x00, 0x07, 0xFF, 0xF8, 0x00, 0x00, 0x00, 0x00, 0x1F, 0xFF, 0xF0, 0x00,
  0x00, 0x00, 0x00, 0x7F, 0xFF, 0xC0, 0x00, 0x00, 0x00, 0x00, 0xFF, 0xFF,
  0x00, 0x00, 0x00, 0x00, 0x03, 0xFF, 0xFE, 0x00, 0x00, 0x00, 0x00, 0x0F,
  0xFF, 0xF8, 0x00, 0x00, 0x00, 0x00, 0x3F, 0xFF, 0xE0, 0x00, 0x00, 0x00,
  0x00, 0xFF, 0xFF, 0xC0, 0x00, 0x00, 0x00, 0x03, 0xFF, 0xFF, 0x00, 0x00,
  0x00, 0x00, 0x07, 0xFF, 0xFC, 0x00, 0x00, 0x00, 0x00, 0x1F, 0xFF, 0xF0,
  0x00, 0x00, 0x00, 0x00, 0x7F, 0xFF, 0xE0, 0x00, 0x00, 0x00, 0x01, 0xFF,
  0xFF, 0x80, 0x00, 0x00, 0x00, 0x07, 0xFF, 0xFE, 0x00, 0x00, 0x00, 0x00,
  0x1F, 0xFF, 0xF8, 0x00, 0x00, 0x00, 0x00, 0x7F, 0xFF, 0xE0, 0x00, 0x00,
  0x00, 0x01, 0xFF, 0xFF, 0x80, 0x00, 0x00, 0x00, 0x03, 0xFF, 0xFF, 0x00,
  0x00, 0x00, 0x00, 0x0F, 0xFF, 0xFC, 0x00, 0x00, 0x00, 0x00, 0x3F, 0xFF,
  0xF0, 0x00, 0x00, 0x00, 0x00, 0xFF, 0xFF, 0xC0, 0x00, 0x00, 0x00, 0x03,
  0xFF, 0xFF, 0x00, 0x00, 0x00, 0x00, 0x0F, 0xFF, 0xFC, 0x00, 0x00, 0x00,
  0x00, 0x3F, 0xFF, 0xF0, 0x00, 0x00, 0x00, 0x00, 0xFF, 0xFF, 0xC0, 0x00,
  0x00, 0x00, 0x03, 0xFF, 0xFF, 0x00, 0x00, 0x00, 0x00, 0x0F, 0xFF, 0xFC,
  0x00, 0x00, 0x00, 0x00, 0x3F, 0xFF, 0xF0, 0x00, 0x00, 0x00, 0x00, 0xFF,
  0xFF, 0xC0, 0x00, 0x00, 0x00, 0x03, 0xFF, 0xFF, 0x00, 0x00, 0x00, 0x00,
  0x0F, 0xFF, 0xFC, 0x00, 0x00, 0x00, 0x00, 0x1F, 0xFF, 0xF0, 0x00, 0x00,
  0x00, 0x00, 0x7F, 0xFF, 0xC0, 0x00, 0x00, 0x00, 0x01, 0xFF, 0xFF, 0xFF,
  0xFF, 0xFF, 0xFF, 0xFF, 0xFF, 0xFF, 0xFF, 0xFF, 0xFF, 0xFF, 0xFF, 0xFF,
  0xFF, 0xFF, 0xFF, 0xFF, 0xFF, 0xFF, 0xFF, 0xFF, 0xFF, 0xFF, 0xFF, 0xFF,
  0xFF, 0xFF, 0xFF, 0xFF, 0xFF, 0xFF, 0xFF, 0xFF, 0xFF, 0xFF, 0xFF, 0xFF,
  0xFF, 0xFF, 0xFF, 0xFF, 0xFF, 0xFF, 0xFF, 0xFF, 0xFF, 0xFF, 0xFF, 0xFF,
  0xFF, 0xFF, 0xFF, 0xFF, 0xFF, 0xFF, 0xFF, 0xFF, 0xFF, 0xFF, 0xFF, 0xFF,
  0xFF, 0xFF, 0xFF, 0xFF, 0xFF, 0xFF, 0xFF, 0xFF, 0xFF, 0xFF, 0xFF, 0xFF,
  0xFF, 0xFF, 0xFF, 0xFF, 0xFF, 0xFF, 0xFF, 0xFF, 0xFF, 0xFF, 0xFF, 0xFF,
  0xFF, 0xFF, 0xFF, 0xFF, 0xFF, 0xFF, 0xFF, 0xFF, 0xFF, 0x80, 0x00, 0x00,
  0x0F, 0xFF, 0xE0, 0x00, 0x00, 0x00, 0x00, 0xFF, 0xFF, 0xF8, 0x00, 0x00,
  0x00, 0x07, 0xFF, 0xFF, 0xFC, 0x00, 0x00, 0x00, 0x3F, 0xFF, 0xFF, 0xFE,
  0x00, 0x00, 0x00, 0xFF, 0xFF, 0xFF, 0xFE, 0x00, 0x00, 0x07, 0xFF, 0xFF,
  0xFF, 0xFE, 0x00, 0x00, 0x1F, 0xFF, 0xFF, 0xFF, 0xFF, 0x00, 0x00, 0x7F,
  0xFF, 0xFF, 0xFF, 0xFF, 0x00, 0x01, 0xFF, 0xFF, 0xFF, 0xFF, 0xFF, 0x00,
  0x07, 0xFF, 0xFF, 0xFF, 0xFF, 0xFF, 0x00, 0x0F, 0xFF, 0xFF, 0xFF, 0xFF,
  0xFE, 0x00, 0x3F, 0xFF, 0xFF, 0xFF, 0xFF, 0xFE, 0x00, 0xFF, 0xFF, 0xFF,
  0xFF, 0xFF, 0xFE, 0x03, 0xFF, 0xFF, 0xF8, 0xFF, 0xFF, 0xFC, 0x07, 0xFF,
  0xFF, 0x00, 0x1F, 0xFF, 0xFC, 0x1F, 0xFF, 0xF8, 0x00, 0x0F, 0xFF, 0xFC,
  0x3F, 0xFF, 0xE0, 0x00, 0x0F, 0xFF, 0xF8, 0x7F, 0xFF, 0x80, 0x00, 0x0F,
  0xFF, 0xF1, 0xFF, 0xFE, 0x00, 0x00, 0x0F, 0xFF, 0xF3, 0xFF, 0xF8, 0x00,
  0x00, 0x0F, 0xFF, 0xE7, 0xFF, 0xE0, 0x00, 0x00, 0x0F, 0xFF, 0xDF, 0xFF,
  0xC0, 0x00, 0x00, 0x1F, 0xFF, 0xFF, 0xFF, 0x00, 0x00, 0x00, 0x1F, 0xFF,
  0xFF, 0xFE, 0x00, 0x00, 0x00, 0x3F, 0xFF, 0xFF, 0xFC, 0x00, 0x00, 0x00,
  0x7F, 0xFF, 0xFF, 0xF8, 0x00, 0x00, 0x00, 0xFF, 0xFF, 0xFF, 0xF0, 0x00,
  0x00, 0x01, 0xFF, 0xF8, 0x00, 0x00, 0x00, 0x00, 0x03, 0xFF, 0xF0, 0x00,
  0x00, 0x00, 0x00, 0x07, 0xFF, 0xE0, 0x00, 0x00, 0x00, 0x00, 0x0F, 0xFF,
  0xC0, 0x00, 0x00, 0x00, 0x00, 0x1F, 0xFF, 0x80, 0x00, 0x00, 0x00, 0x00,
  0x3F, 0xFF, 0x00, 0x00, 0x00, 0x00, 0x00, 0x7F, 0xFE, 0x00, 0x00, 0x00,
  0x00, 0x00, 0xFF, 0xFC, 0x00, 0x00, 0x00, 0x00, 0x01, 0xFF, 0xF8, 0x00,
  0x00, 0x00, 0x00, 0x07, 0xFF, 0xF0, 0x00, 0x00, 0x00, 0x00, 0x0F, 0xFF,
  0xC0, 0x00, 0x00, 0x00, 0x00, 0x3F, 0xFF, 0x80, 0x00, 0x00, 0x00, 0x00,
  0x7F, 0xFF, 0x00, 0x00, 0x00, 0x00, 0x01, 0xFF, 0xFC, 0x00, 0x00, 0x00,
  0x00, 0x07, 0xFF, 0xF8, 0x00, 0x00, 0x00, 0x00, 0x1F, 0xFF, 0xE0, 0x00,
  0x00, 0x00, 0x00, 0xFF, 0xFF, 0x80, 0x00, 0x00, 0x00, 0x07, 0xFF, 0xFE,
  0x00, 0x00, 0x00, 0x7F, 0xFF, 0xFF, 0xFC, 0x00, 0x00, 0x00, 0xFF, 0xFF,
  0xFF, 0xF0, 0x00, 0x00, 0x01, 0xFF, 0xFF, 0xFF, 0x80, 0x00, 0x00, 0x03,
  0xFF, 0xFF, 0xFE, 0x00, 0x00, 0x00, 0x07, 0xFF, 0xFF, 0xF8, 0x00, 0x00,
  0x00, 0x0F, 0xFF, 0xFF, 0xC0, 0x00, 0x00, 0x00, 0x1F, 0xFF, 0xFC, 0x00,
  0x00, 0x00, 0x00, 0x3F, 0xFF, 0xC0, 0x00, 0x00, 0x00, 0x00, 0x7F, 0xFF,
  0xF8, 0x00, 0x00, 0x00, 0x00, 0xFF, 0xFF, 0xFE, 0x00, 0x00, 0x00, 0x01,
  0xFF, 0xFF, 0xFE, 0x00, 0x00, 0x00, 0x03, 0xFF, 0xFF, 0xFF, 0x00, 0x00,
  0x00, 0x07, 0xFF, 0xFF, 0xFF, 0x00, 0x00, 0x00, 0x0F, 0xFF, 0xFF, 0xFF,
  0x00, 0x00, 0x00, 0x00, 0x07, 0xFF, 0xFF, 0x00, 0x00, 0x00, 0x00, 0x03,
  0xFF, 0xFF, 0x00, 0x00, 0x00, 0x00, 0x01, 0xFF, 0xFF, 0x00, 0x00, 0x00,
  0x00, 0x01, 0xFF, 0xFE, 0x00, 0x00, 0x00, 0x00, 0x01, 0xFF, 0xFE, 0x00,
  0x00, 0x00, 0x00, 0x01, 0xFF, 0xFC, 0x00, 0x00, 0x00, 0x00, 0x01, 0xFF,
  0xFC, 0x00, 0x00, 0x00, 0x00, 0x01, 0xFF, 0xF8, 0x00, 0x00, 0x00, 0x00,
  0x03, 0xFF, 0xF0, 0x00, 0x00, 0x00, 0x00, 0x03, 0xFF, 0xF0, 0x00, 0x00,
  0x00, 0x00, 0x07, 0xFF, 0xE0, 0x00, 0x00, 0x00, 0x00, 0x0F, 0xFF, 0xC0,
  0x00, 0x00, 0x00, 0x00, 0x1F, 0xFF, 0x80, 0x00, 0x00, 0x00, 0x00, 0x3F,
  0xFF, 0x00, 0x00, 0x00, 0x00, 0x00, 0x7F, 0xFE, 0x00, 0x00, 0x00, 0x00,
  0x00, 0xFF, 0xFC, 0x00, 0x00, 0x00, 0x00, 0x01, 0xFF, 0xFF, 0xFF, 0xE0,
  0x00, 0x00, 0x03, 0xFF, 0xFF, 0xFF, 0xC0, 0x00, 0x00, 0x07, 0xFF, 0xFF,
  0xFF, 0x80, 0x00, 0x00, 0x0F, 0xFF, 0xFF, 0xFF, 0x00, 0x00, 0x00, 0x1F,
  0xFF, 0xFF, 0xFE, 0x00, 0x00, 0x00, 0x3F, 0xFF, 0xFF, 0xFE, 0x00, 0x00,
  0x00, 0xFF, 0xFE, 0xFF, 0xFC, 0x00, 0x00, 0x01, 0xFF, 0xF9, 0xFF, 0xFC,
  0x00, 0x00, 0x07, 0xFF, 0xF3, 0xFF, 0xF8, 0x00, 0x00, 0x0F, 0xFF, 0xE7,
  0xFF, 0xF8, 0x00, 0x00, 0x3F, 0xFF, 0xC7, 0xFF, 0xF8, 0x00, 0x00, 0xFF,
  0xFF, 0x0F, 0xFF, 0xF8, 0x00, 0x03, 0xFF, 0xFE, 0x0F, 0xFF, 0xFC, 0x00,
  0x1F, 0xFF, 0xF8, 0x1F, 0xFF, 0xFE, 0x00, 0xFF, 0xFF, 0xF0, 0x1F, 0xFF,
  0xFF, 0xFF, 0xFF, 0xFF, 0xC0, 0x3F, 0xFF, 0xFF, 0xFF, 0xFF, 0xFF, 0x80,
  0x3F, 0xFF, 0xFF, 0xFF, 0xFF, 0xFE, 0x00, 0x3F, 0xFF, 0xFF, 0xFF, 0xFF,
  0xF8, 0x00, 0x3F, 0xFF, 0xFF, 0xFF, 0xFF, 0xE0, 0x00, 0x3F, 0xFF, 0xFF,
  0xFF, 0xFF, 0x80, 0x00, 0x3F, 0xFF, 0xFF, 0xFF, 0xFE, 0x00, 0x00, 0x3F,
  0xFF, 0xFF, 0xFF, 0xF8, 0x00, 0x00, 0x3F, 0xFF, 0xFF, 0xFF, 0xE0, 0x00,
  0x00, 0x3F, 0xFF, 0xFF, 0xFF, 0x80, 0x00, 0x00, 0x1F, 0xFF, 0xFF, 0xFC,
  0x00, 0x00, 0x00, 0x0F, 0xFF, 0xFF, 0xE0, 0x00, 0x00, 0x00, 0x07, 0xFF,
  0xFF, 0x00, 0x00, 0x00, 0x00, 0x00, 0xFF, 0xE0, 0x00, 0x00, 0x00, 0x00,
  0x00, 0x00, 0x00, 0x07, 0xFF, 0xE0, 0x00, 0x00, 0x00, 0x00, 0x0F, 0xFF,
  0xC0, 0x00, 0x00, 0x00, 0x00, 0x3F, 0xFF, 0x00, 0x00, 0x00, 0x00, 0x00,
  0x7F, 0xFE, 0x00, 0x00, 0x00, 0x00, 0x01, 0xFF, 0xF8, 0x00, 0x00, 0x00,
  0x00, 0x03, 0xFF, 0xF0, 0x00, 0x00, 0x00, 0x00, 0x0F, 0xFF, 0xC0, 0x00,
  0x00, 0x00, 0x00, 0x3F, 0xFF, 0x80, 0x00, 0x00, 0x00, 0x00, 0x7F, 0xFE,
  0x00, 0x00, 0x00, 0x00, 0x01, 0xFF, 0xFC, 0x00, 0x00, 0x00, 0x00, 0x03,
  0xFF, 0xF0, 0x00, 0x00, 0x00, 0x00, 0x0F, 0xFF, 0xE0, 0x00, 0x00, 0x00,
  0x00, 0x1F, 0xFF, 0x80, 0x00, 0x00, 0x00, 0x00, 0x7F, 0xFF, 0x00, 0x00,
  0x00, 0x00, 0x00, 0xFF, 0xFC, 0x00, 0x00, 0x00, 0x00, 0x03, 0xFF, 0xF8,
  0x00, 0x00, 0x00, 0x00, 0x0F, 0xFF, 0xE0, 0x00, 0x00, 0x00, 0x00, 0x1F,
  0xFF, 0xC0, 0x00, 0x00, 0x00, 0x00, 0x7F, 0xFF, 0x00, 0x00, 0x00, 0x00,
  0x00, 0xFF, 0xFE, 0x00, 0x00, 0x00, 0x00, 0x03, 0xFF, 0xF8, 0x00, 0x00,
  0x00, 0x00, 0x07, 0xFF, 0xF0, 0x00, 0x00, 0x00, 0x00, 0x1F, 0xFF, 0xC0,
  0x00, 0x00, 0x00, 0x00, 0x3F, 0xFF, 0x80, 0x00, 0x00, 0x00, 0x00, 0xFF,
  0xFE, 0x00, 0x00, 0x00, 0x00, 0x01, 0xFF, 0xFC, 0x00, 0x00, 0x00, 0x00,
  0x07, 0xFF, 0xF0, 0x00, 0x00, 0x00, 0x00, 0x1F, 0xFF, 0xE0, 0x00, 0x00,
  0x00, 0x00, 0x3F, 0xFF, 0x80, 0x00, 0x00, 0x00, 0x00, 0xFF, 0xFF, 0x00,
  0x00, 0x00, 0x00, 0x01, 0xFF, 0xFC, 0x00, 0x00, 0x00, 0x00, 0x07, 0xFF,
  0xF8, 0x00, 0x00, 0x00, 0x00, 0x0F, 0xFF, 0xE0, 0x00, 0x00, 0x00, 0x00,
  0x3F, 0xFF, 0xC0, 0x00, 0x00, 0x00, 0x00, 0x7F, 0xFF, 0x00, 0x00, 0x00,
  0x00, 0x01, 0xFF, 0xFE, 0x00, 0x00, 0x00, 0x00, 0x07, 0xFF, 0xF8, 0x00,
  0x00, 0x00, 0x00, 0x0F, 0xFF, 0xF0, 0x00, 0x00, 0x00, 0x00, 0x3F, 0xFF,
  0xC0, 0x00, 0x00, 0x00, 0x00, 0x7F, 0xFF, 0x80, 0x00, 0x00, 0x00, 0x01,
  0xFF, 0xFE, 0x00, 0x00, 0x00, 0x00, 0x03, 0xFF, 0xFC, 0x00, 0x00, 0x00,
  0x00, 0x0F, 0xFF, 0xF0, 0x00, 0x00, 0x00, 0x00, 0x1F, 0xFF, 0xE0, 0x00,
  0x00, 0x00, 0x00, 0x7F, 0xFF, 0x80, 0x00, 0x00, 0x00, 0x00, 0xFF, 0xFF,
  0x00, 0x00, 0x00, 0x00, 0x03, 0xFF, 0xFC, 0x00, 0x00, 0x00, 0x00, 0x0F,
  0xFF, 0xF8, 0x00, 0x00, 0x00, 0x00, 0x1F, 0xFF, 0xE0, 0x00, 0x00, 0x00,
  0x00, 0x7F, 0xFF, 0xC0, 0x00, 0x00, 0x00, 0x00, 0xFF, 0xFF, 0x00, 0x00,
  0x00, 0x00, 0x03, 0xFF, 0xFE, 0x00, 0x00, 0x00, 0x00, 0x07, 0xFF, 0xF8,
  0x00, 0x00, 0x00, 0x00, 0x1F, 0xFF, 0xF0, 0x00, 0x00, 0x00, 0x00, 0x3F,
  0xFF, 0xC0, 0x00, 0x00, 0x00, 0x00, 0xFF, 0xFF, 0x80, 0x1F, 0xFF, 0x80,
  0x03, 0xFF, 0xFE, 0x00, 0x3F, 0xFF, 0x00, 0x07, 0xFF, 0xFC, 0x00, 0x7F,
  0xFE, 0x00, 0x1F, 0xFF, 0xF0, 0x00, 0xFF, 0xFC, 0x00, 0x3F, 0xFF, 0xE0,
  0x01, 0xFF, 0xF8, 0x00, 0xFF, 0xFF, 0x80, 0x03, 0xFF, 0xF0, 0x01, 0xFF,
  0xFF, 0x00, 0x07, 0xFF, 0xE0, 0x07, 0xFF, 0xFC, 0x00, 0x0F, 0xFF, 0xC0,
  0x0F, 0xFF, 0xF8, 0x00, 0x1F, 0xFF, 0x80, 0x3F, 0xFF, 0xE0, 0x00, 0x3F,
  0xFF, 0x00, 0x7F, 0xFF, 0xC0, 0x00, 0x7F, 0xFE, 0x01, 0xFF, 0xFF, 0x00,
  0x00, 0xFF, 0xFC, 0x07, 0xFF, 0xFE, 0x00, 0x01, 0xFF, 0xF8, 0x0F, 0xFF,
  0xF8, 0x00, 0x03, 0xFF, 0xFF, 0xFF, 0xFF, 0xFF, 0xFF, 0xFF, 0xFF, 0xFF,
  0xFF, 0xFF, 0xFF, 0xFF, 0xFF, 0xFF, 0xFF, 0xFF, 0xFF, 0xFF, 0xFF, 0xFF,
  0xFF, 0xFF, 0xFF, 0xFF, 0xFF, 0xFF, 0xFF, 0xFF, 0xFF, 0xFF, 0xFF, 0xFF,
  0xFF, 0xFF, 0xFF, 0xFF, 0xFF, 0xFF, 0xFF, 0xFF, 0xFF, 0xFF, 0xFF, 0xFF,
  0xFF, 0xFF, 0xFF, 0xFF, 0xFF, 0xFF, 0xFF, 0xFF, 0xFF, 0xFF, 0xFF, 0xFF,
  0xFF, 0xFF, 0xFF, 0xFF, 0xFF, 0xFF, 0xFF, 0xFF, 0xFF, 0xFF, 0xFF, 0xFF,
  0xFF, 0xFF, 0xFF, 0xFF, 0xFF, 0xFF, 0xFF, 0xFF, 0xFF, 0xFF, 0xFF, 0xFF,
  0xFF, 0xFF, 0xFF, 0xFF, 0xFF, 0xFF, 0xFF, 0xFF, 0xFF, 0xFF, 0xFC, 0x00,
  0x00, 0x00, 0x00, 0xFF, 0xFC, 0x00, 0x00, 0x00, 0x00, 0x01, 0xFF, 0xF8,
  0x00, 0x00, 0x00, 0x00, 0x03, 0xFF, 0xF0, 0x00, 0x00, 0x00, 0x00, 0x07,
  0xFF, 0xE0, 0x00, 0x00, 0x00, 0x00, 0x0F, 0xFF, 0xC0, 0x00, 0x00, 0x00,
  0x00, 0x1F, 0xFF, 0x80, 0x00, 0x00, 0x00, 0x00, 0x3F, 0xFF, 0x00, 0x00,
  0x00, 0x00, 0x00, 0x7F, 0xFE, 0x00, 0x00, 0x00, 0x00, 0x00, 0xFF, 0xFC,
  0x00, 0x00, 0x00, 0x00, 0x01, 0xFF, 0xF8, 0x00, 0x00, 0x00, 0x00, 0x03,
  0xFF, 0xF0, 0x00, 0x00, 0x00, 0x00, 0x07, 0xFF, 0xE0, 0x00, 0x00, 0x00,
  0x00, 0x0F, 0xFF, 0xC0, 0x00, 0x00, 0x00, 0x00, 0x1F, 0xFF, 0x80, 0x00,
  0x00, 0x00, 0x00, 0x3F, 0xFF, 0x00, 0x00, 0x00, 0x00, 0x00, 0x7F, 0xFE,
  0x00, 0x00, 0x00, 0x00, 0x00, 0xFF, 0xFC, 0x00, 0x00, 0x00, 0x00, 0x01,
  0xFF, 0xF8, 0x00, 0x00, 0x00, 0x00, 0x03, 0xFF, 0xF0, 0x00, 0x00, 0x00,
  0x00, 0x07, 0xFF, 0xE0, 0x00, 0x00, 0x00, 0x00, 0x0F, 0xFF, 0xC0, 0x00,
  0xFF, 0xFF, 0xFF, 0xFF, 0xFF, 0xFF, 0xFF, 0xFF, 0xFF, 0xFF, 0xFF, 0xFF,
  0xFF, 0xFF, 0xFF, 0xFF, 0xFF, 0xFF, 0xFF, 0xFF, 0xFF, 0xFF, 0xFF, 0xFF,
  0xFF, 0xFF, 0xFF, 0xFF, 0xFF, 0xFF, 0xFF, 0xFF, 0xFF, 0xFF, 0xFF, 0xFF,
  0xFF, 0xFF, 0xFF, 0xFF, 0xFF, 0xFF, 0xFF, 0xFF, 0xFF, 0xFF, 0xFF, 0xFF,
  0xFF, 0xFF, 0xFF, 0xFF, 0xFF, 0xFF, 0xFF, 0xFF, 0xFF, 0xFF, 0xFF, 0xFF,
  0xFF, 0xFF, 0xFF, 0xFF, 0xFF, 0xFF, 0xFF, 0xFF, 0xFF, 0xFF, 0xFF, 0xFF,
  0xFF, 0xFF, 0xFF, 0xFF, 0xFF, 0xFF, 0xFF, 0xFF, 0xFF, 0xFF, 0xFF, 0xFF,
  0xFF, 0xFF, 0xFF, 0xFF, 0xFF, 0xFF, 0xFF, 0x80, 0x00, 0x00, 0x00, 0x00,
  0x3F, 0xFF, 0x00, 0x00, 0x00, 0x00, 0x00, 0x7F, 0xFE, 0x00, 0x00, 0x00,
  0x00, 0x00, 0xFF, 0xFC, 0x00, 0x00, 0x00, 0x00, 0x01, 0xFF, 0xF8, 0x00,
  0x00, 0x00, 0x00, 0x03, 0xFF, 0xF0, 0x00, 0x00, 0x00, 0x00, 0x07, 0xFF,
  0xE0, 0x00, 0x00, 0x00, 0x00, 0x0F, 0xFF, 0xC0, 0x00, 0x00, 0x00, 0x00,
  0x1F, 0xFF, 0x80, 0x00, 0x00, 0x00, 0x00, 0x3F, 0xFF, 0x00, 0x00, 0x00,
  0x00, 0x00, 0x7F, 0xFE, 0x00, 0x00, 0x00, 0x00, 0x00, 0xFF, 0xFC, 0x00,
  0x00, 0x00, 0x00, 0x01, 0xFF, 0xF8, 0x00, 0x00, 0x00, 0x00, 0x03, 0xFF,
  0xF0, 0x00, 0x00, 0x00, 0x00, 0x07, 0xFF, 0xE0, 0x00, 0x00, 0x00, 0x00,
  0x0F, 0xFF, 0xC0, 0x00, 0x00, 0x00, 0x00, 0x1F, 0xFF, 0x80, 0x00, 0x00,
  0x00, 0x00, 0x3F, 0xFF, 0x00, 0x00, 0x00, 0x00, 0x00, 0x7F, 0xFE, 0x00,
  0x00, 0x00, 0x00, 0x00, 0xFF, 0xFC, 0x00, 0x00, 0x00, 0x00, 0x01, 0xFF,
  0xF8, 0x00, 0x00, 0x00, 0x00, 0x03, 0xFF, 0xF0, 0x03, 0xFE, 0x00, 0x00,
  0x07, 0xFF, 0xE0, 0x3F, 0xFF, 0xC0, 0x00, 0x0F, 0xFF, 0xC1, 0xFF, 0xFF,
  0xE0, 0x00, 0x1F, 0xFF, 0x8F, 0xFF, 0xFF, 0xF0, 0x00, 0x3F, 0xFF, 0x7F,
  0xFF, 0xFF, 0xF0, 0x00, 0x7F, 0xFF, 0xFF, 0xFF, 0xFF, 0xF8, 0x00, 0xFF,
  0xFF, 0xFF, 0xFF, 0xFF, 0xF8, 0x01, 0xFF, 0xFF, 0xFF, 0xFF, 0xFF, 0xF8,
  0x03, 0xFF, 0xFF, 0xFF, 0xFF, 0xFF, 0xF8, 0x07, 0xFF, 0xFF, 0xFF, 0xFF,
  0xFF, 0xF8, 0x0F, 0xFF, 0xFF, 0xFF, 0xFF, 0xFF, 0xF8, 0x1F, 0xFF, 0xFF,
  0xFF, 0xFF, 0xFF, 0xF8, 0x3F, 0xFF, 0xFF, 0xFF, 0xFF, 0xFF, 0xF8, 0x7F,
  0xFF, 0xFF, 0xFF, 0xFF, 0xFF, 0xF0, 0xFF, 0xFF, 0xFE, 0x00, 0xFF, 0xFF,
  0xF1, 0xFF, 0xFF, 0xF0, 0x00, 0x7F, 0xFF, 0xE3, 0xFF, 0xFF, 0x80, 0x00,
  0x3F, 0xFF, 0xE7, 0xFF, 0xFE, 0x00, 0x00, 0x3F, 0xFF, 0xCF, 0xFF, 0xF8,
  0x00, 0x00, 0x3F, 0xFF, 0xDF, 0xFF, 0xE0, 0x00, 0x00, 0x3F, 0xFF, 0xBF,
  0xFF, 0xC0, 0x00, 0x00, 0x7F, 0xFF, 0x3F, 0xFF, 0x00, 0x00, 0x00, 0x7F,
  0xFE, 0x1F, 0xFE, 0x00, 0x00, 0x00, 0xFF, 0xFE, 0x0F, 0xF8, 0x00, 0x00,
  0x00, 0xFF, 0xFC, 0x07, 0xF0, 0x00, 0x00, 0x01, 0xFF, 0xF8, 0x03, 0xE0,
  0x00, 0x00, 0x03, 0xFF, 0xF0, 0x01, 0xC0, 0x00, 0x00, 0x07, 0xFF, 0xE0,
  0x00, 0x80, 0x00, 0x00, 0x0F, 0xFF, 0xC0, 0x00, 0x00, 0x00, 0x00, 0x1F,
  0xFF, 0x80, 0x00, 0x00, 0x00, 0x00, 0x3F, 0xFF, 0x00, 0x00, 0x00, 0x00,
  0x00, 0x7F, 0xFE, 0x00, 0x00, 0x00, 0x00, 0x00, 0xFF, 0xFC, 0x00, 0x00,
  0x00, 0x00, 0x01, 0xFF, 0xF8, 0x00, 0x00, 0x00, 0x00, 0x03, 0xFF, 0xF0,
  0x00, 0x00, 0x00, 0x00, 0x07, 0xFF, 0xE0, 0x00, 0x00, 0x00, 0x00, 0x0F,
  0xFF, 0xC0, 0x00, 0x00, 0x00, 0x00, 0x1F, 0xFF, 0x80, 0x00, 0x00, 0x00,
  0x00, 0x3F, 0xFF, 0x00, 0x00, 0x00, 0x00, 0x00, 0x7F, 0xFE, 0x00, 0x00,
  0x00, 0x00, 0x00, 0xFF, 0xFC, 0x00, 0x00, 0x00, 0x00, 0x01, 0xFF, 0xFF,
  0xFF, 0xE0, 0x00, 0x00, 0x03, 0xFF, 0xFF, 0xFF, 0xC0, 0x00, 0x00, 0x07,
  0xFF, 0xFF, 0xFF, 0x80, 0x00, 0x00, 0x0F, 0xFF, 0xFF, 0xFF, 0x00, 0x00,
  0x00, 0x1F, 0xFF, 0xFF, 0xFE, 0x00, 0x00, 0x00, 0x3F, 0xFF, 0xFF, 0xFE,
  0x00, 0x00, 0x00, 0xFF, 0xFE, 0xFF, 0xFC, 0x00, 0x00, 0x01, 0xFF, 0xF9,
  0xFF, 0xFC, 0x00, 0x00, 0x07, 0xFF, 0xF3, 0xFF, 0xF8, 0x00, 0x00, 0x0F,
  0xFF, 0xE7, 0xFF, 0xF8, 0x00, 0x00, 0x3F, 0xFF, 0xC7, 0xFF, 0xF8, 0x00,
  0x00, 0xFF, 0xFF, 0x0F, 0xFF, 0xF8, 0x00, 0x03, 0xFF, 0xFE, 0x0F, 0xFF,
  0xFC, 0x00, 0x1F, 0xFF, 0xF8, 0x1F, 0xFF, 0xFE, 0x00, 0xFF, 0xFF, 0xF0,
  0x1F, 0xFF, 0xFF, 0xFF, 0xFF, 0xFF, 0xC0, 0x3F, 0xFF, 0xFF, 0xFF, 0xFF,
  0xFF, 0x80, 0x3F, 0xFF, 0xFF, 0xFF, 0xFF, 0xFE, 0x00, 0x3F, 0xFF, 0xFF,
  0xFF, 0xFF, 0xF8, 0x00, 0x3F, 0xFF, 0xFF, 0xFF, 0xFF, 0xE0, 0x00, 0x3F,
  0xFF, 0xFF, 0xFF, 0xFF, 0x80, 0x00, 0x3F, 0xFF, 0xFF, 0xFF, 0xFE, 0x00,
  0x00, 0x3F, 0xFF, 0xFF, 0xFF, 0xF8, 0x00, 0x00, 0x3F, 0xFF, 0xFF, 0xFF,
  0xE0, 0x00, 0x00, 0x3F, 0xFF, 0xFF, 0xFF, 0x80, 0x00, 0x00, 0x1F, 0xFF,
  0xFF, 0xFC, 0x00, 0x00, 0x00, 0x0F, 0xFF, 0xFF, 0xE0, 0x00, 0x00, 0x00,
  0x07, 0xFF, 0xFF, 0x00, 0x00, 0x00, 0x00, 0x00, 0xFF, 0xE0, 0x00, 0x00,
  0x00, 0x00, 0x00, 0x0F, 0xFF, 0xE0, 0x00, 0x00, 0x00, 0x00, 0xFF, 0xFF,
  0xF8, 0x00, 0x00, 0x00, 0x07, 0xFF, 0xFF, 0xFC, 0x00, 0x00, 0x00, 0x3F,
  0xFF, 0xFF, 0xFE, 0x00, 0x00, 0x00, 0xFF, 0xFF, 0xFF, 0xFE, 0x00, 0x00,
  0x07, 0xFF, 0xFF, 0xFF, 0xFE, 0x00, 0x00, 0x1F, 0xFF, 0xFF, 0xFF, 0xFF,
  0x00, 0x00, 0x7F, 0xFF, 0xFF, 0xFF, 0xFF, 0x00, 0x01, 0xFF, 0xFF, 0xFF,
  0xFF, 0xFF, 0x00, 0x07, 0xFF, 0xFF, 0xFF, 0xFF, 0xFF, 0x00, 0x0F, 0xFF,
  0xFF, 0xFF, 0xFF, 0xFE, 0x00, 0x3F, 0xFF, 0xFF, 0xFF, 0xFF, 0xFE, 0x00,
  0xFF, 0xFF, 0xFF, 0xFF, 0xFF, 0xFE, 0x03, 0xFF, 0xFF, 0xF8, 0xFF, 0xFF,
  0xFC, 0x07, 0xFF, 0xFF, 0x00, 0x1F, 0xFF, 0xFC, 0x1F, 0xFF, 0xF8, 0x00,
  0x0F, 0xFF, 0xFC, 0x3F, 0xFF, 0xE0, 0x00, 0x0F, 0xFF, 0xF8, 0x7F, 0xFF,
  0x80, 0x00, 0x0F, 0xFF, 0xF1, 0xFF, 0xFE, 0x00, 0x00, 0x0F, 0xFF, 0xF3,
  0xFF, 0xF8, 0x00, 0x00, 0x0F, 0xFF, 0xE7, 0xFF, 0xE0, 0x00, 0x00, 0x0F,
  0xFF, 0xDF, 0xFF, 0xC0, 0x00, 0x00, 0x1F, 0xFF, 0xFF, 0xFF, 0x00, 0x00,
  0x00, 0x1F, 0xFF, 0xFF, 0xFE, 0x00, 0x00, 0x00, 0x3F, 0xFF, 0xFF, 0xFC,
  0x00, 0x00, 0x00, 0x7F, 0xFF, 0xFF, 0xF8, 0x00, 0x00, 0x00, 0xFF, 0xFF,
  0xFF, 0xF0, 0x00, 0x00, 0x01, 0xFF, 0xFF, 0xFF, 0xE0, 0x00, 0x00, 0x00,
  0x00, 0x0F, 0xFF, 0xC0, 0x00, 0x00, 0x00, 0x00, 0x1F, 0xFF, 0x80, 0x00,
  0x00, 0x00, 0x00, 0x3F, 0xFF, 0x00, 0x00, 0x00, 0x00, 0x00, 0x7F, 0xFE,
  0x00, 0x00, 0x00, 0x00, 0x00, 0xFF, 0xFC, 0x00, 0x00, 0x00, 0x00, 0x01,
  0xFF, 0xF8, 0x00, 0x00, 0x00, 0x00, 0x03, 0xFF, 0xF0, 0x00, 0xFF, 0xC0,
  0x00, 0x07, 0xFF, 0xE0, 0x1F, 0xFF, 0xF0, 0x00, 0x0F, 0xFF, 0xC0, 0xFF,
  0xFF, 0xF8, 0x00, 0x1F, 0xFF, 0x87, 0xFF, 0xFF, 0xFC, 0x00, 0x3F, 0xFF,
  0x1F, 0xFF, 0xFF, 0xFC, 0x00, 0x7F, 0xFE, 0x7F, 0xFF, 0xFF, 0xFE, 0x00,
  0xFF, 0xFC, 0xFF, 0xFF, 0xFF, 0xFE, 0x01, 0xFF, 0xFB, 0xFF, 0xFF, 0xFF,
  0xFE, 0x03, 0xFF, 0xF7, 0xFF, 0xFF, 0xFF, 0xFC, 0x07, 0xFF, 0xFF, 0xFF,
  0xFF, 0xFF, 0xFC, 0x0F, 0xFF, 0xFF, 0xFF, 0xFF, 0xFF, 0xFC, 0x1F, 0xFF,
  0xFF, 0xFF, 0xFF, 0xFF, 0xFC, 0x3F, 0xFF, 0xFF, 0xFF, 0xFF, 0xFF, 0xF8,
  0x7F, 0xFF, 0xFF, 0xFF, 0xFF, 0xFF, 0xF8, 0xFF, 0xFF, 0xFE, 0x00, 0xFF,
  0xFF, 0xF1, 0xFF, 0xFF, 0xF0, 0x00, 0x7F, 0xFF, 0xF3, 0xFF, 0xFF, 0x80,
  0x00, 0x3F, 0xFF, 0xE7, 0xFF, 0xFE, 0x00, 0x00, 0x3F, 0xFF, 0xCF, 0xFF,
  0xF8, 0x00, 0x00, 0x3F, 0xFF, 0xDF, 0xFF, 0xE0, 0x00, 0x00, 0x3F, 0xFF,
  0xBF, 0xFF, 0xC0, 0x00, 0x00, 0x7F, 0xFF, 0x7F, 0xFF, 0x00, 0x00, 0x00,
  0x7F, 0xFF, 0xFF, 0xFE, 0x00, 0x00, 0x00, 0xFF, 0xFF, 0xFF, 0xF8, 0x00,
  0x00, 0x00, 0xFF, 0xFF, 0xFF, 0xF0, 0x00, 0x00, 0x01, 0xFF, 0xFF, 0xFF,
  0xE0, 0x00, 0x00, 0x03, 0xFF, 0xFF, 0xFF, 0xC0, 0x00, 0x00, 0x07, 0xFF,
  0xFF, 0xFF, 0x80, 0x00, 0x00, 0x0F, 0xFF, 0xFF, 0xFF, 0x00, 0x00, 0x00,
  0x1F, 0xFF, 0xFF, 0xFE, 0x00, 0x00, 0x00, 0x3F, 0xFF, 0xFF, 0xFC, 0x00,
  0x00, 0x00, 0x7F, 0xFF, 0xFF, 0xF8, 0x00, 0x00, 0x00, 0xFF, 0xFF, 0xFF,
  0xF0, 0x00, 0x00, 0x01, 0xFF, 0xFF, 0xFF, 0xE0, 0x00, 0x00, 0x03, 0xFF,
  0xFF, 0xFF, 0xC0, 0x00, 0x00, 0x07, 0xFF, 0xFF, 0xFF, 0x80, 0x00, 0x00,
  0x0F, 0xFF, 0xFF, 0xFF, 0x00, 0x00, 0x00, 0x1F, 0xFF, 0xFF, 0xFE, 0x00,
  0x00, 0x00, 0x3F, 0xFF, 0xFF, 0xFC, 0x00, 0x00, 0x00, 0x7F, 0xFF, 0xFF,
  0xF8, 0x00, 0x00, 0x00, 0xFF, 0xFF, 0xFF, 0xF0, 0x00, 0x00, 0x01, 0xFF,
  0xFF, 0xFF, 0xE0, 0x00, 0x00, 0x03, 0xFF, 0xFF, 0xFF, 0xC0, 0x00, 0x00,
  0x07, 0xFF, 0xFF, 0xFF, 0x80, 0x00, 0x00, 0x0F, 0xFF, 0xFF, 0xFF, 0x00,
  0x00, 0x00, 0x1F, 0xFF, 0xFF, 0xFE, 0x00, 0x00, 0x00, 0x3F, 0xFF, 0xFF,
  0xFE, 0x00, 0x00, 0x00, 0xFF, 0xFE, 0xFF, 0xFC, 0x00, 0x00, 0x01, 0xFF,
  0xF9, 0xFF, 0xFC, 0x00, 0x00, 0x07, 0xFF, 0xF3, 0xFF, 0xF8, 0x00, 0x00,
  0x0F, 0xFF, 0xE7, 0xFF, 0xF8, 0x00, 0x00, 0x3F, 0xFF, 0xC7, 0xFF, 0xF8,
  0x00, 0x00, 0xFF, 0xFF, 0x0F, 0xFF, 0xF8, 0x00, 0x03, 0xFF, 0xFE, 0x0F,
  0xFF, 0xFC, 0x00, 0x1F, 0xFF, 0xF8, 0x1F, 0xFF, 0xFE, 0x00, 0xFF, 0xFF,
  0xF0, 0x1F, 0xFF, 0xFF, 0xFF, 0xFF, 0xFF, 0xC0, 0x3F, 0xFF, 0xFF, 0xFF,
  0xFF, 0xFF, 0x80, 0x3F, 0xFF, 0xFF, 0xFF, 0xFF, 0xFE, 0x00, 0x3F, 0xFF,
  0xFF, 0xFF, 0xFF, 0xF8, 0x00, 0x3F, 0xFF, 0xFF, 0xFF, 0xFF, 0xE0, 0x00,
  0x3F, 0xFF, 0xFF, 0xFF, 0xFF, 0x80, 0x00, 0x3F, 0xFF, 0xFF, 0xFF, 0xFE,
  0x00, 0x00, 0x3F, 0xFF, 0xFF, 0xFF, 0xF8, 0x00, 0x00, 0x3F, 0xFF, 0xFF,
  0xFF, 0xE0, 0x00, 0x00, 0x3F, 0xFF, 0xFF, 0xFF, 0x80, 0x00, 0x00, 0x1F,
  0xFF, 0xFF, 0xFC, 0x00, 0x00, 0x00, 0x0F, 0xFF, 0xFF, 0xE0, 0x00, 0x00,
  0x00, 0x07, 0xFF, 0xFF, 0x00, 0x00, 0x00, 0x00, 0x00, 0xFF, 0xE0, 0x00,
  0x00, 0x00, 0xFF, 0xFF, 0xFF, 0xFF, 0xFF, 0xFF, 0xFF, 0xFF, 0xFF, 0xFF,
  0xFF, 0xFF, 0xFF, 0xFF, 0xFF, 0xFF, 0xFF, 0xFF, 0xFF, 0xFF, 0xFF, 0xFF,
  0xFF, 0xFF, 0xFF, 0xFF, 0xFF, 0xFF, 0xFF, 0xFF, 0xFF, 0xFF, 0xFF, 0xFF,
  0xFF, 0xFF, 0xFF, 0xFF, 0xFF, 0xFF, 0xFF, 0xFF, 0xFF, 0xFF, 0xFF, 0xFF,
  0xFF, 0xFF, 0xFF, 0xFF, 0xFF, 0xFF, 0xFF, 0xFF, 0xFF, 0xFF, 0xFF, 0xFF,
  0xFF, 0xFF, 0xFF, 0xFF, 0xFF, 0xFF, 0xFF, 0xFF, 0xFF, 0xFF, 0xFF, 0xFF,
  0xFF, 0xFF, 0xFF, 0xFF, 0xFF, 0xFF, 0xFF, 0xFF, 0xFF, 0xFF, 0xFF, 0xFF,
  0xFF, 0xFF, 0xFF, 0xFF, 0xFF, 0xFF, 0xFF, 0xE0, 0x00, 0x00, 0x00, 0x00,
  0x0F, 0xFF, 0xC0, 0x00, 0x00, 0x00, 0x00, 0x1F, 0xFF, 0x80, 0x00, 0x00,
  0x00, 0x00, 0x3F, 0xFE, 0x00, 0x00, 0x00, 0x00, 0x00, 0xFF, 0xFC, 0x00,
  0x00, 0x00, 0x00, 0x01, 0xFF, 0xF8, 0x00, 0x00, 0x00, 0x00, 0x07, 0xFF,
  0xE0, 0x00, 0x00, 0x00, 0x00, 0x0F, 0xFF, 0xC0, 0x00, 0x00, 0x00, 0x00,
  0x1F, 0xFF, 0x80, 0x00, 0x00, 0x00, 0x00, 0x7F, 0xFE, 0x00, 0x00, 0x00,
  0x00, 0x00, 0xFF, 0xFC, 0x00, 0x00, 0x00, 0x00, 0x01, 0xFF, 0xF8, 0x00,
  0x00, 0x00, 0x00, 0x07, 0xFF, 0xE0, 0x00, 0x00, 0x00, 0x00, 0x0F, 0xFF,
  0xC0, 0x00, 0x00, 0x00, 0x00, 0x1F, 0xFF, 0x80, 0x00, 0x00, 0x00, 0x00,
  0x7F, 0xFE, 0x00, 0x00, 0x00, 0x00, 0x00, 0xFF, 0xFC, 0x00, 0x00, 0x00,
  0x00, 0x01, 0xFF, 0xF8, 0x00, 0x00, 0x00, 0x00, 0x07, 0xFF, 0xE0, 0x00,
  0x00, 0x00, 0x00, 0x0F, 0xFF, 0xC0, 0x00, 0x00, 0x00, 0x00, 0x1F, 0xFF,
  0x00, 0x00, 0x00, 0x00, 0x00, 0x7F, 0xFE, 0x00, 0x00, 0x00, 0x00, 0x00,
  0xFF, 0xFC, 0x00, 0x00, 0x00, 0x00, 0x01, 0xFF, 0xF0, 0x00, 0x00, 0x00,
  0x00, 0x07, 0xFF, 0xE0, 0x00, 0x00, 0x00, 0x00, 0x0F, 0xFF, 0xC0, 0x00,
  0x00, 0x00, 0x00, 0x1F, 0xFF, 0x00, 0x00, 0x00, 0x00, 0x00, 0x7F, 0xFE,
  0x00, 0x00, 0x00, 0x00, 0x00, 0xFF, 0xFC, 0x00, 0x00, 0x00, 0x00, 0x01,
  0xFF, 0xF0, 0x00, 0x00, 0x00, 0x00, 0x07, 0xFF, 0xE0, 0x00, 0x00, 0x00,
  0x00, 0x0F, 0xFF, 0xC0, 0x00, 0x00, 0x00, 0x00, 0x3F, 0xFF, 0x00, 0x00,
  0x00, 0x00, 0x00, 0x7F, 0xFE, 0x00, 0x00, 0x00, 0x00, 0x00, 0xFF, 0xFC,
  0x00, 0x00, 0x00, 0x00, 0x03, 0xFF, 0xF0, 0x00, 0x00, 0x00, 0x00, 0x07,
  0xFF, 0xE0, 0x00, 0x00, 0x00, 0x00, 0x0F, 0xFF, 0xC0, 0x00, 0x00, 0x00,
  0x00, 0x3F, 0xFF, 0x00, 0x00, 0x00, 0x00, 0x00, 0x7F, 0xFE, 0x00, 0x00,
  0x00, 0x00, 0x00, 0xFF, 0xFC, 0x00, 0x00, 0x00, 0x00, 0x03, 0xFF, 0xF0,
  0x00, 0x00, 0x00, 0x00, 0x07, 0xFF, 0xE0, 0x00, 0x00, 0x00, 0x00, 0x0F,
  0xFF, 0xC0, 0x00, 0x00, 0x00, 0x00, 0x3F, 0xFF, 0x00, 0x00, 0x00, 0x00,
  0x00, 0x7F, 0xFE, 0x00, 0x00, 0x00, 0x00, 0x00, 0xFF, 0xF8, 0x00, 0x00,
  0x00, 0x00, 0x03, 0xFF, 0xF0, 0x00, 0x00, 0x00, 0x00, 0x07, 0xFF, 0xE0,
  0x00, 0x00, 0x00, 0x00, 0x0F, 0xFF, 0x80, 0x00, 0x00, 0x00, 0x00, 0x3F,
  0xFF, 0x00, 0x00, 0x00, 0x00, 0x00, 0x7F, 0xFE, 0x00, 0x00, 0x00, 0x00,
  0x00, 0xFF, 0xF8, 0x00, 0x00, 0x00, 0x00, 0x03, 0xFF, 0xF0, 0x00, 0x00,
  0x00, 0x00, 0x07, 0xFF, 0xE0, 0x00, 0x00, 0x00, 0x00, 0x0F, 0xFF, 0x80,
  0x00, 0x00, 0x00, 0x00, 0x3F, 0xFF, 0x00, 0x00, 0x00, 0x00, 0x00, 0x7F,
  0xFE, 0x00, 0x00, 0x00, 0x00, 0x01, 0xFF, 0xF8, 0x00, 0x00, 0x00, 0x00,
  0x03, 0xFF, 0xF0, 0x00, 0x00, 0x00, 0x00, 0x07, 0xFF, 0xE0, 0x00, 0x00,
  0x00, 0x00, 0x1F, 0xFF, 0x80, 0x00, 0x00, 0x00, 0x00, 0x3F, 0xFF, 0x00,
  0x00, 0x00, 0x00, 0x00, 0x7F, 0xFE, 0x00, 0x00, 0x00, 0x00, 0x01, 0xFF,
  0xF8, 0x00, 0x00, 0x00, 0x00, 0x03, 0xFF, 0xF0, 0x00, 0x00, 0x00, 0x00,
  0x07, 0xFF, 0xE0, 0x00, 0x00, 0x00, 0x00, 0x1F, 0xFF, 0x80, 0x00, 0x00,
  0x00, 0x00, 0x3F, 0xFF, 0x00, 0x00, 0x00, 0x00, 0x00, 0x7F, 0xFE, 0x00,
  0x00, 0x00, 0x00, 0x01, 0xFF, 0xF8, 0x00, 0x00, 0x00, 0x00, 0x03, 0xFF,
  0xF0, 0x00, 0x00, 0x00, 0x00, 0x07, 0xFF, 0xC0, 0x00, 0x00, 0x00, 0x00,
  0x1F, 0xFF, 0x80, 0x00, 0x00, 0x00, 0x00, 0x3F, 0xFF, 0x00, 0x00, 0x00,
  0x00, 0x00, 0x7F, 0xFC, 0x00, 0x00, 0x00, 0x00, 0x01, 0xFF, 0xF8, 0x00,
  0x00, 0x00, 0x00, 0x03, 0xFF, 0xF0, 0x00, 0x00, 0x00, 0x00, 0x07, 0xFF,
  0xC0, 0x00, 0x00, 0x00, 0x00, 0x1F, 0xFF, 0x80, 0x00, 0x00, 0x00, 0x00,
  0x3F, 0xFF, 0x00, 0x00, 0x00, 0x00, 0x00, 0x7F, 0xFC, 0x00, 0x00, 0x00,
  0x00, 0x01, 0xFF, 0xF8, 0x00, 0x00, 0x00, 0x00, 0x03, 0xFF, 0xF0, 0x00,
  0x00, 0x00, 0x00, 0x0F, 0xFF, 0xC0, 0x00, 0x00, 0x00, 0x00, 0x1F, 0xFF,
  0x80, 0x00, 0x00, 0x00, 0x00, 0x3F, 0xFF, 0x00, 0x00, 0x00, 0x00, 0x00,
  0xFF, 0xFC, 0x00, 0x00, 0x00, 0x00, 0x01, 0xFF, 0xF8, 0x00, 0x00, 0x00,
  0x00, 0x03, 0xFF, 0xF0, 0x00, 0x00, 0x00, 0x00, 0x0F, 0xFF, 0xC0, 0x00,
  0x00, 0x00, 0x00, 0x00, 0x00, 0x0F, 0xFF, 0xE0, 0x00, 0x00, 0x00, 0x00,
  0xFF, 0xFF, 0xF8, 0x00, 0x00, 0x00, 0x07, 0xFF, 0xFF, 0xFC, 0x00, 0x00,
  0x00, 0x3F, 0xFF, 0xFF, 0xFE, 0x00, 0x00, 0x00, 0xFF, 0xFF, 0xFF, 0xFE,
  0x00, 0x00, 0x07, 0xFF, 0xFF, 0xFF, 0xFE, 0x00, 0x00, 0x1F, 0xFF, 0xFF,
  0xFF, 0xFF, 0x00, 0x00, 0x7F, 0xFF, 0xFF, 0xFF, 0xFF, 0x00, 0x01, 0xFF,
  0xFF, 0xFF, 0xFF, 0xFF, 0x00, 0x07, 0xFF, 0xFF, 0xFF, 0xFF, 0xFF, 0x00,
  0x0F, 0xFF, 0xFF, 0xFF, 0xFF, 0xFE, 0x00, 0x3F, 0xFF, 0xFF, 0xFF, 0xFF,
  0xFE, 0x00, 0xFF, 0xFF, 0xFF, 0xFF, 0xFF, 0xFE, 0x03, 0xFF, 0xFF, 0xF8,
  0xFF, 0xFF, 0xFC, 0x07, 0xFF, 0xFF, 0x00, 0x1F, 0xFF, 0xFC, 0x1F, 0xFF,
  0xF8, 0x00, 0x0F, 0xFF, 0xFC, 0x3F, 0xFF, 0xE0, 0x00, 0x0F, 0xFF, 0xF8,
  0x7F, 0xFF, 0x80, 0x00, 0x0F, 0xFF, 0xF1, 0xFF, 0xFE, 0x00, 0x00, 0x0F,
  0xFF, 0xF3, 0xFF, 0xF8, 0x00, 0x00, 0x0F, 0xFF, 0xE7, 0xFF, 0xE0, 0x00,
  0x00, 0x0F, 0xFF, 0xDF, 0xFF, 0xC0, 0x00, 0x00, 0x1F, 0xFF, 0xFF, 0xFF,
  0x00, 0x00, 0x00, 0x1F, 0xFF, 0xFF, 0xFE, 0x00, 0x00, 0x00, 0x3F, 0xFF,
  0xFF, 0xFC, 0x00, 0x00, 0x00, 0x7F, 0xFF, 0xFF, 0xF8, 0x00, 0x00, 0x00,
  0xFF, 0xFF, 0xFF, 0xF0, 0x00, 0x00, 0x01, 0xFF, 0xFF, 0xFF, 0xE0, 0x00,
  0x00, 0x03, 0xFF, 0xFF, 0xFF, 0xC0, 0x00, 0x00, 0x07, 0xFF, 0xFF, 0xFF,
  0x80, 0x00, 0x00, 0x0F, 0xFF, 0xFF, 0xFF, 0x00, 0x00, 0x00, 0x1F, 0xFF,
  0xFF, 0xFE, 0x00, 0x00, 0x00, 0x3F, 0xFF, 0x7F, 0xFE, 0x00, 0x00, 0x00,
  0xFF, 0xFC, 0xFF, 0xFC, 0x00, 0x00, 0x01, 0xFF, 0xF9, 0xFF, 0xFC, 0x00,
  0x00, 0x07, 0xFF, 0xF1, 0xFF, 0xFC, 0x00, 0x00, 0x1F, 0xFF, 0xC3, 0xFF,
  0xF8, 0x00, 0x00, 0x3F, 0xFF, 0x83, 0xFF, 0xF8, 0x00, 0x00, 0xFF, 0xFE,
  0x07, 0xFF, 0xFC, 0x00, 0x07, 0xFF, 0xFC, 0x07, 0xFF, 0xFC, 0x00, 0x1F,
  0xFF, 0xF0, 0x07, 0xFF, 0xFF, 0x01, 0xFF, 0xFF, 0xC0, 0x07, 0xFF, 0xFF,
  0xFF, 0xFF, 0xFF, 0x00, 0x07, 0xFF, 0xFF, 0xFF, 0xFF, 0xFC, 0x00, 0x07,
  0xFF, 0xFF, 0xFF, 0xFF, 0xF0, 0x00, 0x07, 0xFF, 0xFF, 0xFF, 0xFF, 0xC0,
  0x00, 0x03, 0xFF, 0xFF, 0xFF, 0xFE, 0x00, 0x00, 0x01, 0xFF, 0xFF, 0xFF,
  0xF0, 0x00, 0x00, 0x00, 0x3F, 0xFF, 0xFE, 0x00, 0x00, 0x00, 0x01, 0xFF,
  0xFF, 0xFF, 0x00, 0x00, 0x00, 0x1F, 0xFF, 0xFF, 0xFF, 0xC0, 0x00, 0x00,
  0xFF, 0xFF, 0xFF, 0xFF, 0xE0, 0x00, 0x03, 0xFF, 0xFF, 0xFF, 0xFF, 0xE0,
  0x00, 0x0F, 0xFF, 0xFF, 0xFF, 0xFF, 0xE0, 0x00, 0x7F, 0xFF, 0xFF, 0xFF,
  0xFF, 0xE0, 0x01, 0xFF, 0xFF, 0xFF, 0xFF, 0xFF, 0xE0, 0x03, 0xFF, 0xFF,
  0x00, 0x7F, 0xFF, 0xE0, 0x0F, 0xFF, 0xF8, 0x00, 0x3F, 0xFF, 0xE0, 0x3F,
  0xFF, 0xC0, 0x00, 0x1F, 0xFF, 0xE0, 0xFF, 0xFF, 0x00, 0x00, 0x1F, 0xFF,
  0xC1, 0xFF, 0xFC, 0x00, 0x00, 0x1F, 0xFF, 0xC7, 0xFF, 0xF0, 0x00, 0x00,
  0x1F, 0xFF, 0x8F, 0xFF, 0xE0, 0x00, 0x00, 0x3F, 0xFF, 0x9F, 0xFF, 0x80,
  0x00, 0x00, 0x3F, 0xFF, 0x7F, 0xFF, 0x00, 0x00, 0x00, 0x7F, 0xFE, 0xFF,
  0xFC, 0x00, 0x00, 0x00, 0x7F, 0xFF, 0xFF, 0xF8, 0x00, 0x00, 0x00, 0xFF,
  0xFF, 0xFF, 0xF0, 0x00, 0x00, 0x01, 0xFF, 0xFF, 0xFF, 0xE0, 0x00, 0x00,
  0x03, 0xFF, 0xFF, 0xFF, 0xC0, 0x00, 0x00, 0x07, 0xFF, 0xFF, 0xFF, 0x80,
  0x00, 0x00, 0x0F, 0xFF, 0xFF, 0xFF, 0x00, 0x00, 0x00, 0x1F, 0xFF, 0xFF,
  0xFE, 0x00, 0x00, 0x00, 0x3F, 0xFF, 0xFF, 0xFC, 0x00, 0x00, 0x00, 0x7F,
  0xFF, 0xFF, 0xF8, 0x00, 0x00, 0x00, 0xFF, 0xFF, 0xFF, 0xF0, 0x00, 0x00,
  0x01, 0xFF, 0xFF, 0xFF, 0xE0, 0x00, 0x00, 0x03, 0xFF, 0xFF, 0xFF, 0xC0,
  0x00, 0x00, 0x07, 0xFF, 0xFF, 0xFF, 0x80, 0x00, 0x00, 0x0F, 0xFF, 0xFF,
  0xFF, 0x00, 0x00, 0x00, 0x1F, 0xFF, 0xFF, 0xFE, 0x00, 0x00, 0x00, 0x3F,
  0xFF, 0xFF, 0xFE, 0x00, 0x00, 0x00, 0xFF, 0xFE, 0xFF, 0xFC, 0x00, 0x00,
  0x01, 0xFF, 0xF9, 0xFF, 0xFC, 0x00, 0x00, 0x07, 0xFF, 0xF3, 0xFF, 0xF8,
  0x00, 0x00, 0x0F, 0xFF, 0xE7, 0xFF, 0xF8, 0x00, 0x00, 0x3F, 0xFF, 0xC7,
  0xFF, 0xF8, 0x00, 0x00, 0xFF, 0xFF, 0x0F, 0xFF, 0xF8, 0x00, 0x03, 0xFF,
  0xFE, 0x0F, 0xFF, 0xFC, 0x00, 0x1F, 0xFF, 0xF8, 0x1F, 0xFF, 0xFE, 0x00,
  0xFF, 0xFF, 0xF0, 0x1F, 0xFF, 0xFF, 0xFF, 0xFF, 0xFF, 0xC0, 0x3F, 0xFF,
  0xFF, 0xFF, 0xFF, 0xFF, 0x80, 0x3F, 0xFF, 0xFF, 0xFF, 0xFF, 0xFE, 0x00,
  0x3F, 0xFF, 0xFF, 0xFF, 0xFF, 0xF8, 0x00, 0x3F, 0xFF, 0xFF, 0xFF, 0xFF,
  0xE0, 0x00, 0x3F, 0xFF, 0xFF, 0xFF, 0xFF, 0x80, 0x00, 0x3F, 0xFF, 0xFF,
  0xFF, 0xFE, 0x00, 0x00, 0x3F, 0xFF, 0xFF, 0xFF, 0xF8, 0x00, 0x00, 0x3F,
  0xFF, 0xFF, 0xFF, 0xE0, 0x00, 0x00, 0x3F, 0xFF, 0xFF, 0xFF, 0x80, 0x00,
  0x00, 0x1F, 0xFF, 0xFF, 0xFC, 0x00, 0x00, 0x00, 0x0F, 0xFF, 0xFF, 0xE0,
  0x00, 0x00, 0x00, 0x07, 0xFF, 0xFF, 0x00, 0x00, 0x00, 0x00, 0x00, 0xFF,
  0xE0, 0x00, 0x00, 0x00, 0x00, 0x00, 0x0F, 0xFF, 0xE0, 0x00, 0x00, 0x00,
  0x00, 0xFF, 0xFF, 0xF8, 0x00, 0x00, 0x00, 0x07, 0xFF, 0xFF, 0xFC, 0x00,
  0x00, 0x00, 0x3F, 0xFF, 0xFF, 0xFE, 0x00, 0x00, 0x00, 0xFF, 0xFF, 0xFF,
  0xFE, 0x00, 0x00, 0x07, 0xFF, 0xFF, 0xFF, 0xFE, 0x00, 0x00, 0x1F, 0xFF,
  0xFF, 0xFF, 0xFF, 0x00, 0x00, 0x7F, 0xFF, 0xFF, 0xFF, 0xFF, 0x00, 0x01,
  0xFF, 0xFF, 0xFF, 0xFF, 0xFF, 0x00, 0x07, 0xFF, 0xFF, 0xFF, 0xFF, 0xFF,
  0x00, 0x0F, 0xFF, 0xFF, 0xFF, 0xFF, 0xFE, 0x00, 0x3F, 0xFF, 0xFF, 0xFF,
  0xFF, 0xFE, 0x00, 0xFF, 0xFF, 0xFF, 0xFF, 0xFF, 0xFE, 0x03, 0xFF, 0xFF,
  0xF8, 0xFF, 0xFF, 0xFC, 0x07, 0xFF, 0xFF, 0x00, 0x1F, 0xFF, 0xFC, 0x1F,
  0xFF, 0xF8, 0x00, 0x0F, 0xFF, 0xFC, 0x3F, 0xFF, 0xE0, 0x00, 0x0F, 0xFF,
  0xF8, 0x7F, 0xFF, 0x80, 0x00, 0x0F, 0xFF, 0xF1, 0xFF, 0xFE, 0x00, 0x00,
  0x0F, 0xFF, 0xF3, 0xFF, 0xF8, 0x00, 0x00, 0x0F, 0xFF, 0xE7, 0xFF, 0xE0,
  0x00, 0x00, 0x0F, 0xFF, 0xDF, 0xFF, 0xC0, 0x00, 0x00, 0x1F, 0xFF, 0xFF,
  0xFF, 0x00, 0x00, 0x00, 0x1F, 0xFF, 0xFF, 0xFE, 0x00, 0x00, 0x00, 0x3F,
  0xFF, 0xFF, 0xFC, 0x00, 0x00, 0x00, 0x7F, 0xFF, 0xFF, 0xF8, 0x00, 0x00,
  0x00, 0xFF, 0xFF, 0xFF, 0xF0, 0x00, 0x00, 0x01, 0xFF, 0xFF, 0xFF, 0xE0,
  0x00, 0x00, 0x03, 0xFF, 0xFF, 0xFF, 0xC0, 0x00, 0x00, 0x07, 0xFF, 0xFF,
  0xFF, 0x80, 0x00, 0x00, 0x0F, 0xFF, 0xFF, 0xFF, 0x00, 0x00, 0x00, 0x1F,
  0xFF, 0xFF, 0xFE, 0x00, 0x00, 0x00, 0x3F, 0xFF, 0xFF, 0xFC, 0x00, 0x00,
  0x00, 0x7F, 0xFF, 0xFF, 0xF8, 0x00, 0x00, 0x00, 0xFF, 0xFF, 0xFF, 0xF0,
  0x00, 0x00, 0x01, 0xFF, 0xFF, 0xFF, 0xE0, 0x00, 0x00, 0x03, 0xFF, 0xFF,
  0xFF, 0xC0, 0x00, 0x00, 0x07, 0xFF, 0xFF, 0xFF, 0x80, 0x00, 0x00, 0x0F,
  0xFF, 0xFF, 0xFF, 0x00, 0x00, 0x00, 0x1F, 0xFF, 0xFF, 0xFE, 0x00, 0x00,
  0x00, 0x3F, 0xFF, 0xFF, 0xFC, 0x00, 0x00, 0x00, 0x7F, 0xFF, 0xFF, 0xF8,
  0x00, 0x00, 0x00, 0xFF, 0xFF, 0xFF, 0xF0, 0x00, 0x00, 0x01, 0xFF, 0xFF,
  0xFF, 0xE0, 0x00, 0x00, 0x03, 0xFF, 0xFF, 0xFF, 0xC0, 0x00, 0x00, 0x07,
  0xFF, 0xFF, 0xFF, 0x80, 0x00, 0x00, 0x0F, 0xFF, 0xFF, 0xFF, 0x80, 0x00,
  0x00, 0x3F, 0xFF, 0xBF, 0xFF, 0x00, 0x00, 0x00, 0x7F, 0xFF, 0x7F, 0xFF,
  0x00, 0x00, 0x01, 0xFF, 0xFE, 0xFF, 0xFF, 0x00, 0x00, 0x07, 0xFF, 0xFD,
  0xFF, 0xFF, 0x00, 0x00, 0x1F, 0xFF, 0xF9, 0xFF, 0xFF, 0x00, 0x00, 0x7F,
  0xFF, 0xF3, 0xFF, 0xFF, 0x00, 0x01, 0xFF, 0xFF, 0xE7, 0xFF, 0xFF, 0x80,
  0x0F, 0xFF, 0xFF, 0xC7, 0xFF, 0xFF, 0xE0, 0xFF, 0xFF, 0xFF, 0x8F, 0xFF,
  0xFF, 0xFF, 0xFF, 0xFF, 0xFF, 0x0F, 0xFF, 0xFF, 0xFF, 0xFF, 0xFF, 0xFE,
  0x0F, 0xFF, 0xFF, 0xFF, 0xFF, 0xFF, 0xFC, 0x1F, 0xFF, 0xFF, 0xFF, 0xFF,
  0xFF, 0xF8, 0x1F, 0xFF, 0xFF, 0xFF, 0xFB, 0xFF, 0xF0, 0x1F, 0xFF, 0xFF,
  0xFF, 0xF7, 0xFF, 0xE0, 0x1F, 0xFF, 0xFF, 0xFF, 0xEF, 0xFF, 0xC0, 0x1F,
  0xFF, 0xFF, 0xFF, 0x9F, 0xFF, 0x80, 0x1F, 0xFF, 0xFF, 0xFE, 0x3F, 0xFF,
  0x00, 0x1F, 0xFF, 0xFF, 0xF8, 0x7F, 0xFE, 0x00, 0x0F, 0xFF, 0xFF, 0xE0,
  0xFF, 0xFC, 0x00, 0x0F, 0xFF, 0xFF, 0x01, 0xFF, 0xF8, 0x00, 0x03, 0xFF,
  0xF8, 0x03, 0xFF, 0xF0, 0x00, 0x00, 0x00, 0x00, 0x07, 0xFF, 0xE0, 0x00,
  0x00, 0x00, 0x00, 0x0F, 0xFF, 0xC0, 0x00, 0x00, 0x00, 0x00, 0x1F, 0xFF,
  0x80, 0x00, 0x00, 0x00, 0x00, 0x3F, 0xFF, 0x00, 0x00, 0x00, 0x00, 0x00,
  0x7F, 0xFE, 0x00, 0x00, 0x00, 0x00, 0x00, 0xFF, 0xFC, 0x00, 0x00, 0x00,
  0x00, 0x01, 0xFF, 0xFF, 0xFF, 0xE0, 0x00, 0x00, 0x03, 0xFF, 0xFF, 0xFF,
  0xC0, 0x00, 0x00, 0x07, 0xFF, 0xFF, 0xFF, 0x80, 0x00, 0x00, 0x0F, 0xFF,
  0xFF, 0xFF, 0x00, 0x00, 0x00, 0x1F, 0xFF, 0xFF, 0xFE, 0x00, 0x00, 0x00,
  0x3F, 0xFF, 0xFF, 0xFE, 0x00, 0x00, 0x00, 0xFF, 0xFE, 0xFF, 0xFC, 0x00,
  0x00, 0x01, 0xFF, 0xF9, 0xFF, 0xFC, 0x00, 0x00, 0x07, 0xFF, 0xF3, 0xFF,
  0xF8, 0x00, 0x00, 0x0F, 0xFF, 0xE7, 0xFF, 0xF8, 0x00, 0x00, 0x3F, 0xFF,
  0xC7, 0xFF, 0xF8, 0x00, 0x00, 0xFF, 0xFF, 0x0F, 0xFF, 0xF8, 0x00, 0x03,
  0xFF, 0xFE, 0x0F, 0xFF, 0xFC, 0x00, 0x1F, 0xFF, 0xF8, 0x1F, 0xFF, 0xFE,
  0x00, 0xFF, 0xFF, 0xF0, 0x1F, 0xFF, 0xFF, 0xFF, 0xFF, 0xFF, 0xC0, 0x3F,
  0xFF, 0xFF, 0xFF, 0xFF, 0xFF, 0x80, 0x3F, 0xFF, 0xFF, 0xFF, 0xFF, 0xFE,
  0x00, 0x3F, 0xFF, 0xFF, 0xFF, 0xFF, 0xF8, 0x00, 0x3F, 0xFF, 0xFF, 0xFF,
  0xFF, 0xE0, 0x00, 0x3F, 0xFF, 0xFF, 0xFF, 0xFF, 0x80, 0x00, 0x3F, 0xFF,
  0xFF, 0xFF, 0xFE, 0x00, 0x00, 0x3F, 0xFF, 0xFF, 0xFF, 0xF8, 0x00, 0x00,
  0x3F, 0xFF, 0xFF, 0xFF, 0xE0, 0x00, 0x00, 0x3F, 0xFF, 0xFF, 0xFF, 0x80,
  0x00, 0x00, 0x1F, 0xFF, 0xFF, 0xFC, 0x00, 0x00, 0x00, 0x0F, 0xFF, 0xFF,
  0xE0, 0x00, 0x00, 0x00, 0x07, 0xFF, 0xFF, 0x00, 0x00, 0x00, 0x00, 0x00,
  0xFF, 0xE0, 0x00, 0x00, 0x00, 0x00, 0x1F, 0x00, 0x00, 0x1F, 0xFC, 0x00,
  0x0F, 0xFF, 0xE0, 0x03, 0xFF, 0xFE, 0x00, 0xFF, 0xFF, 0xE0, 0x3F, 0xFF,
  0xFE, 0x0F, 0xFF, 0xFF, 0xE3, 0xFF, 0xFF, 0xFE, 0x7F, 0xFF, 0xFF, 0xDF,
  0xFF, 0xFF, 0xFF, 0xFF, 0xFF, 0xFF, 0xFF, 0xFF, 0xFF, 0xFF, 0xFF, 0xFF,
  0xFF, 0xFF, 0xFF, 0xFF, 0xFF, 0xFF, 0xFF, 0xFF, 0xFF, 0xFF, 0xFF, 0xFF,
  0xFF, 0xFF, 0xFF, 0xFF, 0xFF, 0xFF, 0xFF, 0xFF, 0xFF, 0xBF, 0xFF, 0xFF,
  0xE7, 0xFF, 0xFF, 0xFC, 0x7F, 0xFF, 0xFF, 0x07, 0xFF, 0xFF, 0xC0, 0x7F,
  0xFF, 0xF0, 0x07, 0xFF, 0xFC, 0x00, 0x7F, 0xFF, 0x00, 0x03, 0xFF, 0x80,
  0x00, 0x0F, 0x80, 0x00, 0x00, 0x00, 0x00, 0x00, 0x00, 0x00, 0x00, 0x00,
  0x00, 0x00, 0x00, 0x00, 0x00, 0x00, 0x00, 0x00, 0x00, 0x00, 0x00, 0x00,
  0x00, 0x00, 0x00, 0x00, 0x00, 0x00, 0x00, 0x00, 0x00, 0x00, 0x00, 0x00,
  0x00, 0x00, 0x00, 0x00, 0x00, 0x00, 0x00, 0x00, 0x00, 0x00, 0x00, 0x00,
  0x00, 0x00, 0x00, 0x00, 0x00, 0x00, 0x00, 0x00, 0x00, 0x00, 0x00, 0x00,
  0x00, 0x00, 0x00, 0x00, 0x00, 0x00, 0x00, 0x00, 0x00, 0x00, 0x00, 0x00,
  0x00, 0x00, 0x00, 0x00, 0x00, 0x00, 0x00, 0x00, 0x00, 0x00, 0x00, 0x00,
  0x00, 0x00, 0x00, 0x00, 0x00, 0x00, 0x00, 0x00, 0x00, 0x00, 0x00, 0x00,
  0x20, 0x00, 0x00, 0xFF, 0xE0, 0x00, 0x7F, 0xFF, 0x00, 0x1F, 0xFF, 0xF0,
  0x07, 0xFF, 0xFF, 0x01, 0xFF, 0xFF, 0xF0, 0x7F, 0xFF, 0xFF, 0x1F, 0xFF,
  0xFF, 0xF3, 0xFF, 0xFF, 0xFE, 0xFF, 0xFF, 0xFF, 0xDF, 0xFF, 0xFF, 0xFF,
  0xFF, 0xFF, 0xFF, 0xFF, 0xFF, 0xFF, 0xFF, 0xFF, 0xFF, 0xFF, 0xFF, 0xFF,
  0xFF, 0xFF, 0xFF, 0xFF, 0xFF, 0xFF, 0xFF, 0xFF, 0xFF, 0xFF, 0xFF, 0xFF,
  0xFF, 0xFF, 0xFD, 0xFF, 0xFF, 0xFF, 0x3F, 0xFF, 0xFF, 0xE3, 0xFF, 0xFF,
  0xF8, 0x7F, 0xFF, 0xFF, 0x07, 0xFF, 0xFF, 0xC0, 0x7F, 0xFF, 0xF0, 0x03,
  0xFF, 0xF8, 0x00, 0x3F, 0xFE, 0x00, 0x00, 0xFE, 0x00, 0x00, 0x00, 0x1F,
  0x00, 0x00, 0x1F, 0xFC, 0x00, 0x0F, 0xFF, 0xE0, 0x03, 0xFF, 0xFE, 0x00,
  0xFF, 0xFF, 0xE0, 0x3F, 0xFF, 0xFE, 0x0F, 0xFF, 0xFF, 0xE3, 0xFF, 0xFF,
  0xFE, 0x7F, 0xFF, 0xFF, 0xDF, 0xFF, 0xFF, 0xFF, 0xFF, 0xFF, 0xFF, 0xFF,
  0xFF, 0xFF, 0xFF, 0xFF, 0xFF, 0xFF, 0xFF, 0xFF, 0xFF, 0xFF, 0xFF, 0xFF,
  0xFF, 0xFF, 0xFF, 0xFF, 0xFF, 0xFF, 0xFF, 0xFF, 0xFF, 0xFF, 0xFF, 0xFF,
  0xFF, 0xFF, 0xBF, 0xFF, 0xFF, 0xE7, 0xFF, 0xFF, 0xFC, 0x7F, 0xFF, 0xFF,
  0x07, 0xFF, 0xFF, 0xC0, 0x7F, 0xFF, 0xF0, 0x07, 0xFF, 0xFC, 0x00, 0x7F,
  0xFF, 0x00, 0x03, 0xFF, 0x80, 0x00, 0x0F, 0x80, 0x00, 0x00, 0x00, 0x00,
  0x00, 0x00, 0x00, 0x00, 0x00, 0x00, 0x00, 0x00, 0x00, 0x00, 0x00, 0x00,
  0x00, 0x00, 0x00, 0x00, 0x00, 0x00, 0x00, 0x00, 0x00, 0x00, 0x00, 0x00,
  0x00, 0x00, 0x00, 0x00, 0x00, 0x00, 0x00, 0x00, 0x00, 0x00, 0x00, 0x00,
  0x00, 0x00, 0x00, 0x00, 0x00, 0x00, 0x00, 0x00, 0x00, 0x00, 0x00, 0x00,
  0x00, 0x00, 0x00, 0x00, 0x00, 0x00, 0x00, 0x00, 0x00, 0x00, 0x00, 0x00,
  0x00, 0x00, 0x00, 0x00, 0x00, 0x00, 0x00, 0x00, 0x00, 0x00, 0x00, 0x00,
  0x00, 0x00, 0x00, 0x00, 0x00, 0x00, 0x00, 0x00, 0x00, 0x00, 0x00, 0x00,
  0x00, 0x00, 0x00, 0x00, 0x00, 0x20, 0x00, 0x00, 0xFF, 0xE0, 0x00, 0x7F,
  0xFF, 0x00, 0x1F, 0xFF, 0xF0, 0x07, 0xFF, 0xFF, 0x01, 0xFF, 0xFF, 0xF0,
  0x7F, 0xFF, 0xFF, 0x1F, 0xFF, 0xFF, 0xF3, 0xFF, 0xFF, 0xFE, 0xFF, 0xFF,
  0xFF, 0xDF, 0xFF, 0xFF, 0xFF, 0xFF, 0xFF, 0xFF, 0xFF, 0xFF, 0xFF, 0xFF,
  0xFF, 0xFF, 0xFF, 0xFF, 0xFF, 0xFF, 0xFF, 0xFF, 0xFF, 0xFF, 0xFF, 0xFF,
  0xFF, 0xFF, 0xFF, 0xFF, 0xFF, 0xFF, 0xFF, 0xFD, 0xFF, 0xFF, 0xFF, 0x3F,
  0xFF, 0xFF, 0xE3, 0xFF, 0xFF, 0xF8, 0x7F, 0xFF, 0xFF, 0x07, 0xFF, 0xFF,
  0xC0, 0x7F, 0xFF, 0xF0, 0x07, 0xFF, 0xFC, 0x00, 0x7F, 0xFF, 0x00, 0x07,
  0xFF, 0xC0, 0x00, 0xFF, 0xE0, 0x00, 0x3F, 0xF8, 0x00, 0x0F, 0xFE, 0x00,
  0x03, 0xFF, 0x80, 0x00, 0xFF, 0xE0, 0x00, 0x3F, 0xF8, 0x00, 0x07, 0xFE,
  0x00, 0x00, 0x7F, 0x80, 0x00, 0x07, 0xE0, 0x00, 0x00, 0x78, 0x00, 0x00,
  0x06, 0x00, 0x00, 0x00, 0x00, 0x00, 0x00, 0x00, 0x00, 0x00, 0x02, 0x00,
  0x00, 0x00, 0x00, 0x00, 0x00, 0x1C, 0x00, 0x00, 0x00, 0x00, 0x00, 0x01,
  0xF8, 0x00, 0x00, 0x00, 0x00, 0x00, 0x1F, 0xF0, 0x00, 0x00, 0x00, 0x00,
  0x00, 0xFF, 0xE0, 0x00, 0x00, 0x00, 0x00, 0x0F, 0xFF, 0xC0, 0x00, 0x00,
  0x00, 0x00, 0xFF, 0xFF, 0x80, 0x00, 0x00, 0x00, 0x07, 0xFF, 0xFF, 0x00,
  0x00, 0x00, 0x00, 0x7F, 0xFF, 0xFE, 0x00, 0x00, 0x00, 0x07, 0xFF, 0xFF,
  0xFC, 0x00, 0x00, 0x00, 0x3F, 0xFF, 0xFF, 0xF8, 0x00, 0x00, 0x03, 0xFF,
  0xFF, 0xFF, 0xF0, 0x00, 0x00, 0x3F, 0xFF, 0xFF, 0xFF, 0xE0, 0x00, 0x01,
  0xFF, 0xFF, 0xFF, 0xFF, 0xC0, 0x00, 0x1F, 0xFF, 0xFF, 0xFF, 0xFF, 0x80,
  0x01, 0xFF, 0xFF, 0xFF, 0xFF, 0xFF, 0x00, 0x0F, 0xFF, 0xFF, 0xFF, 0xFF,
  0xF0, 0x00, 0xFF, 0xFF, 0xFF, 0xFF, 0xFF, 0x00, 0x0F, 0xFF, 0xFF, 0xFF,
  0xFF, 0xF0, 0x00, 0x7F, 0xFF, 0xFF, 0xFF, 0xFF, 0x00, 0x07, 0xFF, 0xFF,
  0xFF, 0xFF, 0xF0, 0x00, 0x1F, 0xFF, 0xFF, 0xFF, 0xFE, 0x00, 0x00, 0x3F,
  0xFF, 0xFF, 0xFF, 0xE0, 0x00, 0x00, 0x7F, 0xFF, 0xFF, 0xFE, 0x00, 0x00,
  0x00, 0xFF, 0xFF, 0xFF, 0xE0, 0x00, 0x00, 0x01, 0xFF, 0xFF, 0xFE, 0x00,
  0x00, 0x00, 0x03, 0xFF, 0xFF, 0xE0, 0x00, 0x00, 0x00, 0x07, 0xFF, 0xFE,
  0x00, 0x00, 0x00, 0x00, 0x0F, 0xFF, 0xFE, 0x00, 0x00, 0x00, 0x00, 0x1F,
  0xFF, 0xFF, 0x80, 0x00, 0x00, 0x00, 0x3F, 0xFF, 0xFF, 0xE0, 0x00, 0x00,
  0x00, 0x7F, 0xFF, 0xFF, 0xF8, 0x00, 0x00, 0x00, 0xFF, 0xFF, 0xFF, 0xFE,
  0x00, 0x00, 0x01, 0xFF, 0xFF, 0xFF, 0xFF, 0xC0, 0x00, 0x03, 0xFF, 0xFF,
  0xFF, 0xFF, 0xF0, 0x00, 0x01, 0xFF, 0xFF, 0xFF, 0xFF, 0xFC, 0x00, 0x00,
  0x7F, 0xFF, 0xFF, 0xFF, 0xFF, 0x00, 0x00, 0x3F, 0xFF, 0xFF, 0xFF, 0xFF,
  0xC0, 0x00, 0x0F, 0xFF, 0xFF, 0xFF, 0xFF, 0xF0, 0x00, 0x03, 0xFF, 0xFF,
  0xFF, 0xFF, 0xFC, 0x00, 0x01, 0xFF, 0xFF, 0xFF, 0xFF, 0xFE, 0x00, 0x00,
  0x7F, 0xFF, 0xFF, 0xFF, 0xFC, 0x00, 0x00, 0x1F, 0xFF, 0xFF, 0xFF, 0xF8,
  0x00, 0x00, 0x0F, 0xFF, 0xFF, 0xFF, 0xF0, 0x00, 0x00, 0x03, 0xFF, 0xFF,
  0xFF, 0xE0, 0x00, 0x00, 0x00, 0xFF, 0xFF, 0xFF, 0xC0, 0x00, 0x00, 0x00,
  0x7F, 0xFF, 0xFF, 0x80, 0x00, 0x00, 0x00, 0x1F, 0xFF, 0xFF, 0x00, 0x00,
  0x00, 0x00, 0x07, 0xFF, 0xFE, 0x00, 0x00, 0x00, 0x00, 0x03, 0xFF, 0xFC,
  0x00, 0x00, 0x00, 0x00, 0x00, 0xFF, 0xF8, 0x00, 0x00, 0x00, 0x00, 0x00,
  0x3F, 0xF0, 0x00, 0x00, 0x00, 0x00, 0x00, 0x1F, 0xE0, 0x00, 0x00, 0x00,
  0x00, 0x00, 0x07, 0xC0, 0x00, 0x00, 0x00, 0x00, 0x00, 0x01, 0x80, 0xFF,
  0xFF, 0xFF, 0xFF, 0xFF, 0xFF, 0xFF, 0xFF, 0xFF, 0xFF, 0xFF, 0xFF, 0xFF,
  0xFF, 0xFF, 0xFF, 0xFF, 0xFF, 0xFF, 0xFF, 0xFF, 0xFF, 0xFF, 0xFF, 0xFF,
  0xFF, 0xFF, 0xFF, 0xFF, 0xFF, 0xFF, 0xFF, 0xFF, 0xFF, 0xFF, 0xFF, 0xFF,
  0xFF, 0xFF, 0xFF, 0xFF, 0xFF, 0xFF, 0xFF, 0xFF, 0xFF, 0xFF, 0xFF, 0xFF,
  0xFF, 0xFF, 0xFF, 0xFF, 0xFF, 0xFF, 0xFF, 0xFF, 0xFF, 0xFF, 0xFF, 0xFF,
  0xFF, 0xFF, 0xFF, 0xFF, 0xFF, 0xFF, 0xFF, 0xFF, 0xFF, 0xFF, 0xFF, 0xFF,
  0xFF, 0xFF, 0xFF, 0xFF, 0xFF, 0xFF, 0xFF, 0xFF, 0xFF, 0xFF, 0xFF, 0xFF,
  0xFF, 0xFF, 0xFF, 0xFF, 0xFF, 0xFF, 0xFF, 0xFF, 0xFF, 0xFF, 0xFF, 0xC0,
  0x00, 0x00, 0x00, 0x00, 0x00, 0x00, 0x00, 0x00, 0x00, 0x00, 0x00, 0x00,
  0x00, 0x00, 0x00, 0x00, 0x00, 0x00, 0x00, 0x00, 0x00, 0x00, 0x00, 0x00,
  0x00, 0x00, 0x00, 0x00, 0x00, 0x00, 0x00, 0x00, 0x00, 0x00, 0x00, 0x00,
  0x00, 0x00, 0x00, 0x00, 0x00, 0x00, 0x00, 0x00, 0x00, 0x00, 0x00, 0x00,
  0x00, 0x00, 0x00, 0x00, 0x00, 0x00, 0x00, 0x00, 0x00, 0x00, 0x00, 0x00,
  0x00, 0x00, 0x00, 0x00, 0x00, 0x00, 0x00, 0x00, 0x00, 0x00, 0x00, 0x00,
  0x00, 0x00, 0x00, 0x00, 0x00, 0x00, 0x00, 0x00, 0x00, 0x00, 0x00, 0x00,
  0x00, 0x00, 0x00, 0x00, 0x00, 0x00, 0x00, 0x00, 0x00, 0x00, 0x00, 0x0F,
  0xFF, 0xFF, 0xFF, 0xFF, 0xFF, 0xFF, 0xFF, 0xFF, 0xFF, 0xFF, 0xFF, 0xFF,
  0xFF, 0xFF, 0xFF, 0xFF, 0xFF, 0xFF, 0xFF, 0xFF, 0xFF, 0xFF, 0xFF, 0xFF,
  0xFF, 0xFF, 0xFF, 0xFF, 0xFF, 0xFF, 0xFF, 0xFF, 0xFF, 0xFF, 0xFF, 0xFF,
  0xFF, 0xFF, 0xFF, 0xFF, 0xFF, 0xFF, 0xFF, 0xFF, 0xFF, 0xFF, 0xFF, 0xFF,
  0xFF, 0xFF, 0xFF, 0xFF, 0xFF, 0xFF, 0xFF, 0xFF, 0xFF, 0xFF, 0xFF, 0xFF,
  0xFF, 0xFF, 0xFF, 0xFF, 0xFF, 0xFF, 0xFF, 0xFF, 0xFF, 0xFF, 0xFF, 0xFF,
  0xFF, 0xFF, 0xFF, 0xFF, 0xFF, 0xFF, 0xFF, 0xFF, 0xFF, 0xFF, 0xFF, 0xFF,
  0xFF, 0xFF, 0xFF, 0xFF, 0xFE, 0x80, 0x00, 0x00, 0x00, 0x00, 0x00, 0x01,
  0xC0, 0x00, 0x00, 0x00, 0x00, 0x00, 0x03, 0xF0, 0x00, 0x00, 0x00, 0x00,
  0x00, 0x07, 0xFC, 0x00, 0x00, 0x00, 0x00, 0x00, 0x0F, 0xFE, 0x00, 0x00,
  0x00, 0x00, 0x00, 0x1F, 0xFF, 0x80, 0x00, 0x00, 0x00, 0x00, 0x3F, 0xFF,
  0xE0, 0x00, 0x00, 0x00, 0x00, 0x7F, 0xFF, 0xF0, 0x00, 0x00, 0x00, 0x00,
  0xFF, 0xFF, 0xFC, 0x00, 0x00, 0x00, 0x01, 0xFF, 0xFF, 0xFF, 0x00, 0x00,
  0x00, 0x03, 0xFF, 0xFF, 0xFF, 0x80, 0x00, 0x00, 0x07, 0xFF, 0xFF, 0xFF,
  0xE0, 0x00, 0x00, 0x0F, 0xFF, 0xFF, 0xFF, 0xF8, 0x00, 0x00, 0x1F, 0xFF,
  0xFF, 0xFF, 0xFC, 0x00, 0x00, 0x3F, 0xFF, 0xFF, 0xFF, 0xFF, 0x00, 0x00,
  0x7F, 0xFF, 0xFF, 0xFF, 0xFF, 0xC0, 0x00, 0x1F, 0xFF, 0xFF, 0xFF, 0xFF,
  0xE0, 0x00, 0x07, 0xFF, 0xFF, 0xFF, 0xFF, 0xF8, 0x00, 0x01, 0xFF, 0xFF,
  0xFF, 0xFF, 0xFE, 0x00, 0x00, 0x7F, 0xFF, 0xFF, 0xFF, 0xFF, 0x00, 0x00,
  0x1F, 0xFF, 0xFF, 0xFF, 0xFF, 0xC0, 0x00, 0x03, 0xFF, 0xFF, 0xFF, 0xFF,
  0xC0, 0x00, 0x00, 0xFF, 0xFF, 0xFF, 0xFF, 0x80, 0x00, 0x00, 0x3F, 0xFF,
  0xFF, 0xFF, 0x00, 0x00, 0x00, 0x0F, 0xFF, 0xFF, 0xFE, 0x00, 0x00, 0x00,
  0x03, 0xFF, 0xFF, 0xFC, 0x00, 0x00, 0x00, 0x00, 0xFF, 0xFF, 0xF8, 0x00,
  0x00, 0x00, 0x00, 0x3F, 0xFF, 0xF0, 0x00, 0x00, 0x00, 0x00, 0xFF, 0xFF,
  0xE0, 0x00, 0x00, 0x00, 0x0F, 0xFF, 0xFF, 0xC0, 0x00, 0x00, 0x00, 0xFF,
  0xFF, 0xFF, 0x80, 0x00, 0x00, 0x0F, 0xFF, 0xFF, 0xFF, 0x00, 0x00, 0x00,
  0xFF, 0xFF, 0xFF, 0xFE, 0x00, 0x00, 0x1F, 0xFF, 0xFF, 0xFF, 0xFC, 0x00,
  0x01, 0xFF, 0xFF, 0xFF, 0xFF, 0xF8, 0x00, 0x1F, 0xFF, 0xFF, 0xFF, 0xFF,
  0xC0, 0x01, 0xFF, 0xFF, 0xFF, 0xFF, 0xFC, 0x00, 0x1F, 0xFF, 0xFF, 0xFF,
  0xFF, 0xE0, 0x01, 0xFF, 0xFF, 0xFF, 0xFF, 0xFE, 0x00, 0x1F, 0xFF, 0xFF,
  0xFF, 0xFF, 0xE0, 0x00, 0xFF, 0xFF, 0xFF, 0xFF, 0xFF, 0x00, 0x01, 0xFF,
  0xFF, 0xFF, 0xFF, 0xF0, 0x00, 0x03, 0xFF, 0xFF, 0xFF, 0xFF, 0x00, 0x00,
  0x07, 0xFF, 0xFF, 0xFF, 0xF8, 0x00, 0x00, 0x0F, 0xFF, 0xFF, 0xFF, 0x80,
  0x00, 0x00, 0x1F, 0xFF, 0xFF, 0xF8, 0x00, 0x00, 0x00, 0x3F, 0xFF, 0xFF,
  0xC0, 0x00, 0x00, 0x00, 0x7F, 0xFF, 0xFC, 0x00, 0x00, 0x00, 0x00, 0xFF,
  0xFF, 0xC0, 0x00, 0x00, 0x00, 0x01, 0xFF, 0xFE, 0x00, 0x00, 0x00, 0x00,
  0x03, 0xFF, 0xE0, 0x00, 0x00, 0x00, 0x00, 0x07, 0xFE, 0x00, 0x00, 0x00,
  0x00, 0x00, 0x0F, 0xF0, 0x00, 0x00, 0x00, 0x00, 0x00, 0x1F, 0x00, 0x00,
  0x00, 0x00, 0x00, 0x00, 0x30, 0x00, 0x00, 0x00, 0x00, 0x00, 0x00, 0x00,
  0x00, 0x00, 0x0F, 0xFF, 0xC0, 0x00, 0x00, 0x00, 0x00, 0xFF, 0xFF, 0xF8,
  0x00, 0x00, 0x00, 0x07, 0xFF, 0xFF, 0xFC, 0x00, 0x00, 0x00, 0x3F, 0xFF,
  0xFF, 0xFE, 0x00, 0x00, 0x00, 0xFF, 0xFF, 0xFF, 0xFE, 0x00, 0x00, 0x03,
  0xFF, 0xFF, 0xFF, 0xFE, 0x00, 0x00, 0x1F, 0xFF, 0xFF, 0xFF, 0xFF, 0x00,
  0x00, 0x7F, 0xFF, 0xFF, 0xFF, 0xFF, 0x00, 0x01, 0xFF, 0xFF, 0xFF, 0xFF,
  0xFF, 0x00, 0x07, 0xFF, 0xFF, 0xFF, 0xFF, 0xFE, 0x00, 0x0F, 0xFF, 0xFF,
  0xFF, 0xFF, 0xFE, 0x00, 0x3F, 0xFF, 0xFF, 0xFF, 0xFF, 0xFE, 0x00, 0xFF,
  0xFF, 0xFF, 0xFF, 0xFF, 0xFE, 0x01, 0xFF, 0xFF, 0xFD, 0xFF, 0xFF, 0xFC,
  0x07, 0xFF, 0xFF, 0x00, 0x1F, 0xFF, 0xFC, 0x1F, 0xFF, 0xF8, 0x00, 0x0F,
  0xFF, 0xF8, 0x3F, 0xFF, 0xE0, 0x00, 0x0F, 0xFF, 0xF8, 0x7F, 0xFF, 0x80,
  0x00, 0x0F, 0xFF, 0xF1, 0xFF, 0xFE, 0x00, 0x00, 0x0F, 0xFF, 0xF3, 0xFF,
  0xF8, 0x00, 0x00, 0x0F, 0xFF, 0xE7, 0xFF, 0xE0, 0x00, 0x00, 0x0F, 0xFF,
  0xDF, 0xFF, 0xC0, 0x00, 0x00, 0x1F, 0xFF, 0xFF, 0xFF, 0x80, 0x00, 0x00,
  0x3F, 0xFF, 0xFF, 0xFE, 0x00, 0x00, 0x00, 0x3F, 0xFF, 0xFF, 0xFC, 0x00,
  0x00, 0x00, 0x7F, 0xFF, 0xFF, 0xF8, 0x00, 0x00, 0x00, 0xFF, 0xFF, 0xFF,
  0xF0, 0x00, 0x00, 0x01, 0xFF, 0xF8, 0x00, 0x00, 0x00, 0x00, 0x03, 0xFF,
  0xF0, 0x00, 0x00, 0x00, 0x00, 0x07, 0xFF, 0xE0, 0x00, 0x00, 0x00, 0x00,
  0x0F, 0xFF, 0xC0, 0x00, 0x00, 0x00, 0x00, 0x1F, 0xFF, 0x80, 0x00, 0x00,
  0x00, 0x00, 0x3F, 0xFF, 0x00, 0x00, 0x00, 0x00, 0x00, 0x7F, 0xFE, 0x00,
  0x00, 0x00, 0x00, 0x00, 0xFF, 0xFC, 0x00, 0x00, 0x00, 0x00, 0x01, 0xFF,
  0xF8, 0x00, 0x00, 0x00, 0x00, 0x03, 0xFF, 0xF0, 0x00, 0x00, 0x00, 0x00,
  0x07, 0xFF, 0xE0, 0x00, 0x00, 0x00, 0x00, 0x0F, 0xFF, 0xC0, 0x00, 0x00,
  0x00, 0x00, 0x1F, 0xFF, 0x80, 0x00, 0x00, 0x00, 0x00, 0x3F, 0xFF, 0x00,
  0x00, 0x00, 0x00, 0x00, 0x7F, 0xFE, 0x00, 0x00, 0x00, 0x00, 0x00, 0xFF,
  0xFC, 0x00, 0x00, 0x00, 0x00, 0x01, 0xFF, 0xF8, 0x00, 0x00, 0x00, 0x00,
  0x03, 0xFF, 0xF0, 0x00, 0x00, 0x00, 0x00, 0x07, 0xFF, 0xE0, 0x00, 0x00,
  0x00, 0x00, 0x1F, 0xFF, 0xC0, 0x00, 0x00, 0x00, 0x00, 0x3F, 0xFF, 0x00,
  0x00, 0x00, 0x00, 0x00, 0xFF, 0xFE, 0x00, 0x00, 0x00, 0x00, 0x03, 0xFF,
  0xFC, 0x00, 0x00, 0x00, 0x00, 0x0F, 0xFF, 0xF0, 0x00, 0x00, 0x00, 0x00,
  0x3F, 0xFF, 0xE0, 0x00, 0x00, 0x00, 0x00, 0xFF, 0xFF, 0xC0, 0x00, 0x00,
  0x00, 0x03, 0xFF, 0xFF, 0x00, 0x00, 0x00, 0x00, 0x0F, 0xFF, 0xFC, 0x00,
  0x00, 0x00, 0x00, 0x3F, 0xFF, 0xF8, 0x00, 0x00, 0x00, 0x00, 0x7F, 0xFF,
  0xE0, 0x00, 0x00, 0x00, 0x01, 0xFF, 0xFF, 0x80, 0x00, 0x00, 0x00, 0x07,
  0xFF, 0xFF, 0x00, 0x00, 0x00, 0x00, 0x1F, 0xFF, 0xFC, 0x00, 0x00, 0x00,
  0x00, 0x7F, 0xFF, 0xF0, 0x00, 0x00, 0x00, 0x01, 0xFF, 0xFF, 0xC0, 0x00,
  0x00, 0x00, 0x07, 0xFF, 0xFF, 0x00, 0x00, 0x00, 0x00, 0x1F, 0xFF, 0xFC,
  0x00, 0x00, 0x00, 0x00, 0x3F, 0xFF, 0xF0, 0x00, 0x00, 0x00, 0x00, 0xFF,
  0xFF, 0xC0, 0x00, 0x00, 0x00, 0x03, 0xFF, 0xFF, 0x00, 0x00, 0x00, 0x00,
  0x07, 0xFF, 0xFC, 0x00, 0x00, 0x00, 0x00, 0x0F, 0xFF, 0xF0, 0x00, 0x00,
  0x00, 0x00, 0x3F, 0xFF, 0xC0, 0x00, 0x00, 0x00, 0x00, 0x7F, 0xFF, 0x00,
  0x00, 0x00, 0x00, 0x00, 0xFF, 0xFE, 0x00, 0x00, 0x00, 0x00, 0x03, 0xFF,
  0xF8, 0x00, 0x00, 0x00, 0x00, 0x07, 0xFF, 0xF0, 0x00, 0x00, 0x00, 0x00,
  0x0F, 0xFF, 0xC0, 0x00, 0x00, 0x00, 0x00, 0x1F, 0xFF, 0x80, 0x00, 0x00,
  0x00, 0x00, 0x3F, 0xFF, 0x00, 0x00, 0x00, 0x00, 0x00, 0x7F, 0xFC, 0x00,
  0x00, 0x00, 0x00, 0x00, 0xFF, 0xF8, 0x00, 0x00, 0x00, 0x00, 0x01, 0xFF,
  0xF0, 0x00, 0x00, 0x00, 0x00, 0x03, 0xFF, 0xE0, 0x00, 0x00, 0x00, 0x00,
  0x07, 0xFF, 0xC0, 0x00, 0x00, 0x00, 0x00, 0x0F, 0xFF, 0x80, 0x00, 0x00,
  0x00, 0x00, 0x00, 0x00, 0x00, 0x00, 0x00, 0x00, 0x00, 0x00, 0x00, 0x00,
  0x00, 0x00, 0x00, 0x00, 0x00, 0x00, 0x00, 0x00, 0x00, 0x00, 0x00, 0x00,
  0x00, 0x00, 0x00, 0x00, 0x00, 0x00, 0x00, 0x00, 0x00, 0x00, 0x00, 0x00,
  0x00, 0x00, 0x00, 0x00, 0x00, 0x00, 0x00, 0x00, 0x00, 0x00, 0x00, 0x00,
  0x00, 0x00, 0x00, 0x00, 0x00, 0x00, 0x00, 0x00, 0x00, 0x00, 0x00, 0x00,
  0x00, 0x00, 0x00, 0x00, 0x00, 0x00, 0x00, 0x00, 0x00, 0x00, 0x00, 0x00,
  0x00, 0x00, 0x00, 0x00, 0x00, 0x00, 0x00, 0x00, 0x00, 0x00, 0x00, 0x00,
  0x00, 0x3F, 0x80, 0x00, 0x00, 0x00, 0x00, 0x01, 0xFF, 0xC0, 0x00, 0x00,
  0x00, 0x00, 0x07, 0xFF, 0xC0, 0x00, 0x00, 0x00, 0x00, 0x1F, 0xFF, 0xC0,
  0x00, 0x00, 0x00, 0x00, 0x3F, 0xFF, 0x80, 0x00, 0x00, 0x00, 0x00, 0xFF,
  0xFF, 0x80, 0x00, 0x00, 0x00, 0x01, 0xFF, 0xFF, 0x00, 0x00, 0x00, 0x00,
  0x07, 0xFF, 0xFF, 0x00, 0x00, 0x00, 0x00, 0x0F, 0xFF, 0xFE, 0x00, 0x00,
  0x00, 0x00, 0x1F, 0xFF, 0xFC, 0x00, 0x00, 0x00, 0x00, 0x3F, 0xFF, 0xF8,
  0x00, 0x00, 0x00, 0x00, 0x3F, 0xFF, 0xE0, 0x00, 0x00, 0x00, 0x00, 0x7F,
  0xFF, 0xC0, 0x00, 0x00, 0x00, 0x00, 0xFF, 0xFF, 0x80, 0x00, 0x00, 0x00,
  0x00, 0xFF, 0xFE, 0x00, 0x00, 0x00, 0x00, 0x00, 0xFF, 0xF8, 0x00, 0x00,
  0x00, 0x00, 0x00, 0xFF, 0xE0, 0x00, 0x00, 0x00, 0x00, 0x00, 0x7F, 0x00,
  0x00, 0x00, 0x00, 0x00, 0x0F, 0xFF, 0xC0, 0x00, 0x00, 0x00, 0x00, 0xFF,
  0xFF, 0xF8, 0x00, 0x00, 0x00, 0x07, 0xFF, 0xFF, 0xFC, 0x00, 0x00, 0x00,
  0x3F, 0xFF, 0xFF, 0xFE, 0x00, 0x00, 0x00, 0xFF, 0xFF, 0xFF, 0xFE, 0x00,
  0x00, 0x03, 0xFF, 0xFF, 0xFF, 0xFE, 0x00, 0x00, 0x1F, 0xFF, 0xFF, 0xFF,
  0xFF, 0x00, 0x00, 0x7F, 0xFF, 0xFF, 0xFF, 0xFF, 0x00, 0x01, 0xFF, 0xFF,
  0xFF, 0xFF, 0xFF, 0x00, 0x07, 0xFF, 0xFF, 0xFF, 0xFF, 0xFE, 0x00, 0x0F,
  0xFF, 0xFF, 0xFF, 0xFF, 0xFE, 0x00, 0x3F, 0xFF, 0xFF, 0xFF, 0xFF, 0xFE,
  0x00, 0xFF, 0xFF, 0xFF, 0xFF, 0xFF, 0xFE, 0x01, 0xFF, 0xFF, 0xFD, 0xFF,
  0xFF, 0xFC, 0x07, 0xFF, 0xFF, 0x00, 0x1F, 0xFF, 0xFC, 0x1F, 0xFF, 0xF8,
  0x00, 0x0F, 0xFF, 0xF8, 0x3F, 0xFF, 0xE0, 0x00, 0x0F, 0xFF, 0xF8, 0x7F,
  0xFF, 0x80, 0x00, 0x0F, 0xFF, 0xF1, 0xFF, 0xFE, 0x00, 0x00, 0x0F, 0xFF,
  0xF3, 0xFF, 0xF8, 0x00, 0x00, 0x0F, 0xFF, 0xE7, 0xFF, 0xE0, 0x00, 0x00,
  0x0F, 0xFF, 0xDF, 0xFF, 0xC0, 0x00, 0x00, 0x1F, 0xFF, 0xFF, 0xFF, 0x80,
  0x00, 0x00, 0x3F, 0xFF, 0xFF, 0xFE, 0x00, 0x00, 0x00, 0x3F, 0xFF, 0xFF,
  0xFC, 0x00, 0x00, 0x00, 0x7F, 0xFF, 0xFF, 0xF8, 0x00, 0x00, 0x00, 0xFF,
  0xFF, 0xFF, 0xF0, 0x00, 0x00, 0x01, 0xFF, 0xFF, 0xFF, 0xE0, 0x00, 0x00,
  0x03, 0xFF, 0xFF, 0xFF, 0xC0, 0x00, 0x00, 0x07, 0xFF, 0xFF, 0xFF, 0x80,
  0x00, 0x00, 0x0F, 0xFF, 0xFF, 0xFF, 0x00, 0x00, 0x00, 0x1F, 0xFF, 0xFF,
  0xFE, 0x00, 0x00, 0x00, 0x3F, 0xFF, 0xFF, 0xFC, 0x00, 0x00, 0x00, 0x7F,
  0xFF, 0xFF, 0xF8, 0x00, 0x00, 0x00, 0xFF, 0xFF, 0xFF, 0xF0, 0x00, 0x00,
  0x01, 0xFF, 0xFF, 0xFF, 0xE0, 0x00, 0x00, 0x03, 0xFF, 0xFF, 0xFF, 0xC0,
  0x00, 0x00, 0x07, 0xFF, 0xFF, 0xFF, 0x80, 0x00, 0x00, 0x0F, 0xFF, 0xFF,
  0xFF, 0x00, 0x00, 0x00, 0x1F, 0xFF, 0xFF, 0xFE, 0x00, 0x00, 0x00, 0x3F,
  0xFF, 0xFF, 0xFC, 0x00, 0x00, 0x00, 0x7F, 0xFF, 0xFF, 0xF8, 0x00, 0x00,
  0x07, 0xFF, 0xFF, 0xFF, 0xF0, 0x00, 0x00, 0x7F, 0xFF, 0xFF, 0xFF, 0xE0,
  0x00, 0x03, 0xFF, 0xFF, 0xFF, 0xFF, 0xC0, 0x00, 0x0F, 0xFF, 0xFF, 0xFF,
  0xFF, 0x80, 0x00, 0x3F, 0xFF, 0xFF, 0xFF, 0xFF, 0x00, 0x00, 0xFF, 0xFF,
  0xFF, 0xFF, 0xFE, 0x00, 0x01, 0xFF, 0xFF, 0xFF, 0xFF, 0xFC, 0x00, 0x07,
  0xFF, 0xFF, 0xFF, 0xFF, 0xF8, 0x00, 0x0F, 0xFF, 0xFF, 0xFF, 0xFF, 0xF0,
  0x00, 0x3F, 0xFF, 0xFF, 0xFF, 0xFF, 0xE0, 0x00, 0x7F, 0xFF, 0xFF, 0xFF,
  0xFF, 0xC0, 0x00, 0xFF, 0xFF, 0xFF, 0xFF, 0xFF, 0x80, 0x01, 0xFF, 0xFF,
  0xFF, 0xFF, 0xFF, 0x00, 0x07, 0xFF, 0xFF, 0xFF, 0xFF, 0xFE, 0x00, 0x07,
  0xFF, 0xFF, 0xFF, 0xFF, 0xFC, 0x00, 0x0F, 0xFF, 0xFF, 0xFF, 0xFF, 0xF8,
  0x00, 0x1F, 0xFF, 0xFF, 0xFF, 0xFF, 0xF0, 0x00, 0x3F, 0xFF, 0xFF, 0xFF,
  0xFF, 0xE0, 0x00, 0x7F, 0xFF, 0xFF, 0xFF, 0xFF, 0xC0, 0x00, 0x7F, 0xFF,
  0xFF, 0xFF, 0xFF, 0x80, 0x00, 0xFF, 0xFF, 0xFF, 0xFF, 0xFF, 0x00, 0x00,
  0xFF, 0xFF, 0xFF, 0xFF, 0xFE, 0x00, 0x00, 0xFF, 0xFF, 0xFF, 0xFF, 0xFC,
  0x00, 0x00, 0xFF, 0xFF, 0xFF, 0xFF, 0xF8, 0x00, 0x00, 0xFF, 0xFF, 0xFF,
  0xFF, 0xF0, 0x00, 0x00, 0xFF, 0xFF, 0xFF, 0xFF, 0xE0, 0x00, 0x00, 0x7F,
  0xFF, 0xFF, 0xFF, 0xC0, 0x00, 0x00, 0x0F, 0xFF, 0xFF, 0xFF, 0x80, 0x00,
  0x00, 0x00, 0x00, 0x3F, 0xFF, 0x00, 0x00, 0x00, 0x00, 0x00, 0x7F, 0xFE,
  0x00, 0x00, 0x00, 0x00, 0x00, 0xFF, 0xFC, 0x00, 0x00, 0x00, 0x00, 0x01,
  0xFF, 0xF8, 0x00, 0x00, 0x00, 0x00, 0x03, 0xFF, 0xF0, 0x00, 0x00, 0x00,
  0x00, 0x07, 0xFF, 0xE0, 0x00, 0x00, 0x00, 0x00, 0x0F, 0xFF, 0xC0, 0x00,
  0x00, 0x00, 0x00, 0x1F, 0xFF, 0x80, 0x00, 0x00, 0x00, 0x00, 0x3F, 0xFF,
  0x00, 0x00, 0x00, 0x00, 0x00, 0x7F, 0xFE, 0x00, 0x00, 0x00, 0x00, 0x00,
  0xFF, 0xFC, 0x00, 0x00, 0x00, 0x00, 0x01, 0xFF, 0xF8, 0x00, 0x00, 0x00,
  0x00, 0x03, 0xFF, 0xF0, 0x00, 0x00, 0x00, 0x00, 0x07, 0xFF, 0xE0, 0x00,
  0x00, 0x00, 0x00, 0x0F, 0xFF, 0xC0, 0x00, 0x00, 0x00, 0x00, 0x1F, 0xFF,
  0x80, 0x00, 0x00, 0x00, 0x00, 0x3F, 0xFF, 0x00, 0x00, 0x00, 0x00, 0x00,
  0x7F, 0xFF, 0x00, 0x00, 0x00, 0x00, 0x00, 0x7F, 0xFE, 0x00, 0x00, 0x00,
  0x00, 0x00, 0xFF, 0xFE, 0x00, 0x00, 0x00, 0x00, 0x01, 0xFF, 0xFC, 0x00,
  0x00, 0x00, 0x30, 0x03, 0xFF, 0xFC, 0x00, 0x00, 0x01, 0xF0, 0x03, 0xFF,
  0xFC, 0x00, 0x00, 0x07, 0xF0, 0x07, 0xFF, 0xFC, 0x00, 0x00, 0x3F, 0xF0,
  0x07, 0xFF, 0xFE, 0x00, 0x01, 0xFF, 0xF0, 0x0F, 0xFF, 0xFF, 0x80, 0x1F,
  0xFF, 0xE0, 0x0F, 0xFF, 0xFF, 0xFF, 0xFF, 0xFF, 0xE0, 0x1F, 0xFF, 0xFF,
  0xFF, 0xFF, 0xFF, 0xE0, 0x1F, 0xFF, 0xFF, 0xFF, 0xFF, 0xFF, 0xE0, 0x1F,
  0xFF, 0xFF, 0xFF, 0xFF, 0xFF, 0xE0, 0x1F, 0xFF, 0xFF, 0xFF, 0xFF, 0xFF,
  0xE0, 0x1F, 0xFF, 0xFF, 0xFF, 0xFF, 0xFF, 0x80, 0x1F, 0xFF, 0xFF, 0xFF,
  0xFF, 0xFC, 0x00, 0x1F, 0xFF, 0xFF, 0xFF, 0xFF, 0xF0, 0x00, 0x1F, 0xFF,
  0xFF, 0xFF, 0xFF, 0x80, 0x00, 0x0F, 0xFF, 0xFF, 0xFF, 0xFC, 0x00, 0x00,
  0x0F, 0xFF, 0xFF, 0xFF, 0xF0, 0x00, 0x00, 0x07, 0xFF, 0xFF, 0xFF, 0x00,
  0x00, 0x00, 0x01, 0xFF, 0xFF, 0xF0, 0x00, 0x00, 0x00, 0x00, 0x3F, 0xFE,
  0x00, 0x00, 0x00, 0x00, 0x00, 0x01, 0xFF, 0xFC, 0x00, 0x00, 0x00, 0x00,
  0x00, 0x0F, 0xFF, 0xE0, 0x00, 0x00, 0x00, 0x00, 0x00, 0x7F, 0xFF, 0x00,
  0x00, 0x00, 0x00, 0x00, 0x03, 0xFF, 0xF8, 0x00, 0x00, 0x00, 0x00, 0x00,
  0x1F, 0xFF, 0xC0, 0x00, 0x00, 0x00, 0x00, 0x01, 0xFF, 0xFF, 0x00, 0x00,
  0x00, 0x00, 0x00, 0x0F, 0xFF, 0xF8, 0x00, 0x00, 0x00, 0x00, 0x00, 0x7F,
  0xFF, 0xC0, 0x00, 0x00, 0x00, 0x00, 0x03, 0xFF, 0xFE, 0x00, 0x00, 0x00,
  0x00, 0x00, 0x3F, 0xFF, 0xF8, 0x00, 0x00, 0x00, 0x00, 0x01, 0xFF, 0xFF,
  0xC0, 0x00, 0x00, 0x00, 0x00, 0x0F, 0xFF, 0xFE, 0x00, 0x00, 0x00, 0x00,
  0x00, 0x7F, 0xFF, 0xF0, 0x00, 0x00, 0x00, 0x00, 0x03, 0xFF, 0xFF, 0x80,
  0x00, 0x00, 0x00, 0x00, 0x3F, 0xFF, 0xFE, 0x00, 0x00, 0x00, 0x00, 0x01,
  0xFF, 0xFF, 0xF0, 0x00, 0x00, 0x00, 0x00, 0x0F, 0xFF, 0xFF, 0x80, 0x00,
  0x00, 0x00, 0x00, 0x7F, 0xEF, 0xFC, 0x00, 0x00, 0x00, 0x00, 0x03, 0xFF,
  0x7F, 0xE0, 0x00, 0x00, 0x00, 0x00, 0x3F, 0xFB, 0xFF, 0x80, 0x00, 0x00,
  0x00, 0x01, 0xFF, 0xDF, 0xFC, 0x00, 0x00, 0x00, 0x00, 0x0F, 0xFE, 0xFF,
  0xE0, 0x00, 0x00, 0x00, 0x00, 0x7F, 0xF7, 0xFF, 0x00, 0x00, 0x00, 0x00,
  0x07, 0xFF, 0x1F, 0xFC, 0x00, 0x00, 0x00, 0x00, 0x3F, 0xF8, 0xFF, 0xE0,
  0x00, 0x00, 0x00, 0x01, 0xFF, 0xC7, 0xFF, 0x00, 0x00, 0x00, 0x00, 0x0F,
  0xFE, 0x3F, 0xF8, 0x00, 0x00, 0x00, 0x00, 0x7F, 0xF1, 0xFF, 0xC0, 0x00,
  0x00, 0x00, 0x07, 0xFF, 0x8F, 0xFF, 0x00, 0x00, 0x00, 0x00, 0x3F, 0xF8,
  0x3F, 0xF8, 0x00, 0x00, 0x00, 0x01, 0xFF, 0xC1, 0xFF, 0xC0, 0x00, 0x00,
  0x00, 0x0F, 0xFE, 0x0F, 0xFE, 0x00, 0x00, 0x00, 0x00, 0x7F, 0xF0, 0x7F,
  0xF0, 0x00, 0x00, 0x00, 0x07, 0xFF, 0x83, 0xFF, 0xC0, 0x00, 0x00, 0x00,
  0x3F, 0xFC, 0x1F, 0xFE, 0x00, 0x00, 0x00, 0x01, 0xFF, 0xE0, 0xFF, 0xF0,
  0x00, 0x00, 0x00, 0x0F, 0xFE, 0x03, 0xFF, 0x80, 0x00, 0x00, 0x00, 0xFF,
  0xF0, 0x1F, 0xFE, 0x00, 0x00, 0x00, 0x07, 0xFF, 0x80, 0xFF, 0xF0, 0x00,
  0x00, 0x00, 0x3F, 0xFC, 0x07, 0xFF, 0x80, 0x00, 0x00, 0x01, 0xFF, 0xE0,
  0x3F, 0xFC, 0x00, 0x00, 0x00, 0x0F, 0xFF, 0x01, 0xFF, 0xE0, 0x00, 0x00,
  0x00, 0xFF, 0xF0, 0x07, 0xFF, 0x80, 0x00, 0x00, 0x07, 0xFF, 0x80, 0x3F,
  0xFC, 0x00, 0x00, 0x00, 0x3F, 0xFC, 0x01, 0xFF, 0xE0, 0x00, 0x00, 0x01,
  0xFF, 0xE0, 0x0F, 0xFF, 0x00, 0x00, 0x00, 0x0F, 0xFF, 0x00, 0x7F, 0xF8,
  0x00, 0x00, 0x00, 0xFF, 0xF8, 0x03, 0xFF, 0xE0, 0x00, 0x00, 0x07, 0xFF,
  0xC0, 0x1F, 0xFF, 0x00, 0x00, 0x00, 0x3F, 0xFC, 0x00, 0x7F, 0xF8, 0x00,
  0x00, 0x01, 0xFF, 0xE0, 0x03, 0xFF, 0xC0, 0x00, 0x00, 0x1F, 0xFF, 0x00,
  0x1F, 0xFF, 0x00, 0x00, 0x00, 0xFF, 0xF8, 0x00, 0xFF, 0xF8, 0x00, 0x00,
  0x07, 0xFF, 0xC0, 0x07, 0xFF, 0xC0, 0x00, 0x00, 0x3F, 0xFE, 0x00, 0x3F,
  0xFE, 0x00, 0x00, 0x01, 0xFF, 0xE0, 0x00, 0xFF, 0xF0, 0x00, 0x00, 0x1F,
  0xFF, 0x00, 0x07, 0xFF, 0xC0, 0x00, 0x00, 0xFF, 0xF8, 0x00, 0x3F, 0xFE,
  0x00, 0x00, 0x07, 0xFF, 0xC0, 0x01, 0xFF, 0xF0, 0x00, 0x00, 0x3F, 0xFE,
  0x00, 0x0F, 0xFF, 0x80, 0x00, 0x03, 0xFF, 0xF0, 0x00, 0x7F, 0xFE, 0x00,
  0x00, 0x1F, 0xFF, 0x80, 0x01, 0xFF, 0xF0, 0x00, 0x00, 0xFF, 0xF8, 0x00,
  0x0F, 0xFF, 0x80, 0x00, 0x07, 0xFF, 0xC0, 0x00, 0x7F, 0xFC, 0x00, 0x00,
  0x3F, 0xFE, 0x00, 0x03, 0xFF, 0xE0, 0x00, 0x03, 0xFF, 0xF0, 0x00, 0x1F,
  0xFF, 0x80, 0x00, 0x1F, 0xFF, 0x80, 0x00, 0xFF, 0xFC, 0x00, 0x00, 0xFF,
  0xFC, 0x00, 0x07, 0xFF, 0xE0, 0x00, 0x07, 0xFF, 0xC0, 0x00, 0x1F, 0xFF,
  0x00, 0x00, 0x3F, 0xFE, 0x00, 0x00, 0xFF, 0xF8, 0x00, 0x03, 0xFF, 0xF0,
  0x00, 0x07, 0xFF, 0xE0, 0x00, 0x1F, 0xFF, 0x80, 0x00, 0x3F, 0xFF, 0x00,
  0x00, 0xFF, 0xFC, 0x00, 0x01, 0xFF, 0xF8, 0x00, 0x07, 0xFF, 0xE0, 0x00,
  0x0F, 0xFF, 0xC0, 0x00, 0x7F, 0xFE, 0x00, 0x00, 0x3F, 0xFF, 0x00, 0x03,
  0xFF, 0xF0, 0x00, 0x01, 0xFF, 0xF8, 0x00, 0x1F, 0xFF, 0xFF, 0xFF, 0xFF,
  0xFF, 0xC0, 0x00, 0xFF, 0xFF, 0xFF, 0xFF, 0xFF, 0xFE, 0x00, 0x07, 0xFF,
  0xFF, 0xFF, 0xFF, 0xFF, 0xF0, 0x00, 0x7F, 0xFF, 0xFF, 0xFF, 0xFF, 0xFF,
  0xC0, 0x03, 0xFF, 0xFF, 0xFF, 0xFF, 0xFF, 0xFE, 0x00, 0x1F, 0xFF, 0xFF,
  0xFF, 0xFF, 0xFF, 0xF0, 0x00, 0xFF, 0xFF, 0xFF, 0xFF, 0xFF, 0xFF, 0x80,
  0x07, 0xFF, 0xFF, 0xFF, 0xFF, 0xFF, 0xFC, 0x00, 0x7F, 0xFF, 0xFF, 0xFF,
  0xFF, 0xFF, 0xF0, 0x03, 0xFF, 0xFF, 0xFF, 0xFF, 0xFF, 0xFF, 0x80, 0x1F,
  0xFF, 0xFF, 0xFF, 0xFF, 0xFF, 0xFC, 0x00, 0xFF, 0xFF, 0xFF, 0xFF, 0xFF,
  0xFF, 0xE0, 0x0F, 0xFF, 0xFF, 0xFF, 0xFF, 0xFF, 0xFF, 0x80, 0x7F, 0xFF,
  0x00, 0x00, 0x01, 0xFF, 0xFC, 0x03, 0xFF, 0xF8, 0x00, 0x00, 0x0F, 0xFF,
  0xE0, 0x1F, 0xFF, 0xC0, 0x00, 0x00, 0x7F, 0xFF, 0x00, 0xFF, 0xFC, 0x00,
  0x00, 0x01, 0xFF, 0xF8, 0x0F, 0xFF, 0xE0, 0x00, 0x00, 0x0F, 0xFF, 0xE0,
  0x7F, 0xFF, 0x00, 0x00, 0x00, 0x7F, 0xFF, 0x03, 0xFF, 0xF8, 0x00, 0x00,
  0x03, 0xFF, 0xF8, 0x1F, 0xFF, 0xC0, 0x00, 0x00, 0x1F, 0xFF, 0xC0, 0xFF,
  0xFE, 0x00, 0x00, 0x00, 0x7F, 0xFE, 0x0F, 0xFF, 0xE0, 0x00, 0x00, 0x03,
  0xFF, 0xF8, 0x7F, 0xFF, 0x00, 0x00, 0x00, 0x1F, 0xFF, 0xC3, 0xFF, 0xF8,
  0x00, 0x00, 0x00, 0xFF, 0xFE, 0x1F, 0xFF, 0xC0, 0x00, 0x00, 0x07, 0xFF,
  0xF1, 0xFF, 0xFE, 0x00, 0x00, 0x00, 0x3F, 0xFF, 0xCF, 0xFF, 0xE0, 0x00,
  0x00, 0x00, 0xFF, 0xFE, 0x7F, 0xFF, 0x00, 0x00, 0x00, 0x07, 0xFF, 0xF3,
  0xFF, 0xF8, 0x00, 0x00, 0x00, 0x3F, 0xFF, 0x9F, 0xFF, 0xC0, 0x00, 0x00,
  0x01, 0xFF, 0xFD, 0xFF, 0xFE, 0x00, 0x00, 0x00, 0x0F, 0xFF, 0xFF, 0xFF,
  0xE0, 0x00, 0x00, 0x00, 0x3F, 0xFF, 0xFF, 0xFF, 0x00, 0x00, 0x00, 0x01,
  0xFF, 0xFC, 0xFF, 0xFF, 0xFF, 0xFF, 0xC0, 0x00, 0x01, 0xFF, 0xFF, 0xFF,
  0xFF, 0xF8, 0x00, 0x03, 0xFF, 0xFF, 0xFF, 0xFF, 0xFC, 0x00, 0x07, 0xFF,
  0xFF, 0xFF, 0xFF, 0xFE, 0x00, 0x0F, 0xFF, 0xFF, 0xFF, 0xFF, 0xFE, 0x00,
  0x1F, 0xFF, 0xFF, 0xFF, 0xFF, 0xFE, 0x00, 0x3F, 0xFF, 0xFF, 0xFF, 0xFF,
  0xFF, 0x00, 0x7F, 0xFF, 0xFF, 0xFF, 0xFF, 0xFF, 0x00, 0xFF, 0xFF, 0xFF,
  0xFF, 0xFF, 0xFF, 0x01, 0xFF, 0xFF, 0xFF, 0xFF, 0xFF, 0xFE, 0x03, 0xFF,
  0xFF, 0xFF, 0xFF, 0xFF, 0xFE, 0x07, 0xFF, 0xFF, 0xFF, 0xFF, 0xFF, 0xFE,
  0x0F, 0xFF, 0xFF, 0xFF, 0xFF, 0xFF, 0xFE, 0x1F, 0xFF, 0x80, 0x01, 0xFF,
  0xFF, 0xFC, 0x3F, 0xFF, 0x00, 0x00, 0x1F, 0xFF, 0xFC, 0x7F, 0xFE, 0x00,
  0x00, 0x0F, 0xFF, 0xF8, 0xFF, 0xFC, 0x00, 0x00, 0x0F, 0xFF, 0xF9, 0xFF,
  0xF8, 0x00, 0x00, 0x0F, 0xFF, 0xF3, 0xFF, 0xF0, 0x00, 0x00, 0x0F, 0xFF,
  0xF7, 0xFF, 0xE0, 0x00, 0x00, 0x0F, 0xFF, 0xEF, 0xFF, 0xC0, 0x00, 0x00,
  0x0F, 0xFF, 0xDF, 0xFF, 0x80, 0x00, 0x00, 0x1F, 0xFF, 0xFF, 0xFF, 0x00,
  0x00, 0x00, 0x3F, 0xFF, 0xFF, 0xFE, 0x00, 0x00, 0x00, 0x3F, 0xFF, 0xFF,
  0xFC, 0x00, 0x00, 0x00, 0x7F, 0xFF, 0xFF, 0xF8, 0x00, 0x00, 0x00, 0xFF,
  0xFF, 0xFF, 0xF0, 0x00, 0x00, 0x01, 0xFF, 0xFF, 0xFF, 0xE0, 0x00, 0x00,
  0x03, 0xFF, 0xFF, 0xFF, 0xC0, 0x00, 0x00, 0x07, 0xFF, 0xFF, 0xFF, 0x80,
  0x00, 0x00, 0x0F, 0xFF, 0xFF, 0xFF, 0x00, 0x00, 0x00, 0x1F, 0xFF, 0xFF,
  0xFE, 0x00, 0x00, 0x00, 0x3F, 0xFF, 0xFF, 0xFC, 0x00, 0x00, 0x00, 0x7F,
  0xFF, 0xFF, 0xF8, 0x00, 0x00, 0x00, 0xFF, 0xFF, 0xFF, 0xF0, 0x00, 0x00,
  0x01, 0xFF, 0xFF, 0xFF, 0xE0, 0x00, 0x00, 0x03, 0xFF, 0xFF, 0xFF, 0xC0,
  0x00, 0x00, 0x07, 0xFF, 0xFF, 0xFF, 0x80, 0x00, 0x00, 0x0F, 0xFF, 0xFF,
  0xFF, 0x00, 0x00, 0x00, 0x1F, 0xFF, 0xFF, 0xFE, 0x00, 0x00, 0x00, 0x7F,
  0xFE, 0xFF, 0xFC, 0x00, 0x00, 0x00, 0xFF, 0xFD, 0xFF, 0xF8, 0x00, 0x00,
  0x03, 0xFF, 0xFB, 0xFF, 0xF0, 0x00, 0x00, 0x0F, 0xFF, 0xE7, 0xFF, 0xE0,
  0x00, 0x00, 0x1F, 0xFF, 0xCF, 0xFF, 0xC0, 0x00, 0x00, 0x7F, 0xFF, 0x1F,
  0xFF, 0x80, 0x00, 0x03, 0xFF, 0xFE, 0x3F, 0xFF, 0x00, 0x00, 0x0F, 0xFF,
  0xF8, 0x7F, 0xFE, 0x00, 0x00, 0xFF, 0xFF, 0xE0, 0xFF, 0xFF, 0xFF, 0xFF,
  0xFF, 0xFF, 0x81, 0xFF, 0xFF, 0xFF, 0xFF, 0xFF, 0xFE, 0x03, 0xFF, 0xFF,
  0xFF, 0xFF, 0xFF, 0xF8, 0x07, 0xFF, 0xFF, 0xFF, 0xFF, 0xFF, 0xE0, 0x0F,
  0xFF, 0xFF, 0xFF, 0xFF, 0xFF, 0x00, 0x1F, 0xFF, 0xFF, 0xFF, 0xFF, 0xF8,
  0x00, 0x3F, 0xFF, 0xFF, 0xFF, 0xFF, 0x00, 0x00, 0x7F, 0xFF, 0xFF, 0xFF,
  0xFF, 0x80, 0x00, 0xFF, 0xFF, 0xFF, 0xFF, 0xFF, 0xE0, 0x01, 0xFF, 0xFF,
  0xFF, 0xFF, 0xFF, 0xF0, 0x03, 0xFF, 0xFF, 0xFF, 0xFF, 0xFF, 0xF0, 0x07,
  0xFF, 0xFF, 0xFF, 0xFF, 0xFF, 0xF0, 0x0F, 0xFF, 0xFF, 0xFF, 0xFF, 0xFF,
  0xF0, 0x1F, 0xFF, 0xFF, 0xFF, 0xFF, 0xFF, 0xF0, 0x3F, 0xFF, 0x00, 0x00,
  0x3F, 0xFF, 0xF0, 0x7F, 0xFE, 0x00, 0x00, 0x1F, 0xFF, 0xF0, 0xFF, 0xFC,
  0x00, 0x00, 0x0F, 0xFF, 0xF1, 0xFF, 0xF8, 0x00, 0x00, 0x0F, 0xFF, 0xE3,
  0xFF, 0xF0, 0x00, 0x00, 0x0F, 0xFF, 0xE7, 0xFF, 0xE0, 0x00, 0x00, 0x0F,
  0xFF, 0xCF, 0xFF, 0xC0, 0x00, 0x00, 0x1F, 0xFF, 0xDF, 0xFF, 0x80, 0x00,
  0x00, 0x1F, 0xFF, 0xBF, 0xFF, 0x00, 0x00, 0x00, 0x3F, 0xFF, 0x7F, 0xFE,
  0x00, 0x00, 0x00, 0x3F, 0xFF, 0xFF, 0xFC, 0x00, 0x00, 0x00, 0x7F, 0xFF,
  0xFF, 0xF8, 0x00, 0x00, 0x00, 0xFF, 0xFF, 0xFF, 0xF0, 0x00, 0x00, 0x01,
  0xFF, 0xFF, 0xFF, 0xE0, 0x00, 0x00, 0x03, 0xFF, 0xFF, 0xFF, 0xC0, 0x00,
  0x00, 0x07, 0xFF, 0xFF, 0xFF, 0x80, 0x00, 0x00, 0x0F, 0xFF, 0xFF, 0xFF,
  0x00, 0x00, 0x00, 0x1F, 0xFF, 0xFF, 0xFE, 0x00, 0x00, 0x00, 0x3F, 0xFF,
  0xFF, 0xFC, 0x00, 0x00, 0x00, 0x7F, 0xFF, 0xFF, 0xF8, 0x00, 0x00, 0x00,
  0xFF, 0xFF, 0xFF, 0xF0, 0x00, 0x00, 0x01, 0xFF, 0xFF, 0xFF, 0xE0, 0x00,
  0x00, 0x03, 0xFF, 0xFF, 0xFF, 0xC0, 0x00, 0x00, 0x07, 0xFF, 0xFF, 0xFF,
  0x80, 0x00, 0x00, 0x0F, 0xFF, 0xFF, 0xFF, 0x00, 0x00, 0x00, 0x1F, 0xFF,
  0xFF, 0xFE, 0x00, 0x00, 0x00, 0x7F, 0xFF, 0xFF, 0xFC, 0x00, 0x00, 0x00,
  0xFF, 0xFD, 0xFF, 0xF8, 0x00, 0x00, 0x03, 0xFF, 0xFB, 0xFF, 0xF0, 0x00,
  0x00, 0x07, 0xFF, 0xF7, 0xFF, 0xE0, 0x00, 0x00, 0x1F, 0xFF, 0xEF, 0xFF,
  0xC0, 0x00, 0x00, 0x7F, 0xFF, 0x9F, 0xFF, 0x80, 0x00, 0x01, 0xFF, 0xFF,
  0x3F, 0xFF, 0x00, 0x00, 0x0F, 0xFF, 0xFC, 0x7F, 0xFE, 0x00, 0x00, 0x7F,
  0xFF, 0xF8, 0xFF, 0xFF, 0xFF, 0xFF, 0xFF, 0xFF, 0xE1, 0xFF, 0xFF, 0xFF,
  0xFF, 0xFF, 0xFF, 0xC3, 0xFF, 0xFF, 0xFF, 0xFF, 0xFF, 0xFF, 0x07, 0xFF,
  0xFF, 0xFF, 0xFF, 0xFF, 0xFC, 0x0F, 0xFF, 0xFF, 0xFF, 0xFF, 0xFF, 0xF0,
  0x1F, 0xFF, 0xFF, 0xFF, 0xFF, 0xFF, 0xC0, 0x3F, 0xFF, 0xFF, 0xFF, 0xFF,
  0xFF, 0x00, 0x7F, 0xFF, 0xFF, 0xFF, 0xFF, 0xFC, 0x00, 0xFF, 0xFF, 0xFF,
  0xFF, 0xFF, 0xF0, 0x01, 0xFF, 0xFF, 0xFF, 0xFF, 0xFF, 0xC0, 0x03, 0xFF,
  0xFF, 0xFF, 0xFF, 0xFE, 0x00, 0x07, 0xFF, 0xFF, 0xFF, 0xFF, 0xF0, 0x00,
  0x0F, 0xFF, 0xFF, 0xFF, 0xFF, 0x80, 0x00, 0x1F, 0xFF, 0xFF, 0xFF, 0xF0,
  0x00, 0x00, 0x00, 0x00, 0x00, 0x0F, 0xFF, 0xC0, 0x00, 0x00, 0x00, 0x00,
  0xFF, 0xFF, 0xF8, 0x00, 0x00, 0x00, 0x07, 0xFF, 0xFF, 0xFC, 0x00, 0x00,
  0x00, 0x3F, 0xFF, 0xFF, 0xFE, 0x00, 0x00, 0x00, 0xFF, 0xFF, 0xFF, 0xFE,
  0x00, 0x00, 0x03, 0xFF, 0xFF, 0xFF, 0xFE, 0x00, 0x00, 0x1F, 0xFF, 0xFF,
  0xFF, 0xFF, 0x00, 0x00, 0x7F, 0xFF, 0xFF, 0xFF, 0xFF, 0x00, 0x01, 0xFF,
  0xFF, 0xFF, 0xFF, 0xFF, 0x00, 0x07, 0xFF, 0xFF, 0xFF, 0xFF, 0xFE, 0x00,
  0x0F, 0xFF, 0xFF, 0xFF, 0xFF, 0xFE, 0x00, 0x3F, 0xFF, 0xFF, 0xFF, 0xFF,
  0xFE, 0x00, 0xFF, 0xFF, 0xFF, 0xFF, 0xFF, 0xFE, 0x01, 0xFF, 0xFF, 0xFD,
  0xFF, 0xFF, 0xFC, 0x07, 0xFF, 0xFF, 0x00, 0x1F, 0xFF, 0xFC, 0x1F, 0xFF,
  0xF8, 0x00, 0x0F, 0xFF, 0xF8, 0x3F, 0xFF, 0xE0, 0x00, 0x0F, 0xFF, 0xF8,
  0x7F, 0xFF, 0x80, 0x00, 0x0F, 0xFF, 0xF1, 0xFF, 0xFE, 0x00, 0x00, 0x0F,
  0xFF, 0xF3, 0xFF, 0xF8, 0x00, 0x00, 0x0F, 0xFF, 0xE7, 0xFF, 0xE0, 0x00,
  0x00, 0x0F, 0xFF, 0xDF, 0xFF, 0xC0, 0x00, 0x00, 0x1F, 0xFF, 0xFF, 0xFF,
  0x80, 0x00, 0x00, 0x3F, 0xFF, 0xFF, 0xFE, 0x00, 0x00, 0x00, 0x3F, 0xFF,
  0xFF, 0xFC, 0x00, 0x00, 0x00, 0x7F, 0xFF, 0xFF, 0xF8, 0x00, 0x00, 0x00,
  0xFF, 0xFF, 0xFF, 0xF0, 0x00, 0x00, 0x01, 0xFF, 0xFF, 0xFF, 0xE0, 0x00,
  0x00, 0x00, 0x00, 0x0F, 0xFF, 0xC0, 0x00, 0x00, 0x00, 0x00, 0x1F, 0xFF,
  0x80, 0x00, 0x00, 0x00, 0x00, 0x3F, 0xFF, 0x00, 0x00, 0x00, 0x00, 0x00,
  0x7F, 0xFE, 0x00, 0x00, 0x00, 0x00, 0x00, 0xFF, 0xFC, 0x00, 0x00, 0x00,
  0x00, 0x01, 0xFF, 0xF8, 0x00, 0x00, 0x00, 0x00, 0x03, 0xFF, 0xF0, 0x00,
  0x00, 0x00, 0x00, 0x07, 0xFF, 0xE0, 0x00, 0x00, 0x00, 0x00, 0x0F, 0xFF,
  0xC0, 0x00, 0x00, 0x00, 0x00, 0x1F, 0xFF, 0x80, 0x00, 0x00, 0x00, 0x00,
  0x3F, 0xFF, 0x00, 0x00, 0x00, 0x00, 0x00, 0x7F, 0xFE, 0x00, 0x00, 0x00,
  0x00, 0x00, 0xFF, 0xFC, 0x00, 0x00, 0x00, 0x00, 0x01, 0xFF, 0xF8, 0x00,
  0x00, 0x00, 0x00, 0x03, 0xFF, 0xF0, 0x00, 0x00, 0x00, 0x00, 0x07, 0xFF,
  0xE0, 0x00, 0x00, 0x00, 0x00, 0x0F, 0xFF, 0xC0, 0x00, 0x00, 0x00, 0x00,
  0x1F, 0xFF, 0x80, 0x00, 0x00, 0x00, 0x00, 0x3F, 0xFF, 0x00, 0x00, 0x00,
  0x00, 0x00, 0x7F, 0xFE, 0x00, 0x00, 0x00, 0x00, 0x00, 0xFF, 0xFC, 0x00,
  0x00, 0x00, 0x00, 0x01, 0xFF, 0xF8, 0x00, 0x00, 0x00, 0x00, 0x03, 0xFF,
  0xF0, 0x00, 0x00, 0x00, 0x00, 0x07, 0xFF, 0xE0, 0x00, 0x00, 0x00, 0x00,
  0x0F, 0xFF, 0xC0, 0x00, 0x00, 0x00, 0x00, 0x1F, 0xFF, 0x80, 0x00, 0x00,
  0x00, 0x00, 0x3F, 0xFF, 0x00, 0x00, 0x00, 0x00, 0x00, 0x7F, 0xFE, 0x00,
  0x00, 0x00, 0x00, 0x00, 0xFF, 0xFC, 0x00, 0x00, 0x00, 0x00, 0x01, 0xFF,
  0xF8, 0x00, 0x00, 0x00, 0x00, 0x03, 0xFF, 0xF0, 0x00, 0x00, 0x00, 0x00,
  0x07, 0xFF, 0xE0, 0x00, 0x00, 0x00, 0x00, 0x0F, 0xFF, 0xC0, 0x00, 0x00,
  0x00, 0x00, 0x1F, 0xFF, 0x80, 0x00, 0x00, 0x00, 0x00, 0x3F, 0xFF, 0x00,
  0x00, 0x00, 0x00, 0x00, 0x7F, 0xFE, 0x00, 0x00, 0x00, 0x00, 0x00, 0xFF,
  0xFC, 0x00, 0x00, 0x00, 0x00, 0x01, 0xFF, 0xF8, 0x00, 0x00, 0x00, 0x00,
  0x03, 0xFF, 0xF0, 0x00, 0x00, 0x00, 0x00, 0x07, 0xFF, 0xE0, 0x00, 0x00,
  0x00, 0x00, 0x0F, 0xFF, 0xC0, 0x00, 0x00, 0x00, 0x00, 0x1F, 0xFF, 0x80,
  0x00, 0x00, 0x00, 0x00, 0x3F, 0xFF, 0x00, 0x00, 0x00, 0x00, 0x00, 0x7F,
  0xFE, 0x00, 0x00, 0x00, 0x00, 0x00, 0xFF, 0xFC, 0x00, 0x00, 0x00, 0x00,
  0x01, 0xFF, 0xF8, 0x00, 0x00, 0x00, 0x00, 0x03, 0xFF, 0xF0, 0x00, 0x00,
  0x00, 0x00, 0x07, 0xFF, 0xE0, 0x00, 0x00, 0x00, 0x00, 0x0F, 0xFF, 0xC0,
  0x00, 0x00, 0x00, 0x00, 0x1F, 0xFF, 0x80, 0x00, 0x00, 0x00, 0x00, 0x3F,
  0xFF, 0x00, 0x00, 0x00, 0x00, 0x00, 0x7F, 0xFE, 0x00, 0x00, 0x00, 0x00,
  0x00, 0xFF, 0xFC, 0x00, 0x00, 0x00, 0x00, 0x01, 0xFF, 0xF8, 0x00, 0x00,
  0x00, 0x00, 0x03, 0xFF, 0xF0, 0x00, 0x00, 0x01, 0xFF, 0xFF, 0xFF, 0xE0,
  0x00, 0x00, 0x03, 0xFF, 0xFF, 0xFF, 0xC0, 0x00, 0x00, 0x07, 0xFF, 0xFF,
  0xFF, 0x80, 0x00, 0x00, 0x0F, 0xFF, 0xFF, 0xFF, 0x00, 0x00, 0x00, 0x1F,
  0xFF, 0xFF, 0xFF, 0x00, 0x00, 0x00, 0x7F, 0xFF, 0x7F, 0xFE, 0x00, 0x00,
  0x00, 0xFF, 0xFC, 0xFF, 0xFE, 0x00, 0x00, 0x03, 0xFF, 0xF9, 0xFF, 0xFC,
  0x00, 0x00, 0x07, 0xFF, 0xF3, 0xFF, 0xFC, 0x00, 0x00, 0x1F, 0xFF, 0xE3,
  0xFF, 0xFC, 0x00, 0x00, 0x7F, 0xFF, 0x87, 0xFF, 0xFC, 0x00, 0x01, 0xFF,
  0xFF, 0x07, 0xFF, 0xFE, 0x00, 0x0F, 0xFF, 0xFC, 0x0F, 0xFF, 0xFF, 0x00,
  0x7F, 0xFF, 0xF8, 0x0F, 0xFF, 0xFF, 0xFF, 0xFF, 0xFF, 0xE0, 0x1F, 0xFF,
  0xFF, 0xFF, 0xFF, 0xFF, 0xC0, 0x1F, 0xFF, 0xFF, 0xFF, 0xFF, 0xFF, 0x00,
  0x1F, 0xFF, 0xFF, 0xFF, 0xFF, 0xFC, 0x00, 0x1F, 0xFF, 0xFF, 0xFF, 0xFF,
  0xF0, 0x00, 0x1F, 0xFF, 0xFF, 0xFF, 0xFF, 0xC0, 0x00, 0x1F, 0xFF, 0xFF,
  0xFF, 0xFF, 0x00, 0x00, 0x1F, 0xFF, 0xFF, 0xFF, 0xFC, 0x00, 0x00, 0x1F,
  0xFF, 0xFF, 0xFF, 0xF0, 0x00, 0x00, 0x1F, 0xFF, 0xFF, 0xFF, 0xC0, 0x00,
  0x00, 0x0F, 0xFF, 0xFF, 0xFE, 0x00, 0x00, 0x00, 0x07, 0xFF, 0xFF, 0xF0,
  0x00, 0x00, 0x00, 0x03, 0xFF, 0xFF, 0x80, 0x00, 0x00, 0x00, 0x00, 0x7F,
  0xF0, 0x00, 0x00, 0x00, 0xFF, 0xFF, 0xFF, 0xFF, 0xC0, 0x00, 0x01, 0xFF,
  0xFF, 0xFF, 0xFF, 0xF8, 0x00, 0x03, 0xFF, 0xFF, 0xFF, 0xFF, 0xFC, 0x00,
  0x07, 0xFF, 0xFF, 0xFF, 0xFF, 0xFE, 0x00, 0x0F, 0xFF, 0xFF, 0xFF, 0xFF,
  0xFE, 0x00, 0x1F, 0xFF, 0xFF, 0xFF, 0xFF, 0xFE, 0x00, 0x3F, 0xFF, 0xFF,
  0xFF, 0xFF, 0xFF, 0x00, 0x7F, 0xFF, 0xFF, 0xFF, 0xFF, 0xFF, 0x00, 0xFF,
  0xFF, 0xFF, 0xFF, 0xFF, 0xFF, 0x01, 0xFF, 0xFF, 0xFF, 0xFF, 0xFF, 0xFE,
  0x03, 0xFF, 0xFF, 0xFF, 0xFF, 0xFF, 0xFE, 0x07, 0xFF, 0xFF, 0xFF, 0xFF,
  0xFF, 0xFE, 0x0F, 0xFF, 0xFF, 0xFF, 0xFF, 0xFF, 0xFE, 0x1F, 0xFF, 0x80,
  0x01, 0xFF, 0xFF, 0xFC, 0x3F, 0xFF, 0x00, 0x00, 0x1F, 0xFF, 0xFC, 0x7F,
  0xFE, 0x00, 0x00, 0x0F, 0xFF, 0xF8, 0xFF, 0xFC, 0x00, 0x00, 0x0F, 0xFF,
  0xF9, 0xFF, 0xF8, 0x00, 0x00, 0x0F, 0xFF, 0xF3, 0xFF, 0xF0, 0x00, 0x00,
  0x0F, 0xFF, 0xF7, 0xFF, 0xE0, 0x00, 0x00, 0x0F, 0xFF, 0xEF, 0xFF, 0xC0,
  0x00, 0x00, 0x0F, 0xFF, 0xDF, 0xFF, 0x80, 0x00, 0x00, 0x1F, 0xFF, 0xFF,
  0xFF, 0x00, 0x00, 0x00, 0x3F, 0xFF, 0xFF, 0xFE, 0x00, 0x00, 0x00, 0x3F,
  0xFF, 0xFF, 0xFC, 0x00, 0x00, 0x00, 0x7F, 0xFF, 0xFF, 0xF8, 0x00, 0x00,
  0x00, 0xFF, 0xFF, 0xFF, 0xF0, 0x00, 0x00, 0x01, 0xFF, 0xFF, 0xFF, 0xE0,
  0x00, 0x00, 0x03, 0xFF, 0xFF, 0xFF, 0xC0, 0x00, 0x00, 0x07, 0xFF, 0xFF,
  0xFF, 0x80, 0x00, 0x00, 0x0F, 0xFF, 0xFF, 0xFF, 0x00, 0x00, 0x00, 0x1F,
  0xFF, 0xFF, 0xFE, 0x00, 0x00, 0x00, 0x3F, 0xFF, 0xFF, 0xFC, 0x00, 0x00,
  0x00, 0x7F, 0xFF, 0xFF, 0xF8, 0x00, 0x00, 0x00, 0xFF, 0xFF, 0xFF, 0xF0,
  0x00, 0x00, 0x01, 0xFF, 0xFF, 0xFF, 0xE0, 0x00, 0x00, 0x03, 0xFF, 0xFF,
  0xFF, 0xC0, 0x00, 0x00, 0x07, 0xFF, 0xFF, 0xFF, 0x80, 0x00, 0x00, 0x0F,
  0xFF, 0xFF, 0xFF, 0x00, 0x00, 0x00, 0x1F, 0xFF, 0xFF, 0xFE, 0x00, 0x00,
  0x00, 0x3F, 0xFF, 0xFF, 0xFC, 0x00, 0x00, 0x00, 0x7F, 0xFF, 0xFF, 0xF8,
  0x00, 0x00, 0x00, 0xFF, 0xFF, 0xFF, 0xF0, 0x00, 0x00, 0x01, 0xFF, 0xFF,
  0xFF, 0xE0, 0x00, 0x00, 0x03, 0xFF, 0xFF, 0xFF, 0xC0, 0x00, 0x00, 0x07,
  0xFF, 0xFF, 0xFF, 0x80, 0x00, 0x00, 0x0F, 0xFF, 0xFF, 0xFF, 0x00, 0x00,
  0x00, 0x1F, 0xFF, 0xFF, 0xFE, 0x00, 0x00, 0x00, 0x3F, 0xFF, 0xFF, 0xFC,
  0x00, 0x00, 0x00, 0x7F, 0xFF, 0xFF, 0xF8, 0x00, 0x00, 0x00, 0xFF, 0xFF,
  0xFF, 0xF0, 0x00, 0x00, 0x01, 0xFF, 0xFF, 0xFF, 0xE0, 0x00, 0x00, 0x03,
  0xFF, 0xFF, 0xFF, 0xC0, 0x00, 0x00, 0x07, 0xFF, 0xFF, 0xFF, 0x80, 0x00,
  0x00, 0x0F, 0xFF, 0xFF, 0xFF, 0x00, 0x00, 0x00, 0x1F, 0xFF, 0xFF, 0xFE,
  0x00, 0x00, 0x00, 0x3F, 0xFF, 0xFF, 0xFC, 0x00, 0x00, 0x00, 0x7F, 0xFF,
  0xFF, 0xF8, 0x00, 0x00, 0x00, 0xFF, 0xFF, 0xFF, 0xF0, 0x00, 0x00, 0x01,
  0xFF, 0xFF, 0xFF, 0xE0, 0x00, 0x00, 0x03, 0xFF, 0xFF, 0xFF, 0xC0, 0x00,
  0x00, 0x07, 0xFF, 0xFF, 0xFF, 0x80, 0x00, 0x00, 0x0F, 0xFF, 0xFF, 0xFF,
  0x00, 0x00, 0x00, 0x1F, 0xFF, 0xFF, 0xFE, 0x00, 0x00, 0x00, 0x3F, 0xFF,
  0xFF, 0xFC, 0x00, 0x00, 0x00, 0x7F, 0xFF, 0xFF, 0xF8, 0x00, 0x00, 0x00,
  0xFF, 0xFF, 0xFF, 0xF0, 0x00, 0x00, 0x01, 0xFF, 0xFF, 0xFF, 0xE0, 0x00,
  0x00, 0x03, 0xFF, 0xFF, 0xFF, 0xC0, 0x00, 0x00, 0x07, 0xFF, 0xFF, 0xFF,
  0x80, 0x00, 0x00, 0x0F, 0xFF, 0xFF, 0xFF, 0x00, 0x00, 0x00, 0x1F, 0xFF,
  0xFF, 0xFE, 0x00, 0x00, 0x00, 0x3F, 0xFF, 0xFF, 0xFC, 0x00, 0x00, 0x00,
  0x7F, 0xFF, 0xFF, 0xF8, 0x00, 0x00, 0x00, 0xFF, 0xFF, 0xFF, 0xF0, 0x00,
  0x00, 0x01, 0xFF, 0xFF, 0xFF, 0xE0, 0x00, 0x00, 0x03, 0xFF, 0xFF, 0xFF,
  0xC0, 0x00, 0x00, 0x07, 0xFF, 0xFF, 0xFF, 0x80, 0x00, 0x00, 0x0F, 0xFF,
  0xFF, 0xFF, 0x00, 0x00, 0x00, 0x1F, 0xFF, 0xFF, 0xFE, 0x00, 0x00, 0x00,
  0x3F, 0xFF, 0xFF, 0xFC, 0x00, 0x00, 0x00, 0x7F, 0xFF, 0xFF, 0xF8, 0x00,
  0x00, 0x00, 0xFF, 0xFF, 0xFF, 0xF0, 0x00, 0x00, 0x01, 0xFF, 0xFF, 0xFF,
  0xE0, 0x00, 0x00, 0x03, 0xFF, 0xFF, 0xFF, 0xC0, 0x00, 0x00, 0x07, 0xFF,
  0xFF, 0xFF, 0x80, 0x00, 0x00, 0x0F, 0xFF, 0xFF, 0xFF, 0x00, 0x00, 0x00,
  0x1F, 0xFF, 0xFF, 0xFE, 0x00, 0x00, 0x00, 0x7F, 0xFF, 0xFF, 0xFC, 0x00,
  0x00, 0x00, 0xFF, 0xFD, 0xFF, 0xF8, 0x00, 0x00, 0x03, 0xFF, 0xFB, 0xFF,
  0xF0, 0x00, 0x00, 0x07, 0xFF, 0xF7, 0xFF, 0xE0, 0x00, 0x00, 0x1F, 0xFF,
  0xEF, 0xFF, 0xC0, 0x00, 0x00, 0x7F, 0xFF, 0x9F, 0xFF, 0x80, 0x00, 0x01,
  0xFF, 0xFF, 0x3F, 0xFF, 0x00, 0x00, 0x0F, 0xFF, 0xFC, 0x7F, 0xFE, 0x00,
  0x00, 0x7F, 0xFF, 0xF8, 0xFF, 0xFF, 0xFF, 0xFF, 0xFF, 0xFF, 0xE1, 0xFF,
  0xFF, 0xFF, 0xFF, 0xFF, 0xFF, 0xC3, 0xFF, 0xFF, 0xFF, 0xFF, 0xFF, 0xFF,
  0x07, 0xFF, 0xFF, 0xFF, 0xFF, 0xFF, 0xFC, 0x0F, 0xFF, 0xFF, 0xFF, 0xFF,
  0xFF, 0xF0, 0x1F, 0xFF, 0xFF, 0xFF, 0xFF, 0xFF, 0xC0, 0x3F, 0xFF, 0xFF,
  0xFF, 0xFF, 0xFF, 0x00, 0x7F, 0xFF, 0xFF, 0xFF, 0xFF, 0xFC, 0x00, 0xFF,
  0xFF, 0xFF, 0xFF, 0xFF, 0xF0, 0x01, 0xFF, 0xFF, 0xFF, 0xFF, 0xFF, 0xC0,
  0x03, 0xFF, 0xFF, 0xFF, 0xFF, 0xFE, 0x00, 0x07, 0xFF, 0xFF, 0xFF, 0xFF,
  0xF0, 0x00, 0x0F, 0xFF, 0xFF, 0xFF, 0xFF, 0x80, 0x00, 0x1F, 0xFF, 0xFF,
  0xFF, 0xF0, 0x00, 0x00, 0x00, 0xFF, 0xFF, 0xFF, 0xFF, 0xFF, 0xFF, 0xFF,
  0xFF, 0xFF, 0xFF, 0xFF, 0xFF, 0xFF, 0xFF, 0xFF, 0xFF, 0xFF, 0xFF, 0xFF,
  0xFF, 0xFF, 0xFF, 0xFF, 0xFF, 0xFF, 0xFF, 0xFF, 0xFF, 0xFF, 0xFF, 0xFF,
  0xFF, 0xFF, 0xFF, 0xFF, 0xFF, 0xFF, 0xFF, 0xFF, 0xFF, 0xFF, 0xFF, 0xFF,
  0xFF, 0xFF, 0xFF, 0xFF, 0xFF, 0xFF, 0xFF, 0xFF, 0xFF, 0xFF, 0xFF, 0xFF,
  0xFF, 0xFF, 0xFF, 0xFF, 0xFF, 0xFF, 0xFF, 0xFF, 0xFF, 0xFF, 0xFF, 0xFF,
  0xFF, 0xFF, 0xFF, 0xFF, 0xFF, 0xFF, 0xFF, 0xFF, 0xFF, 0xFF, 0xFF, 0xFF,
  0xFF, 0xFF, 0xFF, 0xFF, 0xFF, 0xFF, 0xFF, 0xFF, 0xFF, 0xFF, 0xFF, 0xFF,
  0x80, 0x00, 0x00, 0x00, 0x00, 0x3F, 0xFF, 0x00, 0x00, 0x00, 0x00, 0x00,
  0x7F, 0xFE, 0x00, 0x00, 0x00, 0x00, 0x00, 0xFF, 0xFC, 0x00, 0x00, 0x00,
  0x00, 0x01, 0xFF, 0xF8, 0x00, 0x00, 0x00, 0x00, 0x03, 0xFF, 0xF0, 0x00,
  0x00, 0x00, 0x00, 0x07, 0xFF, 0xE0, 0x00, 0x00, 0x00, 0x00, 0x0F, 0xFF,
  0xC0, 0x00, 0x00, 0x00, 0x00, 0x1F, 0xFF, 0x80, 0x00, 0x00, 0x00, 0x00,
  0x3F, 0xFF, 0x00, 0x00, 0x00, 0x00, 0x00, 0x7F, 0xFE, 0x00, 0x00, 0x00,
  0x00, 0x00, 0xFF, 0xFC, 0x00, 0x00, 0x00, 0x00, 0x01, 0xFF, 0xF8, 0x00,
  0x00, 0x00, 0x00, 0x03, 0xFF, 0xF0, 0x00, 0x00, 0x00, 0x00, 0x07, 0xFF,
  0xE0, 0x00, 0x00, 0x00, 0x00, 0x0F, 0xFF, 0xC0, 0x00, 0x00, 0x00, 0x00,
  0x1F, 0xFF, 0x80, 0x00, 0x00, 0x00, 0x00, 0x3F, 0xFF, 0x00, 0x00, 0x00,
  0x00, 0x00, 0x7F, 0xFE, 0x00, 0x00, 0x00, 0x00, 0x00, 0xFF, 0xFC, 0x00,
  0x00, 0x00, 0x00, 0x01, 0xFF, 0xF8, 0x00, 0x00, 0x00, 0x00, 0x03, 0xFF,
  0xF0, 0x00, 0x00, 0x00, 0x00, 0x07, 0xFF, 0xE0, 0x00, 0x00, 0x00, 0x00,
  0x0F, 0xFF, 0xC0, 0x00, 0x00, 0x00, 0x00, 0x1F, 0xFF, 0x80, 0x00, 0x00,
  0x00, 0x00, 0x3F, 0xFF, 0x00, 0x00, 0x00, 0x00, 0x00, 0x7F, 0xFE, 0x00,
  0x00, 0x00, 0x00, 0x00, 0xFF, 0xFC, 0x00, 0x00, 0x00, 0x00, 0x01, 0xFF,
  0xF8, 0x00, 0x00, 0x00, 0x00, 0x03, 0xFF, 0xF0, 0x00, 0x00, 0x00, 0x00,
  0x07, 0xFF, 0xE0, 0x00, 0x00, 0x00, 0x00, 0x0F, 0xFF, 0xC0, 0x00, 0x00,
  0x00, 0x00, 0x1F, 0xFF, 0x80, 0x00, 0x00, 0x00, 0x00, 0x3F, 0xFF, 0x00,
  0x00, 0x00, 0x00, 0x00, 0x7F, 0xFE, 0x00, 0x00, 0x00, 0x00, 0x00, 0xFF,
  0xFF, 0xFF, 0xFF, 0xFF, 0x80, 0x01, 0xFF, 0xFF, 0xFF, 0xFF, 0xFF, 0x00,
  0x03, 0xFF, 0xFF, 0xFF, 0xFF, 0xFE, 0x00, 0x07, 0xFF, 0xFF, 0xFF, 0xFF,
  0xFC, 0x00, 0x0F, 0xFF, 0xFF, 0xFF, 0xFF, 0xF8, 0x00, 0x1F, 0xFF, 0xFF,
  0xFF, 0xFF, 0xF0, 0x00, 0x3F, 0xFF, 0xFF, 0xFF, 0xFF, 0xE0, 0x00, 0x7F,
  0xFF, 0xFF, 0xFF, 0xFF, 0xC0, 0x00, 0xFF, 0xFF, 0xFF, 0xFF, 0xFF, 0x80,
  0x01, 0xFF, 0xFF, 0xFF, 0xFF, 0xFF, 0x00, 0x03, 0xFF, 0xFF, 0xFF, 0xFF,
  0xFE, 0x00, 0x07, 0xFF, 0xFF, 0xFF, 0xFF, 0xFC, 0x00, 0x0F, 0xFF, 0xFF,
  0xFF, 0xFF, 0xF8, 0x00, 0x1F, 0xFF, 0xFF, 0xFF, 0xFF, 0xF0, 0x00, 0x3F,
  0xFF, 0x00, 0x00, 0x00, 0x00, 0x00, 0x7F, 0xFE, 0x00, 0x00, 0x00, 0x00,
  0x00, 0xFF, 0xFC, 0x00, 0x00, 0x00, 0x00, 0x01, 0xFF, 0xF8, 0x00, 0x00,
  0x00, 0x00, 0x03, 0xFF, 0xF0, 0x00, 0x00, 0x00, 0x00, 0x07, 0xFF, 0xE0,
  0x00, 0x00, 0x00, 0x00, 0x0F, 0xFF, 0xC0, 0x00, 0x00, 0x00, 0x00, 0x1F,
  0xFF, 0x80, 0x00, 0x00, 0x00, 0x00, 0x3F, 0xFF, 0x00, 0x00, 0x00, 0x00,
  0x00, 0x7F, 0xFE, 0x00, 0x00, 0x00, 0x00, 0x00, 0xFF, 0xFC, 0x00, 0x00,
  0x00, 0x00, 0x01, 0xFF, 0xF8, 0x00, 0x00, 0x00, 0x00, 0x03, 0xFF, 0xF0,
  0x00, 0x00, 0x00, 0x00, 0x07, 0xFF, 0xE0, 0x00, 0x00, 0x00, 0x00, 0x0F,
  0xFF, 0xC0, 0x00, 0x00, 0x00, 0x00, 0x1F, 0xFF, 0x80, 0x00, 0x00, 0x00,
  0x00, 0x3F, 0xFF, 0x00, 0x00, 0x00, 0x00, 0x00, 0x7F, 0xFE, 0x00, 0x00,
  0x00, 0x00, 0x00, 0xFF, 0xFC, 0x00, 0x00, 0x00, 0x00, 0x01, 0xFF, 0xF8,
  0x00, 0x00, 0x00, 0x00, 0x03, 0xFF, 0xF0, 0x00, 0x00, 0x00, 0x00, 0x07,
  0xFF, 0xE0, 0x00, 0x00, 0x00, 0x00, 0x0F, 0xFF, 0xC0, 0x00, 0x00, 0x00,
  0x00, 0x1F, 0xFF, 0x80, 0x00, 0x00, 0x00, 0x00, 0x3F, 0xFF, 0x00, 0x00,
  0x00, 0x00, 0x00, 0x7F, 0xFE, 0x00, 0x00, 0x00, 0x00, 0x00, 0xFF, 0xFC,
  0x00, 0x00, 0x00, 0x00, 0x01, 0xFF, 0xF8, 0x00, 0x00, 0x00, 0x00, 0x03,
  0xFF, 0xF0, 0x00, 0x00, 0x00, 0x00, 0x07, 0xFF, 0xE0, 0x00, 0x00, 0x00,
  0x00, 0x0F, 0xFF, 0xC0, 0x00, 0x00, 0x00, 0x00, 0x1F, 0xFF, 0x80, 0x00,
  0x00, 0x00, 0x00, 0x3F, 0xFF, 0x00, 0x00, 0x00, 0x00, 0x00, 0x7F, 0xFE,
  0x00, 0x00, 0x00, 0x00, 0x00, 0xFF, 0xFF, 0xFF, 0xFF, 0xFF, 0xFF, 0xFF,
  0xFF, 0xFF, 0xFF, 0xFF, 0xFF, 0xFF, 0xFF, 0xFF, 0xFF, 0xFF, 0xFF, 0xFF,
  0xFF, 0xFF, 0xFF, 0xFF, 0xFF, 0xFF, 0xFF, 0xFF, 0xFF, 0xFF, 0xFF, 0xFF,
  0xFF, 0xFF, 0xFF, 0xFF, 0xFF, 0xFF, 0xFF, 0xFF, 0xFF, 0xFF, 0xFF, 0xFF,
  0xFF, 0xFF, 0xFF, 0xFF, 0xFF, 0xFF, 0xFF, 0xFF, 0xFF, 0xFF, 0xFF, 0xFF,
  0xFF, 0xFF, 0xFF, 0xFF, 0xFF, 0xFF, 0xFF, 0xFF, 0xFF, 0xFF, 0xFF, 0xFF,
  0xFF, 0xFF, 0xFF, 0xFF, 0xFF, 0xFF, 0xFF, 0xFF, 0xFF, 0xFF, 0xFF, 0xFF,
  0xFF, 0xFF, 0xFF, 0xFF, 0xFF, 0xFF, 0xFF, 0xFF, 0xFF, 0xFF, 0xFF, 0xFF,
  0xFF, 0xFF, 0xFF, 0xFF, 0xFF, 0xC0, 0xFF, 0xFF, 0xFF, 0xFF, 0xFF, 0xFF,
  0xFF, 0xFF, 0xFF, 0xFF, 0xFF, 0xFF, 0xFF, 0xFF, 0xFF, 0xFF, 0xFF, 0xFF,
  0xFF, 0xFF, 0xFF, 0xFF, 0xFF, 0xFF, 0xFF, 0xFF, 0xFF, 0xFF, 0xFF, 0xFF,
  0xFF, 0xFF, 0xFF, 0xFF, 0xFF, 0xFF, 0xFF, 0xFF, 0xFF, 0xFF, 0xFF, 0xFF,
  0xFF, 0xFF, 0xFF, 0xFF, 0xFF, 0xFF, 0xFF, 0xFF, 0xFF, 0xFF, 0xFF, 0xFF,
  0xFF, 0xFF, 0xFF, 0xFF, 0xFF, 0xFF, 0xFF, 0xFF, 0xFF, 0xFF, 0xFF, 0xFF,
  0xFF, 0xFF, 0xFF, 0xFF, 0xFF, 0xFF, 0xFF, 0xFF, 0xFF, 0xFF, 0xFF, 0xFF,
  0xFF, 0xFF, 0xFF, 0xFF, 0xFF, 0xFF, 0xFF, 0xFF, 0xFF, 0xFF, 0xFF, 0xFF,
  0xFF, 0x80, 0x00, 0x00, 0x00, 0x00, 0x3F, 0xFF, 0x00, 0x00, 0x00, 0x00,
  0x00, 0x7F, 0xFE, 0x00, 0x00, 0x00, 0x00, 0x00, 0xFF, 0xFC, 0x00, 0x00,
  0x00, 0x00, 0x01, 0xFF, 0xF8, 0x00, 0x00, 0x00, 0x00, 0x03, 0xFF, 0xF0,
  0x00, 0x00, 0x00, 0x00, 0x07, 0xFF, 0xE0, 0x00, 0x00, 0x00, 0x00, 0x0F,
  0xFF, 0xC0, 0x00, 0x00, 0x00, 0x00, 0x1F, 0xFF, 0x80, 0x00, 0x00, 0x00,
  0x00, 0x3F, 0xFF, 0x00, 0x00, 0x00, 0x00, 0x00, 0x7F, 0xFE, 0x00, 0x00,
  0x00, 0x00, 0x00, 0xFF, 0xFC, 0x00, 0x00, 0x00, 0x00, 0x01, 0xFF, 0xF8,
  0x00, 0x00, 0x00, 0x00, 0x03, 0xFF, 0xF0, 0x00, 0x00, 0x00, 0x00, 0x07,
  0xFF, 0xE0, 0x00, 0x00, 0x00, 0x00, 0x0F, 0xFF, 0xC0, 0x00, 0x00, 0x00,
  0x00, 0x1F, 0xFF, 0x80, 0x00, 0x00, 0x00, 0x00, 0x3F, 0xFF, 0x00, 0x00,
  0x00, 0x00, 0x00, 0x7F, 0xFE, 0x00, 0x00, 0x00, 0x00, 0x00, 0xFF, 0xFC,
  0x00, 0x00, 0x00, 0x00, 0x01, 0xFF, 0xF8, 0x00, 0x00, 0x00, 0x00, 0x03,
  0xFF, 0xF0, 0x00, 0x00, 0x00, 0x00, 0x07, 0xFF, 0xE0, 0x00, 0x00, 0x00,
  0x00, 0x0F, 0xFF, 0xC0, 0x00, 0x00, 0x00, 0x00, 0x1F, 0xFF, 0x80, 0x00,
  0x00, 0x00, 0x00, 0x3F, 0xFF, 0x00, 0x00, 0x00, 0x00, 0x00, 0x7F, 0xFE,
  0x00, 0x00, 0x00, 0x00, 0x00, 0xFF, 0xFC, 0x00, 0x00, 0x00, 0x00, 0x01,
  0xFF, 0xF8, 0x00, 0x00, 0x00, 0x00, 0x03, 0xFF, 0xF0, 0x00, 0x00, 0x00,
  0x00, 0x07, 0xFF, 0xE0, 0x00, 0x00, 0x00, 0x00, 0x0F, 0xFF, 0xC0, 0x00,
  0x00, 0x00, 0x00, 0x1F, 0xFF, 0x80, 0x00, 0x00, 0x00, 0x00, 0x3F, 0xFF,
  0x00, 0x00, 0x00, 0x00, 0x00, 0x7F, 0xFE, 0x00, 0x00, 0x00, 0x00, 0x00,
  0xFF, 0xFF, 0xFF, 0xFF, 0xFF, 0x80, 0x01, 0xFF, 0xFF, 0xFF, 0xFF, 0xFF,
  0x00, 0x03, 0xFF, 0xFF, 0xFF, 0xFF, 0xFE, 0x00, 0x07, 0xFF, 0xFF, 0xFF,
  0xFF, 0xFC, 0x00, 0x0F, 0xFF, 0xFF, 0xFF, 0xFF, 0xF8, 0x00, 0x1F, 0xFF,
  0xFF, 0xFF, 0xFF, 0xF0, 0x00, 0x3F, 0xFF, 0xFF, 0xFF, 0xFF, 0xE0, 0x00,
  0x7F, 0xFF, 0xFF, 0xFF, 0xFF, 0xC0, 0x00, 0xFF, 0xFF, 0xFF, 0xFF, 0xFF,
  0x80, 0x01, 0xFF, 0xFF, 0xFF, 0xFF, 0xFF, 0x00, 0x03, 0xFF, 0xFF, 0xFF,
  0xFF, 0xFE, 0x00, 0x07, 0xFF, 0xFF, 0xFF, 0xFF, 0xFC, 0x00, 0x0F, 0xFF,
  0xFF, 0xFF, 0xFF, 0xF8, 0x00, 0x1F, 0xFF, 0xFF, 0xFF, 0xFF, 0xF0, 0x00,
  0x3F, 0xFF, 0x00, 0x00, 0x00, 0x00, 0x00, 0x7F, 0xFE, 0x00, 0x00, 0x00,
  0x00, 0x00, 0xFF, 0xFC, 0x00, 0x00, 0x00, 0x00, 0x01, 0xFF, 0xF8, 0x00,
  0x00, 0x00, 0x00, 0x03, 0xFF, 0xF0, 0x00, 0x00, 0x00, 0x00, 0x07, 0xFF,
  0xE0, 0x00, 0x00, 0x00, 0x00, 0x0F, 0xFF, 0xC0, 0x00, 0x00, 0x00, 0x00,
  0x1F, 0xFF, 0x80, 0x00, 0x00, 0x00, 0x00, 0x3F, 0xFF, 0x00, 0x00, 0x00,
  0x00, 0x00, 0x7F, 0xFE, 0x00, 0x00, 0x00, 0x00, 0x00, 0xFF, 0xFC, 0x00,
  0x00, 0x00, 0x00, 0x01, 0xFF, 0xF8, 0x00, 0x00, 0x00, 0x00, 0x03, 0xFF,
  0xF0, 0x00, 0x00, 0x00, 0x00, 0x07, 0xFF, 0xE0, 0x00, 0x00, 0x00, 0x00,
  0x0F, 0xFF, 0xC0, 0x00, 0x00, 0x00, 0x00, 0x1F, 0xFF, 0x80, 0x00, 0x00,
  0x00, 0x00, 0x3F, 0xFF, 0x00, 0x00, 0x00, 0x00, 0x00, 0x7F, 0xFE, 0x00,
  0x00, 0x00, 0x00, 0x00, 0xFF, 0xFC, 0x00, 0x00, 0x00, 0x00, 0x01, 0xFF,
  0xF8, 0x00, 0x00, 0x00, 0x00, 0x03, 0xFF, 0xF0, 0x00, 0x00, 0x00, 0x00,
  0x07, 0xFF, 0xE0, 0x00, 0x00, 0x00, 0x00, 0x0F, 0xFF, 0xC0, 0x00, 0x00,
  0x00, 0x00, 0x1F, 0xFF, 0x80, 0x00, 0x00, 0x00, 0x00, 0x3F, 0xFF, 0x00,
  0x00, 0x00, 0x00, 0x00, 0x7F, 0xFE, 0x00, 0x00, 0x00, 0x00, 0x00, 0xFF,
  0xFC, 0x00, 0x00, 0x00, 0x00, 0x01, 0xFF, 0xF8, 0x00, 0x00, 0x00, 0x00,
  0x03, 0xFF, 0xF0, 0x00, 0x00, 0x00, 0x00, 0x07, 0xFF, 0xE0, 0x00, 0x00,
  0x00, 0x00, 0x0F, 0xFF, 0xC0, 0x00, 0x00, 0x00, 0x00, 0x1F, 0xFF, 0x80,
  0x00, 0x00, 0x00, 0x00, 0x3F, 0xFF, 0x00, 0x00, 0x00, 0x00, 0x00, 0x7F,
  0xFE, 0x00, 0x00, 0x00, 0x00, 0x00, 0xFF, 0xFC, 0x00, 0x00, 0x00, 0x00,
  0x01, 0xFF, 0xF8, 0x00, 0x00, 0x00, 0x00, 0x03, 0xFF, 0xF0, 0x00, 0x00,
  0x00, 0x00, 0x07, 0xFF, 0xE0, 0x00, 0x00, 0x00, 0x00, 0x0F, 0xFF, 0xC0,
  0x00, 0x00, 0x00, 0x00, 0x1F, 0xFF, 0x80, 0x00, 0x00, 0x00, 0x00, 0x3F,
  0xFF, 0x00, 0x00, 0x00, 0x00, 0x00, 0x7F, 0xFE, 0x00, 0x00, 0x00, 0x00,
  0x00, 0xFF, 0xFC, 0x00, 0x00, 0x00, 0x00, 0x01, 0xFF, 0xF8, 0x00, 0x00,
  0x00, 0x00, 0x03, 0xFF, 0xF0, 0x00, 0x00, 0x00, 0x00, 0x07, 0xFF, 0xE0,
  0x00, 0x00, 0x00, 0x00, 0x0F, 0xFF, 0xC0, 0x00, 0x00, 0x00, 0x00, 0x1F,
  0xFF, 0x80, 0x00, 0x00, 0x00, 0x00, 0x00, 0x00, 0x00, 0x0F, 0xFF, 0xC0,
  0x00, 0x00, 0x00, 0x00, 0xFF, 0xFF, 0xF8, 0x00, 0x00, 0x00, 0x07, 0xFF,
  0xFF, 0xFC, 0x00, 0x00, 0x00, 0x3F, 0xFF, 0xFF, 0xFE, 0x00, 0x00, 0x00,
  0xFF, 0xFF, 0xFF, 0xFE, 0x00, 0x00, 0x03, 0xFF, 0xFF, 0xFF, 0xFE, 0x00,
  0x00, 0x1F, 0xFF, 0xFF, 0xFF, 0xFF, 0x00, 0x00, 0x7F, 0xFF, 0xFF, 0xFF,
  0xFF, 0x00, 0x01, 0xFF, 0xFF, 0xFF, 0xFF, 0xFF, 0x00, 0x07, 0xFF, 0xFF,
  0xFF, 0xFF, 0xFE, 0x00, 0x0F, 0xFF, 0xFF, 0xFF, 0xFF, 0xFE, 0x00, 0x3F,
  0xFF, 0xFF, 0xFF, 0xFF, 0xFE, 0x00, 0xFF, 0xFF, 0xFF, 0xFF, 0xFF, 0xFE,
  0x01, 0xFF, 0xFF, 0xFD, 0xFF, 0xFF, 0xFC, 0x07, 0xFF, 0xFF, 0x00, 0x1F,
  0xFF, 0xFC, 0x1F, 0xFF, 0xF8, 0x00, 0x0F, 0xFF, 0xF8, 0x3F, 0xFF, 0xE0,
  0x00, 0x0F, 0xFF, 0xF8, 0x7F, 0xFF, 0x80, 0x00, 0x0F, 0xFF, 0xF1, 0xFF,
  0xFE, 0x00, 0x00, 0x0F, 0xFF, 0xF3, 0xFF, 0xF8, 0x00, 0x00, 0x0F, 0xFF,
  0xE7, 0xFF, 0xE0, 0x00, 0x00, 0x0F, 0xFF, 0xDF, 0xFF, 0xC0, 0x00, 0x00,
  0x1F, 0xFF, 0xFF, 0xFF, 0x80, 0x00, 0x00, 0x3F, 0xFF, 0xFF, 0xFE, 0x00,
  0x00, 0x00, 0x3F, 0xFF, 0xFF, 0xFC, 0x00, 0x00, 0x00, 0x7F, 0xFF, 0xFF,
  0xF8, 0x00, 0x00, 0x00, 0xFF, 0xFF, 0xFF, 0xF0, 0x00, 0x00, 0x01, 0xFF,
  0xFF, 0xFF, 0xE0, 0x00, 0x00, 0x00, 0x00, 0x0F, 0xFF, 0xC0, 0x00, 0x00,
  0x00, 0x00, 0x1F, 0xFF, 0x80, 0x00, 0x00, 0x00, 0x00, 0x3F, 0xFF, 0x00,
  0x00, 0x00, 0x00, 0x00, 0x7F, 0xFE, 0x00, 0x00, 0x00, 0x00, 0x00, 0xFF,
  0xFC, 0x00, 0x00, 0x00, 0x00, 0x01, 0xFF, 0xF8, 0x00, 0x00, 0x00, 0x00,
  0x03, 0xFF, 0xF0, 0x00, 0x00, 0x00, 0x00, 0x07, 0xFF, 0xE0, 0x00, 0x00,
  0x00, 0x00, 0x0F, 0xFF, 0xC0, 0x00, 0x00, 0x00, 0x00, 0x1F, 0xFF, 0x80,
  0x00, 0x00, 0x00, 0x00, 0x3F, 0xFF, 0x00, 0x00, 0x00, 0x00, 0x00, 0x7F,
  0xFE, 0x00, 0x00, 0x00, 0x00, 0x00, 0xFF, 0xFC, 0x00, 0x00, 0x00, 0x00,
  0x01, 0xFF, 0xF8, 0x00, 0x00, 0x00, 0x00, 0x03, 0xFF, 0xF0, 0x00, 0x00,
  0x00, 0x00, 0x07, 0xFF, 0xE0, 0x00, 0x00, 0x00, 0x00, 0x0F, 0xFF, 0xC0,
  0x00, 0x00, 0x00, 0x00, 0x1F, 0xFF, 0x80, 0x00, 0x00, 0x00, 0x00, 0x3F,
  0xFF, 0x00, 0x00, 0x00, 0x00, 0x00, 0x7F, 0xFE, 0x00, 0x00, 0x00, 0x00,
  0x00, 0xFF, 0xFC, 0x00, 0x1F, 0xFF, 0xFF, 0xFF, 0xFF, 0xF8, 0x00, 0x3F,
  0xFF, 0xFF, 0xFF, 0xFF, 0xF0, 0x00, 0x7F, 0xFF, 0xFF, 0xFF, 0xFF, 0xE0,
  0x00, 0xFF, 0xFF, 0xFF, 0xFF, 0xFF, 0xC0, 0x01, 0xFF, 0xFF, 0xFF, 0xFF,
  0xFF, 0x80, 0x03, 0xFF, 0xFF, 0xFF, 0xFF, 0xFF, 0x00, 0x07, 0xFF, 0xFF,
  0xFF, 0xFF, 0xFE, 0x00, 0x0F, 0xFF, 0xFF, 0xFF, 0xFF, 0xFC, 0x00, 0x1F,
  0xFF, 0xFF, 0xFF, 0xFF, 0xF8, 0x00, 0x3F, 0xFF, 0xFF, 0xFF, 0xFF, 0xF0,
  0x00, 0x7F, 0xFF, 0xFF, 0xFF, 0xFF, 0xE0, 0x00, 0xFF, 0xFF, 0xFF, 0xFF,
  0xFF, 0xC0, 0x01, 0xFF, 0xFF, 0xFF, 0xFF, 0xFF, 0x80, 0x03, 0xFF, 0xFF,
  0xFF, 0xFF, 0xFF, 0x00, 0x00, 0x00, 0x1F, 0xFF, 0xFF, 0xFE, 0x00, 0x00,
  0x00, 0x3F, 0xFF, 0xFF, 0xFC, 0x00, 0x00, 0x00, 0x7F, 0xFF, 0xFF, 0xF8,
  0x00, 0x00, 0x00, 0xFF, 0xFF, 0xFF, 0xF0, 0x00, 0x00, 0x01, 0xFF, 0xFF,
  0xFF, 0xE0, 0x00, 0x00, 0x03, 0xFF, 0xFF, 0xFF, 0xC0, 0x00, 0x00, 0x07,
  0xFF, 0xFF, 0xFF, 0x80, 0x00, 0x00, 0x0F, 0xFF, 0xFF, 0xFF, 0x00, 0x00,
  0x00, 0x1F, 0xFF, 0xFF, 0xFE, 0x00, 0x00, 0x00, 0x3F, 0xFF, 0xFF, 0xFC,
  0x00, 0x00, 0x00, 0x7F, 0xFF, 0xFF, 0xF8, 0x00, 0x00, 0x00, 0xFF, 0xFF,
  0xFF, 0xF0, 0x00, 0x00, 0x01, 0xFF, 0xFF, 0xFF, 0xE0, 0x00, 0x00, 0x03,
  0xFF, 0xFF, 0xFF, 0xC0, 0x00, 0x00, 0x07, 0xFF, 0xFF, 0xFF, 0x80, 0x00,
  0x00, 0x0F, 0xFF, 0xFF, 0xFF, 0x00, 0x00, 0x00, 0x1F, 0xFF, 0xFF, 0xFE,
  0x00, 0x00, 0x00, 0x3F, 0xFF, 0xFF, 0xFC, 0x00, 0x00, 0x00, 0x7F, 0xFF,
  0xFF, 0xF8, 0x00, 0x00, 0x00, 0xFF, 0xFF, 0xFF, 0xF0, 0x00, 0x00, 0x01,
  0xFF, 0xFF, 0xFF, 0xE0, 0x00, 0x00, 0x03, 0xFF, 0xFF, 0xFF, 0xC0, 0x00,
  0x00, 0x07, 0xFF, 0xFF, 0xFF, 0x80, 0x00, 0x00, 0x0F, 0xFF, 0xFF, 0xFF,
  0x00, 0x00, 0x00, 0x1F, 0xFF, 0xFF, 0xFF, 0x00, 0x00, 0x00, 0x7F, 0xFF,
  0x7F, 0xFE, 0x00, 0x00, 0x00, 0xFF, 0xFC, 0xFF, 0xFE, 0x00, 0x00, 0x03,
  0xFF, 0xF9, 0xFF, 0xFC, 0x00, 0x00, 0x07, 0xFF, 0xF3, 0xFF, 0xFC, 0x00,
  0x00, 0x1F, 0xFF, 0xE3, 0xFF, 0xFC, 0x00, 0x00, 0x7F, 0xFF, 0x87, 0xFF,
  0xFC, 0x00, 0x01, 0xFF, 0xFF, 0x07, 0xFF, 0xFE, 0x00, 0x0F, 0xFF, 0xFC,
  0x0F, 0xFF, 0xFF, 0x00, 0x7F, 0xFF, 0xF8, 0x0F, 0xFF, 0xFF, 0xFF, 0xFF,
  0xFF, 0xE0, 0x1F, 0xFF, 0xFF, 0xFF, 0xFF, 0xFF, 0xC0, 0x1F, 0xFF, 0xFF,
  0xFF, 0xFF, 0xFF, 0x00, 0x1F, 0xFF, 0xFF, 0xFF, 0xFF, 0xFC, 0x00, 0x1F,
  0xFF, 0xFF, 0xFF, 0xFF, 0xF0, 0x00, 0x1F, 0xFF, 0xFF, 0xFF, 0xFF, 0xC0,
  0x00, 0x1F, 0xFF, 0xFF, 0xFF, 0xFF, 0x00, 0x00, 0x1F, 0xFF, 0xFF, 0xFF,
  0xFC, 0x00, 0x00, 0x1F, 0xFF, 0xFF, 0xFF, 0xF0, 0x00, 0x00, 0x1F, 0xFF,
  0xFF, 0xFF, 0xC0, 0x00, 0x00, 0x0F, 0xFF, 0xFF, 0xFE, 0x00, 0x00, 0x00,
  0x07, 0xFF, 0xFF, 0xF0, 0x00, 0x00, 0x00, 0x03, 0xFF, 0xFF, 0x80, 0x00,
  0x00, 0x00, 0x00, 0x7F, 0xF0, 0x00, 0x00, 0x00, 0xFF, 0xFC, 0x00, 0x00,
  0x00, 0x7F, 0xFF, 0xFF, 0xF8, 0x00, 0x00, 0x00, 0xFF, 0xFF, 0xFF, 0xF0,
  0x00, 0x00, 0x01, 0xFF, 0xFF, 0xFF, 0xE0, 0x00, 0x00, 0x03, 0xFF, 0xFF,
  0xFF, 0xC0, 0x00, 0x00, 0x07, 0xFF, 0xFF, 0xFF, 0x80, 0x00, 0x00, 0x0F,
  0xFF, 0xFF, 0xFF, 0x00, 0x00, 0x00, 0x1F, 0xFF, 0xFF, 0xFE, 0x00, 0x00,
  0x00, 0x3F, 0xFF, 0xFF, 0xFC, 0x00, 0x00, 0x00, 0x7F, 0xFF, 0xFF, 0xF8,
  0x00, 0x00, 0x00, 0xFF, 0xFF, 0xFF, 0xF0, 0x00, 0x00, 0x01, 0xFF, 0xFF,
  0xFF, 0xE0, 0x00, 0x00, 0x03, 0xFF, 0xFF, 0xFF, 0xC0, 0x00, 0x00, 0x07,
  0xFF, 0xFF, 0xFF, 0x80, 0x00, 0x00, 0x0F, 0xFF, 0xFF, 0xFF, 0x00, 0x00,
  0x00, 0x1F, 0xFF, 0xFF, 0xFE, 0x00, 0x00, 0x00, 0x3F, 0xFF, 0xFF, 0xFC,
  0x00, 0x00, 0x00, 0x7F, 0xFF, 0xFF, 0xF8, 0x00, 0x00, 0x00, 0xFF, 0xFF,
  0xFF, 0xF0, 0x00, 0x00, 0x01, 0xFF, 0xFF, 0xFF, 0xE0, 0x00, 0x00, 0x03,
  0xFF, 0xFF, 0xFF, 0xC0, 0x00, 0x00, 0x07, 0xFF, 0xFF, 0xFF, 0x80, 0x00,
  0x00, 0x0F, 0xFF, 0xFF, 0xFF, 0x00, 0x00, 0x00, 0x1F, 0xFF, 0xFF, 0xFE,
  0x00, 0x00, 0x00, 0x3F, 0xFF, 0xFF, 0xFC, 0x00, 0x00, 0x00, 0x7F, 0xFF,
  0xFF, 0xF8, 0x00, 0x00, 0x00, 0xFF, 0xFF, 0xFF, 0xF0, 0x00, 0x00, 0x01,
  0xFF, 0xFF, 0xFF, 0xE0, 0x00, 0x00, 0x03, 0xFF, 0xFF, 0xFF, 0xC0, 0x00,
  0x00, 0x07, 0xFF, 0xFF, 0xFF, 0x80, 0x00, 0x00, 0x0F, 0xFF, 0xFF, 0xFF,
  0x00, 0x00, 0x00, 0x1F, 0xFF, 0xFF, 0xFE, 0x00, 0x00, 0x00, 0x3F, 0xFF,
  0xFF, 0xFC, 0x00, 0x00, 0x00, 0x7F, 0xFF, 0xFF, 0xF8, 0x00, 0x00, 0x00,
  0xFF, 0xFF, 0xFF, 0xF0, 0x00, 0x00, 0x01, 0xFF, 0xFF, 0xFF, 0xE0, 0x00,
  0x00, 0x03, 0xFF, 0xFF, 0xFF, 0xC0, 0x00, 0x00, 0x07, 0xFF, 0xFF, 0xFF,
  0x80, 0x00, 0x00, 0x0F, 0xFF, 0xFF, 0xFF, 0x00, 0x00, 0x00, 0x1F, 0xFF,
  0xFF, 0xFE, 0x00, 0x00, 0x00, 0x3F, 0xFF, 0xFF, 0xFC, 0x00, 0x00, 0x00,
  0x7F, 0xFF, 0xFF, 0xF8, 0x00, 0x00, 0x00, 0xFF, 0xFF, 0xFF, 0xF0, 0x00,
  0x00, 0x01, 0xFF, 0xFF, 0xFF, 0xE0, 0x00, 0x00, 0x03, 0xFF, 0xFF, 0xFF,
  0xC0, 0x00, 0x00, 0x07, 0xFF, 0xFF, 0xFF, 0x80, 0x00, 0x00, 0x0F, 0xFF,
  0xFF, 0xFF, 0x00, 0x00, 0x00, 0x1F, 0xFF, 0xFF, 0xFE, 0x00, 0x00, 0x00,
  0x3F, 0xFF, 0xFF, 0xFF, 0xFF, 0xFF, 0xFF, 0xFF, 0xFF, 0xFF, 0xFF, 0xFF,
  0xFF, 0xFF, 0xFF, 0xFF, 0xFF, 0xFF, 0xFF, 0xFF, 0xFF, 0xFF, 0xFF, 0xFF,
  0xFF, 0xFF, 0xFF, 0xFF, 0xFF, 0xFF, 0xFF, 0xFF, 0xFF, 0xFF, 0xFF, 0xFF,
  0xFF, 0xFF, 0xFF, 0xFF, 0xFF, 0xFF, 0xFF, 0xFF, 0xFF, 0xFF, 0xFF, 0xFF,
  0xFF, 0xFF, 0xFF, 0xFF, 0xFF, 0xFF, 0xFF, 0xFF, 0xFF, 0xFF, 0xFF, 0xFF,
  0xFF, 0xFF, 0xFF, 0xFF, 0xFF, 0xFF, 0xFF, 0xFF, 0xFF, 0xFF, 0xFF, 0xFF,
  0xFF, 0xFF, 0xFF, 0xFF, 0xFF, 0xFF, 0xFF, 0xFF, 0xFF, 0xFF, 0xFF, 0xFF,
  0xFF, 0xFF, 0xFF, 0xFF, 0xFF, 0xFF, 0xFF, 0xFF, 0xFF, 0xFF, 0xFF, 0xFF,
  0xFF, 0xFF, 0xFF, 0xFF, 0x00, 0x00, 0x00, 0x1F, 0xFF, 0xFF, 0xFE, 0x00,
  0x00, 0x00, 0x3F, 0xFF, 0xFF, 0xFC, 0x00, 0x00, 0x00, 0x7F, 0xFF, 0xFF,
  0xF8, 0x00, 0x00, 0x00, 0xFF, 0xFF, 0xFF, 0xF0, 0x00, 0x00, 0x01, 0xFF,
  0xFF, 0xFF, 0xE0, 0x00, 0x00, 0x03, 0xFF, 0xFF, 0xFF, 0xC0, 0x00, 0x00,
  0x07, 0xFF, 0xFF, 0xFF, 0x80, 0x00, 0x00, 0x0F, 0xFF, 0xFF, 0xFF, 0x00,
  0x00, 0x00, 0x1F, 0xFF, 0xFF, 0xFE, 0x00, 0x00, 0x00, 0x3F, 0xFF, 0xFF,
  0xFC, 0x00, 0x00, 0x00, 0x7F, 0xFF, 0xFF, 0xF8, 0x00, 0x00, 0x00, 0xFF,
  0xFF, 0xFF, 0xF0, 0x00, 0x00, 0x01, 0xFF, 0xFF, 0xFF, 0xE0, 0x00, 0x00,
  0x03, 0xFF, 0xFF, 0xFF, 0xC0, 0x00, 0x00, 0x07, 0xFF, 0xFF, 0xFF, 0x80,
  0x00, 0x00, 0x0F, 0xFF, 0xFF, 0xFF, 0x00, 0x00, 0x00, 0x1F, 0xFF, 0xFF,
  0xFE, 0x00, 0x00, 0x00, 0x3F, 0xFF, 0xFF, 0xFC, 0x00, 0x00, 0x00, 0x7F,
  0xFF, 0xFF, 0xF8, 0x00, 0x00, 0x00, 0xFF, 0xFF, 0xFF, 0xF0, 0x00, 0x00,
  0x01, 0xFF, 0xFF, 0xFF, 0xE0, 0x00, 0x00, 0x03, 0xFF, 0xFF, 0xFF, 0xC0,
  0x00, 0x00, 0x07, 0xFF, 0xFF, 0xFF, 0x80, 0x00, 0x00, 0x0F, 0xFF, 0xFF,
  0xFF, 0x00, 0x00, 0x00, 0x1F, 0xFF, 0xFF, 0xFE, 0x00, 0x00, 0x00, 0x3F,
  0xFF, 0xFF, 0xFC, 0x00, 0x00, 0x00, 0x7F, 0xFF, 0xFF, 0xF8, 0x00, 0x00,
  0x00, 0xFF, 0xFF, 0xFF, 0xF0, 0x00, 0x00, 0x01, 0xFF, 0xFF, 0xFF, 0xE0,
  0x00, 0x00, 0x03, 0xFF, 0xFF, 0xFF, 0xC0, 0x00, 0x00, 0x07, 0xFF, 0xFF,
  0xFF, 0x80, 0x00, 0x00, 0x0F, 0xFF, 0xFF, 0xFF, 0x00, 0x00, 0x00, 0x1F,
  0xFF, 0xFF, 0xFE, 0x00, 0x00, 0x00, 0x3F, 0xFF, 0xFF, 0xFC, 0x00, 0x00,
  0x00, 0x7F, 0xFF, 0xFF, 0xF8, 0x00, 0x00, 0x00, 0xFF, 0xFF, 0xFF, 0xF0,
  0x00, 0x00, 0x01, 0xFF, 0xFF, 0xFF, 0xE0, 0x00, 0x00, 0x03, 0xFF, 0xFF,
  0xFF, 0xC0, 0x00, 0x00, 0x07, 0xFF, 0xFF, 0xFF, 0x80, 0x00, 0x00, 0x0F,
  0xFF, 0xFF, 0xFF, 0x00, 0x00, 0x00, 0x1F, 0xFF, 0xFF, 0xFE, 0x00, 0x00,
  0x00, 0x3F, 0xFF, 0xFF, 0xFC, 0x00, 0x00, 0x00, 0x7F, 0xFF, 0xFF, 0xF8,
  0x00, 0x00, 0x00, 0xFF, 0xFF, 0xFF, 0xF0, 0x00, 0x00, 0x01, 0xFF, 0xFF,
  0xFF, 0xE0, 0x00, 0x00, 0x03, 0xFF, 0xFF, 0xFF, 0xC0, 0x00, 0x00, 0x07,
  0xFF, 0xFF, 0xFF, 0x80, 0x00, 0x00, 0x0F, 0xFF, 0xC0, 0xFF, 0xFF, 0xFF,
  0xFF, 0xFF, 0xFF, 0xFF, 0xFF, 0xFF, 0xFF, 0xFF, 0xFF, 0xFF, 0xFF, 0xFF,
  0xFF, 0xFF, 0xFF, 0xFF, 0xFF, 0xFF, 0xFF, 0xFF, 0xFF, 0xFF, 0xFF, 0xFF,
  0xFF, 0xFF, 0xFF, 0xFF, 0xFF, 0xFF, 0xFF, 0xFF, 0xFF, 0xFF, 0xFF, 0xFF,
  0xFF, 0xFF, 0xFF, 0xFF, 0xFF, 0xFF, 0xFF, 0xFF, 0xFF, 0xFF, 0xFF, 0xFF,
  0xFF, 0xFF, 0xFF, 0xFF, 0xFF, 0xFF, 0xFF, 0xFF, 0xFF, 0xFF, 0xFF, 0xFF,
  0xFF, 0xFF, 0xFF, 0xF8, 0x00, 0x1F, 0xFF, 0x00, 0x00, 0x00, 0x0F, 0xFF,
  0x80, 0x00, 0x00, 0x07, 0xFF, 0xC0, 0x00, 0x00, 0x03, 0xFF, 0xE0, 0x00,
  0x00, 0x01, 0xFF, 0xF0, 0x00, 0x00, 0x00, 0xFF, 0xF8, 0x00, 0x00, 0x00,
  0x7F, 0xFC, 0x00, 0x00, 0x00, 0x3F, 0xFE, 0x00, 0x00, 0x00, 0x1F, 0xFF,
  0x00, 0x00, 0x00, 0x0F, 0xFF, 0x80, 0x00, 0x00, 0x07, 0xFF, 0xC0, 0x00,
  0x00, 0x03, 0xFF, 0xE0, 0x00, 0x00, 0x01, 0xFF, 0xF0, 0x00, 0x00, 0x00,
  0xFF, 0xF8, 0x00, 0x00, 0x00, 0x7F, 0xFC, 0x00, 0x00, 0x00, 0x3F, 0xFE,
  0x00, 0x00, 0x00, 0x1F, 0xFF, 0x00, 0x00, 0x00, 0x0F, 0xFF, 0x80, 0x00,
  0x00, 0x07, 0xFF, 0xC0, 0x00, 0x00, 0x03, 0xFF, 0xE0, 0x00, 0x00, 0x01,
  0xFF, 0xF0, 0x00, 0x00, 0x00, 0xFF, 0xF8, 0x00, 0x00, 0x00, 0x7F, 0xFC,
  0x00, 0x00, 0x00, 0x3F, 0xFE, 0x00, 0x00, 0x00, 0x1F, 0xFF, 0x00, 0x00,
  0x00, 0x0F, 0xFF, 0x80, 0x00, 0x00, 0x07, 0xFF, 0xC0, 0x00, 0x00, 0x03,
  0xFF, 0xE0, 0x00, 0x00, 0x01, 0xFF, 0xF0, 0x00, 0x00, 0x00, 0xFF, 0xF8,
  0x00, 0x00, 0x00, 0x7F, 0xFC, 0x00, 0x00, 0x00, 0x3F, 0xFE, 0x00, 0x00,
  0x00, 0x1F, 0xFF, 0x00, 0x00, 0x00, 0x0F, 0xFF, 0x80, 0x00, 0x00, 0x07,
  0xFF, 0xC0, 0x00, 0x00, 0x03, 0xFF, 0xE0, 0x00, 0x00, 0x01, 0xFF, 0xF0,
  0x00, 0x00, 0x00, 0xFF, 0xF8, 0x00, 0x00, 0x00, 0x7F, 0xFC, 0x00, 0x00,
  0x00, 0x3F, 0xFE, 0x00, 0x00, 0x00, 0x1F, 0xFF, 0x00, 0x00, 0x00, 0x0F,
  0xFF, 0x80, 0x00, 0x00, 0x07, 0xFF, 0xC0, 0x00, 0x00, 0x03, 0xFF, 0xE0,
  0x00, 0x00, 0x01, 0xFF, 0xF0, 0x00, 0x00, 0x00, 0xFF, 0xF8, 0x00, 0x00,
  0x00, 0x7F, 0xFC, 0x00, 0x00, 0x00, 0x3F, 0xFE, 0x00, 0x00, 0x00, 0x1F,
  0xFF, 0x00, 0x00, 0x00, 0x0F, 0xFF, 0x80, 0x00, 0x00, 0x07, 0xFF, 0xC0,
  0x00, 0x00, 0x03, 0xFF, 0xE0, 0x00, 0x00, 0x01, 0xFF, 0xF0, 0x00, 0x00,
  0x00, 0xFF, 0xF8, 0x00, 0x00, 0x00, 0x7F, 0xFC, 0x00, 0x00, 0x00, 0x3F,
  0xFE, 0x00, 0x00, 0x00, 0x1F, 0xFF, 0x00, 0x00, 0x00, 0x0F, 0xFF, 0x80,
  0x00, 0x00, 0x07, 0xFF, 0xC0, 0x00, 0x00, 0x03, 0xFF, 0xE0, 0x00, 0x00,
  0x01, 0xFF, 0xF0, 0x00, 0x00, 0x00, 0xFF, 0xF8, 0x00, 0x00, 0x00, 0x7F,
  0xFC, 0x00, 0x00, 0x00, 0x3F, 0xFE, 0x00, 0x00, 0x00, 0x1F, 0xFF, 0x00,
  0x00, 0x00, 0x0F, 0xFF, 0x80, 0x00, 0x00, 0x07, 0xFF, 0xC0, 0x00, 0x00,
  0x03, 0xFF, 0xE0, 0x00, 0x00, 0x01, 0xFF, 0xF0, 0x00, 0x00, 0x00, 0xFF,
  0xF8, 0x00, 0x00, 0x00, 0x7F, 0xFC, 0x00, 0x00, 0x00, 0x3F, 0xFE, 0x00,
  0x00, 0x00, 0x1F, 0xFF, 0x00, 0x00, 0x00, 0x0F, 0xFF, 0x80, 0x00, 0x00,
  0x07, 0xFF, 0xC0, 0x00, 0x00, 0x03, 0xFF, 0xE0, 0x00, 0x00, 0x01, 0xFF,
  0xF0, 0x00, 0x00, 0x00, 0xFF, 0xF8, 0x00, 0x00, 0x00, 0x7F, 0xFC, 0x00,
  0x00, 0x00, 0x3F, 0xFE, 0x00, 0x00, 0x00, 0x1F, 0xFF, 0x00, 0x00, 0x00,
  0x0F, 0xFF, 0x80, 0x00, 0x00, 0x07, 0xFF, 0xC0, 0x00, 0xFF, 0xFF, 0xFF,
  0xFF, 0xFF, 0xFF, 0xFF, 0xFF, 0xFF, 0xFF, 0xFF, 0xFF, 0xFF, 0xFF, 0xFF,
  0xFF, 0xFF, 0xFF, 0xFF, 0xFF, 0xFF, 0xFF, 0xFF, 0xFF, 0xFF, 0xFF, 0xFF,
  0xFF, 0xFF, 0xFF, 0xFF, 0xFF, 0xFF, 0xFF, 0xFF, 0xFF, 0xFF, 0xFF, 0xFF,
  0xFF, 0xFF, 0xFF, 0xFF, 0xFF, 0xFF, 0xFF, 0xFF, 0xFF, 0xFF, 0xFF, 0xFF,
  0xFF, 0xFF, 0xFF, 0xFF, 0xFF, 0xFF, 0xFF, 0xFF, 0xFF, 0xFF, 0xFF, 0xFF,
  0xFF, 0xFF, 0xFF, 0xFF, 0xFF, 0xFF, 0xFF, 0xFF, 0xFC, 0x00, 0x00, 0x00,
  0x00, 0x00, 0x7F, 0xFE, 0x00, 0x00, 0x00, 0x00, 0x00, 0xFF, 0xFC, 0x00,
  0x00, 0x00, 0x00, 0x01, 0xFF, 0xF8, 0x00, 0x00, 0x00, 0x00, 0x03, 0xFF,
  0xF0, 0x00, 0x00, 0x00, 0x00, 0x07, 0xFF, 0xE0, 0x00, 0x00, 0x00, 0x00,
  0x0F, 0xFF, 0xC0, 0x00, 0x00, 0x00, 0x00, 0x1F, 0xFF, 0x80, 0x00, 0x00,
  0x00, 0x00, 0x3F, 0xFF, 0x00, 0x00, 0x00, 0x00, 0x00, 0x7F, 0xFE, 0x00,
  0x00, 0x00, 0x00, 0x00, 0xFF, 0xFC, 0x00, 0x00, 0x00, 0x00, 0x01, 0xFF,
  0xF8, 0x00, 0x00, 0x00, 0x00, 0x03, 0xFF, 0xF0, 0x00, 0x00, 0x00, 0x00,
  0x07, 0xFF, 0xE0, 0x00, 0x00, 0x00, 0x00, 0x0F, 0xFF, 0xC0, 0x00, 0x00,
  0x00, 0x00, 0x1F, 0xFF, 0x80, 0x00, 0x00, 0x00, 0x00, 0x3F, 0xFF, 0x00,
  0x00, 0x00, 0x00, 0x00, 0x7F, 0xFE, 0x00, 0x00, 0x00, 0x00, 0x00, 0xFF,
  0xFC, 0x00, 0x00, 0x00, 0x00, 0x01, 0xFF, 0xF8, 0x00, 0x00, 0x00, 0x00,
  0x03, 0xFF, 0xF0, 0x00, 0x00, 0x00, 0x00, 0x07, 0xFF, 0xE0, 0x00, 0x00,
  0x00, 0x00, 0x0F, 0xFF, 0xC0, 0x00, 0x00, 0x00, 0x00, 0x1F, 0xFF, 0x80,
  0x00, 0x00, 0x00, 0x00, 0x3F, 0xFF, 0x00, 0x00, 0x00, 0x00, 0x00, 0x7F,
  0xFE, 0x00, 0x00, 0x00, 0x00, 0x00, 0xFF, 0xFC, 0x00, 0x00, 0x00, 0x00,
  0x01, 0xFF, 0xF8, 0x00, 0x00, 0x00, 0x00, 0x03, 0xFF, 0xF0, 0x00, 0x00,
  0x00, 0x00, 0x07, 0xFF, 0xE0, 0x00, 0x00, 0x00, 0x00, 0x0F, 0xFF, 0xC0,
  0x00, 0x00, 0x00, 0x00, 0x1F, 0xFF, 0x80, 0x00, 0x00, 0x00, 0x00, 0x3F,
  0xFF, 0x00, 0x00, 0x00, 0x00, 0x00, 0x7F, 0xFE, 0x00, 0x00, 0x00, 0x00,
  0x00, 0xFF, 0xFC, 0x00, 0x00, 0x00, 0x00, 0x01, 0xFF, 0xF8, 0x00, 0x00,
  0x00, 0x00, 0x03, 0xFF, 0xF0, 0x00, 0x00, 0x00, 0x00, 0x07, 0xFF, 0xE0,
  0x00, 0x00, 0x00, 0x00, 0x0F, 0xFF, 0xC0, 0x00, 0x00, 0x00, 0x00, 0x1F,
  0xFF, 0x80, 0x00, 0x00, 0x00, 0x00, 0x3F, 0xFF, 0x00, 0x00, 0x00, 0x00,
  0x00, 0x7F, 0xFE, 0x00, 0x00, 0x00, 0x00, 0x00, 0xFF, 0xFC, 0x00, 0x00,
  0x00, 0x00, 0x01, 0xFF, 0xF8, 0x00, 0x00, 0x00, 0x00, 0x03, 0xFF, 0xF0,
  0x00, 0x00, 0x00, 0x00, 0x07, 0xFF, 0xE0, 0x00, 0x00, 0x00, 0x00, 0x0F,
  0xFF, 0xC0, 0x00, 0x00, 0x00, 0x00, 0x1F, 0xFF, 0x80, 0x00, 0x00, 0x00,
  0x00, 0x3F, 0xFF, 0x00, 0x00, 0x00, 0x00, 0x00, 0x7F, 0xFE, 0x00, 0x00,
  0x00, 0x00, 0x00, 0xFF, 0xFC, 0x00, 0x00, 0x00, 0x00, 0x01, 0xFF, 0xF8,
  0x00, 0x00, 0x00, 0x00, 0x03, 0xFF, 0xF0, 0x00, 0x00, 0x00, 0x00, 0x07,
  0xFF, 0xE0, 0x00, 0x00, 0x00, 0x00, 0x0F, 0xFF, 0xC0, 0x00, 0x00, 0x00,
  0x00, 0x1F, 0xFF, 0x80, 0x00, 0x00, 0x00, 0x00, 0x3F, 0xFF, 0x00, 0x00,
  0x00, 0x00, 0x00, 0x7F, 0xFE, 0x00, 0x00, 0x00, 0x00, 0x00, 0xFF, 0xFC,
  0x00, 0x00, 0x00, 0x00, 0x01, 0xFF, 0xF8, 0x00, 0x00, 0x00, 0x00, 0x03,
  0xFF, 0xF0, 0x00, 0x00, 0x00, 0x00, 0x07, 0xFF, 0xE0, 0x00, 0x00, 0x00,
  0x00, 0x0F, 0xFF, 0xC0, 0x00, 0x00, 0x00, 0x00, 0x1F, 0xFF, 0x80, 0x00,
  0x00, 0x00, 0x00, 0x3F, 0xFF, 0x00, 0x00, 0x00, 0x00, 0x00, 0x7F, 0xFE,
  0x00, 0x00, 0x00, 0x00, 0x00, 0xFF, 0xFC, 0x00, 0x00, 0x00, 0x00, 0x01,
  0xFF, 0xF8, 0x00, 0x00, 0x00, 0x00, 0x03, 0xFF, 0xF0, 0x00, 0x00, 0x00,
  0x00, 0x07, 0xFF, 0xE0, 0x00, 0x00, 0x00, 0x00, 0x0F, 0xFF, 0xC0, 0x00,
  0x00, 0x00, 0x00, 0x1F, 0xFF, 0x80, 0x00, 0x00, 0x00, 0x00, 0x3F, 0xFF,
  0x00, 0x00, 0x00, 0x00, 0x00, 0x7F, 0xFE, 0x00, 0x00, 0x00, 0x00, 0x00,
  0xFF, 0xFC, 0x00, 0x00, 0x00, 0x00, 0x01, 0xFF, 0xF8, 0x00, 0x00, 0x00,
  0x00, 0x03, 0xFF, 0xF0, 0x00, 0x00, 0x00, 0x00, 0x07, 0xFF, 0xE0, 0x00,
  0x00, 0x00, 0x00, 0x0F, 0xFF, 0xC0, 0x00, 0x00, 0x00, 0x00, 0x1F, 0xFF,
  0x80, 0x00, 0x00, 0x00, 0x00, 0x3F, 0xFF, 0x00, 0x00, 0x00, 0x00, 0x00,
  0x7F, 0xFE, 0x00, 0x00, 0x00, 0x00, 0x00, 0xFF, 0xFF, 0xFF, 0xF0, 0x00,
  0x00, 0x01, 0xFF, 0xFF, 0xFF, 0xE0, 0x00, 0x00, 0x03, 0xFF, 0xFF, 0xFF,
  0xC0, 0x00, 0x00, 0x07, 0xFF, 0xFF, 0xFF, 0x80, 0x00, 0x00, 0x0F, 0xFF,
  0xFF, 0xFF, 0x00, 0x00, 0x00, 0x1F, 0xFF, 0xFF, 0xFF, 0x00, 0x00, 0x00,
  0x7F, 0xFF, 0x7F, 0xFE, 0x00, 0x00, 0x00, 0xFF, 0xFC, 0xFF, 0xFE, 0x00,
  0x00, 0x03, 0xFF, 0xF9, 0xFF, 0xFC, 0x00, 0x00, 0x07, 0xFF, 0xF3, 0xFF,
  0xFC, 0x00, 0x00, 0x1F, 0xFF, 0xE3, 0xFF, 0xFC, 0x00, 0x00, 0x7F, 0xFF,
  0x87, 0xFF, 0xFC, 0x00, 0x01, 0xFF, 0xFF, 0x07, 0xFF, 0xFE, 0x00, 0x0F,
  0xFF, 0xFC, 0x0F, 0xFF, 0xFF, 0x00, 0x7F, 0xFF, 0xF8, 0x0F, 0xFF, 0xFF,
  0xFF, 0xFF, 0xFF, 0xE0, 0x1F, 0xFF, 0xFF, 0xFF, 0xFF, 0xFF, 0xC0, 0x1F,
  0xFF, 0xFF, 0xFF, 0xFF, 0xFF, 0x00, 0x1F, 0xFF, 0xFF, 0xFF, 0xFF, 0xFC,
  0x00, 0x1F, 0xFF, 0xFF, 0xFF, 0xFF, 0xF0, 0x00, 0x1F, 0xFF, 0xFF, 0xFF,
  0xFF, 0xC0, 0x00, 0x1F, 0xFF, 0xFF, 0xFF, 0xFF, 0x00, 0x00, 0x1F, 0xFF,
  0xFF, 0xFF, 0xFC, 0x00, 0x00, 0x1F, 0xFF, 0xFF, 0xFF, 0xF0, 0x00, 0x00,
  0x1F, 0xFF, 0xFF, 0xFF, 0xC0, 0x00, 0x00, 0x0F, 0xFF, 0xFF, 0xFE, 0x00,
  0x00, 0x00, 0x07, 0xFF, 0xFF, 0xF0, 0x00, 0x00, 0x00, 0x03, 0xFF, 0xFF,
  0x80, 0x00, 0x00, 0x00, 0x00, 0x7F, 0xF0, 0x00, 0x00, 0x00, 0xFF, 0xFC,
  0x00, 0x00, 0x01, 0xFF, 0xFF, 0xFF, 0xF8, 0x00, 0x00, 0x03, 0xFF, 0xFB,
  0xFF, 0xF0, 0x00, 0x00, 0x0F, 0xFF, 0xF7, 0xFF, 0xE0, 0x00, 0x00, 0x1F,
  0xFF, 0xCF, 0xFF, 0xC0, 0x00, 0x00, 0x7F, 0xFF, 0x9F, 0xFF, 0x80, 0x00,
  0x00, 0xFF, 0xFE, 0x3F, 0xFF, 0x00, 0x00, 0x03, 0xFF, 0xFC, 0x7F, 0xFE,
  0x00, 0x00, 0x07, 0xFF, 0xF0, 0xFF, 0xFC, 0x00, 0x00, 0x0F, 0xFF, 0xE1,
  0xFF, 0xF8, 0x00, 0x00, 0x3F, 0xFF, 0x83, 0xFF, 0xF0, 0x00, 0x00, 0x7F,
  0xFF, 0x07, 0xFF, 0xE0, 0x00, 0x01, 0xFF, 0xFC, 0x0F, 0xFF, 0xC0, 0x00,
  0x03, 0xFF, 0xF8, 0x1F, 0xFF, 0x80, 0x00, 0x0F, 0xFF, 0xE0, 0x3F, 0xFF,
  0x00, 0x00, 0x1F, 0xFF, 0xC0, 0x7F, 0xFE, 0x00, 0x00, 0x7F, 0xFF, 0x00,
  0xFF, 0xFC, 0x00, 0x00, 0xFF, 0xFE, 0x01, 0xFF, 0xF8, 0x00, 0x03, 0xFF,
  0xF8, 0x03, 0xFF, 0xF0, 0x00, 0x07, 0xFF, 0xF0, 0x07, 0xFF, 0xE0, 0x00,
  0x1F, 0xFF, 0xC0, 0x0F, 0xFF, 0xC0, 0x00, 0x3F, 0xFF, 0x80, 0x1F, 0xFF,
  0x80, 0x00, 0xFF, 0xFF, 0x00, 0x3F, 0xFF, 0x00, 0x01, 0xFF, 0xFC, 0x00,
  0x7F, 0xFE, 0x00, 0x07, 0xFF, 0xF8, 0x00, 0xFF, 0xFC, 0x00, 0x0F, 0xFF,
  0xE0, 0x01, 0xFF, 0xF8, 0x00, 0x1F, 0xFF, 0xC0, 0x03, 0xFF, 0xF0, 0x00,
  0x7F, 0xFF, 0x00, 0x07, 0xFF, 0xE0, 0x00, 0xFF, 0xFE, 0x00, 0x0F, 0xFF,
  0xC0, 0x03, 0xFF, 0xF8, 0x00, 0x1F, 0xFF, 0x80, 0x07, 0xFF, 0xF0, 0x00,
  0x3F, 0xFF, 0x00, 0x1F, 0xFF, 0xC0, 0x00, 0x7F, 0xFE, 0x00, 0x3F, 0xFF,
  0x80, 0x00, 0xFF, 0xFC, 0x00, 0xFF, 0xFE, 0x00, 0x01, 0xFF, 0xF8, 0x01,
  0xFF, 0xFC, 0x00, 0x03, 0xFF, 0xF0, 0x07, 0xFF, 0xF0, 0x00, 0x07, 0xFF,
  0xE0, 0x0F, 0xFF, 0xE0, 0x00, 0x0F, 0xFF, 0xC0, 0x3F, 0xFF, 0x80, 0x00,
  0x1F, 0xFF, 0x80, 0x7F, 0xFF, 0x00, 0x00, 0x3F, 0xFF, 0x01, 0xFF, 0xFC,
  0x00, 0x00, 0x7F, 0xFE, 0x03, 0xFF, 0xF8, 0x00, 0x00, 0xFF, 0xFC, 0x0F,
  0xFF, 0xE0, 0x00, 0x01, 0xFF, 0xF8, 0x1F, 0xFF, 0xC0, 0x00, 0x03, 0xFF,
  0xF0, 0x7F, 0xFF, 0x00, 0x00, 0x07, 0xFF, 0xE0, 0xFF, 0xFE, 0x00, 0x00,
  0x0F, 0xFF, 0xC1, 0xFF, 0xF8, 0x00, 0x00, 0x1F, 0xFF, 0x87, 0xFF, 0xF0,
  0x00, 0x00, 0x3F, 0xFF, 0x0F, 0xFF, 0xC0, 0x00, 0x00, 0x7F, 0xFE, 0x3F,
  0xFF, 0x80, 0x00, 0x00, 0xFF, 0xFC, 0x7F, 0xFE, 0x00, 0x00, 0x01, 0xFF,
  0xF9, 0xFF, 0xFC, 0x00, 0x00, 0x03, 0xFF, 0xF3, 0xFF, 0xF8, 0x00, 0x00,
  0x07, 0xFF, 0xEF, 0xFF, 0xF0, 0x00, 0x00, 0x0F, 0xFF, 0xDF, 0xFF, 0xF0,
  0x00, 0x00, 0x1F, 0xFF, 0xFF, 0xFF, 0xE0, 0x00, 0x00, 0x3F, 0xFF, 0xFF,
  0xFF, 0xC0, 0x00, 0x00, 0x7F, 0xFF, 0xFF, 0xFF, 0xC0, 0x00, 0x00, 0xFF,
  0xFF, 0xFF, 0xFF, 0x80, 0x00, 0x01, 0xFF, 0xFF, 0xFF, 0xFF, 0x80, 0x00,
  0x03, 0xFF, 0xFF, 0xFF, 0xFF, 0x00, 0x00, 0x07, 0xFF, 0xFF, 0xFF, 0xFE,
  0x00, 0x00, 0x0F, 0xFF, 0xFF, 0xFF, 0xFE, 0x00, 0x00, 0x1F, 0xFF, 0xFF,
  0xFF, 0xFC, 0x00, 0x00, 0x3F, 0xFF, 0xFF, 0xFF, 0xFC, 0x00, 0x00, 0x7F,
  0xFF, 0xFF, 0xFF, 0xF8, 0x00, 0x00, 0xFF, 0xFF, 0xFF, 0xFF, 0xF0, 0x00,
  0x01, 0xFF, 0xFF, 0xE7, 0xFF, 0xF0, 0x00, 0x03, 0xFF, 0xFF, 0xCF, 0xFF,
  0xE0, 0x00, 0x07, 0xFF, 0xFF, 0x0F, 0xFF, 0xE0, 0x00, 0x0F, 0xFF, 0xFC,
  0x1F, 0xFF, 0xC0, 0x00, 0x1F, 0xFF, 0xF8, 0x3F, 0xFF, 0x80, 0x00, 0x3F,
  0xFF, 0xE0, 0x3F, 0xFF, 0x80, 0x00, 0x7F, 0xFF, 0xC0, 0x7F, 0xFF, 0x00,
  0x00, 0xFF, 0xFF, 0x00, 0x7F, 0xFF, 0x00, 0x01, 0xFF, 0xFE, 0x00, 0xFF,
  0xFE, 0x00, 0x03, 0xFF, 0xF8, 0x01, 0xFF, 0xFE, 0x00, 0x07, 0xFF, 0xF0,
  0x01, 0xFF, 0xFC, 0x00, 0x0F, 0xFF, 0xC0, 0x03, 0xFF, 0xF8, 0x00, 0x1F,
  0xFF, 0x80, 0x03, 0xFF, 0xF8, 0x00, 0x3F, 0xFF, 0x00, 0x07, 0xFF, 0xF0,
  0x00, 0x7F, 0xFE, 0x00, 0x0F, 0xFF, 0xF0, 0x00, 0xFF, 0xFC, 0x00, 0x0F,
  0xFF, 0xE0, 0x01, 0xFF, 0xF8, 0x00, 0x1F, 0xFF, 0xC0, 0x03, 0xFF, 0xF0,
  0x00, 0x1F, 0xFF, 0xC0, 0x07, 0xFF, 0xE0, 0x00, 0x3F, 0xFF, 0x80, 0x0F,
  0xFF, 0xC0, 0x00, 0x7F, 0xFF, 0x80, 0x1F, 0xFF, 0x80, 0x00, 0x7F, 0xFF,
  0x00, 0x3F, 0xFF, 0x00, 0x00, 0xFF, 0xFE, 0x00, 0x7F, 0xFE, 0x00, 0x00,
  0xFF, 0xFE, 0x00, 0xFF, 0xFC, 0x00, 0x01, 0xFF, 0xFC, 0x01, 0xFF, 0xF8,
  0x00, 0x03, 0xFF, 0xFC, 0x03, 0xFF, 0xF0, 0x00, 0x03, 0xFF, 0xF8, 0x07,
  0xFF, 0xE0, 0x00, 0x07, 0xFF, 0xF8, 0x0F, 0xFF, 0xC0, 0x00, 0x07, 0xFF,
  0xF0, 0x1F, 0xFF, 0x80, 0x00, 0x0F, 0xFF, 0xE0, 0x3F, 0xFF, 0x00, 0x00,
  0x1F, 0xFF, 0xE0, 0x7F, 0xFE, 0x00, 0x00, 0x1F, 0xFF, 0xC0, 0xFF, 0xFC,
  0x00, 0x00, 0x3F, 0xFF, 0xC1, 0xFF, 0xF8, 0x00, 0x00, 0x3F, 0xFF, 0x83,
  0xFF, 0xF0, 0x00, 0x00, 0x7F, 0xFF, 0x07, 0xFF, 0xE0, 0x00, 0x00, 0x7F,
  0xFF, 0x0F, 0xFF, 0xC0, 0x00, 0x00, 0xFF, 0xFE, 0x1F, 0xFF, 0x80, 0x00,
  0x01, 0xFF, 0xFE, 0x3F, 0xFF, 0x00, 0x00, 0x01, 0xFF, 0xFC, 0x7F, 0xFE,
  0x00, 0x00, 0x03, 0xFF, 0xF8, 0xFF, 0xFC, 0x00, 0x00, 0x03, 0xFF, 0xF9,
  0xFF, 0xF8, 0x00, 0x00, 0x07, 0xFF, 0xF3, 0xFF, 0xF0, 0x00, 0x00, 0x0F,
  0xFF, 0xF7, 0xFF, 0xE0, 0x00, 0x00, 0x0F, 0xFF, 0xEF, 0xFF, 0xC0, 0x00,
  0x00, 0x1F, 0xFF, 0xDF, 0xFF, 0x80, 0x00, 0x00, 0x1F, 0xFF, 0xC0, 0xFF,
  0xFC, 0x00, 0x00, 0x00, 0x00, 0x01, 0xFF, 0xF8, 0x00, 0x00, 0x00, 0x00,
  0x03, 0xFF, 0xF0, 0x00, 0x00, 0x00, 0x00, 0x07, 0xFF, 0xE0, 0x00, 0x00,
  0x00, 0x00, 0x0F, 0xFF, 0xC0, 0x00, 0x00, 0x00, 0x00, 0x1F, 0xFF, 0x80,
  0x00, 0x00, 0x00, 0x00, 0x3F, 0xFF, 0x00, 0x00, 0x00, 0x00, 0x00, 0x7F,
  0xFE, 0x00, 0x00, 0x00, 0x00, 0x00, 0xFF, 0xFC, 0x00, 0x00, 0x00, 0x00,
  0x01, 0xFF, 0xF8, 0x00, 0x00, 0x00, 0x00, 0x03, 0xFF, 0xF0, 0x00, 0x00,
  0x00, 0x00, 0x07, 0xFF, 0xE0, 0x00, 0x00, 0x00, 0x00, 0x0F, 0xFF, 0xC0,
  0x00, 0x00, 0x00, 0x00, 0x1F, 0xFF, 0x80, 0x00, 0x00, 0x00, 0x00, 0x3F,
  0xFF, 0x00, 0x00, 0x00, 0x00, 0x00, 0x7F, 0xFE, 0x00, 0x00, 0x00, 0x00,
  0x00, 0xFF, 0xFC, 0x00, 0x00, 0x00, 0x00, 0x01, 0xFF, 0xF8, 0x00, 0x00,
  0x00, 0x00, 0x03, 0xFF, 0xF0, 0x00, 0x00, 0x00, 0x00, 0x07, 0xFF, 0xE0,
  0x00, 0x00, 0x00, 0x00, 0x0F, 0xFF, 0xC0, 0x00, 0x00, 0x00, 0x00, 0x1F,
  0xFF, 0x80, 0x00, 0x00, 0x00, 0x00, 0x3F, 0xFF, 0x00, 0x00, 0x00, 0x00,
  0x00, 0x7F, 0xFE, 0x00, 0x00, 0x00, 0x00, 0x00, 0xFF, 0xFC, 0x00, 0x00,
  0x00, 0x00, 0x01, 0xFF, 0xF8, 0x00, 0x00, 0x00, 0x00, 0x03, 0xFF, 0xF0,
  0x00, 0x00, 0x00, 0x00, 0x07, 0xFF, 0xE0, 0x00, 0x00, 0x00, 0x00, 0x0F,
  0xFF, 0xC0, 0x00, 0x00, 0x00, 0x00, 0x1F, 0xFF, 0x80, 0x00, 0x00, 0x00,
  0x00, 0x3F, 0xFF, 0x00, 0x00, 0x00, 0x00, 0x00, 0x7F, 0xFE, 0x00, 0x00,
  0x00, 0x00, 0x00, 0xFF, 0xFC, 0x00, 0x00, 0x00, 0x00, 0x01, 0xFF, 0xF8,
  0x00, 0x00, 0x00, 0x00, 0x03, 0xFF, 0xF0, 0x00, 0x00, 0x00, 0x00, 0x07,
  0xFF, 0xE0, 0x00, 0x00, 0x00, 0x00, 0x0F, 0xFF, 0xC0, 0x00, 0x00, 0x00,
  0x00, 0x1F, 0xFF, 0x80, 0x00, 0x00, 0x00, 0x00, 0x3F, 0xFF, 0x00, 0x00,
  0x00, 0x00, 0x00, 0x7F, 0xFE, 0x00, 0x00, 0x00, 0x00, 0x00, 0xFF, 0xFC,
  0x00, 0x00, 0x00, 0x00, 0x01, 0xFF, 0xF8, 0x00, 0x00, 0x00, 0x00, 0x03,
  0xFF, 0xF0, 0x00, 0x00, 0x00, 0x00, 0x07, 0xFF, 0xE0, 0x00, 0x00, 0x00,
  0x00, 0x0F, 0xFF, 0xC0, 0x00, 0x00, 0x00, 0x00, 0x1F, 0xFF, 0x80, 0x00,
  0x00, 0x00, 0x00, 0x3F, 0xFF, 0x00, 0x00, 0x00, 0x00, 0x00, 0x7F, 0xFE,
  0x00, 0x00, 0x00, 0x00, 0x00, 0xFF, 0xFC, 0x00, 0x00, 0x00, 0x00, 0x01,
  0xFF, 0xF8, 0x00, 0x00, 0x00, 0x00, 0x03, 0xFF, 0xF0, 0x00, 0x00, 0x00,
  0x00, 0x07, 0xFF, 0xE0, 0x00, 0x00, 0x00, 0x00, 0x0F, 0xFF, 0xC0, 0x00,
  0x00, 0x00, 0x00, 0x1F, 0xFF, 0x80, 0x00, 0x00, 0x00, 0x00, 0x3F, 0xFF,
  0x00, 0x00, 0x00, 0x00, 0x00, 0x7F, 0xFE, 0x00, 0x00, 0x00, 0x00, 0x00,
  0xFF, 0xFC, 0x00, 0x00, 0x00, 0x00, 0x01, 0xFF, 0xF8, 0x00, 0x00, 0x00,
  0x00, 0x03, 0xFF, 0xF0, 0x00, 0x00, 0x00, 0x00, 0x07, 0xFF, 0xE0, 0x00,
  0x00, 0x00, 0x00, 0x0F, 0xFF, 0xC0, 0x00, 0x00, 0x00, 0x00, 0x1F, 0xFF,
  0x80, 0x00, 0x00, 0x00, 0x00, 0x3F, 0xFF, 0x00, 0x00, 0x00, 0x00, 0x00,
  0x7F, 0xFE, 0x00, 0x00, 0x00, 0x00, 0x00, 0xFF, 0xFC, 0x00, 0x00, 0x00,
  0x00, 0x01, 0xFF, 0xF8, 0x00, 0x00, 0x00, 0x00, 0x03, 0xFF, 0xF0, 0x00,
  0x00, 0x00, 0x00, 0x07, 0xFF, 0xE0, 0x00, 0x00, 0x00, 0x00, 0x0F, 0xFF,
  0xC0, 0x00, 0x00, 0x00, 0x00, 0x1F, 0xFF, 0x80, 0x00, 0x00, 0x00, 0x00,
  0x3F, 0xFF, 0x00, 0x00, 0x00, 0x00, 0x00, 0x7F, 0xFE, 0x00, 0x00, 0x00,
  0x00, 0x00, 0xFF, 0xFC, 0x00, 0x00, 0x00, 0x00, 0x01, 0xFF, 0xF8, 0x00,
  0x00, 0x00, 0x00, 0x03, 0xFF, 0xF0, 0x00, 0x00, 0x00, 0x00, 0x07, 0xFF,
  0xE0, 0x00, 0x00, 0x00, 0x00, 0x0F, 0xFF, 0xC0, 0x00, 0x00, 0x00, 0x00,
  0x1F, 0xFF, 0x80, 0x00, 0x00, 0x00, 0x00, 0x3F, 0xFF, 0x00, 0x00, 0x00,
  0x00, 0x00, 0x7F, 0xFE, 0x00, 0x00, 0x00, 0x00, 0x00, 0xFF, 0xFC, 0x00,
  0x00, 0x00, 0x00, 0x01, 0xFF, 0xF8, 0x00, 0x00, 0x00, 0x00, 0x03, 0xFF,
  0xF0, 0x00, 0x00, 0x00, 0x00, 0x07, 0xFF, 0xE0, 0x00, 0x00, 0x00, 0x00,
  0x0F, 0xFF, 0xC0, 0x00, 0x00, 0x00, 0x00, 0x1F, 0xFF, 0x80, 0x00, 0x00,
  0x00, 0x00, 0x3F, 0xFF, 0x00, 0x00, 0x00, 0x00, 0x00, 0x7F, 0xFE, 0x00,
  0x00, 0x00, 0x00, 0x00, 0xFF, 0xFC, 0x00, 0x00, 0x00, 0x00, 0x01, 0xFF,
  0xF8, 0x00, 0x00, 0x00, 0x00, 0x03, 0xFF, 0xF0, 0x00, 0x00, 0x00, 0x00,
  0x07, 0xFF, 0xE0, 0x00, 0x00, 0x00, 0x00, 0x0F, 0xFF, 0xC0, 0x00, 0x00,
  0x00, 0x00, 0x1F, 0xFF, 0x80, 0x00, 0x00, 0x00, 0x00, 0x3F, 0xFF, 0x00,
  0x00, 0x00, 0x00, 0x00, 0x7F, 0xFE, 0x00, 0x00, 0x00, 0x00, 0x00, 0xFF,
  0xFF, 0xFF, 0xFF, 0xFF, 0xFF, 0xFF, 0xFF, 0xFF, 0xFF, 0xFF, 0xFF, 0xFF,
  0xFF, 0xFF, 0xFF, 0xFF, 0xFF, 0xFF, 0xFF, 0xFF, 0xFF, 0xFF, 0xFF, 0xFF,
  0xFF, 0xFF, 0xFF, 0xFF, 0xFF, 0xFF, 0xFF, 0xFF, 0xFF, 0xFF, 0xFF, 0xFF,
  0xFF, 0xFF, 0xFF, 0xFF, 0xFF, 0xFF, 0xFF, 0xFF, 0xFF, 0xFF, 0xFF, 0xFF,
  0xFF, 0xFF, 0xFF, 0xFF, 0xFF, 0xFF, 0xFF, 0xFF, 0xFF, 0xFF, 0xFF, 0xFF,
  0xFF, 0xFF, 0xFF, 0xFF, 0xFF, 0xFF, 0xFF, 0xFF, 0xFF, 0xFF, 0xFF, 0xFF,
  0xFF, 0xFF, 0xFF, 0xFF, 0xFF, 0xFF, 0xFF, 0xFF, 0xFF, 0xFF, 0xFF, 0xFF,
  0xFF, 0xFF, 0xFF, 0xFF, 0xFF, 0xFF, 0xFF, 0xFF, 0xFF, 0xFF, 0xFF, 0xC0,
  0xFF, 0xFF, 0x00, 0x00, 0x00, 0x07, 0xFF, 0xFF, 0xFF, 0xF8, 0x00, 0x00,
  0x00, 0x3F, 0xFF, 0xFF, 0xFF, 0xE0, 0x00, 0x00, 0x03, 0xFF, 0xFF, 0xFF,
  0xFF, 0x00, 0x00, 0x00, 0x1F, 0xFF, 0xFF, 0xFF, 0xF8, 0x00, 0x00, 0x00,
  0xFF, 0xFF, 0xFF, 0xFF, 0xC0, 0x00, 0x00, 0x0F, 0xFF, 0xFF, 0xFF, 0xFF,
  0x00, 0x00, 0x00, 0x7F, 0xFF, 0xFF, 0xFF, 0xF8, 0x00, 0x00, 0x03, 0xFF,
  0xFF, 0xFF, 0xFF, 0xC0, 0x00, 0x00, 0x1F, 0xFF, 0xFF, 0xFF, 0xFF, 0x00,
  0x00, 0x01, 0xFF, 0xFF, 0xFF, 0xFF, 0xF8, 0x00, 0x00, 0x0F, 0xFF, 0xFF,
  0xFF, 0xFF, 0xC0, 0x00, 0x00, 0x7F, 0xFF, 0xFF, 0xFF, 0xFE, 0x00, 0x00,
  0x03, 0xFF, 0xFF, 0xFF, 0xFF, 0xF8, 0x00, 0x00, 0x3F, 0xFF, 0xFF, 0xFF,
  0xFF, 0xC0, 0x00, 0x01, 0xFF, 0xFF, 0xFF, 0xFF, 0xFE, 0x00, 0x00, 0x0F,
  0xFF, 0xFF, 0xFF, 0xFF, 0xF0, 0x00, 0x00, 0x7F, 0xFF, 0xFF, 0xFF, 0xFF,
  0xC0, 0x00, 0x07, 0xFF, 0xFF, 0xFF, 0xFF, 0xFE, 0x00, 0x00, 0x3F, 0xFF,
  0xFF, 0xFF, 0xFF, 0xF0, 0x00, 0x01, 0xFF, 0xFF, 0xFF, 0xFF, 0xFF, 0x80,
  0x00, 0x0F, 0xFF, 0xFF, 0xFF, 0xFF, 0xFE, 0x00, 0x00, 0xFF, 0xFF, 0xFF,
  0xFF, 0xFF, 0xF0, 0x00, 0x07, 0xFF, 0xFF, 0xFF, 0xFF, 0xFF, 0x80, 0x00,
  0x3F, 0xFF, 0xFF, 0xFF, 0xFF, 0xFE, 0x00, 0x03, 0xFF, 0xFF, 0xFF, 0xFF,
  0xFF, 0xF0, 0x00, 0x1F, 0xFF, 0xFF, 0xFF, 0xFF, 0xFF, 0x80, 0x00, 0xFF,
  0xFF, 0xFF, 0xFF, 0xFF, 0xFC, 0x00, 0x07, 0xFF, 0xFF, 0xFF, 0xFF, 0xFF,
  0xF0, 0x00, 0x7F, 0xFF, 0xFF, 0xFF, 0xFF, 0xFF, 0x80, 0x03, 0xFF, 0xFF,
  0xFF, 0xFF, 0xFF, 0xFC, 0x00, 0x1F, 0xFF, 0xFF, 0xFF, 0xFF, 0xFF, 0xE0,
  0x00, 0xFF, 0xFF, 0xFF, 0xFF, 0xFF, 0xFF, 0x80, 0x0F, 0xFF, 0xFF, 0xFF,
  0xFF, 0xFF, 0xFC, 0x00, 0x7F, 0xFF, 0xFF, 0xFF, 0xFF, 0xFF, 0xE0, 0x03,
  0xFF, 0xFF, 0xFF, 0xFF, 0xFF, 0xFF, 0x00, 0x1F, 0xFF, 0xFF, 0xFF, 0xFF,
  0xFF, 0xFC, 0x01, 0xFF, 0xFF, 0xFF, 0xFF, 0xFF, 0xFF, 0xE0, 0x0F, 0xFF,
  0xFF, 0xFF, 0xFF, 0xFF, 0xFF, 0x00, 0x7F, 0xFF, 0xFF, 0xFF, 0xFF, 0xFF,
  0xF8, 0x03, 0xFF, 0xFF, 0xFF, 0xFF, 0xFF, 0xFF, 0xE0, 0x3F, 0xFF, 0xFF,
  0xFF, 0xFF, 0xFF, 0xFF, 0x01, 0xFF, 0xFF, 0xFF, 0xFF, 0xFF, 0xFF, 0xF8,
  0x0F, 0xFF, 0xFF, 0xFF, 0xFF, 0xFF, 0xFF, 0xE0, 0xFF, 0xFF, 0xFF, 0xFF,
  0xFF, 0xFF, 0xFF, 0x07, 0xFF, 0xFF, 0xFF, 0xFF, 0xFF, 0xFF, 0xF8, 0x3F,
  0xFF, 0xFF, 0xFF, 0xFF, 0xF7, 0xFF, 0xC1, 0xFF, 0xF7, 0xFF, 0xFF, 0xFF,
  0xBF, 0xFF, 0x1F, 0xFF, 0xBF, 0xFF, 0xFF, 0xFD, 0xFF, 0xF8, 0xFF, 0xFD,
  0xFF, 0xFF, 0xFF, 0xE7, 0xFF, 0xC7, 0xFF, 0xCF, 0xFF, 0xFF, 0xFF, 0x3F,
  0xFE, 0x3F, 0xFE, 0x7F, 0xFF, 0xFF, 0xF9, 0xFF, 0xFB, 0xFF, 0xF3, 0xFF,
  0xFF, 0xFF, 0xC7, 0xFF, 0xDF, 0xFF, 0x9F, 0xFF, 0xFF, 0xFE, 0x3F, 0xFE,
  0xFF, 0xF8, 0xFF, 0xFF, 0xFF, 0xF1, 0xFF, 0xF7, 0xFF, 0xC7, 0xFF, 0xFF,
  0xFF, 0x8F, 0xFF, 0xFF, 0xFE, 0x3F, 0xFF, 0xFF, 0xFC, 0x3F, 0xFF, 0xFF,
  0xE1, 0xFF, 0xFF, 0xFF, 0xE1, 0xFF, 0xFF, 0xFF, 0x0F, 0xFF, 0xFF, 0xFF,
  0x0F, 0xFF, 0xFF, 0xF8, 0x7F, 0xFF, 0xFF, 0xF8, 0x3F, 0xFF, 0xFF, 0x83,
  0xFF, 0xFF, 0xFF, 0xC1, 0xFF, 0xFF, 0xFC, 0x1F, 0xFF, 0xFF, 0xFE, 0x0F,
  0xFF, 0xFF, 0xE0, 0xFF, 0xFF, 0xFF, 0xF0, 0x3F, 0xFF, 0xFE, 0x07, 0xFF,
  0xFF, 0xFF, 0x81, 0xFF, 0xFF, 0xF0, 0x3F, 0xFF, 0xFF, 0xFC, 0x0F, 0xFF,
  0xFF, 0x81, 0xFF, 0xFF, 0xFF, 0xE0, 0x3F, 0xFF, 0xF8, 0x0F, 0xFF, 0xFF,
  0xFF, 0x01, 0xFF, 0xFF, 0xC0, 0x7F, 0xFF, 0xFF, 0xF8, 0x0F, 0xFF, 0xFE,
  0x03, 0xFF, 0xFF, 0xFF, 0xC0, 0x7F, 0xFF, 0xF0, 0x1F, 0xFF, 0xFF, 0xFE,
  0x01, 0xFF, 0xFF, 0x00, 0xFF, 0xFF, 0xFF, 0xF0, 0x0F, 0xFF, 0xF8, 0x07,
  0xFF, 0xFF, 0xFF, 0x80, 0x7F, 0xFF, 0xC0, 0x3F, 0xFF, 0xFF, 0xFC, 0x01,
  0xFF, 0xFC, 0x01, 0xFF, 0xFF, 0xFF, 0xE0, 0x0F, 0xFF, 0xE0, 0x0F, 0xFF,
  0xFF, 0xFF, 0x00, 0x7F, 0xFF, 0x00, 0x7F, 0xFF, 0xFF, 0xF8, 0x01, 0xFF,
  0xF0, 0x03, 0xFF, 0xFF, 0xFF, 0xC0, 0x0F, 0xFF, 0x80, 0x1F, 0xFF, 0xFF,
  0xFE, 0x00, 0x7F, 0xFC, 0x00, 0xFF, 0xFF, 0xFF, 0xF0, 0x01, 0xFF, 0xC0,
  0x07, 0xFF, 0xFF, 0xFF, 0x80, 0x0F, 0xFE, 0x00, 0x3F, 0xFF, 0xFF, 0xFC,
  0x00, 0x7F, 0xF0, 0x01, 0xFF, 0xFF, 0xFF, 0xE0, 0x01, 0xFF, 0x00, 0x0F,
  0xFF, 0xFF, 0xFF, 0x00, 0x0F, 0xF8, 0x00, 0x7F, 0xFF, 0xFF, 0xF8, 0x00,
  0x7F, 0xC0, 0x03, 0xFF, 0xFF, 0xFF, 0xC0, 0x03, 0xFE, 0x00, 0x1F, 0xFF,
  0xFF, 0xFE, 0x00, 0x0F, 0xE0, 0x00, 0xFF, 0xFF, 0xFF, 0xF0, 0x00, 0x7F,
  0x00, 0x07, 0xFF, 0xFF, 0xFF, 0x80, 0x03, 0xF8, 0x00, 0x3F, 0xFF, 0xFF,
  0xFC, 0x00, 0x0F, 0x80, 0x01, 0xFF, 0xFF, 0xFF, 0xE0, 0x00, 0x7C, 0x00,
  0x0F, 0xFF, 0xFF, 0xFF, 0x00, 0x03, 0xE0, 0x00, 0x7F, 0xFF, 0xFF, 0xF8,
  0x00, 0x0E, 0x00, 0x03, 0xFF, 0xFF, 0xFF, 0xC0, 0x00, 0x70, 0x00, 0x1F,
  0xFF, 0xFF, 0xFE, 0x00, 0x03, 0x80, 0x00, 0xFF, 0xFF, 0xFF, 0xF0, 0x00,
  0x08, 0x00, 0x07, 0xFF, 0xFF, 0xFF, 0x80, 0x00, 0x40, 0x00, 0x3F, 0xFF,
  0xFF, 0xFC, 0x00, 0x02, 0x00, 0x01, 0xFF, 0xFF, 0xFF, 0xE0, 0x00, 0x00,
  0x00, 0x0F, 0xFF, 0xFF, 0xFF, 0x00, 0x00, 0x00, 0x00, 0x7F, 0xFF, 0xFF,
  0xF8, 0x00, 0x00, 0x00, 0x03, 0xFF, 0xFF, 0xFF, 0xC0, 0x00, 0x00, 0x00,
  0x1F, 0xFF, 0xFF, 0xFE, 0x00, 0x00, 0x00, 0x00, 0xFF, 0xFF, 0xFF, 0xF0,
  0x00, 0x00, 0x00, 0x07, 0xFF, 0xFF, 0xFF, 0x80, 0x00, 0x00, 0x00, 0x3F,
  0xFF, 0xFF, 0xFC, 0x00, 0x00, 0x00, 0x01, 0xFF, 0xFF, 0xFF, 0xE0, 0x00,
  0x00, 0x00, 0x0F, 0xFF, 0xFF, 0xFF, 0x00, 0x00, 0x00, 0x00, 0x7F, 0xFF,
  0xFF, 0xF8, 0x00, 0x00, 0x00, 0x03, 0xFF, 0xFF, 0xFF, 0xC0, 0x00, 0x00,
  0x00, 0x1F, 0xFF, 0xFF, 0xFE, 0x00, 0x00, 0x00, 0x00, 0xFF, 0xFC, 0xFF,
  0xFC, 0x00, 0x00, 0x00, 0x7F, 0xFF, 0xFF, 0xF8, 0x00, 0x00, 0x00, 0xFF,
  0xFF, 0xFF, 0xF8, 0x00, 0x00, 0x01, 0xFF, 0xFF, 0xFF, 0xF0, 0x00, 0x00,
  0x03, 0xFF, 0xFF, 0xFF, 0xE0, 0x00, 0x00, 0x07, 0xFF, 0xFF, 0xFF, 0xE0,
  0x00, 0x00, 0x0F, 0xFF, 0xFF, 0xFF, 0xC0, 0x00, 0x00, 0x1F, 0xFF, 0xFF,
  0xFF, 0xC0, 0x00, 0x00, 0x3F, 0xFF, 0xFF, 0xFF, 0x80, 0x00, 0x00, 0x7F,
  0xFF, 0xFF, 0xFF, 0x00, 0x00, 0x00, 0xFF, 0xFF, 0xFF, 0xFF, 0x00, 0x00,
  0x01, 0xFF, 0xFF, 0xFF, 0xFE, 0x00, 0x00, 0x03, 0xFF, 0xFF, 0xFF, 0xFC,
  0x00, 0x00, 0x07, 0xFF, 0xFF, 0xFF, 0xFC, 0x00, 0x00, 0x0F, 0xFF, 0xFF,
  0xFF, 0xF8, 0x00, 0x00, 0x1F, 0xFF, 0xFF, 0xFF, 0xF0, 0x00, 0x00, 0x3F,
  0xFF, 0xFF, 0xFF, 0xF0, 0x00, 0x00, 0x7F, 0xFF, 0xFF, 0xFF, 0xE0, 0x00,
  0x00, 0xFF, 0xFF, 0xFF, 0xFF, 0xE0, 0x00, 0x01, 0xFF, 0xFF, 0xFF, 0xFF,
  0xC0, 0x00, 0x03, 0xFF, 0xFF, 0xFF, 0xFF, 0x80, 0x00, 0x07, 0xFF, 0xFF,
  0xFF, 0xFF, 0x80, 0x00, 0x0F, 0xFF, 0xFF, 0xFF, 0xFF, 0x00, 0x00, 0x1F,
  0xFF, 0xFF, 0xFF, 0xFE, 0x00, 0x00, 0x3F, 0xFF, 0xFF, 0xFF, 0xFE, 0x00,
  0x00, 0x7F, 0xFF, 0xFF, 0xFF, 0xFC, 0x00, 0x00, 0xFF, 0xFF, 0xFF, 0xFF,
  0xF8, 0x00, 0x01, 0xFF, 0xFF, 0xFF, 0xFF, 0xF8, 0x00, 0x03, 0xFF, 0xFF,
  0xFF, 0xFF, 0xF0, 0x00, 0x07, 0xFF, 0xFF, 0xFF, 0xFF, 0xF0, 0x00, 0x0F,
  0xFF, 0xFF, 0xFF, 0xFF, 0xE0, 0x00, 0x1F, 0xFF, 0xFF, 0xFF, 0xFF, 0xC0,
  0x00, 0x3F, 0xFF, 0xFF, 0xFF, 0xFF, 0xC0, 0x00, 0x7F, 0xFF, 0xFF, 0xFF,
  0xFF, 0x80, 0x00, 0xFF, 0xFF, 0xFF, 0xFF, 0xFF, 0x00, 0x01, 0xFF, 0xFF,
  0xFF, 0xFF, 0xFF, 0x00, 0x03, 0xFF, 0xFF, 0xFF, 0xDF, 0xFE, 0x00, 0x07,
  0xFF, 0xFF, 0xFF, 0xBF, 0xFC, 0x00, 0x0F, 0xFF, 0xFF, 0xFF, 0x7F, 0xFC,
  0x00, 0x1F, 0xFF, 0xFF, 0xFE, 0x7F, 0xF8, 0x00, 0x3F, 0xFF, 0xFF, 0xFC,
  0xFF, 0xF8, 0x00, 0x7F, 0xFF, 0xFF, 0xF9, 0xFF, 0xF0, 0x00, 0xFF, 0xFF,
  0xFF, 0xF1, 0xFF, 0xE0, 0x01, 0xFF, 0xFF, 0xFF, 0xE3, 0xFF, 0xE0, 0x03,
  0xFF, 0xFF, 0xFF, 0xC7, 0xFF, 0xC0, 0x07, 0xFF, 0xFF, 0xFF, 0x87, 0xFF,
  0x80, 0x0F, 0xFF, 0xFF, 0xFF, 0x0F, 0xFF, 0x80, 0x1F, 0xFF, 0xFF, 0xFE,
  0x0F, 0xFF, 0x00, 0x3F, 0xFF, 0xFF, 0xFC, 0x1F, 0xFE, 0x00, 0x7F, 0xFF,
  0xFF, 0xF8, 0x3F, 0xFE, 0x00, 0xFF, 0xFF, 0xFF, 0xF0, 0x3F, 0xFC, 0x01,
  0xFF, 0xFF, 0xFF, 0xE0, 0x7F, 0xFC, 0x03, 0xFF, 0xFF, 0xFF, 0xC0, 0xFF,
  0xF8, 0x07, 0xFF, 0xFF, 0xFF, 0x80, 0xFF, 0xF0, 0x0F, 0xFF, 0xFF, 0xFF,
  0x01, 0xFF, 0xF0, 0x1F, 0xFF, 0xFF, 0xFE, 0x03, 0xFF, 0xE0, 0x3F, 0xFF,
  0xFF, 0xFC, 0x03, 0xFF, 0xC0, 0x7F, 0xFF, 0xFF, 0xF8, 0x07, 0xFF, 0xC0,
  0xFF, 0xFF, 0xFF, 0xF0, 0x07, 0xFF, 0x81, 0xFF, 0xFF, 0xFF, 0xE0, 0x0F,
  0xFF, 0x03, 0xFF, 0xFF, 0xFF, 0xC0, 0x1F, 0xFF, 0x07, 0xFF, 0xFF, 0xFF,
  0x80, 0x1F, 0xFE, 0x0F, 0xFF, 0xFF, 0xFF, 0x00, 0x3F, 0xFE, 0x1F, 0xFF,
  0xFF, 0xFE, 0x00, 0x7F, 0xFC, 0x3F, 0xFF, 0xFF, 0xFC, 0x00, 0x7F, 0xF8,
  0x7F, 0xFF, 0xFF, 0xF8, 0x00, 0xFF, 0xF8, 0xFF, 0xFF, 0xFF, 0xF0, 0x01,
  0xFF, 0xF1, 0xFF, 0xFF, 0xFF, 0xE0, 0x01, 0xFF, 0xE3, 0xFF, 0xFF, 0xFF,
  0xC0, 0x03, 0xFF, 0xE7, 0xFF, 0xFF, 0xFF, 0x80, 0x03, 0xFF, 0xCF, 0xFF,
  0xFF, 0xFF, 0x00, 0x07, 0xFF, 0x9F, 0xFF, 0xFF, 0xFE, 0x00, 0x0F, 0xFF,
  0xBF, 0xFF, 0xFF, 0xFC, 0x00, 0x0F, 0xFF, 0x7F, 0xFF, 0xFF, 0xF8, 0x00,
  0x1F, 0xFF, 0xFF, 0xFF, 0xFF, 0xF0, 0x00, 0x3F, 0xFF, 0xFF, 0xFF, 0xFF,
  0xE0, 0x00, 0x3F, 0xFF, 0xFF, 0xFF, 0xFF, 0xC0, 0x00, 0x7F, 0xFF, 0xFF,
  0xFF, 0xFF, 0x80, 0x00, 0xFF, 0xFF, 0xFF, 0xFF, 0xFF, 0x00, 0x00, 0xFF,
  0xFF, 0xFF, 0xFF, 0xFE, 0x00, 0x01, 0xFF, 0xFF, 0xFF, 0xFF, 0xFC, 0x00,
  0x01, 0xFF, 0xFF, 0xFF, 0xFF, 0xF8, 0x00, 0x03, 0xFF, 0xFF, 0xFF, 0xFF,
  0xF0, 0x00, 0x07, 0xFF, 0xFF, 0xFF, 0xFF, 0xE0, 0x00, 0x07, 0xFF, 0xFF,
  0xFF, 0xFF, 0xC0, 0x00, 0x0F, 0xFF, 0xFF, 0xFF, 0xFF, 0x80, 0x00, 0x1F,
  0xFF, 0xFF, 0xFF, 0xFF, 0x00, 0x00, 0x1F, 0xFF, 0xFF, 0xFF, 0xFE, 0x00,
  0x00, 0x3F, 0xFF, 0xFF, 0xFF, 0xFC, 0x00, 0x00, 0x7F, 0xFF, 0xFF, 0xFF,
  0xF8, 0x00, 0x00, 0x7F, 0xFF, 0xFF, 0xFF, 0xF0, 0x00, 0x00, 0xFF, 0xFF,
  0xFF, 0xFF, 0xE0, 0x00, 0x00, 0xFF, 0xFF, 0xFF, 0xFF, 0xC0, 0x00, 0x01,
  0xFF, 0xFF, 0xFF, 0xFF, 0x80, 0x00, 0x03, 0xFF, 0xFF, 0xFF, 0xFF, 0x00,
  0x00, 0x03, 0xFF, 0xFF, 0xFF, 0xFE, 0x00, 0x00, 0x07, 0xFF, 0xFF, 0xFF,
  0xFC, 0x00, 0x00, 0x0F, 0xFF, 0xFF, 0xFF, 0xF8, 0x00, 0x00, 0x0F, 0xFF,
  0xFF, 0xFF, 0xF0, 0x00, 0x00, 0x1F, 0xFF, 0xFF, 0xFF, 0xE0, 0x00, 0x00,
  0x3F, 0xFF, 0xFF, 0xFF, 0xC0, 0x00, 0x00, 0x3F, 0xFF, 0xFF, 0xFF, 0x80,
  0x00, 0x00, 0x7F, 0xFF, 0xFF, 0xFF, 0x00, 0x00, 0x00, 0x7F, 0xFF, 0xFF,
  0xFE, 0x00, 0x00, 0x00, 0xFF, 0xFF, 0xFF, 0xFC, 0x00, 0x00, 0x01, 0xFF,
  0xFF, 0xFF, 0xF8, 0x00, 0x00, 0x01, 0xFF, 0xFF, 0xFF, 0xF0, 0x00, 0x00,
  0x03, 0xFF, 0xFF, 0xFF, 0xE0, 0x00, 0x00, 0x07, 0xFF, 0xFF, 0xFF, 0xC0,
  0x00, 0x00, 0x07, 0xFF, 0xFF, 0xFF, 0x80, 0x00, 0x00, 0x0F, 0xFF, 0xC0,
  0x00, 0x00, 0x0F, 0xFF, 0xC0, 0x00, 0x00, 0x00, 0x00, 0xFF, 0xFF, 0xF8,
  0x00, 0x00, 0x00, 0x07, 0xFF, 0xFF, 0xFC, 0x00, 0x00, 0x00, 0x3F, 0xFF,
  0xFF, 0xFE, 0x00, 0x00, 0x00, 0xFF, 0xFF, 0xFF, 0xFE, 0x00, 0x00, 0x03,
  0xFF, 0xFF, 0xFF, 0xFE, 0x00, 0x00, 0x1F, 0xFF, 0xFF, 0xFF, 0xFF, 0x00,
  0x00, 0x7F, 0xFF, 0xFF, 0xFF, 0xFF, 0x00, 0x01, 0xFF, 0xFF, 0xFF, 0xFF,
  0xFF, 0x00, 0x07, 0xFF, 0xFF, 0xFF, 0xFF, 0xFE, 0x00, 0x0F, 0xFF, 0xFF,
  0xFF, 0xFF, 0xFE, 0x00, 0x3F, 0xFF, 0xFF, 0xFF, 0xFF, 0xFE, 0x00, 0xFF,
  0xFF, 0xFF, 0xFF, 0xFF, 0xFE, 0x01, 0xFF, 0xFF, 0xFD, 0xFF, 0xFF, 0xFC,
  0x07, 0xFF, 0xFF, 0x00, 0x1F, 0xFF, 0xFC, 0x1F, 0xFF, 0xF8, 0x00, 0x0F,
  0xFF, 0xF8, 0x3F, 0xFF, 0xE0, 0x00, 0x0F, 0xFF, 0xF8, 0x7F, 0xFF, 0x80,
  0x00, 0x0F, 0xFF, 0xF1, 0xFF, 0xFE, 0x00, 0x00, 0x0F, 0xFF, 0xF3, 0xFF,
  0xF8, 0x00, 0x00, 0x0F, 0xFF, 0xE7, 0xFF, 0xE0, 0x00, 0x00, 0x0F, 0xFF,
  0xDF, 0xFF, 0xC0, 0x00, 0x00, 0x1F, 0xFF, 0xFF, 0xFF, 0x80, 0x00, 0x00,
  0x3F, 0xFF, 0xFF, 0xFE, 0x00, 0x00, 0x00, 0x3F, 0xFF, 0xFF, 0xFC, 0x00,
  0x00, 0x00, 0x7F, 0xFF, 0xFF, 0xF8, 0x00, 0x00, 0x00, 0xFF, 0xFF, 0xFF,
  0xF0, 0x00, 0x00, 0x01, 0xFF, 0xFF, 0xFF, 0xE0, 0x00, 0x00, 0x03, 0xFF,
  0xFF, 0xFF, 0xC0, 0x00, 0x00, 0x07, 0xFF, 0xFF, 0xFF, 0x80, 0x00, 0x00,
  0x0F, 0xFF, 0xFF, 0xFF, 0x00, 0x00, 0x00, 0x1F, 0xFF, 0xFF, 0xFE, 0x00,
  0x00, 0x00, 0x3F, 0xFF, 0xFF, 0xFC, 0x00, 0x00, 0x00, 0x7F, 0xFF, 0xFF,
  0xF8, 0x00, 0x00, 0x00, 0xFF, 0xFF, 0xFF, 0xF0, 0x00, 0x00, 0x01, 0xFF,
  0xFF, 0xFF, 0xE0, 0x00, 0x00, 0x03, 0xFF, 0xFF, 0xFF, 0xC0, 0x00, 0x00,
  0x07, 0xFF, 0xFF, 0xFF, 0x80, 0x00, 0x00, 0x0F, 0xFF, 0xFF, 0xFF, 0x00,
  0x00, 0x00, 0x1F, 0xFF, 0xFF, 0xFE, 0x00, 0x00, 0x00, 0x3F, 0xFF, 0xFF,
  0xFC, 0x00, 0x00, 0x00, 0x7F, 0xFF, 0xFF, 0xF8, 0x00, 0x00, 0x00, 0xFF,
  0xFF, 0xFF, 0xF0, 0x00, 0x00, 0x01, 0xFF, 0xFF, 0xFF, 0xE0, 0x00, 0x00,
  0x03, 0xFF, 0xFF, 0xFF, 0xC0, 0x00, 0x00, 0x07, 0xFF, 0xFF, 0xFF, 0x80,
  0x00, 0x00, 0x0F, 0xFF, 0xFF, 0xFF, 0x00, 0x00, 0x00, 0x1F, 0xFF, 0xFF,
  0xFE, 0x00, 0x00, 0x00, 0x3F, 0xFF, 0xFF, 0xFC, 0x00, 0x00, 0x00, 0x7F,
  0xFF, 0xFF, 0xF8, 0x00, 0x00, 0x00, 0xFF, 0xFF, 0xFF, 0xF0, 0x00, 0x00,
  0x01, 0xFF, 0xFF, 0xFF, 0xE0, 0x00, 0x00, 0x03, 0xFF, 0xFF, 0xFF, 0xC0,
  0x00, 0x00, 0x07, 0xFF, 0xFF, 0xFF, 0x80, 0x00, 0x00, 0x0F, 0xFF, 0xFF,
  0xFF, 0x00, 0x00, 0x00, 0x1F, 0xFF, 0xFF, 0xFE, 0x00, 0x00, 0x00, 0x3F,
  0xFF, 0xFF, 0xFC, 0x00, 0x00, 0x00, 0x7F, 0xFF, 0xFF, 0xF8, 0x00, 0x00,
  0x00, 0xFF, 0xFF, 0xFF, 0xF0, 0x00, 0x00, 0x01, 0xFF, 0xFF, 0xFF, 0xE0,
  0x00, 0x00, 0x03, 0xFF, 0xFF, 0xFF, 0xC0, 0x00, 0x00, 0x07, 0xFF, 0xFF,
  0xFF, 0x80, 0x00, 0x00, 0x0F, 0xFF, 0xFF, 0xFF, 0x00, 0x00, 0x00, 0x1F,
  0xFF, 0xFF, 0xFE, 0x00, 0x00, 0x00, 0x3F, 0xFF, 0xFF, 0xFC, 0x00, 0x00,
  0x00, 0x7F, 0xFF, 0xFF, 0xF8, 0x00, 0x00, 0x00, 0xFF, 0xFF, 0xFF, 0xF0,
  0x00, 0x00, 0x01, 0xFF, 0xFF, 0xFF, 0xE0, 0x00, 0x00, 0x03, 0xFF, 0xFF,
  0xFF, 0xC0, 0x00, 0x00, 0x07, 0xFF, 0xFF, 0xFF, 0x80, 0x00, 0x00, 0x0F,
  0xFF, 0xFF, 0xFF, 0x00, 0x00, 0x00, 0x1F, 0xFF, 0xFF, 0xFE, 0x00, 0x00,
  0x00, 0x3F, 0xFF, 0xFF, 0xFC, 0x00, 0x00, 0x00, 0x7F, 0xFF, 0xFF, 0xF8,
  0x00, 0x00, 0x00, 0xFF, 0xFF, 0xFF, 0xF0, 0x00, 0x00, 0x01, 0xFF, 0xFF,
  0xFF, 0xE0, 0x00, 0x00, 0x03, 0xFF, 0xFF, 0xFF, 0xC0, 0x00, 0x00, 0x07,
  0xFF, 0xFF, 0xFF, 0x80, 0x00, 0x00, 0x0F, 0xFF, 0xFF, 0xFF, 0x00, 0x00,
  0x00, 0x1F, 0xFF, 0xFF, 0xFE, 0x00, 0x00, 0x00, 0x3F, 0xFF, 0xFF, 0xFC,
  0x00, 0x00, 0x00, 0x7F, 0xFF, 0xFF, 0xF8, 0x00, 0x00, 0x00, 0xFF, 0xFF,
  0xFF, 0xF0, 0x00, 0x00, 0x01, 0xFF, 0xFF, 0xFF, 0xE0, 0x00, 0x00, 0x03,
  0xFF, 0xFF, 0xFF, 0xC0, 0x00, 0x00, 0x07, 0xFF, 0xFF, 0xFF, 0x80, 0x00,
  0x00, 0x0F, 0xFF, 0xFF, 0xFF, 0x00, 0x00, 0x00, 0x1F, 0xFF, 0xFF, 0xFF,
  0x00, 0x00, 0x00, 0x7F, 0xFF, 0x7F, 0xFE, 0x00, 0x00, 0x00, 0xFF, 0xFC,
  0xFF, 0xFE, 0x00, 0x00, 0x03, 0xFF, 0xF9, 0xFF, 0xFC, 0x00, 0x00, 0x07,
  0xFF, 0xF3, 0xFF, 0xFC, 0x00, 0x00, 0x1F, 0xFF, 0xE3, 0xFF, 0xFC, 0x00,
  0x00, 0x7F, 0xFF, 0x87, 0xFF, 0xFC, 0x00, 0x01, 0xFF, 0xFF, 0x07, 0xFF,
  0xFE, 0x00, 0x0F, 0xFF, 0xFC, 0x0F, 0xFF, 0xFF, 0x00, 0x7F, 0xFF, 0xF8,
  0x0F, 0xFF, 0xFF, 0xFF, 0xFF, 0xFF, 0xE0, 0x1F, 0xFF, 0xFF, 0xFF, 0xFF,
  0xFF, 0xC0, 0x1F, 0xFF, 0xFF, 0xFF, 0xFF, 0xFF, 0x00, 0x1F, 0xFF, 0xFF,
  0xFF, 0xFF, 0xFC, 0x00, 0x1F, 0xFF, 0xFF, 0xFF, 0xFF, 0xF0, 0x00, 0x1F,
  0xFF, 0xFF, 0xFF, 0xFF, 0xC0, 0x00, 0x1F, 0xFF, 0xFF, 0xFF, 0xFF, 0x00,
  0x00, 0x1F, 0xFF, 0xFF, 0xFF, 0xFC, 0x00, 0x00, 0x1F, 0xFF, 0xFF, 0xFF,
  0xF0, 0x00, 0x00, 0x1F, 0xFF, 0xFF, 0xFF, 0xC0, 0x00, 0x00, 0x0F, 0xFF,
  0xFF, 0xFE, 0x00, 0x00, 0x00, 0x07, 0xFF, 0xFF, 0xF0, 0x00, 0x00, 0x00,
  0x03, 0xFF, 0xFF, 0x80, 0x00, 0x00, 0x00, 0x00, 0x7F, 0xF0, 0x00, 0x00,
  0x00, 0xFF, 0xFF, 0xFF, 0xFF, 0xC0, 0x00, 0x01, 0xFF, 0xFF, 0xFF, 0xFF,
  0xF8, 0x00, 0x03, 0xFF, 0xFF, 0xFF, 0xFF, 0xFC, 0x00, 0x07, 0xFF, 0xFF,
  0xFF, 0xFF, 0xFE, 0x00, 0x0F, 0xFF, 0xFF, 0xFF, 0xFF, 0xFE, 0x00, 0x1F,
  0xFF, 0xFF, 0xFF, 0xFF, 0xFE, 0x00, 0x3F, 0xFF, 0xFF, 0xFF, 0xFF, 0xFF,
  0x00, 0x7F, 0xFF, 0xFF, 0xFF, 0xFF, 0xFF, 0x00, 0xFF, 0xFF, 0xFF, 0xFF,
  0xFF, 0xFF, 0x01, 0xFF, 0xFF, 0xFF, 0xFF, 0xFF, 0xFE, 0x03, 0xFF, 0xFF,
  0xFF, 0xFF, 0xFF, 0xFE, 0x07, 0xFF, 0xFF, 0xFF, 0xFF, 0xFF, 0xFE, 0x0F,
  0xFF, 0xFF, 0xFF, 0xFF, 0xFF, 0xFE, 0x1F, 0xFF, 0x80, 0x01, 0xFF, 0xFF,
  0xFC, 0x3F, 0xFF, 0x00, 0x00, 0x1F, 0xFF, 0xFC, 0x7F, 0xFE, 0x00, 0x00,
  0x0F, 0xFF, 0xF8, 0xFF, 0xFC, 0x00, 0x00, 0x0F, 0xFF, 0xF9, 0xFF, 0xF8,
  0x00, 0x00, 0x0F, 0xFF, 0xF3, 0xFF, 0xF0, 0x00, 0x00, 0x0F, 0xFF, 0xF7,
  0xFF, 0xE0, 0x00, 0x00, 0x0F, 0xFF, 0xEF, 0xFF, 0xC0, 0x00, 0x00, 0x0F,
  0xFF, 0xDF, 0xFF, 0x80, 0x00, 0x00, 0x1F, 0xFF, 0xFF, 0xFF, 0x00, 0x00,
  0x00, 0x3F, 0xFF, 0xFF, 0xFE, 0x00, 0x00, 0x00, 0x3F, 0xFF, 0xFF, 0xFC,
  0x00, 0x00, 0x00, 0x7F, 0xFF, 0xFF, 0xF8, 0x00, 0x00, 0x00, 0xFF, 0xFF,
  0xFF, 0xF0, 0x00, 0x00, 0x01, 0xFF, 0xFF, 0xFF, 0xE0, 0x00, 0x00, 0x03,
  0xFF, 0xFF, 0xFF, 0xC0, 0x00, 0x00, 0x07, 0xFF, 0xFF, 0xFF, 0x80, 0x00,
  0x00, 0x0F, 0xFF, 0xFF, 0xFF, 0x00, 0x00, 0x00, 0x1F, 0xFF, 0xFF, 0xFE,
  0x00, 0x00, 0x00, 0x3F, 0xFF, 0xFF, 0xFC, 0x00, 0x00, 0x00, 0x7F, 0xFF,
  0xFF, 0xF8, 0x00, 0x00, 0x00, 0xFF, 0xFF, 0xFF, 0xF0, 0x00, 0x00, 0x01,
  0xFF, 0xFF, 0xFF, 0xE0, 0x00, 0x00, 0x03, 0xFF, 0xFF, 0xFF, 0xC0, 0x00,
  0x00, 0x07, 0xFF, 0xFF, 0xFF, 0x80, 0x00, 0x00, 0x0F, 0xFF, 0xFF, 0xFF,
  0x00, 0x00, 0x00, 0x1F, 0xFF, 0xFF, 0xFE, 0x00, 0x00, 0x00, 0x3F, 0xFF,
  0xFF, 0xFC, 0x00, 0x00, 0x00, 0x7F, 0xFF, 0xFF, 0xF8, 0x00, 0x00, 0x00,
  0xFF, 0xFF, 0xFF, 0xF0, 0x00, 0x00, 0x01, 0xFF, 0xFF, 0xFF, 0xE0, 0x00,
  0x00, 0x03, 0xFF, 0xFF, 0xFF, 0xC0, 0x00, 0x00, 0x07, 0xFF, 0xFF, 0xFF,
  0x80, 0x00, 0x00, 0x0F, 0xFF, 0xFF, 0xFF, 0x00, 0x00, 0x00, 0x3F, 0xFF,
  0xFF, 0xFE, 0x00, 0x00, 0x00, 0x7F, 0xFE, 0xFF, 0xFC, 0x00, 0x00, 0x01,
  0xFF, 0xFD, 0xFF, 0xF8, 0x00, 0x00, 0x07, 0xFF, 0xFB, 0xFF, 0xF0, 0x00,
  0x00, 0x1F, 0xFF, 0xE7, 0xFF, 0xE0, 0x00, 0x00, 0x7F, 0xFF, 0xCF, 0xFF,
  0xC0, 0x00, 0x01, 0xFF, 0xFF, 0x9F, 0xFF, 0x80, 0x00, 0x0F, 0xFF, 0xFE,
  0x3F, 0xFF, 0x00, 0x00, 0xFF, 0xFF, 0xFC, 0x7F, 0xFF, 0xFF, 0xFF, 0xFF,
  0xFF, 0xF0, 0xFF, 0xFF, 0xFF, 0xFF, 0xFF, 0xFF, 0xC1, 0xFF, 0xFF, 0xFF,
  0xFF, 0xFF, 0xFF, 0x83, 0xFF, 0xFF, 0xFF, 0xFF, 0xFF, 0xFE, 0x07, 0xFF,
  0xFF, 0xFF, 0xFF, 0xFF, 0xF8, 0x0F, 0xFF, 0xFF, 0xFF, 0xFF, 0xFF, 0xE0,
  0x1F, 0xFF, 0xFF, 0xFF, 0xFF, 0xFF, 0x80, 0x3F, 0xFF, 0xFF, 0xFF, 0xFF,
  0xFE, 0x00, 0x7F, 0xFF, 0xFF, 0xFF, 0xFF, 0xF0, 0x00, 0xFF, 0xFF, 0xFF,
  0xFF, 0xFF, 0xC0, 0x01, 0xFF, 0xFF, 0xFF, 0xFF, 0xFE, 0x00, 0x03, 0xFF,
  0xFF, 0xFF, 0xFF, 0xF0, 0x00, 0x07, 0xFF, 0xFF, 0xFF, 0xFF, 0x00, 0x00,
  0x0F, 0xFF, 0xFF, 0xFF, 0xC0, 0x00, 0x00, 0x1F, 0xFF, 0x80, 0x00, 0x00,
  0x00, 0x00, 0x3F, 0xFF, 0x00, 0x00, 0x00, 0x00, 0x00, 0x7F, 0xFE, 0x00,
  0x00, 0x00, 0x00, 0x00, 0xFF, 0xFC, 0x00, 0x00, 0x00, 0x00, 0x01, 0xFF,
  0xF8, 0x00, 0x00, 0x00, 0x00, 0x03, 0xFF, 0xF0, 0x00, 0x00, 0x00, 0x00,
  0x07, 0xFF, 0xE0, 0x00, 0x00, 0x00, 0x00, 0x0F, 0xFF, 0xC0, 0x00, 0x00,
  0x00, 0x00, 0x1F, 0xFF, 0x80, 0x00, 0x00, 0x00, 0x00, 0x3F, 0xFF, 0x00,
  0x00, 0x00, 0x00, 0x00, 0x7F, 0xFE, 0x00, 0x00, 0x00, 0x00, 0x00, 0xFF,
  0xFC, 0x00, 0x00, 0x00, 0x00, 0x01, 0xFF, 0xF8, 0x00, 0x00, 0x00, 0x00,
  0x03, 0xFF, 0xF0, 0x00, 0x00, 0x00, 0x00, 0x07, 0xFF, 0xE0, 0x00, 0x00,
  0x00, 0x00, 0x0F, 0xFF, 0xC0, 0x00, 0x00, 0x00, 0x00, 0x1F, 0xFF, 0x80,
  0x00, 0x00, 0x00, 0x00, 0x3F, 0xFF, 0x00, 0x00, 0x00, 0x00, 0x00, 0x7F,
  0xFE, 0x00, 0x00, 0x00, 0x00, 0x00, 0xFF, 0xFC, 0x00, 0x00, 0x00, 0x00,
  0x01, 0xFF, 0xF8, 0x00, 0x00, 0x00, 0x00, 0x03, 0xFF, 0xF0, 0x00, 0x00,
  0x00, 0x00, 0x07, 0xFF, 0xE0, 0x00, 0x00, 0x00, 0x00, 0x0F, 0xFF, 0xC0,
  0x00, 0x00, 0x00, 0x00, 0x1F, 0xFF, 0x80, 0x00, 0x00, 0x00, 0x00, 0x3F,
  0xFF, 0x00, 0x00, 0x00, 0x00, 0x00, 0x7F, 0xFE, 0x00, 0x00, 0x00, 0x00,
  0x00, 0xFF, 0xFC, 0x00, 0x00, 0x00, 0x00, 0x01, 0xFF, 0xF8, 0x00, 0x00,
  0x00, 0x00, 0x03, 0xFF, 0xF0, 0x00, 0x00, 0x00, 0x00, 0x07, 0xFF, 0xE0,
  0x00, 0x00, 0x00, 0x00, 0x0F, 0xFF, 0xC0, 0x00, 0x00, 0x00, 0x00, 0x1F,
  0xFF, 0x80, 0x00, 0x00, 0x00, 0x00, 0x3F, 0xFF, 0x00, 0x00, 0x00, 0x00,
  0x00, 0x7F, 0xFE, 0x00, 0x00, 0x00, 0x00, 0x00, 0xFF, 0xFC, 0x00, 0x00,
  0x00, 0x00, 0x01, 0xFF, 0xF8, 0x00, 0x00, 0x00, 0x00, 0x03, 0xFF, 0xF0,
  0x00, 0x00, 0x00, 0x00, 0x07, 0xFF, 0xE0, 0x00, 0x00, 0x00, 0x00, 0x0F,
  0xFF, 0xC0, 0x00, 0x00, 0x00, 0x00, 0x1F, 0xFF, 0x80, 0x00, 0x00, 0x00,
  0x00, 0x00, 0x00, 0x00, 0x0F, 0xFF, 0xC0, 0x00, 0x00, 0x00, 0x00, 0xFF,
  0xFF, 0xF8, 0x00, 0x00, 0x00, 0x07, 0xFF, 0xFF, 0xFC, 0x00, 0x00, 0x00,
  0x3F, 0xFF, 0xFF, 0xFE, 0x00, 0x00, 0x00, 0xFF, 0xFF, 0xFF, 0xFE, 0x00,
  0x00, 0x03, 0xFF, 0xFF, 0xFF, 0xFE, 0x00, 0x00, 0x1F, 0xFF, 0xFF, 0xFF,
  0xFF, 0x00, 0x00, 0x7F, 0xFF, 0xFF, 0xFF, 0xFF, 0x00, 0x01, 0xFF, 0xFF,
  0xFF, 0xFF, 0xFF, 0x00, 0x07, 0xFF, 0xFF, 0xFF, 0xFF, 0xFE, 0x00, 0x0F,
  0xFF, 0xFF, 0xFF, 0xFF, 0xFE, 0x00, 0x3F, 0xFF, 0xFF, 0xFF, 0xFF, 0xFE,
  0x00, 0xFF, 0xFF, 0xFF, 0xFF, 0xFF, 0xFE, 0x01, 0xFF, 0xFF, 0xFD, 0xFF,
  0xFF, 0xFC, 0x07, 0xFF, 0xFF, 0x00, 0x1F, 0xFF, 0xFC, 0x1F, 0xFF, 0xF8,
  0x00, 0x0F, 0xFF, 0xF8, 0x3F, 0xFF, 0xE0, 0x00, 0x0F, 0xFF, 0xF8, 0x7F,
  0xFF, 0x80, 0x00, 0x0F, 0xFF, 0xF1, 0xFF, 0xFE, 0x00, 0x00, 0x0F, 0xFF,
  0xF3, 0xFF, 0xF8, 0x00, 0x00, 0x0F, 0xFF, 0xE7, 0xFF, 0xE0, 0x00, 0x00,
  0x0F, 0xFF, 0xDF, 0xFF, 0xC0, 0x00, 0x00, 0x1F, 0xFF, 0xFF, 0xFF, 0x80,
  0x00, 0x00, 0x3F, 0xFF, 0xFF, 0xFE, 0x00, 0x00, 0x00, 0x3F, 0xFF, 0xFF,
  0xFC, 0x00, 0x00, 0x00, 0x7F, 0xFF, 0xFF, 0xF8, 0x00, 0x00, 0x00, 0xFF,
  0xFF, 0xFF, 0xF0, 0x00, 0x00, 0x01, 0xFF, 0xFF, 0xFF, 0xE0, 0x00, 0x00,
  0x03, 0xFF, 0xFF, 0xFF, 0xC0, 0x00, 0x00, 0x07, 0xFF, 0xFF, 0xFF, 0x80,
  0x00, 0x00, 0x0F, 0xFF, 0xFF, 0xFF, 0x00, 0x00, 0x00, 0x1F, 0xFF, 0xFF,
  0xFE, 0x00, 0x00, 0x00, 0x3F, 0xFF, 0xFF, 0xFC, 0x00, 0x00, 0x00, 0x7F,
  0xFF, 0xFF, 0xF8, 0x00, 0x00, 0x00, 0xFF, 0xFF, 0xFF, 0xF0, 0x00, 0x00,
  0x01, 0xFF, 0xFF, 0xFF, 0xE0, 0x00, 0x00, 0x03, 0xFF, 0xFF, 0xFF, 0xC0,
  0x00, 0x00, 0x07, 0xFF, 0xFF, 0xFF, 0x80, 0x00, 0x00, 0x0F, 0xFF, 0xFF,
  0xFF, 0x00, 0x00, 0x00, 0x1F, 0xFF, 0xFF, 0xFE, 0x00, 0x00, 0x00, 0x3F,
  0xFF, 0xFF, 0xFC, 0x00, 0x00, 0x00, 0x7F, 0xFF, 0xFF, 0xF8, 0x00, 0x00,
  0x00, 0xFF, 0xFF, 0xFF, 0xF0, 0x00, 0x00, 0x01, 0xFF, 0xFF, 0xFF, 0xE0,
  0x00, 0x00, 0x03, 0xFF, 0xFF, 0xFF, 0xC0, 0x00, 0x00, 0x07, 0xFF, 0xFF,
  0xFF, 0x80, 0x00, 0x00, 0x0F, 0xFF, 0xFF, 0xFF, 0x00, 0x00, 0x00, 0x1F,
  0xFF, 0xFF, 0xFE, 0x00, 0x00, 0x00, 0x3F, 0xFF, 0xFF, 0xFC, 0x00, 0x00,
  0x00, 0x7F, 0xFF, 0xFF, 0xF8, 0x00, 0x00, 0x00, 0xFF, 0xFF, 0xFF, 0xF0,
  0x00, 0x00, 0x01, 0xFF, 0xFF, 0xFF, 0xE0, 0x00, 0x00, 0x03, 0xFF, 0xFF,
  0xFF, 0xC0, 0x00, 0x00, 0x07, 0xFF, 0xFF, 0xFF, 0x80, 0x00, 0x00, 0x0F,
  0xFF, 0xFF, 0xFF, 0x00, 0x00, 0x00, 0x1F, 0xFF, 0xFF, 0xFE, 0x00, 0x00,
  0x00, 0x3F, 0xFF, 0xFF, 0xFC, 0x00, 0x00, 0x00, 0x7F, 0xFF, 0xFF, 0xF8,
  0x00, 0x00, 0x00, 0xFF, 0xFF, 0xFF, 0xF0, 0x00, 0x00, 0x01, 0xFF, 0xFF,
  0xFF, 0xE0, 0x00, 0x00, 0x03, 0xFF, 0xFF, 0xFF, 0xC0, 0x00, 0x00, 0x07,
  0xFF, 0xFF, 0xFF, 0x80, 0x00, 0x00, 0x0F, 0xFF, 0xFF, 0xFF, 0x00, 0x00,
  0x00, 0x1F, 0xFF, 0xFF, 0xFE, 0x00, 0x00, 0x00, 0x3F, 0xFF, 0xFF, 0xFC,
  0x00, 0x00, 0x00, 0x7F, 0xFF, 0xFF, 0xF8, 0x00, 0x00, 0x00, 0xFF, 0xFF,
  0xFF, 0xF0, 0x00, 0x00, 0x01, 0xFF, 0xFF, 0xFF, 0xE0, 0x00, 0x00, 0x03,
  0xFF, 0xFF, 0xFF, 0xC0, 0x00, 0x00, 0x07, 0xFF, 0xFF, 0xFF, 0x80, 0x00,
  0x00, 0x0F, 0xFF, 0xFF, 0xFF, 0x00, 0x00, 0x00, 0x1F, 0xFF, 0xFF, 0xFE,
  0x00, 0x00, 0x00, 0x3F, 0xFF, 0xFF, 0xFC, 0x00, 0x00, 0x00, 0x7F, 0xFF,
  0xFF, 0xF8, 0x00, 0x00, 0x00, 0xFF, 0xFF, 0xFF, 0xF0, 0x00, 0x00, 0x01,
  0xFF, 0xFF, 0xFF, 0xE0, 0x00, 0x00, 0x03, 0xFF, 0xFF, 0xFF, 0xC0, 0x00,
  0x00, 0x07, 0xFF, 0xFF, 0xFF, 0x80, 0x00, 0x00, 0x0F, 0xFF, 0xFF, 0xFF,
  0x00, 0x00, 0x00, 0x1F, 0xFF, 0xFF, 0xFE, 0x00, 0xC0, 0x00, 0x3F, 0xFF,
  0xFF, 0xFC, 0x03, 0xC0, 0x00, 0x7F, 0xFF, 0xFF, 0xF8, 0x0F, 0xC0, 0x00,
  0xFF, 0xFF, 0xFF, 0xF0, 0x7F, 0x80, 0x01, 0xFF, 0xFF, 0xFF, 0xE1, 0xFF,
  0x80, 0x03, 0xFF, 0xFF, 0xFF, 0xCF, 0xFF, 0x80, 0x07, 0xFF, 0xFF, 0xFF,
  0xBF, 0xFF, 0x00, 0x0F, 0xFF, 0xFF, 0xFF, 0xFF, 0xFF, 0x00, 0x1F, 0xFF,
  0xFF, 0xFF, 0xFF, 0xFF, 0x00, 0x7F, 0xFF, 0x7F, 0xFF, 0xFF, 0xFE, 0x00,
  0xFF, 0xFC, 0xFF, 0xFF, 0xFF, 0xFE, 0x01, 0xFF, 0xF9, 0xFF, 0xFF, 0xFF,
  0xFE, 0x07, 0xFF, 0xF1, 0xFF, 0xFF, 0xFF, 0xFE, 0x1F, 0xFF, 0xC3, 0xFF,
  0xFF, 0xFF, 0xFC, 0x7F, 0xFF, 0x83, 0xFF, 0xFF, 0xFF, 0xFD, 0xFF, 0xFF,
  0x07, 0xFF, 0xFF, 0xFF, 0xFF, 0xFF, 0xFC, 0x07, 0xFF, 0xFF, 0xFF, 0xFF,
  0xFF, 0xF0, 0x0F, 0xFF, 0xFF, 0xFF, 0xFF, 0xFF, 0xE0, 0x0F, 0xFF, 0xFF,
  0xFF, 0xFF, 0xFF, 0x80, 0x0F, 0xFF, 0xFF, 0xFF, 0xFF, 0xFE, 0x00, 0x1F,
  0xFF, 0xFF, 0xFF, 0xFF, 0xFC, 0x00, 0x1F, 0xFF, 0xFF, 0xFF, 0xFF, 0xF0,
  0x00, 0x1F, 0xFF, 0xFF, 0xFF, 0xFF, 0xC0, 0x00, 0x1F, 0xFF, 0xFF, 0xFF,
  0xFF, 0x00, 0x00, 0x1F, 0xFF, 0xFF, 0xFF, 0xF8, 0x00, 0x00, 0x1F, 0xFF,
  0xFF, 0xFF, 0xE0, 0x00, 0x00, 0x0F, 0xFF, 0xFF, 0xFF, 0xE0, 0x00, 0x00,
  0x0F, 0xFF, 0xFF, 0xFF, 0xC0, 0x00, 0x00, 0x07, 0xFF, 0xFF, 0xFF, 0xC0,
  0x00, 0x00, 0x01, 0xFF, 0xFF, 0xFF, 0xC0, 0x00, 0x00, 0x00, 0x1F, 0xFF,
  0xFF, 0x80, 0x00, 0x00, 0x00, 0x00, 0x7F, 0xFF, 0x80, 0x00, 0x00, 0x00,
  0x00, 0xFF, 0xFF, 0x80, 0x00, 0x00, 0x00, 0x00, 0xFF, 0xFF, 0x80, 0x00,
  0x00, 0x00, 0x00, 0xFF, 0xFF, 0x00, 0x00, 0x00, 0x00, 0x01, 0xFF, 0xFF,
  0x00, 0x00, 0x00, 0x00, 0x01, 0xFF, 0xFF, 0x00, 0x00, 0x00, 0x00, 0x01,
  0xFF, 0xFE, 0x00, 0x00, 0x00, 0x00, 0x03, 0xFF, 0xFE, 0x00, 0x00, 0x00,
  0x00, 0x03, 0xFF, 0xFC, 0x00, 0x00, 0x00, 0x00, 0x03, 0xFF, 0xE0, 0x00,
  0x00, 0x00, 0x00, 0x07, 0xFF, 0x80, 0x00, 0x00, 0x00, 0x00, 0x07, 0xFE,
  0x00, 0x00, 0x00, 0x00, 0x00, 0x07, 0xF0, 0x00, 0x00, 0x00, 0x00, 0x00,
  0x0F, 0xC0, 0x00, 0x00, 0x00, 0x00, 0x00, 0x0E, 0x00, 0x00, 0x00, 0x00,
  0x00, 0x00, 0x08, 0x00, 0x00, 0xFF, 0xFF, 0xFF, 0xFF, 0xC0, 0x00, 0x00,
  0x7F, 0xFF, 0xFF, 0xFF, 0xFE, 0x00, 0x00, 0x3F, 0xFF, 0xFF, 0xFF, 0xFF,
  0xC0, 0x00, 0x1F, 0xFF, 0xFF, 0xFF, 0xFF, 0xF8, 0x00, 0x0F, 0xFF, 0xFF,
  0xFF, 0xFF, 0xFE, 0x00, 0x07, 0xFF, 0xFF, 0xFF, 0xFF, 0xFF, 0x80, 0x03,
  0xFF, 0xFF, 0xFF, 0xFF, 0xFF, 0xF0, 0x01, 0xFF, 0xFF, 0xFF, 0xFF, 0xFF,
  0xFC, 0x00, 0xFF, 0xFF, 0xFF, 0xFF, 0xFF, 0xFF, 0x00, 0x7F, 0xFF, 0xFF,
  0xFF, 0xFF, 0xFF, 0x80, 0x3F, 0xFF, 0xFF, 0xFF, 0xFF, 0xFF, 0xE0, 0x1F,
  0xFF, 0xFF, 0xFF, 0xFF, 0xFF, 0xF8, 0x0F, 0xFF, 0xFF, 0xFF, 0xFF, 0xFF,
  0xFE, 0x07, 0xFF, 0xE0, 0x00, 0x7F, 0xFF, 0xFF, 0x03, 0xFF, 0xF0, 0x00,
  0x01, 0xFF, 0xFF, 0xC1, 0xFF, 0xF8, 0x00, 0x00, 0x3F, 0xFF, 0xE0, 0xFF,
  0xFC, 0x00, 0x00, 0x0F, 0xFF, 0xF8, 0x7F, 0xFE, 0x00, 0x00, 0x03, 0xFF,
  0xFC, 0x3F, 0xFF, 0x00, 0x00, 0x00, 0xFF, 0xFF, 0x1F, 0xFF, 0x80, 0x00,
  0x00, 0x3F, 0xFF, 0x8F, 0xFF, 0xC0, 0x00, 0x00, 0x0F, 0xFF, 0xC7, 0xFF,
  0xE0, 0x00, 0x00, 0x07, 0xFF, 0xF3, 0xFF, 0xF0, 0x00, 0x00, 0x03, 0xFF,
  0xF9, 0xFF, 0xF8, 0x00, 0x00, 0x00, 0xFF, 0xFC, 0xFF, 0xFC, 0x00, 0x00,
  0x00, 0x7F, 0xFE, 0x7F, 0xFE, 0x00, 0x00, 0x00, 0x3F, 0xFF, 0x3F, 0xFF,
  0x00, 0x00, 0x00, 0x1F, 0xFF, 0x9F, 0xFF, 0x80, 0x00, 0x00, 0x0F, 0xFF,
  0xCF, 0xFF, 0xC0, 0x00, 0x00, 0x07, 0xFF, 0xE7, 0xFF, 0xE0, 0x00, 0x00,
  0x03, 0xFF, 0xF3, 0xFF, 0xF0, 0x00, 0x00, 0x01, 0xFF, 0xF9, 0xFF, 0xF8,
  0x00, 0x00, 0x00, 0xFF, 0xFC, 0xFF, 0xFC, 0x00, 0x00, 0x00, 0x7F, 0xFE,
  0x7F, 0xFE, 0x00, 0x00, 0x00, 0x3F, 0xFF, 0x3F, 0xFF, 0x00, 0x00, 0x00,
  0x1F, 0xFF, 0x9F, 0xFF, 0x80, 0x00, 0x00, 0x0F, 0xFF, 0xCF, 0xFF, 0xC0,
  0x00, 0x00, 0x07, 0xFF, 0xE7, 0xFF, 0xE0, 0x00, 0x00, 0x03, 0xFF, 0xF3,
  0xFF, 0xF0, 0x00, 0x00, 0x01, 0xFF, 0xF9, 0xFF, 0xF8, 0x00, 0x00, 0x01,
  0xFF, 0xFC, 0xFF, 0xFC, 0x00, 0x00, 0x00, 0xFF, 0xFE, 0x7F, 0xFE, 0x00,
  0x00, 0x00, 0xFF, 0xFE, 0x3F, 0xFF, 0x00, 0x00, 0x00, 0xFF, 0xFF, 0x1F,
  0xFF, 0x80, 0x00, 0x00, 0x7F, 0xFF, 0x8F, 0xFF, 0xC0, 0x00, 0x00, 0x7F,
  0xFF, 0x87, 0xFF, 0xE0, 0x00, 0x00, 0xFF, 0xFF, 0xC3, 0xFF, 0xF0, 0x00,
  0x00, 0xFF, 0xFF, 0xE1, 0xFF, 0xF8, 0x00, 0x03, 0xFF, 0xFF, 0xE0, 0xFF,
  0xFF, 0xFF, 0xFF, 0xFF, 0xFF, 0xF0, 0x7F, 0xFF, 0xFF, 0xFF, 0xFF, 0xFF,
  0xF0, 0x3F, 0xFF, 0xFF, 0xFF, 0xFF, 0xFF, 0xF0, 0x1F, 0xFF, 0xFF, 0xFF,
  0xFF, 0xFF, 0xF8, 0x0F, 0xFF, 0xFF, 0xFF, 0xFF, 0xFF, 0xF8, 0x07, 0xFF,
  0xFF, 0xFF, 0xFF, 0xFF, 0xF8, 0x03, 0xFF, 0xFF, 0xFF, 0xFF, 0xFF, 0xF8,
  0x01, 0xFF, 0xFF, 0xFF, 0xFF, 0xFF, 0xF8, 0x00, 0xFF, 0xFF, 0xFF, 0xFF,
  0xFF, 0xF8, 0x00, 0x7F, 0xFF, 0xFF, 0xFF, 0xFF, 0xF8, 0x00, 0x3F, 0xFF,
  0xFF, 0xFF, 0xFF, 0xF0, 0x00, 0x1F, 0xFF, 0xFF, 0xFF, 0xFF, 0xE0, 0x00,
  0x0F, 0xFF, 0xFF, 0xFF, 0xFF, 0xC0, 0x00, 0x07, 0xFF, 0xFF, 0xFF, 0xFF,
  0x00, 0x00, 0x03, 0xFF, 0xF0, 0x0F, 0xFF, 0xC0, 0x00, 0x01, 0xFF, 0xF8,
  0x07, 0xFF, 0xE0, 0x00, 0x00, 0xFF, 0xFC, 0x01, 0xFF, 0xF0, 0x00, 0x00,
  0x7F, 0xFE, 0x00, 0xFF, 0xFC, 0x00, 0x00, 0x3F, 0xFF, 0x00, 0x7F, 0xFE,
  0x00, 0x00, 0x1F, 0xFF, 0x80, 0x1F, 0xFF, 0x80, 0x00, 0x0F, 0xFF, 0xC0,
  0x0F, 0xFF, 0xC0, 0x00, 0x07, 0xFF, 0xE0, 0x03, 0xFF, 0xF0, 0x00, 0x03,
  0xFF, 0xF0, 0x01, 0xFF, 0xF8, 0x00, 0x01, 0xFF, 0xF8, 0x00, 0xFF, 0xFE,
  0x00, 0x00, 0xFF, 0xFC, 0x00, 0x3F, 0xFF, 0x00, 0x00, 0x7F, 0xFE, 0x00,
  0x1F, 0xFF, 0xC0, 0x00, 0x3F, 0xFF, 0x00, 0x07, 0xFF, 0xE0, 0x00, 0x1F,
  0xFF, 0x80, 0x03, 0xFF, 0xF8, 0x00, 0x0F, 0xFF, 0xC0, 0x01, 0xFF, 0xFC,
  0x00, 0x07, 0xFF, 0xE0, 0x00, 0x7F, 0xFE, 0x00, 0x03, 0xFF, 0xF0, 0x00,
  0x3F, 0xFF, 0x80, 0x01, 0xFF, 0xF8, 0x00, 0x0F, 0xFF, 0xC0, 0x00, 0xFF,
  0xFC, 0x00, 0x07, 0xFF, 0xF0, 0x00, 0x7F, 0xFE, 0x00, 0x01, 0xFF, 0xF8,
  0x00, 0x3F, 0xFF, 0x00, 0x00, 0xFF, 0xFE, 0x00, 0x1F, 0xFF, 0x80, 0x00,
  0x7F, 0xFF, 0x00, 0x0F, 0xFF, 0xC0, 0x00, 0x1F, 0xFF, 0xC0, 0x07, 0xFF,
  0xE0, 0x00, 0x0F, 0xFF, 0xE0, 0x03, 0xFF, 0xF0, 0x00, 0x03, 0xFF, 0xF8,
  0x01, 0xFF, 0xF8, 0x00, 0x01, 0xFF, 0xFC, 0x00, 0xFF, 0xFC, 0x00, 0x00,
  0xFF, 0xFE, 0x00, 0x7F, 0xFE, 0x00, 0x00, 0x3F, 0xFF, 0x80, 0x3F, 0xFF,
  0x00, 0x00, 0x1F, 0xFF, 0xC0, 0x1F, 0xFF, 0x80, 0x00, 0x07, 0xFF, 0xF0,
  0x0F, 0xFF, 0xC0, 0x00, 0x03, 0xFF, 0xF8, 0x07, 0xFF, 0xE0, 0x00, 0x01,
  0xFF, 0xFE, 0x03, 0xFF, 0xF0, 0x00, 0x00, 0x7F, 0xFF, 0x01, 0xFF, 0xF8,
  0x00, 0x00, 0x3F, 0xFF, 0xC0, 0xFF, 0xFC, 0x00, 0x00, 0x0F, 0xFF, 0xE0,
  0x7F, 0xFE, 0x00, 0x00, 0x07, 0xFF, 0xF8, 0x3F, 0xFF, 0x00, 0x00, 0x01,
  0xFF, 0xFC, 0x1F, 0xFF, 0x80, 0x00, 0x00, 0xFF, 0xFF, 0x0F, 0xFF, 0xC0,
  0x00, 0x00, 0x7F, 0xFF, 0x87, 0xFF, 0xE0, 0x00, 0x00, 0x1F, 0xFF, 0xC3,
  0xFF, 0xF0, 0x00, 0x00, 0x0F, 0xFF, 0xF1, 0xFF, 0xF8, 0x00, 0x00, 0x03,
  0xFF, 0xF8, 0xFF, 0xFC, 0x00, 0x00, 0x01, 0xFF, 0xFE, 0x7F, 0xFE, 0x00,
  0x00, 0x00, 0xFF, 0xFF, 0x3F, 0xFF, 0x00, 0x00, 0x00, 0x3F, 0xFF, 0xDF,
  0xFF, 0x80, 0x00, 0x00, 0x1F, 0xFF, 0xEF, 0xFF, 0xC0, 0x00, 0x00, 0x07,
  0xFF, 0xFF, 0xFF, 0xE0, 0x00, 0x00, 0x03, 0xFF, 0xFC, 0x00, 0x00, 0x0F,
  0xFF, 0xC0, 0x00, 0x00, 0x00, 0x00, 0xFF, 0xFF, 0xF8, 0x00, 0x00, 0x00,
  0x07, 0xFF, 0xFF, 0xFC, 0x00, 0x00, 0x00, 0x3F, 0xFF, 0xFF, 0xFE, 0x00,
  0x00, 0x00, 0xFF, 0xFF, 0xFF, 0xFE, 0x00, 0x00, 0x03, 0xFF, 0xFF, 0xFF,
  0xFE, 0x00, 0x00, 0x1F, 0xFF, 0xFF, 0xFF, 0xFF, 0x00, 0x00, 0x7F, 0xFF,
  0xFF, 0xFF, 0xFF, 0x00, 0x01, 0xFF, 0xFF, 0xFF, 0xFF, 0xFF, 0x00, 0x07,
  0xFF, 0xFF, 0xFF, 0xFF, 0xFE, 0x00, 0x0F, 0xFF, 0xFF, 0xFF, 0xFF, 0xFE,
  0x00, 0x3F, 0xFF, 0xFF, 0xFF, 0xFF, 0xFE, 0x00, 0xFF, 0xFF, 0xFF, 0xFF,
  0xFF, 0xFE, 0x01, 0xFF, 0xFF, 0xFD, 0xFF, 0xFF, 0xFC, 0x07, 0xFF, 0xFF,
  0x00, 0x1F, 0xFF, 0xFC, 0x1F, 0xFF, 0xF8, 0x00, 0x0F, 0xFF, 0xF8, 0x3F,
  0xFF, 0xE0, 0x00, 0x0F, 0xFF, 0xF8, 0x7F, 0xFF, 0x80, 0x00, 0x0F, 0xFF,
  0xF1, 0xFF, 0xFE, 0x00, 0x00, 0x0F, 0xFF, 0xF3, 0xFF, 0xF8, 0x00, 0x00,
  0x0F, 0xFF, 0xE7, 0xFF, 0xE0, 0x00, 0x00, 0x0F, 0xFF, 0xDF, 0xFF, 0xC0,
  0x00, 0x00, 0x1F, 0xFF, 0xFF, 0xFF, 0x80, 0x00, 0x00, 0x3F, 0xFF, 0xFF,
  0xFE, 0x00, 0x00, 0x00, 0x3F, 0xFF, 0xFF, 0xFC, 0x00, 0x00, 0x00, 0x7F,
  0xFF, 0xFF, 0xF8, 0x00, 0x00, 0x00, 0xFF, 0xFF, 0xFF, 0xF0, 0x00, 0x00,
  0x01, 0xFF, 0xFF, 0xFF, 0xE0, 0x00, 0x00, 0x00, 0x00, 0x0F, 0xFF, 0xC0,
  0x00, 0x00, 0x00, 0x00, 0x1F, 0xFF, 0x80, 0x00, 0x00, 0x00, 0x00, 0x3F,
  0xFF, 0x00, 0x00, 0x00, 0x00, 0x00, 0x7F, 0xFE, 0x00, 0x00, 0x00, 0x00,
  0x00, 0xFF, 0xFC, 0x00, 0x00, 0x00, 0x00, 0x01, 0xFF, 0xF8, 0x00, 0x00,
  0x00, 0x00, 0x03, 0xFF, 0xF0, 0x00, 0x00, 0x00, 0x00, 0x07, 0xFF, 0xE0,
  0x00, 0x00, 0x00, 0x00, 0x0F, 0xFF, 0xC0, 0x00, 0x00, 0x00, 0x00, 0x1F,
  0xFF, 0x80, 0x00, 0x00, 0x00, 0x00, 0x3F, 0xFF, 0x00, 0x00, 0x00, 0x00,
  0x00, 0x7F, 0xFF, 0x00, 0x00, 0x00, 0x00, 0x00, 0x7F, 0xFE, 0x00, 0x00,
  0x00, 0x00, 0x00, 0xFF, 0xFE, 0x00, 0x00, 0x00, 0x00, 0x01, 0xFF, 0xFE,
  0x00, 0x00, 0x00, 0x00, 0x03, 0xFF, 0xFC, 0x00, 0x00, 0x00, 0x00, 0x03,
  0xFF, 0xFC, 0x00, 0x00, 0x00, 0x00, 0x07, 0xFF, 0xFE, 0x00, 0x00, 0x00,
  0x00, 0x07, 0xFF, 0xFE, 0x00, 0x00, 0x00, 0x00, 0x0F, 0xFF, 0xFF, 0x80,
  0x00, 0x00, 0x00, 0x0F, 0xFF, 0xFF, 0xFF, 0x80, 0x00, 0x00, 0x0F, 0xFF,
  0xFF, 0xFF, 0xF0, 0x00, 0x00, 0x1F, 0xFF, 0xFF, 0xFF, 0xF8, 0x00, 0x00,
  0x1F, 0xFF, 0xFF, 0xFF, 0xFC, 0x00, 0x00, 0x1F, 0xFF, 0xFF, 0xFF, 0xFE,
  0x00, 0x00, 0x1F, 0xFF, 0xFF, 0xFF, 0xFE, 0x00, 0x00, 0x1F, 0xFF, 0xFF,
  0xFF, 0xFE, 0x00, 0x00, 0x1F, 0xFF, 0xFF, 0xFF, 0xFE, 0x00, 0x00, 0x1F,
  0xFF, 0xFF, 0xFF, 0xFE, 0x00, 0x00, 0x0F, 0xFF, 0xFF, 0xFF, 0xFE, 0x00,
  0x00, 0x07, 0xFF, 0xFF, 0xFF, 0xFE, 0x00, 0x00, 0x03, 0xFF, 0xFF, 0xFF,
  0xFE, 0x00, 0x00, 0x01, 0xFF, 0xFF, 0xFF, 0xFE, 0x00, 0x00, 0x00, 0x1F,
  0xFF, 0xFF, 0xFC, 0x00, 0x00, 0x00, 0x00, 0x3F, 0xFF, 0xFC, 0x00, 0x00,
  0x00, 0x00, 0x1F, 0xFF, 0xF8, 0x00, 0x00, 0x00, 0x00, 0x0F, 0xFF, 0xF8,
  0x00, 0x00, 0x00, 0x00, 0x0F, 0xFF, 0xF0, 0x00, 0x00, 0x00, 0x00, 0x0F,
  0xFF, 0xF0, 0x00, 0x00, 0x00, 0x00, 0x0F, 0xFF, 0xE0, 0x00, 0x00, 0x00,
  0x00, 0x0F, 0xFF, 0xC0, 0x00, 0x00, 0x00, 0x00, 0x1F, 0xFF, 0x80, 0x00,
  0x00, 0x00, 0x00, 0x1F, 0xFF, 0x80, 0x00, 0x00, 0x00, 0x00, 0x3F, 0xFF,
  0x00, 0x00, 0x00, 0x00, 0x00, 0x7F, 0xFE, 0x00, 0x00, 0x00, 0x00, 0x00,
  0xFF, 0xFC, 0x00, 0x00, 0x00, 0x00, 0x01, 0xFF, 0xF8, 0x00, 0x00, 0x00,
  0x00, 0x03, 0xFF, 0xF0, 0x00, 0x00, 0x00, 0x00, 0x07, 0xFF, 0xE0, 0x00,
  0x00, 0x00, 0x00, 0x0F, 0xFF, 0xC0, 0x00, 0x00, 0x00, 0x00, 0x1F, 0xFF,
  0x80, 0x00, 0x00, 0x00, 0x00, 0x3F, 0xFF, 0x00, 0x00, 0x00, 0x00, 0x00,
  0x7F, 0xFE, 0x00, 0x00, 0x00, 0x00, 0x00, 0xFF, 0xFF, 0xFF, 0xF0, 0x00,
  0x00, 0x01, 0xFF, 0xFF, 0xFF, 0xE0, 0x00, 0x00, 0x03, 0xFF, 0xFF, 0xFF,
  0xC0, 0x00, 0x00, 0x07, 0xFF, 0xFF, 0xFF, 0x80, 0x00, 0x00, 0x0F, 0xFF,
  0xFF, 0xFF, 0x00, 0x00, 0x00, 0x1F, 0xFF, 0xFF, 0xFF, 0x00, 0x00, 0x00,
  0x7F, 0xFF, 0x7F, 0xFE, 0x00, 0x00, 0x00, 0xFF, 0xFC, 0xFF, 0xFE, 0x00,
  0x00, 0x03, 0xFF, 0xF9, 0xFF, 0xFC, 0x00, 0x00, 0x07, 0xFF, 0xF3, 0xFF,
  0xFC, 0x00, 0x00, 0x1F, 0xFF, 0xE3, 0xFF, 0xFC, 0x00, 0x00, 0x7F, 0xFF,
  0x87, 0xFF, 0xFC, 0x00, 0x01, 0xFF, 0xFF, 0x07, 0xFF, 0xFE, 0x00, 0x0F,
  0xFF, 0xFC, 0x0F, 0xFF, 0xFF, 0x00, 0x7F, 0xFF, 0xF8, 0x0F, 0xFF, 0xFF,
  0xFF, 0xFF, 0xFF, 0xE0, 0x1F, 0xFF, 0xFF, 0xFF, 0xFF, 0xFF, 0xC0, 0x1F,
  0xFF, 0xFF, 0xFF, 0xFF, 0xFF, 0x00, 0x1F, 0xFF, 0xFF, 0xFF, 0xFF, 0xFC,
  0x00, 0x1F, 0xFF, 0xFF, 0xFF, 0xFF, 0xF0, 0x00, 0x1F, 0xFF, 0xFF, 0xFF,
  0xFF, 0xC0, 0x00, 0x1F, 0xFF, 0xFF, 0xFF, 0xFF, 0x00, 0x00, 0x1F, 0xFF,
  0xFF, 0xFF, 0xFC, 0x00, 0x00, 0x1F, 0xFF, 0xFF, 0xFF, 0xF0, 0x00, 0x00,
  0x1F, 0xFF, 0xFF, 0xFF, 0xC0, 0x00, 0x00, 0x0F, 0xFF, 0xFF, 0xFE, 0x00,
  0x00, 0x00, 0x07, 0xFF, 0xFF, 0xF0, 0x00, 0x00, 0x00, 0x03, 0xFF, 0xFF,
  0x80, 0x00, 0x00, 0x00, 0x00, 0x7F, 0xF0, 0x00, 0x00, 0x00, 0xFF, 0xFF,
  0xFF, 0xFF, 0xFF, 0xFF, 0xFF, 0xFF, 0xFF, 0xFF, 0xFF, 0xFF, 0xFF, 0xFF,
  0xFF, 0xFF, 0xFF, 0xFF, 0xFF, 0xFF, 0xFF, 0xFF, 0xFF, 0xFF, 0xFF, 0xFF,
  0xFF, 0xFF, 0xFF, 0xFF, 0xFF, 0xFF, 0xFF, 0xFF, 0xFF, 0xFF, 0xFF, 0xFF,
  0xFF, 0xFF, 0xFF, 0xFF, 0xFF, 0xFF, 0xFF, 0xFF, 0xFF, 0xFF, 0xFF, 0xFF,
  0xFF, 0xFF, 0xFF, 0xFF, 0xFF, 0xFF, 0xFF, 0xFF, 0xFF, 0xFF, 0xFF, 0xFF,
  0xFF, 0xFF, 0xFF, 0xFF, 0xFF, 0xFF, 0xFF, 0xFF, 0xFF, 0xFF, 0xFF, 0xFF,
  0xFF, 0xFF, 0xFF, 0xFF, 0xFF, 0xFF, 0xFF, 0xFF, 0xFF, 0xFF, 0xFF, 0xFF,
  0xFF, 0xFF, 0xFF, 0xE0, 0x00, 0x00, 0xFF, 0xF8, 0x00, 0x00, 0x00, 0x00,
  0x01, 0xFF, 0xF0, 0x00, 0x00, 0x00, 0x00, 0x03, 0xFF, 0xE0, 0x00, 0x00,
  0x00, 0x00, 0x07, 0xFF, 0xC0, 0x00, 0x00, 0x00, 0x00, 0x0F, 0xFF, 0x80,
  0x00, 0x00, 0x00, 0x00, 0x1F, 0xFF, 0x00, 0x00, 0x00, 0x00, 0x00, 0x3F,
  0xFE, 0x00, 0x00, 0x00, 0x00, 0x00, 0x7F, 0xFC, 0x00, 0x00, 0x00, 0x00,
  0x00, 0xFF, 0xF8, 0x00, 0x00, 0x00, 0x00, 0x01, 0xFF, 0xF0, 0x00, 0x00,
  0x00, 0x00, 0x03, 0xFF, 0xE0, 0x00, 0x00, 0x00, 0x00, 0x07, 0xFF, 0xC0,
  0x00, 0x00, 0x00, 0x00, 0x0F, 0xFF, 0x80, 0x00, 0x00, 0x00, 0x00, 0x1F,
  0xFF, 0x00, 0x00, 0x00, 0x00, 0x00, 0x3F, 0xFE, 0x00, 0x00, 0x00, 0x00,
  0x00, 0x7F, 0xFC, 0x00, 0x00, 0x00, 0x00, 0x00, 0xFF, 0xF8, 0x00, 0x00,
  0x00, 0x00, 0x01, 0xFF, 0xF0, 0x00, 0x00, 0x00, 0x00, 0x03, 0xFF, 0xE0,
  0x00, 0x00, 0x00, 0x00, 0x07, 0xFF, 0xC0, 0x00, 0x00, 0x00, 0x00, 0x0F,
  0xFF, 0x80, 0x00, 0x00, 0x00, 0x00, 0x1F, 0xFF, 0x00, 0x00, 0x00, 0x00,
  0x00, 0x3F, 0xFE, 0x00, 0x00, 0x00, 0x00, 0x00, 0x7F, 0xFC, 0x00, 0x00,
  0x00, 0x00, 0x00, 0xFF, 0xF8, 0x00, 0x00, 0x00, 0x00, 0x01, 0xFF, 0xF0,
  0x00, 0x00, 0x00, 0x00, 0x03, 0xFF, 0xE0, 0x00, 0x00, 0x00, 0x00, 0x07,
  0xFF, 0xC0, 0x00, 0x00, 0x00, 0x00, 0x0F, 0xFF, 0x80, 0x00, 0x00, 0x00,
  0x00, 0x1F, 0xFF, 0x00, 0x00, 0x00, 0x00, 0x00, 0x3F, 0xFE, 0x00, 0x00,
  0x00, 0x00, 0x00, 0x7F, 0xFC, 0x00, 0x00, 0x00, 0x00, 0x00, 0xFF, 0xF8,
  0x00, 0x00, 0x00, 0x00, 0x01, 0xFF, 0xF0, 0x00, 0x00, 0x00, 0x00, 0x03,
  0xFF, 0xE0, 0x00, 0x00, 0x00, 0x00, 0x07, 0xFF, 0xC0, 0x00, 0x00, 0x00,
  0x00, 0x0F, 0xFF, 0x80, 0x00, 0x00, 0x00, 0x00, 0x1F, 0xFF, 0x00, 0x00,
  0x00, 0x00, 0x00, 0x3F, 0xFE, 0x00, 0x00, 0x00, 0x00, 0x00, 0x7F, 0xFC,
  0x00, 0x00, 0x00, 0x00, 0x00, 0xFF, 0xF8, 0x00, 0x00, 0x00, 0x00, 0x01,
  0xFF, 0xF0, 0x00, 0x00, 0x00, 0x00, 0x03, 0xFF, 0xE0, 0x00, 0x00, 0x00,
  0x00, 0x07, 0xFF, 0xC0, 0x00, 0x00, 0x00, 0x00, 0x0F, 0xFF, 0x80, 0x00,
  0x00, 0x00, 0x00, 0x1F, 0xFF, 0x00, 0x00, 0x00, 0x00, 0x00, 0x3F, 0xFE,
  0x00, 0x00, 0x00, 0x00, 0x00, 0x7F, 0xFC, 0x00, 0x00, 0x00, 0x00, 0x00,
  0xFF, 0xF8, 0x00, 0x00, 0x00, 0x00, 0x01, 0xFF, 0xF0, 0x00, 0x00, 0x00,
  0x00, 0x03, 0xFF, 0xE0, 0x00, 0x00, 0x00, 0x00, 0x07, 0xFF, 0xC0, 0x00,
  0x00, 0x00, 0x00, 0x0F, 0xFF, 0x80, 0x00, 0x00, 0x00, 0x00, 0x1F, 0xFF,
  0x00, 0x00, 0x00, 0x00, 0x00, 0x3F, 0xFE, 0x00, 0x00, 0x00, 0x00, 0x00,
  0x7F, 0xFC, 0x00, 0x00, 0x00, 0x00, 0x00, 0xFF, 0xF8, 0x00, 0x00, 0x00,
  0x00, 0x01, 0xFF, 0xF0, 0x00, 0x00, 0x00, 0x00, 0x03, 0xFF, 0xE0, 0x00,
  0x00, 0x00, 0x00, 0x07, 0xFF, 0xC0, 0x00, 0x00, 0x00, 0x00, 0x0F, 0xFF,
  0x80, 0x00, 0x00, 0x00, 0x00, 0x1F, 0xFF, 0x00, 0x00, 0x00, 0x00, 0x00,
  0x3F, 0xFE, 0x00, 0x00, 0x00, 0x00, 0x00, 0x7F, 0xFC, 0x00, 0x00, 0x00,
  0x00, 0x00, 0xFF, 0xF8, 0x00, 0x00, 0x00, 0x00, 0x01, 0xFF, 0xF0, 0x00,
  0x00, 0x00, 0x00, 0x03, 0xFF, 0xE0, 0x00, 0x00, 0x00, 0x00, 0x07, 0xFF,
  0xC0, 0x00, 0x00, 0x00, 0x00, 0x0F, 0xFF, 0x80, 0x00, 0x00, 0x00, 0x00,
  0x1F, 0xFF, 0x00, 0x00, 0x00, 0x00, 0x00, 0x3F, 0xFE, 0x00, 0x00, 0x00,
  0x00, 0x00, 0x7F, 0xFC, 0x00, 0x00, 0x00, 0x00, 0x00, 0xFF, 0xF8, 0x00,
  0x00, 0x00, 0x00, 0x01, 0xFF, 0xF0, 0x00, 0x00, 0x00, 0x00, 0x03, 0xFF,
  0xE0, 0x00, 0x00, 0x00, 0x00, 0x07, 0xFF, 0xC0, 0x00, 0x00, 0x00, 0x00,
  0x0F, 0xFF, 0x80, 0x00, 0x00, 0x00, 0x00, 0x1F, 0xFF, 0x00, 0x00, 0x00,
  0x00, 0x00, 0x3F, 0xFE, 0x00, 0x00, 0x00, 0x00, 0x00, 0x7F, 0xFC, 0x00,
  0x00, 0x00, 0x00, 0x00, 0xFF, 0xF8, 0x00, 0x00, 0x00, 0x00, 0x01, 0xFF,
  0xF0, 0x00, 0x00, 0x00, 0x00, 0x03, 0xFF, 0xE0, 0x00, 0x00, 0x00, 0x00,
  0x07, 0xFF, 0xC0, 0x00, 0x00, 0x00, 0x00, 0x0F, 0xFF, 0x80, 0x00, 0x00,
  0x00, 0x00, 0x1F, 0xFF, 0x00, 0x00, 0x00, 0x00, 0x00, 0x3F, 0xFE, 0x00,
  0x00, 0x00, 0x00, 0x00, 0x7F, 0xFC, 0x00, 0x00, 0x00, 0x00, 0x00, 0xFF,
  0xF8, 0x00, 0x00, 0x00, 0x00, 0x01, 0xFF, 0xF0, 0x00, 0x00, 0x00, 0x00,
  0x03, 0xFF, 0xE0, 0x00, 0x00, 0x00, 0x00, 0x07, 0xFF, 0xC0, 0x00, 0x00,
  0x00, 0x00, 0x0F, 0xFF, 0x80, 0x00, 0x00, 0x00, 0x00, 0x1F, 0xFF, 0x00,
  0x00, 0x00, 0x00, 0x00, 0x3F, 0xFE, 0x00, 0x00, 0x00, 0x00, 0x00, 0x7F,
  0xFC, 0x00, 0x00, 0x00, 0x00, 0x00, 0xFF, 0xF8, 0x00, 0x00, 0x00, 0xFF,
  0xFC, 0x00, 0x00, 0x00, 0x7F, 0xFF, 0xFF, 0xF8, 0x00, 0x00, 0x00, 0xFF,
  0xFF, 0xFF, 0xF0, 0x00, 0x00, 0x01, 0xFF, 0xFF, 0xFF, 0xE0, 0x00, 0x00,
  0x03, 0xFF, 0xFF, 0xFF, 0xC0, 0x00, 0x00, 0x07, 0xFF, 0xFF, 0xFF, 0x80,
  0x00, 0x00, 0x0F, 0xFF, 0xFF, 0xFF, 0x00, 0x00, 0x00, 0x1F, 0xFF, 0xFF,
  0xFE, 0x00, 0x00, 0x00, 0x3F, 0xFF, 0xFF, 0xFC, 0x00, 0x00, 0x00, 0x7F,
  0xFF, 0xFF, 0xF8, 0x00, 0x00, 0x00, 0xFF, 0xFF, 0xFF, 0xF0, 0x00, 0x00,
  0x01, 0xFF, 0xFF, 0xFF, 0xE0, 0x00, 0x00, 0x03, 0xFF, 0xFF, 0xFF, 0xC0,
  0x00, 0x00, 0x07, 0xFF, 0xFF, 0xFF, 0x80, 0x00, 0x00, 0x0F, 0xFF, 0xFF,
  0xFF, 0x00, 0x00, 0x00, 0x1F, 0xFF, 0xFF, 0xFE, 0x00, 0x00, 0x00, 0x3F,
  0xFF, 0xFF, 0xFC, 0x00, 0x00, 0x00, 0x7F, 0xFF, 0xFF, 0xF8, 0x00, 0x00,
  0x00, 0xFF, 0xFF, 0xFF, 0xF0, 0x00, 0x00, 0x01, 0xFF, 0xFF, 0xFF, 0xE0,
  0x00, 0x00, 0x03, 0xFF, 0xFF, 0xFF, 0xC0, 0x00, 0x00, 0x07, 0xFF, 0xFF,
  0xFF, 0x80, 0x00, 0x00, 0x0F, 0xFF, 0xFF, 0xFF, 0x00, 0x00, 0x00, 0x1F,
  0xFF, 0xFF, 0xFE, 0x00, 0x00, 0x00, 0x3F, 0xFF, 0xFF, 0xFC, 0x00, 0x00,
  0x00, 0x7F, 0xFF, 0xFF, 0xF8, 0x00, 0x00, 0x00, 0xFF, 0xFF, 0xFF, 0xF0,
  0x00, 0x00, 0x01, 0xFF, 0xFF, 0xFF, 0xE0, 0x00, 0x00, 0x03, 0xFF, 0xFF,
  0xFF, 0xC0, 0x00, 0x00, 0x07, 0xFF, 0xFF, 0xFF, 0x80, 0x00, 0x00, 0x0F,
  0xFF, 0xFF, 0xFF, 0x00, 0x00, 0x00, 0x1F, 0xFF, 0xFF, 0xFE, 0x00, 0x00,
  0x00, 0x3F, 0xFF, 0xFF, 0xFC, 0x00, 0x00, 0x00, 0x7F, 0xFF, 0xFF, 0xF8,
  0x00, 0x00, 0x00, 0xFF, 0xFF, 0xFF, 0xF0, 0x00, 0x00, 0x01, 0xFF, 0xFF,
  0xFF, 0xE0, 0x00, 0x00, 0x03, 0xFF, 0xFF, 0xFF, 0xC0, 0x00, 0x00, 0x07,
  0xFF, 0xFF, 0xFF, 0x80, 0x00, 0x00, 0x0F, 0xFF, 0xFF, 0xFF, 0x00, 0x00,
  0x00, 0x1F, 0xFF, 0xFF, 0xFE, 0x00, 0x00, 0x00, 0x3F, 0xFF, 0xFF, 0xFC,
  0x00, 0x00, 0x00, 0x7F, 0xFF, 0xFF, 0xF8, 0x00, 0x00, 0x00, 0xFF, 0xFF,
  0xFF, 0xF0, 0x00, 0x00, 0x01, 0xFF, 0xFF, 0xFF, 0xE0, 0x00, 0x00, 0x03,
  0xFF, 0xFF, 0xFF, 0xC0, 0x00, 0x00, 0x07, 0xFF, 0xFF, 0xFF, 0x80, 0x00,
  0x00, 0x0F, 0xFF, 0xFF, 0xFF, 0x00, 0x00, 0x00, 0x1F, 0xFF, 0xFF, 0xFE,
  0x00, 0x00, 0x00, 0x3F, 0xFF, 0xFF, 0xFC, 0x00, 0x00, 0x00, 0x7F, 0xFF,
  0xFF, 0xF8, 0x00, 0x00, 0x00, 0xFF, 0xFF, 0xFF, 0xF0, 0x00, 0x00, 0x01,
  0xFF, 0xFF, 0xFF, 0xE0, 0x00, 0x00, 0x03, 0xFF, 0xFF, 0xFF, 0xC0, 0x00,
  0x00, 0x07, 0xFF, 0xFF, 0xFF, 0x80, 0x00, 0x00, 0x0F, 0xFF, 0xFF, 0xFF,
  0x00, 0x00, 0x00, 0x1F, 0xFF, 0xFF, 0xFE, 0x00, 0x00, 0x00, 0x3F, 0xFF,
  0xFF, 0xFC, 0x00, 0x00, 0x00, 0x7F, 0xFF, 0xFF, 0xF8, 0x00, 0x00, 0x00,
  0xFF, 0xFF, 0xFF, 0xF0, 0x00, 0x00, 0x01, 0xFF, 0xFF, 0xFF, 0xE0, 0x00,
  0x00, 0x03, 0xFF, 0xFF, 0xFF, 0xC0, 0x00, 0x00, 0x07, 0xFF, 0xFF, 0xFF,
  0x80, 0x00, 0x00, 0x0F, 0xFF, 0xFF, 0xFF, 0x00, 0x00, 0x00, 0x1F, 0xFF,
  0xFF, 0xFE, 0x00, 0x00, 0x00, 0x3F, 0xFF, 0xFF, 0xFC, 0x00, 0x00, 0x00,
  0x7F, 0xFF, 0xFF, 0xF8, 0x00, 0x00, 0x00, 0xFF, 0xFF, 0xFF, 0xF0, 0x00,
  0x00, 0x01, 0xFF, 0xFF, 0xFF, 0xE0, 0x00, 0x00, 0x03, 0xFF, 0xFF, 0xFF,
  0xC0, 0x00, 0x00, 0x07, 0xFF, 0xFF, 0xFF, 0x80, 0x00, 0x00, 0x0F, 0xFF,
  0xFF, 0xFF, 0x00, 0x00, 0x00, 0x1F, 0xFF, 0xFF, 0xFE, 0x00, 0x00, 0x00,
  0x3F, 0xFF, 0xFF, 0xFC, 0x00, 0x00, 0x00, 0x7F, 0xFF, 0xFF, 0xF8, 0x00,
  0x00, 0x00, 0xFF, 0xFF, 0xFF, 0xF0, 0x00, 0x00, 0x01, 0xFF, 0xFF, 0xFF,
  0xE0, 0x00, 0x00, 0x03, 0xFF, 0xFF, 0xFF, 0xC0, 0x00, 0x00, 0x07, 0xFF,
  0xFF, 0xFF, 0x80, 0x00, 0x00, 0x0F, 0xFF, 0xFF, 0xFF, 0x00, 0x00, 0x00,
  0x1F, 0xFF, 0xFF, 0xFE, 0x00, 0x00, 0x00, 0x3F, 0xFF, 0xFF, 0xFC, 0x00,
  0x00, 0x00, 0x7F, 0xFF, 0xFF, 0xF8, 0x00, 0x00, 0x00, 0xFF, 0xFF, 0xFF,
  0xF0, 0x00, 0x00, 0x01, 0xFF, 0xFF, 0xFF, 0xE0, 0x00, 0x00, 0x03, 0xFF,
  0xFF, 0xFF, 0xC0, 0x00, 0x00, 0x07, 0xFF, 0xFF, 0xFF, 0x80, 0x00, 0x00,
  0x0F, 0xFF, 0xFF, 0xFF, 0x00, 0x00, 0x00, 0x1F, 0xFF, 0xFF, 0xFF, 0x00,
  0x00, 0x00, 0x7F, 0xFF, 0x7F, 0xFE, 0x00, 0x00, 0x00, 0xFF, 0xFC, 0xFF,
  0xFE, 0x00, 0x00, 0x03, 0xFF, 0xF9, 0xFF, 0xFC, 0x00, 0x00, 0x07, 0xFF,
  0xF3, 0xFF, 0xFC, 0x00, 0x00, 0x1F, 0xFF, 0xE3, 0xFF, 0xFC, 0x00, 0x00,
  0x7F, 0xFF, 0x87, 0xFF, 0xFC, 0x00, 0x01, 0xFF, 0xFF, 0x07, 0xFF, 0xFE,
  0x00, 0x0F, 0xFF, 0xFC, 0x0F, 0xFF, 0xFF, 0x00, 0x7F, 0xFF, 0xF8, 0x0F,
  0xFF, 0xFF, 0xFF, 0xFF, 0xFF, 0xE0, 0x1F, 0xFF, 0xFF, 0xFF, 0xFF, 0xFF,
  0xC0, 0x1F, 0xFF, 0xFF, 0xFF, 0xFF, 0xFF, 0x00, 0x1F, 0xFF, 0xFF, 0xFF,
  0xFF, 0xFC, 0x00, 0x1F, 0xFF, 0xFF, 0xFF, 0xFF, 0xF0, 0x00, 0x1F, 0xFF,
  0xFF, 0xFF, 0xFF, 0xC0, 0x00, 0x1F, 0xFF, 0xFF, 0xFF, 0xFF, 0x00, 0x00,
  0x1F, 0xFF, 0xFF, 0xFF, 0xFC, 0x00, 0x00, 0x1F, 0xFF, 0xFF, 0xFF, 0xF0,
  0x00, 0x00, 0x1F, 0xFF, 0xFF, 0xFF, 0xC0, 0x00, 0x00, 0x0F, 0xFF, 0xFF,
  0xFE, 0x00, 0x00, 0x00, 0x07, 0xFF, 0xFF, 0xF0, 0x00, 0x00, 0x00, 0x03,
  0xFF, 0xFF, 0x80, 0x00, 0x00, 0x00, 0x00, 0x7F, 0xF0, 0x00, 0x00, 0x00,
  0xFF, 0xFE, 0x00, 0x00, 0x00, 0xFF, 0xFF, 0xFF, 0xFC, 0x00, 0x00, 0x03,
  0xFF, 0xFF, 0xFF, 0xFC, 0x00, 0x00, 0x07, 0xFF, 0xFB, 0xFF, 0xF8, 0x00,
  0x00, 0x0F, 0xFF, 0xE7, 0xFF, 0xF0, 0x00, 0x00, 0x1F, 0xFF, 0xCF, 0xFF,
  0xE0, 0x00, 0x00, 0x3F, 0xFF, 0x9F, 0xFF, 0xC0, 0x00, 0x00, 0x7F, 0xFF,
  0x3F, 0xFF, 0x80, 0x00, 0x00, 0xFF, 0xFE, 0x3F, 0xFF, 0x00, 0x00, 0x01,
  0xFF, 0xF8, 0x7F, 0xFF, 0x00, 0x00, 0x07, 0xFF, 0xF0, 0xFF, 0xFE, 0x00,
  0x00, 0x0F, 0xFF, 0xE1, 0xFF, 0xFC, 0x00, 0x00, 0x1F, 0xFF, 0xC3, 0xFF,
  0xF8, 0x00, 0x00, 0x3F, 0xFF, 0x83, 0xFF, 0xF0, 0x00, 0x00, 0x7F, 0xFF,
  0x07, 0xFF, 0xE0, 0x00, 0x00, 0xFF, 0xFC, 0x0F, 0xFF, 0xC0, 0x00, 0x01,
  0xFF, 0xF8, 0x1F, 0xFF, 0x80, 0x00, 0x03, 0xFF, 0xF0, 0x3F, 0xFF, 0x80,
  0x00, 0x0F, 0xFF, 0xE0, 0x7F, 0xFF, 0x00, 0x00, 0x1F, 0xFF, 0xC0, 0x7F,
  0xFE, 0x00, 0x00, 0x3F, 0xFF, 0x00, 0xFF, 0xFC, 0x00, 0x00, 0x7F, 0xFE,
  0x01, 0xFF, 0xF8, 0x00, 0x00, 0xFF, 0xFC, 0x03, 0xFF, 0xF0, 0x00, 0x01,
  0xFF, 0xF8, 0x07, 0xFF, 0xE0, 0x00, 0x03, 0xFF, 0xF0, 0x07, 0xFF, 0xC0,
  0x00, 0x0F, 0xFF, 0xC0, 0x0F, 0xFF, 0xC0, 0x00, 0x1F, 0xFF, 0x80, 0x1F,
  0xFF, 0x80, 0x00, 0x3F, 0xFF, 0x00, 0x3F, 0xFF, 0x00, 0x00, 0x7F, 0xFE,
  0x00, 0x7F, 0xFE, 0x00, 0x00, 0xFF, 0xFC, 0x00, 0x7F, 0xFC, 0x00, 0x01,
  0xFF, 0xF8, 0x00, 0xFF, 0xF8, 0x00, 0x03, 0xFF, 0xE0, 0x01, 0xFF, 0xF0,
  0x00, 0x07, 0xFF, 0xC0, 0x03, 0xFF, 0xF0, 0x00, 0x1F, 0xFF, 0x80, 0x07,
  0xFF, 0xE0, 0x00, 0x3F, 0xFF, 0x00, 0x0F, 0xFF, 0xC0, 0x00, 0x7F, 0xFE,
  0x00, 0x0F, 0xFF, 0x80, 0x00, 0xFF, 0xF8, 0x00, 0x1F, 0xFF, 0x00, 0x01,
  0xFF, 0xF0, 0x00, 0x3F, 0xFE, 0x00, 0x03, 0xFF, 0xE0, 0x00, 0x7F, 0xFC,
  0x00, 0x07, 0xFF, 0xC0, 0x00, 0xFF, 0xF8, 0x00, 0x0F, 0xFF, 0x80, 0x00,
  0xFF, 0xF8, 0x00, 0x3F, 0xFE, 0x00, 0x01, 0xFF, 0xF0, 0x00, 0x7F, 0xFC,
  0x00, 0x03, 0xFF, 0xE0, 0x00, 0xFF, 0xF8, 0x00, 0x07, 0xFF, 0xC0, 0x01,
  0xFF, 0xF0, 0x00, 0x0F, 0xFF, 0x80, 0x03, 0xFF, 0xE0, 0x00, 0x0F, 0xFF,
  0x00, 0x07, 0xFF, 0xC0, 0x00, 0x1F, 0xFE, 0x00, 0x0F, 0xFF, 0x00, 0x00,
  0x3F, 0xFE, 0x00, 0x3F, 0xFE, 0x00, 0x00, 0x7F, 0xFC, 0x00, 0x7F, 0xFC,
  0x00, 0x00, 0xFF, 0xF8, 0x00, 0xFF, 0xF8, 0x00, 0x01, 0xFF, 0xF0, 0x01,
  0xFF, 0xF0, 0x00, 0x01, 0xFF, 0xE0, 0x03, 0xFF, 0xC0, 0x00, 0x03, 0xFF,
  0xC0, 0x07, 0xFF, 0x80, 0x00, 0x07, 0xFF, 0x80, 0x0F, 0xFF, 0x00, 0x00,
  0x0F, 0xFF, 0x00, 0x1F, 0xFE, 0x00, 0x00, 0x1F, 0xFF, 0x00, 0x7F, 0xFC,
  0x00, 0x00, 0x1F, 0xFE, 0x00, 0xFF, 0xF0, 0x00, 0x00, 0x3F, 0xFC, 0x01,
  0xFF, 0xE0, 0x00, 0x00, 0x7F, 0xF8, 0x03, 0xFF, 0xC0, 0x00, 0x00, 0xFF,
  0xF0, 0x07, 0xFF, 0x80, 0x00, 0x01, 0xFF, 0xE0, 0x0F, 0xFF, 0x00, 0x00,
  0x01, 0xFF, 0xC0, 0x1F, 0xFE, 0x00, 0x00, 0x03, 0xFF, 0x80, 0x7F, 0xF8,
  0x00, 0x00, 0x07, 0xFF, 0x80, 0xFF, 0xF0, 0x00, 0x00, 0x0F, 0xFF, 0x01,
  0xFF, 0xE0, 0x00, 0x00, 0x1F, 0xFE, 0x03, 0xFF, 0xC0, 0x00, 0x00, 0x3F,
  0xFC, 0x07, 0xFF, 0x80, 0x00, 0x00, 0x3F, 0xF8, 0x0F, 0xFE, 0x00, 0x00,
  0x00, 0x7F, 0xF0, 0x1F, 0xFC, 0x00, 0x00, 0x00, 0xFF, 0xE0, 0x3F, 0xF8,
  0x00, 0x00, 0x01, 0xFF, 0xE0, 0xFF, 0xF0, 0x00, 0x00, 0x03, 0xFF, 0xC1,
  0xFF, 0xE0, 0x00, 0x00, 0x03, 0xFF, 0x83, 0xFF, 0x80, 0x00, 0x00, 0x07,
  0xFF, 0x07, 0xFF, 0x00, 0x00, 0x00, 0x0F, 0xFE, 0x0F, 0xFE, 0x00, 0x00,
  0x00, 0x1F, 0xFC, 0x1F, 0xFC, 0x00, 0x00, 0x00, 0x3F, 0xF8, 0x3F, 0xF8,
  0x00, 0x00, 0x00, 0x3F, 0xF0, 0x7F, 0xF0, 0x00, 0x00, 0x00, 0x7F, 0xF1,
  0xFF, 0xC0, 0x00, 0x00, 0x00, 0xFF, 0xE3, 0xFF, 0x80, 0x00, 0x00, 0x01,
  0xFF, 0xC7, 0xFF, 0x00, 0x00, 0x00, 0x03, 0xFF, 0x8F, 0xFE, 0x00, 0x00,
  0x00, 0x07, 0xFF, 0x1F, 0xFC, 0x00, 0x00, 0x00, 0x07, 0xFE, 0x3F, 0xF0,
  0x00, 0x00, 0x00, 0x0F, 0xFC, 0x7F, 0xE0, 0x00, 0x00, 0x00, 0x1F, 0xF9,
  0xFF, 0xC0, 0x00, 0x00, 0x00, 0x3F, 0xFB, 0xFF, 0x80, 0x00, 0x00, 0x00,
  0x7F, 0xF7, 0xFF, 0x00, 0x00, 0x00, 0x00, 0x7F, 0xEF, 0xFC, 0x00, 0x00,
  0x00, 0x00, 0xFF, 0xDF, 0xF8, 0x00, 0x00, 0x00, 0x01, 0xFF, 0xBF, 0xF0,
  0x00, 0x00, 0x00, 0x03, 0xFF, 0x7F, 0xE0, 0x00, 0x00, 0x00, 0x07, 0xFE,
  0xFF, 0xC0, 0x00, 0x00, 0x00, 0x07, 0xFF, 0xFF, 0x80, 0x00, 0x00, 0x00,
  0x0F, 0xFF, 0xFE, 0x00, 0x00, 0x00, 0x00, 0x1F, 0xFF, 0xFC, 0x00, 0x00,
  0x00, 0x00, 0x3F, 0xFF, 0xF8, 0x00, 0x00, 0x00, 0x00, 0x7F, 0xFF, 0xF0,
  0x00, 0x00, 0x00, 0x00, 0xFF, 0xFF, 0xE0, 0x00, 0x00, 0x00, 0x00, 0xFF,
  0xFF, 0x80, 0x00, 0x00, 0x00, 0x01, 0xFF, 0xFF, 0x00, 0x00, 0x00, 0x00,
  0x03, 0xFF, 0xFE, 0x00, 0x00, 0x00, 0x00, 0x07, 0xFF, 0xFC, 0x00, 0x00,
  0x00, 0x00, 0x0F, 0xFF, 0xF8, 0x00, 0x00, 0x00, 0x00, 0x0F, 0xFF, 0xE0,
  0x00, 0x00, 0x00, 0x00, 0x1F, 0xFF, 0xC0, 0x00, 0x00, 0x00, 0x00, 0x3F,
  0xFF, 0x80, 0x00, 0x00, 0x00, 0x00, 0x7F, 0xFF, 0x00, 0x00, 0x00, 0x00,
  0x00, 0xFF, 0xFE, 0x00, 0x00, 0x00, 0x00, 0x00, 0xFF, 0xFC, 0x00, 0x00,
  0x00, 0xFF, 0xFE, 0x00, 0x00, 0x00, 0x00, 0x3F, 0xFF, 0xBF, 0xFF, 0x00,
  0x00, 0x00, 0x00, 0x1F, 0xFF, 0xDF, 0xFF, 0x80, 0x00, 0x00, 0x00, 0x0F,
  0xFF, 0xCF, 0xFF, 0xC0, 0x00, 0x00, 0x00, 0x07, 0xFF, 0xE7, 0xFF, 0xE0,
  0x00, 0x00, 0x00, 0x03, 0xFF, 0xF3, 0xFF, 0xF0, 0x00, 0x00, 0x00, 0x01,
  0xFF, 0xF9, 0xFF, 0xF8, 0x00, 0x00, 0x00, 0x00, 0xFF, 0xFC, 0xFF, 0xFE,
  0x00, 0x00, 0x00, 0x00, 0xFF, 0xFE, 0x7F, 0xFF, 0x00, 0x00, 0x00, 0x00,
  0x7F, 0xFF, 0x3F, 0xFF, 0x80, 0x00, 0x00, 0x00, 0x3F, 0xFF, 0x9F, 0xFF,
  0xC0, 0x00, 0x00, 0x00, 0x1F, 0xFF, 0xC7, 0xFF, 0xE0, 0x00, 0x00, 0x00,
  0x0F, 0xFF, 0xC3, 0xFF, 0xF0, 0x00, 0x00, 0x00, 0x07, 0xFF, 0xE1, 0xFF,
  0xF8, 0x00, 0x00, 0x00, 0x03, 0xFF, 0xF0, 0xFF, 0xFC, 0x00, 0x00, 0x00,
  0x01, 0xFF, 0xF8, 0x7F, 0xFE, 0x00, 0x00, 0x00, 0x00, 0xFF, 0xFC, 0x3F,
  0xFF, 0x00, 0x00, 0x00, 0x00, 0x7F, 0xFE, 0x1F, 0xFF, 0x80, 0x00, 0x00,
  0x00, 0x3F, 0xFF, 0x0F, 0xFF, 0xE0, 0x00, 0x00, 0x00, 0x3F, 0xFF, 0x87,
  0xFF, 0xF0, 0x00, 0x00, 0x00, 0x1F, 0xFF, 0xC3, 0xFF, 0xF8, 0x00, 0x08,
  0x00, 0x0F, 0xFF, 0xE0, 0xFF, 0xFC, 0x00, 0x04, 0x00, 0x07, 0xFF, 0xE0,
  0x7F, 0xFE, 0x00, 0x02, 0x00, 0x03, 0xFF, 0xF0, 0x3F, 0xFF, 0x00, 0x01,
  0x00, 0x01, 0xFF, 0xF8, 0x1F, 0xFF, 0x80, 0x00, 0x80, 0x00, 0xFF, 0xFC,
  0x0F, 0xFF, 0xC0, 0x00, 0xE0, 0x00, 0x7F, 0xFE, 0x07, 0xFF, 0xE0, 0x00,
  0x70, 0x00, 0x3F, 0xFF, 0x03, 0xFF, 0xF0, 0x00, 0x38, 0x00, 0x1F, 0xFF,
  0x81, 0xFF, 0xF8, 0x00, 0x1C, 0x00, 0x0F, 0xFF, 0xC0, 0xFF, 0xFE, 0x00,
  0x0E, 0x00, 0x0F, 0xFF, 0xE0, 0x3F, 0xFF, 0x00, 0x0F, 0x80, 0x07, 0xFF,
  0xE0, 0x1F, 0xFF, 0x80, 0x07, 0xC0, 0x03, 0xFF, 0xF0, 0x0F, 0xFF, 0xC0,
  0x03, 0xE0, 0x01, 0xFF, 0xF8, 0x07, 0xFF, 0xE0, 0x01, 0xF0, 0x00, 0xFF,
  0xFC, 0x03, 0xFF, 0xF0, 0x00, 0xF8, 0x00, 0x7F, 0xFE, 0x01, 0xFF, 0xF8,
  0x00, 0x7C, 0x00, 0x3F, 0xFF, 0x00, 0xFF, 0xFC, 0x00, 0x7F, 0x00, 0x1F,
  0xFF, 0x80, 0x7F, 0xFE, 0x00, 0x3F, 0x80, 0x0F, 0xFF, 0xC0, 0x3F, 0xFF,
  0x00, 0x1F, 0xC0, 0x07, 0xFF, 0xE0, 0x1F, 0xFF, 0x80, 0x0F, 0xE0, 0x03,
  0xFF, 0xF0, 0x07, 0xFF, 0xE0, 0x07, 0xF0, 0x03, 0xFF, 0xF0, 0x03, 0xFF,
  0xF0, 0x07, 0xFC, 0x01, 0xFF, 0xF8, 0x01, 0xFF, 0xF8, 0x03, 0xFE, 0x00,
  0xFF, 0xFC, 0x00, 0xFF, 0xFC, 0x01, 0xFF, 0x00, 0x7F, 0xFE, 0x00, 0x7F,
  0xFE, 0x00, 0xFF, 0x80, 0x3F, 0xFF, 0x00, 0x3F, 0xFF, 0x00, 0x7F, 0xC0,
  0x1F, 0xFF, 0x80, 0x1F, 0xFF, 0x80, 0x7F, 0xF0, 0x0F, 0xFF, 0xC0, 0x0F,
  0xFF, 0xC0, 0x3F, 0xF8, 0x07, 0xFF, 0xE0, 0x07, 0xFF, 0xE0, 0x1F, 0xFC,
  0x03, 0xFF, 0xF0, 0x01, 0xFF, 0xF0, 0x0F, 0xFE, 0x01, 0xFF, 0xF8, 0x00,
  0xFF, 0xF8, 0x07, 0xFF, 0x00, 0xFF, 0xF8, 0x00, 0x7F, 0xFE, 0x03, 0xFF,
  0x80, 0xFF, 0xFC, 0x00, 0x3F, 0xFF, 0x03, 0xFF, 0xE0, 0x7F, 0xFE, 0x00,
  0x1F, 0xFF, 0x81, 0xFF, 0xF0, 0x3F, 0xFF, 0x00, 0x0F, 0xFF, 0xC0, 0xFF,
  0xF8, 0x1F, 0xFF, 0x80, 0x07, 0xFF, 0xE0, 0x7F, 0xFC, 0x0F, 0xFF, 0xC0,
  0x03, 0xFF, 0xF0, 0x3F, 0xFE, 0x07, 0xFF, 0xE0, 0x01, 0xFF, 0xF8, 0x3F,
  0xFF, 0x83, 0xFF, 0xF0, 0x00, 0xFF, 0xFC, 0x1F, 0xFF, 0xC1, 0xFF, 0xF8,
  0x00, 0x3F, 0xFE, 0x0F, 0xFF, 0xE0, 0xFF, 0xF8, 0x00, 0x1F, 0xFF, 0x07,
  0xFF, 0xF0, 0x7F, 0xFC, 0x00, 0x0F, 0xFF, 0x83, 0xFF, 0xF8, 0x3F, 0xFE,
  0x00, 0x07, 0xFF, 0xC3, 0xFF, 0xFE, 0x3F, 0xFF, 0x00, 0x03, 0xFF, 0xF1,
  0xFF, 0xFF, 0x1F, 0xFF, 0x80, 0x01, 0xFF, 0xF8, 0xFF, 0xFF, 0x8F, 0xFF,
  0xC0, 0x00, 0xFF, 0xFC, 0x7F, 0xFF, 0xC7, 0xFF, 0xE0, 0x00, 0x7F, 0xFE,
  0x3F, 0xFF, 0xE3, 0xFF, 0xF0, 0x00, 0x3F, 0xFF, 0x3F, 0xFF, 0xF9, 0xFF,
  0xF8, 0x00, 0x1F, 0xFF, 0x9F, 0xFF, 0xFC, 0xFF, 0xFC, 0x00, 0x07, 0xFF,
  0xCF, 0xFB, 0xFE, 0x7F, 0xFC, 0x00, 0x03, 0xFF, 0xE7, 0xFD, 0xFF, 0x3F,
  0xFE, 0x00, 0x01, 0xFF, 0xF3, 0xFE, 0xFF, 0x9F, 0xFF, 0x00, 0x00, 0xFF,
  0xF9, 0xFF, 0x7F, 0xCF, 0xFF, 0x80, 0x00, 0x7F, 0xFD, 0xFF, 0xBF, 0xF7,
  0xFF, 0xC0, 0x00, 0x3F, 0xFF, 0xFF, 0xDF, 0xFF, 0xFF, 0xE0, 0x00, 0x1F,
  0xFF, 0xFF, 0xC7, 0xFF, 0xFF, 0xF0, 0x00, 0x0F, 0xFF, 0xFF, 0xE3, 0xFF,
  0xFF, 0xF8, 0x00, 0x07, 0xFF, 0xFF, 0xF1, 0xFF, 0xFF, 0xFC, 0x00, 0x01,
  0xFF, 0xFF, 0xF8, 0xFF, 0xFF, 0xFC, 0x00, 0x00, 0xFF, 0xFF, 0xFC, 0x7F,
  0xFF, 0xFE, 0x00, 0x00, 0x7F, 0xFF, 0xFE, 0x3F, 0xFF, 0xFF, 0x00, 0x00,
  0x3F, 0xFF, 0xFE, 0x0F, 0xFF, 0xFF, 0x80, 0x00, 0x1F, 0xFF, 0xFF, 0x07,
  0xFF, 0xFF, 0xC0, 0x00, 0x0F, 0xFF, 0xFF, 0x83, 0xFF, 0xFF, 0xE0, 0x00,
  0x07, 0xFF, 0xFF, 0xC1, 0xFF, 0xFF, 0xF0, 0x00, 0x03, 0xFF, 0xFF, 0xE0,
  0xFF, 0xFF, 0xF8, 0x00, 0x01, 0xFF, 0xFF, 0xF0, 0x7F, 0xFF, 0xFC, 0x00,
  0x00, 0xFF, 0xFF, 0xF0, 0x1F, 0xFF, 0xFE, 0x00, 0x00, 0x3F, 0xFF, 0xF8,
  0x0F, 0xFF, 0xFE, 0x00, 0x00, 0x1F, 0xFF, 0xFC, 0x07, 0xFF, 0xFF, 0x00,
  0x00, 0x0F, 0xFF, 0xFE, 0x03, 0xFF, 0xFF, 0x80, 0x00, 0x07, 0xFF, 0xFF,
  0x01, 0xFF, 0xFF, 0xC0, 0x00, 0x03, 0xFF, 0xFF, 0x80, 0xFF, 0xFF, 0xE0,
  0x00, 0x01, 0xFF, 0xFF, 0x80, 0x3F, 0xFF, 0xF0, 0x00, 0x00, 0xFF, 0xFF,
  0xC0, 0x1F, 0xFF, 0xF8, 0x00, 0x00, 0x7F, 0xFF, 0xE0, 0x0F, 0xFF, 0xFC,
  0x00, 0x00, 0x3F, 0xFF, 0xF0, 0x07, 0xFF, 0xFE, 0x00, 0x00, 0x0F, 0xFF,
  0xF8, 0x03, 0xFF, 0xFF, 0x00, 0x00, 0x07, 0xFF, 0xFC, 0x01, 0xFF, 0xFF,
  0x00, 0x00, 0x03, 0xFF, 0xFC, 0x00, 0x7F, 0xFF, 0x80, 0x00, 0x01, 0xFF,
  0xFE, 0x00, 0x3F, 0xFF, 0xC0, 0x00, 0x00, 0xFF, 0xFF, 0x00, 0x1F, 0xFF,
  0xE0, 0x00, 0x00, 0x7F, 0xFF, 0x80, 0x0F, 0xFF, 0xF0, 0x00, 0x00, 0x3F,
  0xFF, 0xC0, 0x07, 0xFF, 0xF8, 0x00, 0x00, 0x1F, 0xFF, 0xE0, 0x03, 0xFF,
  0xFC, 0x00, 0x00, 0x0F, 0xFF, 0xE0, 0x00, 0xFF, 0xFE, 0x00, 0x00, 0x07,
  0xFF, 0xF0, 0x00, 0x7F, 0xFF, 0x00, 0x00, 0x01, 0xFF, 0xF8, 0x00, 0x3F,
  0xFF, 0x00, 0x00, 0x00, 0xFF, 0xFC, 0x00, 0x1F, 0xFF, 0x80, 0x00, 0x00,
  0x7F, 0xFE, 0x00, 0x0F, 0xFF, 0xC0, 0x00, 0xFF, 0xFF, 0x00, 0x00, 0x01,
  0xFF, 0xFE, 0xFF, 0xFE, 0x00, 0x00, 0x03, 0xFF, 0xF9, 0xFF, 0xFE, 0x00,
  0x00, 0x0F, 0xFF, 0xF3, 0xFF, 0xFC, 0x00, 0x00, 0x1F, 0xFF, 0xE3, 0xFF,
  0xF8, 0x00, 0x00, 0x3F, 0xFF, 0x87, 0xFF, 0xF0, 0x00, 0x00, 0x7F, 0xFF,
  0x0F, 0xFF, 0xF0, 0x00, 0x01, 0xFF, 0xFE, 0x0F, 0xFF, 0xE0, 0x00, 0x03,
  0xFF, 0xF8, 0x1F, 0xFF, 0xC0, 0x00, 0x07, 0xFF, 0xF0, 0x3F, 0xFF, 0x80,
  0x00, 0x0F, 0xFF, 0xE0, 0x3F, 0xFF, 0x80, 0x00, 0x3F, 0xFF, 0x80, 0x7F,
  0xFF, 0x00, 0x00, 0x7F, 0xFF, 0x00, 0xFF, 0xFE, 0x00, 0x00, 0xFF, 0xFE,
  0x00, 0xFF, 0xFC, 0x00, 0x01, 0xFF, 0xF8, 0x01, 0xFF, 0xFC, 0x00, 0x07,
  0xFF, 0xF0, 0x03, 0xFF, 0xF8, 0x00, 0x0F, 0xFF, 0xE0, 0x03, 0xFF, 0xF0,
  0x00, 0x1F, 0xFF, 0x80, 0x07, 0xFF, 0xE0, 0x00, 0x3F, 0xFF, 0x00, 0x0F,
  0xFF, 0xE0, 0x00, 0xFF, 0xFE, 0x00, 0x0F, 0xFF, 0xC0, 0x01, 0xFF, 0xF8,
  0x00, 0x1F, 0xFF, 0x80, 0x03, 0xFF, 0xF0, 0x00, 0x3F, 0xFF, 0x00, 0x07,
  0xFF, 0xE0, 0x00, 0x3F, 0xFE, 0x00, 0x0F, 0xFF, 0x80, 0x00, 0x7F, 0xFE,
  0x00, 0x3F, 0xFF, 0x00, 0x00, 0xFF, 0xFC, 0x00, 0x7F, 0xFE, 0x00, 0x00,
  0xFF, 0xF8, 0x00, 0xFF, 0xF8, 0x00, 0x01, 0xFF, 0xF0, 0x01, 0xFF, 0xF0,
  0x00, 0x03, 0xFF, 0xF0, 0x07, 0xFF, 0xE0, 0x00, 0x03, 0xFF, 0xE0, 0x0F,
  0xFF, 0x80, 0x00, 0x07, 0xFF, 0xC0, 0x1F, 0xFF, 0x00, 0x00, 0x0F, 0xFF,
  0x80, 0x3F, 0xFE, 0x00, 0x00, 0x0F, 0xFF, 0x80, 0xFF, 0xF8, 0x00, 0x00,
  0x1F, 0xFF, 0x01, 0xFF, 0xF0, 0x00, 0x00, 0x3F, 0xFE, 0x03, 0xFF, 0xE0,
  0x00, 0x00, 0x3F, 0xFC, 0x07, 0xFF, 0x80, 0x00, 0x00, 0x7F, 0xFC, 0x1F,
  0xFF, 0x00, 0x00, 0x00, 0xFF, 0xF8, 0x3F, 0xFE, 0x00, 0x00, 0x00, 0xFF,
  0xF0, 0x7F, 0xF8, 0x00, 0x00, 0x01, 0xFF, 0xE0, 0xFF, 0xF0, 0x00, 0x00,
  0x03, 0xFF, 0xE3, 0xFF, 0xE0, 0x00, 0x00, 0x03, 0xFF, 0xC7, 0xFF, 0x80,
  0x00, 0x00, 0x07, 0xFF, 0x8F, 0xFF, 0x00, 0x00, 0x00, 0x0F, 0xFF, 0x1F,
  0xFE, 0x00, 0x00, 0x00, 0x0F, 0xFE, 0x3F, 0xF8, 0x00, 0x00, 0x00, 0x1F,
  0xFE, 0xFF, 0xF0, 0x00, 0x00, 0x00, 0x3F, 0xFD, 0xFF, 0xE0, 0x00, 0x00,
  0x00, 0x3F, 0xFB, 0xFF, 0x80, 0x00, 0x00, 0x00, 0x7F, 0xF7, 0xFF, 0x00,
  0x00, 0x00, 0x00, 0xFF, 0xFF, 0xFE, 0x00, 0x00, 0x00, 0x00, 0xFF, 0xFF,
  0xF8, 0x00, 0x00, 0x00, 0x01, 0xFF, 0xFF, 0xF0, 0x00, 0x00, 0x00, 0x03,
  0xFF, 0xFF, 0xE0, 0x00, 0x00, 0x00, 0x03, 0xFF, 0xFF, 0x80, 0x00, 0x00,
  0x00, 0x07, 0xFF, 0xFF, 0x00, 0x00, 0x00, 0x00, 0x0F, 0xFF, 0xFE, 0x00,
  0x00, 0x00, 0x00, 0x1F, 0xFF, 0xFC, 0x00, 0x00, 0x00, 0x00, 0x3F, 0xFF,
  0xF8, 0x00, 0x00, 0x00, 0x00, 0xFF, 0xFF, 0xF8, 0x00, 0x00, 0x00, 0x01,
  0xFF, 0xFF, 0xF0, 0x00, 0x00, 0x00, 0x03, 0xFF, 0xFF, 0xE0, 0x00, 0x00,
  0x00, 0x0F, 0xFF, 0xFF, 0xE0, 0x00, 0x00, 0x00, 0x1F, 0xFF, 0xFF, 0xC0,
  0x00, 0x00, 0x00, 0x3F, 0xFB, 0xFF, 0x80, 0x00, 0x00, 0x00, 0xFF, 0xF7,
  0xFF, 0x80, 0x00, 0x00, 0x01, 0xFF, 0xEF, 0xFF, 0x00, 0x00, 0x00, 0x03,
  0xFF, 0xDF, 0xFE, 0x00, 0x00, 0x00, 0x0F, 0xFF, 0x1F, 0xFE, 0x00, 0x00,
  0x00, 0x1F, 0xFE, 0x3F, 0xFC, 0x00, 0x00, 0x00, 0x3F, 0xFC, 0x7F, 0xF8,
  0x00, 0x00, 0x00, 0xFF, 0xF8, 0xFF, 0xF8, 0x00, 0x00, 0x01, 0xFF, 0xE0,
  0xFF, 0xF0, 0x00, 0x00, 0x03, 0xFF, 0xC1, 0xFF, 0xE0, 0x00, 0x00, 0x0F,
  0xFF, 0x83, 0xFF, 0xE0, 0x00, 0x00, 0x1F, 0xFF, 0x07, 0xFF, 0xC0, 0x00,
  0x00, 0x3F, 0xFC, 0x07, 0xFF, 0x80, 0x00, 0x00, 0xFF, 0xF8, 0x0F, 0xFF,
  0x80, 0x00, 0x01, 0xFF, 0xF0, 0x1F, 0xFF, 0x00, 0x00, 0x03, 0xFF, 0xE0,
  0x3F, 0xFE, 0x00, 0x00, 0x0F, 0xFF, 0xC0, 0x7F, 0xFE, 0x00, 0x00, 0x1F,
  0xFF, 0x00, 0x7F, 0xFC, 0x00, 0x00, 0x3F, 0xFE, 0x00, 0xFF, 0xF8, 0x00,
  0x00, 0xFF, 0xFC, 0x01, 0xFF, 0xF8, 0x00, 0x01, 0xFF, 0xF8, 0x03, 0xFF,
  0xF0, 0x00, 0x03, 0xFF, 0xE0, 0x03, 0xFF, 0xE0, 0x00, 0x0F, 0xFF, 0xC0,
  0x07, 0xFF, 0xE0, 0x00, 0x1F, 0xFF, 0x80, 0x0F, 0xFF, 0xC0, 0x00, 0x3F,
  0xFF, 0x00, 0x1F, 0xFF, 0x80, 0x00, 0xFF, 0xFC, 0x00, 0x1F, 0xFF, 0x80,
  0x01, 0xFF, 0xF8, 0x00, 0x3F, 0xFF, 0x00, 0x03, 0xFF, 0xF0, 0x00, 0x7F,
  0xFE, 0x00, 0x0F, 0xFF, 0xE0, 0x00, 0xFF, 0xFE, 0x00, 0x1F, 0xFF, 0x80,
  0x00, 0xFF, 0xFC, 0x00, 0x3F, 0xFF, 0x00, 0x01, 0xFF, 0xF8, 0x00, 0xFF,
  0xFE, 0x00, 0x03, 0xFF, 0xF8, 0x01, 0xFF, 0xFC, 0x00, 0x07, 0xFF, 0xF0,
  0x03, 0xFF, 0xF0, 0x00, 0x07, 0xFF, 0xE0, 0x0F, 0xFF, 0xE0, 0x00, 0x0F,
  0xFF, 0xE0, 0x1F, 0xFF, 0xC0, 0x00, 0x1F, 0xFF, 0xC0, 0x3F, 0xFF, 0x80,
  0x00, 0x3F, 0xFF, 0x80, 0xFF, 0xFF, 0x00, 0x00, 0x7F, 0xFF, 0x81, 0xFF,
  0xFC, 0x00, 0x00, 0x7F, 0xFF, 0x03, 0xFF, 0xF8, 0x00, 0x00, 0xFF, 0xFE,
  0x0F, 0xFF, 0xF0, 0x00, 0x01, 0xFF, 0xFE, 0x1F, 0xFF, 0xE0, 0x00, 0x03,
  0xFF, 0xFC, 0x3F, 0xFF, 0x80, 0x00, 0x03, 0xFF, 0xF8, 0xFF, 0xFF, 0x00,
  0x00, 0x07, 0xFF, 0xF9, 0xFF, 0xFE, 0x00, 0x00, 0x0F, 0xFF, 0xF3, 0xFF,
  0xFC, 0x00, 0x00, 0x1F, 0xFF, 0xEF, 0xFF, 0xF0, 0x00, 0x00, 0x1F, 0xFF,
  0xFF, 0xFF, 0xE0, 0x00, 0x00, 0x3F, 0xFF, 0xC0, 0xFF, 0xFE, 0x00, 0x00,
  0x00, 0xFF, 0xFF, 0xFF, 0xFE, 0x00, 0x00, 0x03, 0xFF, 0xFD, 0xFF, 0xFC,
  0x00, 0x00, 0x07, 0xFF, 0xF3, 0xFF, 0xF8, 0x00, 0x00, 0x0F, 0xFF, 0xE7,
  0xFF, 0xF0, 0x00, 0x00, 0x1F, 0xFF, 0xCF, 0xFF, 0xE0, 0x00, 0x00, 0x3F,
  0xFF, 0x8F, 0xFF, 0xE0, 0x00, 0x00, 0xFF, 0xFE, 0x1F, 0xFF, 0xC0, 0x00,
  0x01, 0xFF, 0xFC, 0x3F, 0xFF, 0x80, 0x00, 0x03, 0xFF, 0xF8, 0x7F, 0xFF,
  0x00, 0x00, 0x07, 0xFF, 0xF0, 0x7F, 0xFE, 0x00, 0x00, 0x0F, 0xFF, 0xC0,
  0xFF, 0xFC, 0x00, 0x00, 0x1F, 0xFF, 0x81, 0xFF, 0xFC, 0x00, 0x00, 0x7F,
  0xFF, 0x03, 0xFF, 0xF8, 0x00, 0x00, 0xFF, 0xFE, 0x03, 0xFF, 0xF0, 0x00,
  0x01, 0xFF, 0xF8, 0x07, 0xFF, 0xE0, 0x00, 0x03, 0xFF, 0xF0, 0x0F, 0xFF,
  0xC0, 0x00, 0x07, 0xFF, 0xE0, 0x1F, 0xFF, 0xC0, 0x00, 0x1F, 0xFF, 0xC0,
  0x1F, 0xFF, 0x80, 0x00, 0x3F, 0xFF, 0x00, 0x3F, 0xFF, 0x00, 0x00, 0x7F,
  0xFE, 0x00, 0x7F, 0xFE, 0x00, 0x00, 0xFF, 0xFC, 0x00, 0xFF, 0xFC, 0x00,
  0x01, 0xFF, 0xF8, 0x00, 0xFF, 0xF8, 0x00, 0x07, 0xFF, 0xE0, 0x01, 0xFF,
  0xF8, 0x00, 0x0F, 0xFF, 0xC0, 0x03, 0xFF, 0xF0, 0x00, 0x1F, 0xFF, 0x80,
  0x07, 0xFF, 0xE0, 0x00, 0x3F, 0xFF, 0x00, 0x07, 0xFF, 0xC0, 0x00, 0x7F,
  0xFC, 0x00, 0x0F, 0xFF, 0x80, 0x00, 0xFF, 0xF8, 0x00, 0x1F, 0xFF, 0x80,
  0x03, 0xFF, 0xF0, 0x00, 0x3F, 0xFF, 0x00, 0x07, 0xFF, 0xE0, 0x00, 0x3F,
  0xFE, 0x00, 0x0F, 0xFF, 0x80, 0x00, 0x7F, 0xFC, 0x00, 0x1F, 0xFF, 0x00,
  0x00, 0xFF, 0xF8, 0x00, 0x3F, 0xFE, 0x00, 0x01, 0xFF, 0xF8, 0x00, 0xFF,
  0xFC, 0x00, 0x01, 0xFF, 0xF0, 0x01, 0xFF, 0xF0, 0x00, 0x03, 0xFF, 0xE0,
  0x03, 0xFF, 0xE0, 0x00, 0x07, 0xFF, 0xC0, 0x07, 0xFF, 0xC0, 0x00, 0x0F,
  0xFF, 0x80, 0x0F, 0xFF, 0x80, 0x00, 0x0F, 0xFF, 0x00, 0x1F, 0xFE, 0x00,
  0x00, 0x1F, 0xFF, 0x00, 0x7F, 0xFC, 0x00, 0x00, 0x3F, 0xFE, 0x00, 0xFF,
  0xF8, 0x00, 0x00, 0x7F, 0xFC, 0x01, 0xFF, 0xF0, 0x00, 0x00, 0x7F, 0xF8,
  0x03, 0xFF, 0xC0, 0x00, 0x00, 0xFF, 0xF0, 0x07, 0xFF, 0x80, 0x00, 0x01,
  0xFF, 0xF0, 0x1F, 0xFF, 0x00, 0x00, 0x03, 0xFF, 0xE0, 0x3F, 0xFE, 0x00,
  0x00, 0x03, 0xFF, 0xC0, 0x7F, 0xF8, 0x00, 0x00, 0x07, 0xFF, 0x80, 0xFF,
  0xF0, 0x00, 0x00, 0x0F, 0xFF, 0x01, 0xFF, 0xE0, 0x00, 0x00, 0x1F, 0xFF,
  0x07, 0xFF, 0xC0, 0x00, 0x00, 0x1F, 0xFE, 0x0F, 0xFF, 0x00, 0x00, 0x00,
  0x3F, 0xFC, 0x1F, 0xFE, 0x00, 0x00, 0x00, 0x7F, 0xF8, 0x3F, 0xFC, 0x00,
  0x00, 0x00, 0xFF, 0xF0, 0x7F, 0xF8, 0x00, 0x00, 0x00, 0xFF, 0xE0, 0xFF,
  0xE0, 0x00, 0x00, 0x01, 0xFF, 0xE3, 0xFF, 0xC0, 0x00, 0x00, 0x03, 0xFF,
  0xC7, 0xFF, 0x80, 0x00, 0x00, 0x07, 0xFF, 0x8F, 0xFF, 0x00, 0x00, 0x00,
  0x07, 0xFF, 0x1F, 0xFC, 0x00, 0x00, 0x00, 0x0F, 0xFE, 0x3F, 0xF8, 0x00,
  0x00, 0x00, 0x1F, 0xFE, 0xFF, 0xF0, 0x00, 0x00, 0x00, 0x3F, 0xFD, 0xFF,
  0xE0, 0x00, 0x00, 0x00, 0x3F, 0xFB, 0xFF, 0x80, 0x00, 0x00, 0x00, 0x7F,
  0xF7, 0xFF, 0x00, 0x00, 0x00, 0x00, 0xFF, 0xEF, 0xFE, 0x00, 0x00, 0x00,
  0x01, 0xFF, 0xFF, 0xFC, 0x00, 0x00, 0x00, 0x01, 0xFF, 0xFF, 0xF0, 0x00,
  0x00, 0x00, 0x03, 0xFF, 0xFF, 0xE0, 0x00, 0x00, 0x00, 0x07, 0xFF, 0xFF,
  0xC0, 0x00, 0x00, 0x00, 0x0F, 0xFF, 0xFF, 0x80, 0x00, 0x00, 0x00, 0x0F,
  0xFF, 0xFE, 0x00, 0x00, 0x00, 0x00, 0x1F, 0xFF, 0xFC, 0x00, 0x00, 0x00,
  0x00, 0x3F, 0xFF, 0xF8, 0x00, 0x00, 0x00, 0x00, 0x7F, 0xFF, 0xF0, 0x00,
  0x00, 0x00, 0x00, 0x7F, 0xFF, 0xC0, 0x00, 0x00, 0x00, 0x00, 0xFF, 0xFF,
  0x80, 0x00, 0x00, 0x00, 0x01, 0xFF, 0xFF, 0x00, 0x00, 0x00, 0x00, 0x03,
  0xFF, 0xFE, 0x00, 0x00, 0x00, 0x00, 0x03, 0xFF, 0xF8, 0x00, 0x00, 0x00,
  0x00, 0x07, 0xFF, 0xF0, 0x00, 0x00, 0x00, 0x00, 0x0F, 0xFF, 0xE0, 0x00,
  0x00, 0x00, 0x00, 0x1F, 0xFF, 0xC0, 0x00, 0x00, 0x00, 0x00, 0x1F, 0xFF,
  0x00, 0x00, 0x00, 0x00, 0x00, 0x3F, 0xFE, 0x00, 0x00, 0x00, 0x00, 0x00,
  0x7F, 0xFC, 0x00, 0x00, 0x00, 0x00, 0x00, 0xFF, 0xF8, 0x00, 0x00, 0x00,
  0x00, 0x01, 0xFF, 0xF0, 0x00, 0x00, 0x00, 0x00, 0x03, 0xFF, 0xE0, 0x00,
  0x00, 0x00, 0x00, 0x07, 0xFF, 0xC0, 0x00, 0x00, 0x00, 0x00, 0x0F, 0xFF,
  0x80, 0x00, 0x00, 0x00, 0x00, 0x1F, 0xFF, 0x00, 0x00, 0x00, 0x00, 0x00,
  0x3F, 0xFE, 0x00, 0x00, 0x00, 0x00, 0x00, 0x7F, 0xFC, 0x00, 0x00, 0x00,
  0x00, 0x00, 0xFF, 0xF8, 0x00, 0x00, 0x00, 0x00, 0x01, 0xFF, 0xF0, 0x00,
  0x00, 0x00, 0x00, 0x03, 0xFF, 0xE0, 0x00, 0x00, 0x00, 0x00, 0x07, 0xFF,
  0xC0, 0x00, 0x00, 0x00, 0x00, 0x0F, 0xFF, 0x80, 0x00, 0x00, 0x00, 0x00,
  0x1F, 0xFF, 0x00, 0x00, 0x00, 0x00, 0x00, 0x3F, 0xFE, 0x00, 0x00, 0x00,
  0x00, 0x00, 0x7F, 0xFC, 0x00, 0x00, 0x00, 0x00, 0x00, 0xFF, 0xF8, 0x00,
  0x00, 0x00, 0x00, 0x01, 0xFF, 0xF0, 0x00, 0x00, 0x00, 0x00, 0x03, 0xFF,
  0xE0, 0x00, 0x00, 0x00, 0x00, 0x07, 0xFF, 0xC0, 0x00, 0x00, 0x00, 0x00,
  0x0F, 0xFF, 0x80, 0x00, 0x00, 0x00, 0x00, 0x1F, 0xFF, 0x00, 0x00, 0x00,
  0x00, 0x00, 0x3F, 0xFE, 0x00, 0x00, 0x00, 0x00, 0x00, 0x7F, 0xFC, 0x00,
  0x00, 0x00, 0x00, 0x00, 0xFF, 0xF8, 0x00, 0x00, 0x00, 0xFF, 0xFF, 0xFF,
  0xFF, 0xFF, 0xFF, 0xFF, 0xFF, 0xFF, 0xFF, 0xFF, 0xFF, 0xFF, 0xFF, 0xFF,
  0xFF, 0xFF, 0xFF, 0xFF, 0xFF, 0xFF, 0xFF, 0xFF, 0xFF, 0xFF, 0xFF, 0xFF,
  0xFF, 0xFF, 0xFF, 0xFF, 0xFF, 0xFF, 0xFF, 0xFF, 0xFF, 0xFF, 0xFF, 0xFF,
  0xFF, 0xFF, 0xFF, 0xFF, 0xFF, 0xFF, 0xFF, 0xFF, 0xFF, 0xFF, 0xFF, 0xFF,
  0xFF, 0xFF, 0xFF, 0xFF, 0xFF, 0xFF, 0xFF, 0xFF, 0xFF, 0xFF, 0xFF, 0xFF,
  0xFF, 0xFF, 0xFF, 0xFF, 0xFF, 0xFF, 0xFF, 0xFF, 0xFF, 0xFF, 0xFF, 0xFF,
  0xFF, 0xFF, 0xFF, 0xFF, 0xFF, 0xFF, 0xFF, 0xFF, 0xFF, 0xFF, 0xFF, 0xFF,
  0xFF, 0xFF, 0xE0, 0x00, 0x00, 0x00, 0x00, 0x1F, 0xFF, 0xC0, 0x00, 0x00,
  0x00, 0x00, 0x7F, 0xFF, 0x80, 0x00, 0x00, 0x00, 0x00, 0xFF, 0xFE, 0x00,
  0x00, 0x00, 0x00, 0x03, 0xFF, 0xFC, 0x00, 0x00, 0x00, 0x00, 0x07, 0xFF,
  0xF0, 0x00, 0x00, 0x00, 0x00, 0x1F, 0xFF, 0xE0, 0x00, 0x00, 0x00, 0x00,
  0x3F, 0xFF, 0x80, 0x00, 0x00, 0x00, 0x00, 0xFF, 0xFF, 0x00, 0x00, 0x00,
  0x00, 0x01, 0xFF, 0xFC, 0x00, 0x00, 0x00, 0x00, 0x07, 0xFF, 0xF8, 0x00,
  0x00, 0x00, 0x00, 0x0F, 0xFF, 0xE0, 0x00, 0x00, 0x00, 0x00, 0x3F, 0xFF,
  0xC0, 0x00, 0x00, 0x00, 0x00, 0x7F, 0xFF, 0x00, 0x00, 0x00, 0x00, 0x01,
  0xFF, 0xFE, 0x00, 0x00, 0x00, 0x00, 0x03, 0xFF, 0xF8, 0x00, 0x00, 0x00,
  0x00, 0x0F, 0xFF, 0xF0, 0x00, 0x00, 0x00, 0x00, 0x1F, 0xFF, 0xC0, 0x00,
  0x00, 0x00, 0x00, 0x3F, 0xFF, 0x80, 0x00, 0x00, 0x00, 0x00, 0xFF, 0xFE,
  0x00, 0x00, 0x00, 0x00, 0x01, 0xFF, 0xFC, 0x00, 0x00, 0x00, 0x00, 0x07,
  0xFF, 0xF0, 0x00, 0x00, 0x00, 0x00, 0x0F, 0xFF, 0xE0, 0x00, 0x00, 0x00,
  0x00, 0x3F, 0xFF, 0x80, 0x00, 0x00, 0x00, 0x00, 0x7F, 0xFF, 0x00, 0x00,
  0x00, 0x00, 0x01, 0xFF, 0xFE, 0x00, 0x00, 0x00, 0x00, 0x03, 0xFF, 0xF8,
  0x00, 0x00, 0x00, 0x00, 0x0F, 0xFF, 0xF0, 0x00, 0x00, 0x00, 0x00, 0x1F,
  0xFF, 0xC0, 0x00, 0x00, 0x00, 0x00, 0x7F, 0xFF, 0x80, 0x00, 0x00, 0x00,
  0x00, 0xFF, 0xFE, 0x00, 0x00, 0x00, 0x00, 0x03, 0xFF, 0xFC, 0x00, 0x00,
  0x00, 0x00, 0x07, 0xFF, 0xF0, 0x00, 0x00, 0x00, 0x00, 0x1F, 0xFF, 0xE0,
  0x00, 0x00, 0x00, 0x00, 0x3F, 0xFF, 0x80, 0x00, 0x00, 0x00, 0x00, 0xFF,
  0xFF, 0x00, 0x00, 0x00, 0x00, 0x01, 0xFF, 0xFC, 0x00, 0x00, 0x00, 0x00,
  0x07, 0xFF, 0xF8, 0x00, 0x00, 0x00, 0x00, 0x0F, 0xFF, 0xE0, 0x00, 0x00,
  0x00, 0x00, 0x3F, 0xFF, 0xC0, 0x00, 0x00, 0x00, 0x00, 0x7F, 0xFF, 0x00,
  0x00, 0x00, 0x00, 0x01, 0xFF, 0xFE, 0x00, 0x00, 0x00, 0x00, 0x03, 0xFF,
  0xF8, 0x00, 0x00, 0x00, 0x00, 0x0F, 0xFF, 0xF0, 0x00, 0x00, 0x00, 0x00,
  0x1F, 0xFF, 0xC0, 0x00, 0x00, 0x00, 0x00, 0x3F, 0xFF, 0x80, 0x00, 0x00,
  0x00, 0x00, 0xFF, 0xFE, 0x00, 0x00, 0x00, 0x00, 0x01, 0xFF, 0xFC, 0x00,
  0x00, 0x00, 0x00, 0x07, 0xFF, 0xF0, 0x00, 0x00, 0x00, 0x00, 0x0F, 0xFF,
  0xE0, 0x00, 0x00, 0x00, 0x00, 0x3F, 0xFF, 0x80, 0x00, 0x00, 0x00, 0x00,
  0x7F, 0xFF, 0x00, 0x00, 0x00, 0x00, 0x01, 0xFF, 0xFE, 0x00, 0x00, 0x00,
  0x00, 0x03, 0xFF, 0xF8, 0x00, 0x00, 0x00, 0x00, 0x0F, 0xFF, 0xF0, 0x00,
  0x00, 0x00, 0x00, 0x1F, 0xFF, 0xC0, 0x00, 0x00, 0x00, 0x00, 0x7F, 0xFF,
  0x80, 0x00, 0x00, 0x00, 0x00, 0xFF, 0xFE, 0x00, 0x00, 0x00, 0x00, 0x03,
  0xFF, 0xFC, 0x00, 0x00, 0x00, 0x00, 0x07, 0xFF, 0xF0, 0x00, 0x00, 0x00,
  0x00, 0x1F, 0xFF, 0xE0, 0x00, 0x00, 0x00, 0x00, 0x3F, 0xFF, 0x80, 0x00,
  0x00, 0x00, 0x00, 0xFF, 0xFF, 0x00, 0x00, 0x00, 0x00, 0x01, 0xFF, 0xFC,
  0x00, 0x00, 0x00, 0x00, 0x07, 0xFF, 0xF8, 0x00, 0x00, 0x00, 0x00, 0x0F,
  0xFF, 0xE0, 0x00, 0x00, 0x00, 0x00, 0x3F, 0xFF, 0xC0, 0x00, 0x00, 0x00,
  0x00, 0x7F, 0xFF, 0x00, 0x00, 0x00, 0x00, 0x01, 0xFF, 0xFE, 0x00, 0x00,
  0x00, 0x00, 0x03, 0xFF, 0xF8, 0x00, 0x00, 0x00, 0x00, 0x0F, 0xFF, 0xF0,
  0x00, 0x00, 0x00, 0x00, 0x1F, 0xFF, 0xC0, 0x00, 0x00, 0x00, 0x00, 0x3F,
  0xFF, 0x80, 0x00, 0x00, 0x00, 0x00, 0xFF, 0xFE, 0x00, 0x00, 0x00, 0x00,
  0x01, 0xFF, 0xFC, 0x00, 0x00, 0x00, 0x00, 0x07, 0xFF, 0xF0, 0x00, 0x00,
  0x00, 0x00, 0x0F, 0xFF, 0xE0, 0x00, 0x00, 0x00, 0x00, 0x3F, 0xFF, 0x80,
  0x00, 0x00, 0x00, 0x00, 0x7F, 0xFF, 0x00, 0x00, 0x00, 0x00, 0x01, 0xFF,
  0xFE, 0x00, 0x00, 0x00, 0x00, 0x03, 0xFF, 0xF8, 0x00, 0x00, 0x00, 0x00,
  0x0F, 0xFF, 0xF0, 0x00, 0x00, 0x00, 0x00, 0x1F, 0xFF, 0xC0, 0x00, 0x00,
  0x00, 0x00, 0x7F, 0xFF, 0x80, 0x00, 0x00, 0x00, 0x00, 0xFF, 0xFF, 0xFF,
  0xFF, 0xFF, 0xFF, 0xFF, 0xFF, 0xFF, 0xFF, 0xFF, 0xFF, 0xFF, 0xFF, 0xFF,
  0xFF, 0xFF, 0xFF, 0xFF, 0xFF, 0xFF, 0xFF, 0xFF, 0xFF, 0xFF, 0xFF, 0xFF,
  0xFF, 0xFF, 0xFF, 0xFF, 0xFF, 0xFF, 0xFF, 0xFF, 0xFF, 0xFF, 0xFF, 0xFF,
  0xFF, 0xFF, 0xFF, 0xFF, 0xFF, 0xFF, 0xFF, 0xFF, 0xFF, 0xFF, 0xFF, 0xFF,
  0xFF, 0xFF, 0xFF, 0xFF, 0xFF, 0xFF, 0xFF, 0xFF, 0xFF, 0xFF, 0xFF, 0xFF,
  0xFF, 0xFF, 0xFF, 0xFF, 0xFF, 0xFF, 0xFF, 0xFF, 0xFF, 0xFF, 0xFF, 0xFF,
  0xFF, 0xFF, 0xFF, 0xFF, 0xFF, 0xFF, 0xFF, 0xFF, 0xFF, 0xFF, 0xFF, 0xFF,
  0xFF, 0xFF, 0xFF, 0xFF, 0xFF, 0xFF, 0xFF, 0xFF, 0xFF, 0xC0, 0xFF, 0xFF,
  0xFF, 0xFF, 0xFF, 0xFF, 0xFF, 0xFF, 0xFF, 0xFF, 0xFF, 0xFF, 0xFF, 0xFF,
  0xFF, 0xFF, 0xFF, 0xFF, 0xFF, 0xFF, 0xFF, 0xFF, 0xFF, 0xFF, 0xFF, 0xFF,
  0xFF, 0xFF, 0xFF, 0xFF, 0xFF, 0xFF, 0xFF, 0xFF, 0xFF, 0xFF, 0xFF, 0xFF,
  0xFF, 0xFF, 0xFF, 0xFF, 0xFF, 0xFF, 0xFF, 0xFF, 0xFF, 0xFF, 0xFE, 0x00,
  0x07, 0xFF, 0xC0, 0x00, 0xFF, 0xF8, 0x00, 0x1F, 0xFF, 0x00, 0x03, 0xFF,
  0xE0, 0x00, 0x7F, 0xFC, 0x00, 0x0F, 0xFF, 0x80, 0x01, 0xFF, 0xF0, 0x00,
  0x3F, 0xFE, 0x00, 0x07, 0xFF, 0xC0, 0x00, 0xFF, 0xF8, 0x00, 0x1F, 0xFF,
  0x00, 0x03, 0xFF, 0xE0, 0x00, 0x7F, 0xFC, 0x00, 0x0F, 0xFF, 0x80, 0x01,
  0xFF, 0xF0, 0x00, 0x3F, 0xFE, 0x00, 0x07, 0xFF, 0xC0, 0x00, 0xFF, 0xF8,
  0x00, 0x1F, 0xFF, 0x00, 0x03, 0xFF, 0xE0, 0x00, 0x7F, 0xFC, 0x00, 0x0F,
  0xFF, 0x80, 0x01, 0xFF, 0xF0, 0x00, 0x3F, 0xFE, 0x00, 0x07, 0xFF, 0xC0,
  0x00, 0xFF, 0xF8, 0x00, 0x1F, 0xFF, 0x00, 0x03, 0xFF, 0xE0, 0x00, 0x7F,
  0xFC, 0x00, 0x0F, 0xFF, 0x80, 0x01, 0xFF, 0xF0, 0x00, 0x3F, 0xFE, 0x00,
  0x07, 0xFF, 0xC0, 0x00, 0xFF, 0xF8, 0x00, 0x1F, 0xFF, 0x00, 0x03, 0xFF,
  0xE0, 0x00, 0x7F, 0xFC, 0x00, 0x0F, 0xFF, 0x80, 0x01, 0xFF, 0xF0, 0x00,
  0x3F, 0xFE, 0x00, 0x07, 0xFF, 0xC0, 0x00, 0xFF, 0xF8, 0x00, 0x1F, 0xFF,
  0x00, 0x03, 0xFF, 0xE0, 0x00, 0x7F, 0xFC, 0x00, 0x0F, 0xFF, 0x80, 0x01,
  0xFF, 0xF0, 0x00, 0x3F, 0xFE, 0x00, 0x07, 0xFF, 0xC0, 0x00, 0xFF, 0xF8,
  0x00, 0x1F, 0xFF, 0x00, 0x03, 0xFF, 0xE0, 0x00, 0x7F, 0xFC, 0x00, 0x0F,
  0xFF, 0x80, 0x01, 0xFF, 0xF0, 0x00, 0x3F, 0xFE, 0x00, 0x07, 0xFF, 0xC0,
  0x00, 0xFF, 0xF8, 0x00, 0x1F, 0xFF, 0x00, 0x03, 0xFF, 0xE0, 0x00, 0x7F,
  0xFC, 0x00, 0x0F, 0xFF, 0x80, 0x01, 0xFF, 0xF0, 0x00, 0x3F, 0xFE, 0x00,
  0x07, 0xFF, 0xC0, 0x00, 0xFF, 0xF8, 0x00, 0x1F, 0xFF, 0x00, 0x03, 0xFF,
  0xE0, 0x00, 0x7F, 0xFC, 0x00, 0x0F, 0xFF, 0x80, 0x01, 0xFF, 0xF0, 0x00,
  0x3F, 0xFE, 0x00, 0x07, 0xFF, 0xC0, 0x00, 0xFF, 0xF8, 0x00, 0x1F, 0xFF,
  0x00, 0x03, 0xFF, 0xE0, 0x00, 0x7F, 0xFC, 0x00, 0x0F, 0xFF, 0x80, 0x01,
  0xFF, 0xF0, 0x00, 0x3F, 0xFE, 0x00, 0x07, 0xFF, 0xC0, 0x00, 0xFF, 0xF8,
  0x00, 0x1F, 0xFF, 0x00, 0x03, 0xFF, 0xE0, 0x00, 0x7F, 0xFC, 0x00, 0x0F,
  0xFF, 0x80, 0x01, 0xFF, 0xF0, 0x00, 0x3F, 0xFE, 0x00, 0x07, 0xFF, 0xC0,
  0x00, 0xFF, 0xF8, 0x00, 0x1F, 0xFF, 0x00, 0x03, 0xFF, 0xE0, 0x00, 0x7F,
  0xFC, 0x00, 0x0F, 0xFF, 0x80, 0x01, 0xFF, 0xF0, 0x00, 0x3F, 0xFE, 0x00,
  0x07, 0xFF, 0xC0, 0x00, 0xFF, 0xF8, 0x00, 0x1F, 0xFF, 0x00, 0x03, 0xFF,
  0xE0, 0x00, 0x7F, 0xFC, 0x00, 0x0F, 0xFF, 0x80, 0x01, 0xFF, 0xF0, 0x00,
  0x3F, 0xFE, 0x00, 0x07, 0xFF, 0xC0, 0x00, 0xFF, 0xF8, 0x00, 0x1F, 0xFF,
  0x00, 0x03, 0xFF, 0xE0, 0x00, 0x7F, 0xFC, 0x00, 0x0F, 0xFF, 0xFF, 0xFF,
  0xFF, 0xFF, 0xFF, 0xFF, 0xFF, 0xFF, 0xFF, 0xFF, 0xFF, 0xFF, 0xFF, 0xFF,
  0xFF, 0xFF, 0xFF, 0xFF, 0xFF, 0xFF, 0xFF, 0xFF, 0xFF, 0xFF, 0xFF, 0xFF,
  0xFF, 0xFF, 0xFF, 0xFF, 0xFF, 0xFF, 0xFF, 0xFF, 0xFF, 0xFF, 0xFF, 0xFF,
  0xFF, 0xFF, 0xFF, 0xFF, 0xFF, 0xFF, 0xFF, 0xFC, 0xFF, 0xFC, 0x00, 0x00,
  0x00, 0x00, 0x00, 0xFF, 0xF8, 0x00, 0x00, 0x00, 0x00, 0x01, 0xFF, 0xF8,
  0x00, 0x00, 0x00, 0x00, 0x03, 0xFF, 0xF0, 0x00, 0x00, 0x00, 0x00, 0x03,
  0xFF, 0xF0, 0x00, 0x00, 0x00, 0x00, 0x07, 0xFF, 0xE0, 0x00, 0x00, 0x00,
  0x00, 0x0F, 0xFF, 0xC0, 0x00, 0x00, 0x00, 0x00, 0x0F, 0xFF, 0xC0, 0x00,
  0x00, 0x00, 0x00, 0x1F, 0xFF, 0x80, 0x00, 0x00, 0x00, 0x00, 0x1F, 0xFF,
  0x00, 0x00, 0x00, 0x00, 0x00, 0x3F, 0xFF, 0x00, 0x00, 0x00, 0x00, 0x00,
  0x7F, 0xFE, 0x00, 0x00, 0x00, 0x00, 0x00, 0x7F, 0xFE, 0x00, 0x00, 0x00,
  0x00, 0x00, 0xFF, 0xFC, 0x00, 0x00, 0x00, 0x00, 0x01, 0xFF, 0xF8, 0x00,
  0x00, 0x00, 0x00, 0x01, 0xFF, 0xF8, 0x00, 0x00, 0x00, 0x00, 0x03, 0xFF,
  0xF0, 0x00, 0x00, 0x00, 0x00, 0x03, 0xFF, 0xE0, 0x00, 0x00, 0x00, 0x00,
  0x07, 0xFF, 0xE0, 0x00, 0x00, 0x00, 0x00, 0x0F, 0xFF, 0xC0, 0x00, 0x00,
  0x00, 0x00, 0x0F, 0xFF, 0xC0, 0x00, 0x00, 0x00, 0x00, 0x1F, 0xFF, 0x80,
  0x00, 0x00, 0x00, 0x00, 0x3F, 0xFF, 0x00, 0x00, 0x00, 0x00, 0x00, 0x3F,
  0xFF, 0x00, 0x00, 0x00, 0x00, 0x00, 0x7F, 0xFE, 0x00, 0x00, 0x00, 0x00,
  0x00, 0x7F, 0xFC, 0x00, 0x00, 0x00, 0x00, 0x00, 0xFF, 0xFC, 0x00, 0x00,
  0x00, 0x00, 0x01, 0xFF, 0xF8, 0x00, 0x00, 0x00, 0x00, 0x01, 0xFF, 0xF8,
  0x00, 0x00, 0x00, 0x00, 0x03, 0xFF, 0xF0, 0x00, 0x00, 0x00, 0x00, 0x07,
  0xFF, 0xE0, 0x00, 0x00, 0x00, 0x00, 0x07, 0xFF, 0xE0, 0x00, 0x00, 0x00,
  0x00, 0x0F, 0xFF, 0xC0, 0x00, 0x00, 0x00, 0x00, 0x0F, 0xFF, 0x80, 0x00,
  0x00, 0x00, 0x00, 0x1F, 0xFF, 0x80, 0x00, 0x00, 0x00, 0x00, 0x3F, 0xFF,
  0x00, 0x00, 0x00, 0x00, 0x00, 0x3F, 0xFF, 0x00, 0x00, 0x00, 0x00, 0x00,
  0x7F, 0xFE, 0x00, 0x00, 0x00, 0x00, 0x00, 0xFF, 0xFC, 0x00, 0x00, 0x00,
  0x00, 0x00, 0xFF, 0xFC, 0x00, 0x00, 0x00, 0x00, 0x01, 0xFF, 0xF8, 0x00,
  0x00, 0x00, 0x00, 0x01, 0xFF, 0xF0, 0x00, 0x00, 0x00, 0x00, 0x03, 0xFF,
  0xF0, 0x00, 0x00, 0x00, 0x00, 0x07, 0xFF, 0xE0, 0x00, 0x00, 0x00, 0x00,
  0x07, 0xFF, 0xE0, 0x00, 0x00, 0x00, 0x00, 0x0F, 0xFF, 0xC0, 0x00, 0x00,
  0x00, 0x00, 0x1F, 0xFF, 0x80, 0x00, 0x00, 0x00, 0x00, 0x1F, 0xFF, 0x80,
  0x00, 0x00, 0x00, 0x00, 0x3F, 0xFF, 0x00, 0x00, 0x00, 0x00, 0x00, 0x3F,
  0xFE, 0x00, 0x00, 0x00, 0x00, 0x00, 0x7F, 0xFE, 0x00, 0x00, 0x00, 0x00,
  0x00, 0xFF, 0xFC, 0x00, 0x00, 0x00, 0x00, 0x00, 0xFF, 0xFC, 0x00, 0x00,
  0x00, 0x00, 0x01, 0xFF, 0xF8, 0x00, 0x00, 0x00, 0x00, 0x03, 0xFF, 0xF0,
  0x00, 0x00, 0x00, 0x00, 0x03, 0xFF, 0xF0, 0x00, 0x00, 0x00, 0x00, 0x07,
  0xFF, 0xE0, 0x00, 0x00, 0x00, 0x00, 0x07, 0xFF, 0xC0, 0x00, 0x00, 0x00,
  0x00, 0x0F, 0xFF, 0xC0, 0x00, 0x00, 0x00, 0x00, 0x1F, 0xFF, 0x80, 0x00,
  0x00, 0x00, 0x00, 0x1F, 0xFF, 0x80, 0x00, 0x00, 0x00, 0x00, 0x3F, 0xFF,
  0x00, 0x00, 0x00, 0x00, 0x00, 0x7F, 0xFE, 0x00, 0x00, 0x00, 0x00, 0x00,
  0x7F, 0xFE, 0x00, 0x00, 0x00, 0x00, 0x00, 0xFF, 0xFC, 0x00, 0x00, 0x00,
  0x00, 0x00, 0xFF, 0xF8, 0x00, 0x00, 0x00, 0x00, 0x01, 0xFF, 0xF8, 0x00,
  0x00, 0x00, 0x00, 0x03, 0xFF, 0xF0, 0x00, 0x00, 0x00, 0x00, 0x03, 0xFF,
  0xF0, 0x00, 0x00, 0x00, 0x00, 0x07, 0xFF, 0xE0, 0x00, 0x00, 0x00, 0x00,
  0x0F, 0xFF, 0xC0, 0x00, 0x00, 0x00, 0x00, 0x0F, 0xFF, 0xC0, 0x00, 0x00,
  0x00, 0x00, 0x1F, 0xFF, 0x80, 0x00, 0x00, 0x00, 0x00, 0x1F, 0xFF, 0x00,
  0x00, 0x00, 0x00, 0x00, 0x3F, 0xFF, 0x00, 0x00, 0x00, 0x00, 0x00, 0x7F,
  0xFE, 0x00, 0x00, 0x00, 0x00, 0x00, 0x7F, 0xFE, 0x00, 0x00, 0x00, 0x00,
  0x00, 0xFF, 0xFC, 0x00, 0x00, 0x00, 0x00, 0x01, 0xFF, 0xF8, 0x00, 0x00,
  0x00, 0x00, 0x01, 0xFF, 0xF8, 0x00, 0x00, 0x00, 0x00, 0x03, 0xFF, 0xF0,
  0x00, 0x00, 0x00, 0x00, 0x03, 0xFF, 0xE0, 0x00, 0x00, 0x00, 0x00, 0x07,
  0xFF, 0xE0, 0x00, 0x00, 0x00, 0x00, 0x0F, 0xFF, 0xC0, 0x00, 0x00, 0x00,
  0x00, 0x0F, 0xFF, 0xC0, 0x00, 0x00, 0x00, 0x00, 0x1F, 0xFF, 0x80, 0x00,
  0x00, 0x00, 0x00, 0x3F, 0xFF, 0x00, 0x00, 0x00, 0x00, 0x00, 0x3F, 0xFF,
  0x00, 0x00, 0x00, 0x00, 0x00, 0x7F, 0xFE, 0x00, 0x00, 0x00, 0x00, 0x00,
  0x7F, 0xFC, 0x00, 0x00, 0x00, 0x00, 0x00, 0xFF, 0xFC, 0x00, 0x00, 0x00,
  0x00, 0x01, 0xFF, 0xF8, 0x00, 0x00, 0x00, 0x00, 0x01, 0xFF, 0xF8, 0x00,
  0x00, 0x00, 0x00, 0x03, 0xFF, 0xF0, 0x00, 0x00, 0x00, 0x00, 0x07, 0xFF,
  0xE0, 0x00, 0x00, 0x00, 0x00, 0x07, 0xFF, 0xE0, 0x00, 0x00, 0x00, 0x00,
  0x0F, 0xFF, 0xC0, 0x00, 0x00, 0x00, 0x00, 0x0F, 0xFF, 0x80, 0x00, 0x00,
  0x00, 0x00, 0x1F, 0xFF, 0x80, 0x00, 0x00, 0x00, 0x00, 0x3F, 0xFF, 0x00,
  0x00, 0x00, 0x00, 0x00, 0x3F, 0xFF, 0x00, 0x00, 0x00, 0x00, 0x00, 0x7F,
  0xFE, 0x00, 0x00, 0x00, 0x00, 0x00, 0xFF, 0xFC, 0x00, 0x00, 0x00, 0x00,
  0x00, 0xFF, 0xFC, 0x00, 0x00, 0x00, 0x00, 0x01, 0xFF, 0xF8, 0x00, 0x00,
  0x00, 0x00, 0x01, 0xFF, 0xF0, 0x00, 0x00, 0x00, 0x00, 0x03, 0xFF, 0xF0,
  0x00, 0x00, 0x00, 0x00, 0x07, 0xFF, 0xE0, 0x00, 0x00, 0x00, 0x00, 0x07,
  0xFF, 0xE0, 0x00, 0x00, 0x00, 0x00, 0x0F, 0xFF, 0xC0, 0xFF, 0xFF, 0xFF,
  0xFF, 0xFF, 0xFF, 0xFF, 0xFF, 0xFF, 0xFF, 0xFF, 0xFF, 0xFF, 0xFF, 0xFF,
  0xFF, 0xFF, 0xFF, 0xFF, 0xFF, 0xFF, 0xFF, 0xFF, 0xFF, 0xFF, 0xFF, 0xFF,
  0xFF, 0xFF, 0xFF, 0xFF, 0xFF, 0xFF, 0xFF, 0xFF, 0xFF, 0xFF, 0xFF, 0xFF,
  0xFF, 0xFF, 0xFF, 0xFF, 0xFF, 0xFF, 0xFF, 0xFF, 0xFF, 0xFF, 0x00, 0x03,
  0xFF, 0xF0, 0x00, 0x3F, 0xFF, 0x00, 0x03, 0xFF, 0xF0, 0x00, 0x3F, 0xFF,
  0x00, 0x03, 0xFF, 0xF0, 0x00, 0x3F, 0xFF, 0x00, 0x03, 0xFF, 0xF0, 0x00,
  0x3F, 0xFF, 0x00, 0x03, 0xFF, 0xF0, 0x00, 0x3F, 0xFF, 0x00, 0x03, 0xFF,
  0xF0, 0x00, 0x3F, 0xFF, 0x00, 0x03, 0xFF, 0xF0, 0x00, 0x3F, 0xFF, 0x00,
  0x03, 0xFF, 0xF0, 0x00, 0x3F, 0xFF, 0x00, 0x03, 0xFF, 0xF0, 0x00, 0x3F,
  0xFF, 0x00, 0x03, 0xFF, 0xF0, 0x00, 0x3F, 0xFF, 0x00, 0x03, 0xFF, 0xF0,
  0x00, 0x3F, 0xFF, 0x00, 0x03, 0xFF, 0xF0, 0x00, 0x3F, 0xFF, 0x00, 0x03,
  0xFF, 0xF0, 0x00, 0x3F, 0xFF, 0x00, 0x03, 0xFF, 0xF0, 0x00, 0x3F, 0xFF,
  0x00, 0x03, 0xFF, 0xF0, 0x00, 0x3F, 0xFF, 0x00, 0x03, 0xFF, 0xF0, 0x00,
  0x3F, 0xFF, 0x00, 0x03, 0xFF, 0xF0, 0x00, 0x3F, 0xFF, 0x00, 0x03, 0xFF,
  0xF0, 0x00, 0x3F, 0xFF, 0x00, 0x03, 0xFF, 0xF0, 0x00, 0x3F, 0xFF, 0x00,
  0x03, 0xFF, 0xF0, 0x00, 0x3F, 0xFF, 0x00, 0x03, 0xFF, 0xF0, 0x00, 0x3F,
  0xFF, 0x00, 0x03, 0xFF, 0xF0, 0x00, 0x3F, 0xFF, 0x00, 0x03, 0xFF, 0xF0,
  0x00, 0x3F, 0xFF, 0x00, 0x03, 0xFF, 0xF0, 0x00, 0x3F, 0xFF, 0x00, 0x03,
  0xFF, 0xF0, 0x00, 0x3F, 0xFF, 0x00, 0x03, 0xFF, 0xF0, 0x00, 0x3F, 0xFF,
  0x00, 0x03, 0xFF, 0xF0, 0x00, 0x3F, 0xFF, 0x00, 0x03, 0xFF, 0xF0, 0x00,
  0x3F, 0xFF, 0x00, 0x03, 0xFF, 0xF0, 0x00, 0x3F, 0xFF, 0x00, 0x03, 0xFF,
  0xF0, 0x00, 0x3F, 0xFF, 0x00, 0x03, 0xFF, 0xF0, 0x00, 0x3F, 0xFF, 0x00,
  0x03, 0xFF, 0xF0, 0x00, 0x3F, 0xFF, 0x00, 0x03, 0xFF, 0xF0, 0x00, 0x3F,
  0xFF, 0x00, 0x03, 0xFF, 0xF0, 0x00, 0x3F, 0xFF, 0x00, 0x03, 0xFF, 0xF0,
  0x00, 0x3F, 0xFF, 0x00, 0x03, 0xFF, 0xF0, 0x00, 0x3F, 0xFF, 0x00, 0x03,
  0xFF, 0xF0, 0x00, 0x3F, 0xFF, 0x00, 0x03, 0xFF, 0xF0, 0x00, 0x3F, 0xFF,
  0x00, 0x03, 0xFF, 0xF0, 0x00, 0x3F, 0xFF, 0x00, 0x03, 0xFF, 0xF0, 0x00,
  0x3F, 0xFF, 0x00, 0x03, 0xFF, 0xF0, 0x00, 0x3F, 0xFF, 0x00, 0x03, 0xFF,
  0xF0, 0x00, 0x3F, 0xFF, 0x00, 0x03, 0xFF, 0xF0, 0x00, 0x3F, 0xFF, 0x00,
  0x03, 0xFF, 0xF0, 0x00, 0x3F, 0xFF, 0x00, 0x03, 0xFF, 0xF0, 0x00, 0x3F,
  0xFF, 0x00, 0x03, 0xFF, 0xF0, 0x00, 0x3F, 0xFF, 0x00, 0x03, 0xFF, 0xF0,
  0x00, 0x3F, 0xFF, 0x00, 0x03, 0xFF, 0xF0, 0x00, 0x3F, 0xFF, 0x00, 0x03,
  0xFF, 0xF0, 0x00, 0x3F, 0xFF, 0x00, 0x03, 0xFF, 0xF0, 0x00, 0x3F, 0xFF,
  0x00, 0x03, 0xFF, 0xF0, 0x00, 0x3F, 0xFF, 0x00, 0x03, 0xFF, 0xF0, 0x00,
  0x3F, 0xFF, 0x00, 0x03, 0xFF, 0xF0, 0x00, 0x3F, 0xFF, 0x00, 0x03, 0xFF,
  0xF0, 0x00, 0x3F, 0xFF, 0x00, 0x03, 0xFF, 0xF0, 0x00, 0x3F, 0xFF, 0xFF,
  0xFF, 0xFF, 0xFF, 0xFF, 0xFF, 0xFF, 0xFF, 0xFF, 0xFF, 0xFF, 0xFF, 0xFF,
  0xFF, 0xFF, 0xFF, 0xFF, 0xFF, 0xFF, 0xFF, 0xFF, 0xFF, 0xFF, 0xFF, 0xFF,
  0xFF, 0xFF, 0xFF, 0xFF, 0xFF, 0xFF, 0xFF, 0xFF, 0xFF, 0xFF, 0xFF, 0xFF,
  0xFF, 0xFF, 0xFF, 0xFF, 0xFF, 0xFF, 0xFF, 0xFF, 0xFF, 0xFF, 0xFF, 0xFF,
  0x00, 0x00, 0x0F, 0xFF, 0xE0, 0x00, 0x00, 0x00, 0x00, 0x1F, 0xFF, 0xC0,
  0x00, 0x00, 0x00, 0x00, 0x7F, 0xFF, 0xC0, 0x00, 0x00, 0x00, 0x00, 0xFF,
  0xFF, 0x80, 0x00, 0x00, 0x00, 0x03, 0xFF, 0xFF, 0x00, 0x00, 0x00, 0x00,
  0x07, 0xFF, 0xFF, 0x00, 0x00, 0x00, 0x00, 0x0F, 0xFF, 0xFE, 0x00, 0x00,
  0x00, 0x00, 0x3F, 0xFF, 0xFE, 0x00, 0x00, 0x00, 0x00, 0x7F, 0xFF, 0xFC,
  0x00, 0x00, 0x00, 0x01, 0xFF, 0xFF, 0xFC, 0x00, 0x00, 0x00, 0x03, 0xFF,
  0xBF, 0xF8, 0x00, 0x00, 0x00, 0x0F, 0xFF, 0x7F, 0xF0, 0x00, 0x00, 0x00,
  0x1F, 0xFE, 0xFF, 0xF0, 0x00, 0x00, 0x00, 0x3F, 0xF8, 0xFF, 0xE0, 0x00,
  0x00, 0x00, 0xFF, 0xF1, 0xFF, 0xE0, 0x00, 0x00, 0x01, 0xFF, 0xE3, 0xFF,
  0xC0, 0x00, 0x00, 0x07, 0xFF, 0x83, 0xFF, 0xC0, 0x00, 0x00, 0x0F, 0xFF,
  0x07, 0xFF, 0x80, 0x00, 0x00, 0x3F, 0xFE, 0x0F, 0xFF, 0x00, 0x00, 0x00,
  0x7F, 0xF8, 0x0F, 0xFF, 0x00, 0x00, 0x00, 0xFF, 0xF0, 0x1F, 0xFE, 0x00,
  0x00, 0x03, 0xFF, 0xE0, 0x3F, 0xFE, 0x00, 0x00, 0x07, 0xFF, 0x80, 0x3F,
  0xFC, 0x00, 0x00, 0x1F, 0xFF, 0x00, 0x7F, 0xFC, 0x00, 0x00, 0x3F, 0xFE,
  0x00, 0xFF, 0xF8, 0x00, 0x00, 0xFF, 0xF8, 0x00, 0xFF, 0xF0, 0x00, 0x01,
  0xFF, 0xF0, 0x01, 0xFF, 0xF0, 0x00, 0x03, 0xFF, 0xE0, 0x03, 0xFF, 0xE0,
  0x00, 0x0F, 0xFF, 0xC0, 0x03, 0xFF, 0xE0, 0x00, 0x1F, 0xFF, 0x00, 0x07,
  0xFF, 0xC0, 0x00, 0x7F, 0xFE, 0x00, 0x0F, 0xFF, 0xC0, 0x00, 0xFF, 0xFC,
  0x00, 0x1F, 0xFF, 0x80, 0x03, 0xFF, 0xF0, 0x00, 0x1F, 0xFF, 0x00, 0x07,
  0xFF, 0xE0, 0x00, 0x3F, 0xFF, 0x00, 0x0F, 0xFF, 0xC0, 0x00, 0x7F, 0xFE,
  0x00, 0x3F, 0xFF, 0x00, 0x00, 0x7F, 0xFE, 0x00, 0x7F, 0xFE, 0x00, 0x00,
  0xFF, 0xFC, 0x01, 0xFF, 0xFC, 0x00, 0x01, 0xFF, 0xFC, 0x03, 0xFF, 0xF0,
  0x00, 0x01, 0xFF, 0xF8, 0x0F, 0xFF, 0xE0, 0x00, 0x03, 0xFF, 0xF0, 0x1F,
  0xFF, 0xC0, 0x00, 0x07, 0xFF, 0xF0, 0x3F, 0xFF, 0x00, 0x00, 0x07, 0xFF,
  0xE0, 0xFF, 0xFE, 0x00, 0x00, 0x0F, 0xFF, 0xE1, 0xFF, 0xFC, 0x00, 0x00,
  0x1F, 0xFF, 0xC7, 0xFF, 0xF0, 0x00, 0x00, 0x1F, 0xFF, 0xCF, 0xFF, 0xE0,
  0x00, 0x00, 0x3F, 0xFF, 0xBF, 0xFF, 0xC0, 0x00, 0x00, 0x7F, 0xFF, 0x7F,
  0xFF, 0x00, 0x00, 0x00, 0x7F, 0xFF, 0xFF, 0xFF, 0xFF, 0xFF, 0xFF, 0xFF,
  0xFF, 0xFF, 0xFF, 0xFF, 0xFF, 0xFF, 0xFF, 0xFF, 0xFF, 0xFF, 0xFF, 0xFF,
  0xFF, 0xFF, 0xFF, 0xFF, 0xFF, 0xFF, 0xFF, 0xFF, 0xFF, 0xFF, 0xFF, 0xFF,
  0xFF, 0xFF, 0xFF, 0xFF, 0xFF, 0xFF, 0xFF, 0xFF, 0xFF, 0xFF, 0xFF, 0xFF,
  0xFF, 0xFF, 0xFF, 0xFF, 0xFF, 0xFF, 0xFF, 0xFF, 0xFF, 0xFF, 0xFF, 0xFF,
  0xFF, 0xFF, 0xFF, 0xFF, 0xFF, 0xFF, 0xE0, 0xFF, 0xF8, 0x00, 0x7F, 0xFC,
  0x00, 0x3F, 0xFE, 0x00, 0x1F, 0xFF, 0x00, 0x0F, 0xFF, 0x80, 0x07, 0xFF,
  0xC0, 0x03, 0xFF, 0xE0, 0x01, 0xFF, 0xF0, 0x00, 0xFF, 0xF8, 0x00, 0x7F,
  0xFC, 0x00, 0x3F, 0xFE, 0x00, 0x1F, 0xFF, 0x00, 0x0F, 0xFF, 0x80, 0x07,
  0xFF, 0xC0, 0x03, 0xFF, 0xE0, 0x01, 0xFF, 0xF8, 0x00, 0xFF, 0xFC, 0x00,
  0x7F, 0xFF, 0x00, 0x3F, 0xFF, 0xC0, 0x1F, 0xFF, 0xF0, 0x07, 0xFF, 0xFC,
  0x03, 0xFF, 0xFF, 0x00, 0xFF, 0xFF, 0xC0, 0x7F, 0xFF, 0xF0, 0x1F, 0xFF,
  0xFC, 0x0F, 0xFF, 0xFF, 0x03, 0xFF, 0xFF, 0xC0, 0xFF, 0xFF, 0xF0, 0x3F,
  0xFF, 0xF8, 0x0F, 0xFF, 0xF8, 0x03, 0xFF, 0xF8, 0x00, 0xFF, 0xF8, 0x00,
  0x3F, 0xF8, 0x00, 0x0F, 0xF8, 0x00, 0x03, 0xF8, 0x00, 0x00, 0xF8, 0x00,
  0x00, 0x38, 0x00, 0x00, 0x08, 0x00, 0x00, 0x00, 0x00, 0xFE, 0x00, 0x00,
  0x00, 0x00, 0x00, 0x7F, 0xFF, 0xE0, 0x00, 0x00, 0x00, 0x07, 0xFF, 0xFF,
  0xF8, 0x00, 0x00, 0x00, 0x7F, 0xFF, 0xFF, 0xF8, 0x00, 0x00, 0x03, 0xFF,
  0xFF, 0xFF, 0xFC, 0x00, 0x00, 0x1F, 0xFF, 0xFF, 0xFF, 0xFE, 0x00, 0x00,
  0x7F, 0xFF, 0xFF, 0xFF, 0xFE, 0x00, 0x03, 0xFF, 0xFF, 0xFF, 0xFF, 0xFE,
  0x00, 0x03, 0xFF, 0xFF, 0xFF, 0xFF, 0xFE, 0x00, 0x03, 0xFF, 0xFF, 0xFF,
  0xFF, 0xFE, 0x00, 0x07, 0xFF, 0xFF, 0xFF, 0xFF, 0xFE, 0x00, 0x07, 0xFF,
  0xFF, 0xFF, 0xFF, 0xFE, 0x00, 0x0F, 0xFF, 0xFF, 0xFF, 0xFF, 0xFC, 0x00,
  0x0F, 0xFF, 0xFF, 0xFF, 0xFF, 0xFC, 0x00, 0x0F, 0xFF, 0x80, 0x7F, 0xFF,
  0xFC, 0x00, 0x1F, 0xF8, 0x00, 0x1F, 0xFF, 0xF8, 0x00, 0x1F, 0x80, 0x00,
  0x1F, 0xFF, 0xF8, 0x00, 0x1C, 0x00, 0x00, 0x0F, 0xFF, 0xF0, 0x00, 0x20,
  0x00, 0x00, 0x0F, 0xFF, 0xF0, 0x00, 0x00, 0x00, 0x00, 0x1F, 0xFF, 0xE0,
  0x00, 0x00, 0x00, 0x00, 0x1F, 0xFF, 0xC0, 0x00, 0x00, 0x00, 0x00, 0x1F,
  0xFF, 0x80, 0x00, 0x00, 0x00, 0x00, 0x3F, 0xFF, 0x80, 0x00, 0x00, 0x00,
  0x00, 0x3F, 0xFF, 0x00, 0x00, 0x00, 0x00, 0x00, 0x7F, 0xFE, 0x00, 0x00,
  0x00, 0x00, 0x00, 0xFF, 0xFC, 0x00, 0x00, 0x00, 0x00, 0x01, 0xFF, 0xF8,
  0x00, 0x00, 0x00, 0x00, 0x03, 0xFF, 0xF0, 0x00, 0x03, 0xFF, 0xC0, 0x07,
  0xFF, 0xE0, 0x00, 0x3F, 0xFF, 0xF8, 0x0F, 0xFF, 0xC0, 0x01, 0xFF, 0xFF,
  0xF8, 0x1F, 0xFF, 0x80, 0x07, 0xFF, 0xFF, 0xFC, 0x3F, 0xFF, 0x00, 0x3F,
  0xFF, 0xFF, 0xFC, 0x7F, 0xFE, 0x00, 0xFF, 0xFF, 0xFF, 0xFC, 0xFF, 0xFC,
  0x03, 0xFF, 0xFF, 0xFF, 0xF9, 0xFF, 0xF8, 0x0F, 0xFF, 0xFF, 0xFF, 0xFB,
  0xFF, 0xF0, 0x3F, 0xFF, 0xFF, 0xFF, 0xF7, 0xFF, 0xE0, 0x7F, 0xFF, 0xFF,
  0xFF, 0xFF, 0xFF, 0xC1, 0xFF, 0xFF, 0xFF, 0xFF, 0xFF, 0xFF, 0x87, 0xFF,
  0xFF, 0xFF, 0xFF, 0xFF, 0xFF, 0x0F, 0xFF, 0xFF, 0xFF, 0xFF, 0xFF, 0xFE,
  0x3F, 0xFF, 0xFF, 0xFF, 0xFF, 0xFF, 0xFC, 0x7F, 0xFF, 0xF8, 0x03, 0xFF,
  0xFF, 0xF9, 0xFF, 0xFF, 0xC0, 0x01, 0xFF, 0xFF, 0xF3, 0xFF, 0xFE, 0x00,
  0x00, 0xFF, 0xFF, 0xEF, 0xFF, 0xF8, 0x00, 0x00, 0xFF, 0xFF, 0xDF, 0xFF,
  0xE0, 0x00, 0x00, 0xFF, 0xFF, 0xBF, 0xFF, 0x80, 0x00, 0x00, 0xFF, 0xFF,
  0x7F, 0xFF, 0x00, 0x00, 0x01, 0xFF, 0xFF, 0xFF, 0xFC, 0x00, 0x00, 0x01,
  0xFF, 0xFF, 0xFF, 0xF8, 0x00, 0x00, 0x03, 0xFF, 0xFF, 0xFF, 0xE0, 0x00,
  0x00, 0x03, 0xFF, 0xFF, 0xFF, 0xC0, 0x00, 0x00, 0x07, 0xFF, 0xFF, 0xFF,
  0x80, 0x00, 0x00, 0x0F, 0xFF, 0xFF, 0xFF, 0x00, 0x00, 0x00, 0x1F, 0xFF,
  0xFF, 0xFE, 0x00, 0x00, 0x00, 0x3F, 0xFF, 0xFF, 0xFC, 0x00, 0x00, 0x00,
  0x7F, 0xFF, 0xFF, 0xF8, 0x00, 0x00, 0x00, 0xFF, 0xFF, 0xFF, 0xF0, 0x00,
  0x00, 0x01, 0xFF, 0xFF, 0xFF, 0xE0, 0x00, 0x00, 0x03, 0xFF, 0xFF, 0xFF,
  0xE0, 0x00, 0x00, 0x0F, 0xFF, 0xFF, 0xFF, 0xC0, 0x00, 0x00, 0x1F, 0xFF,
  0xDF, 0xFF, 0xC0, 0x00, 0x00, 0x7F, 0xFF, 0xBF, 0xFF, 0x80, 0x00, 0x00,
  0xFF, 0xFF, 0x7F, 0xFF, 0x80, 0x00, 0x03, 0xFF, 0xFE, 0xFF, 0xFF, 0x80,
  0x00, 0x0F, 0xFF, 0xFC, 0xFF, 0xFF, 0x80, 0x00, 0x3F, 0xFF, 0xF9, 0xFF,
  0xFF, 0xC0, 0x01, 0xFF, 0xFF, 0xF1, 0xFF, 0xFF, 0xE0, 0x0F, 0xFF, 0xFF,
  0xE3, 0xFF, 0xFF, 0xFF, 0xFF, 0xFF, 0xFF, 0xC3, 0xFF, 0xFF, 0xFF, 0xFF,
  0xFF, 0xFF, 0x87, 0xFF, 0xFF, 0xFF, 0xFF, 0xFF, 0xFF, 0x07, 0xFF, 0xFF,
  0xFF, 0xFF, 0xFF, 0xFE, 0x07, 0xFF, 0xFF, 0xFF, 0xFF, 0xFF, 0xFC, 0x0F,
  0xFF, 0xFF, 0xFF, 0xFD, 0xFF, 0xF8, 0x0F, 0xFF, 0xFF, 0xFF, 0xFB, 0xFF,
  0xF0, 0x0F, 0xFF, 0xFF, 0xFF, 0xE7, 0xFF, 0xE0, 0x0F, 0xFF, 0xFF, 0xFF,
  0xCF, 0xFF, 0xC0, 0x07, 0xFF, 0xFF, 0xFF, 0x1F, 0xFF, 0x80, 0x07, 0xFF,
  0xFF, 0xFC, 0x3F, 0xFF, 0x00, 0x07, 0xFF, 0xFF, 0xE0, 0x7F, 0xFE, 0x00,
  0x01, 0xFF, 0xFF, 0x00, 0xFF, 0xFC, 0x00, 0x00, 0x7F, 0xF0, 0x01, 0xFF,
  0xF8, 0xFF, 0xFC, 0x00, 0x00, 0x00, 0x00, 0x01, 0xFF, 0xF8, 0x00, 0x00,
  0x00, 0x00, 0x03, 0xFF, 0xF0, 0x00, 0x00, 0x00, 0x00, 0x07, 0xFF, 0xE0,
  0x00, 0x00, 0x00, 0x00, 0x0F, 0xFF, 0xC0, 0x00, 0x00, 0x00, 0x00, 0x1F,
  0xFF, 0x80, 0x00, 0x00, 0x00, 0x00, 0x3F, 0xFF, 0x00, 0x00, 0x00, 0x00,
  0x00, 0x7F, 0xFE, 0x00, 0x00, 0x00, 0x00, 0x00, 0xFF, 0xFC, 0x00, 0x00,
  0x00, 0x00, 0x01, 0xFF, 0xF8, 0x00, 0x00, 0x00, 0x00, 0x03, 0xFF, 0xF0,
  0x00, 0x00, 0x00, 0x00, 0x07, 0xFF, 0xE0, 0x00, 0x00, 0x00, 0x00, 0x0F,
  0xFF, 0xC0, 0x00, 0x00, 0x00, 0x00, 0x1F, 0xFF, 0x80, 0x00, 0x00, 0x00,
  0x00, 0x3F, 0xFF, 0x00, 0x00, 0x00, 0x00, 0x00, 0x7F, 0xFE, 0x00, 0x00,
  0x00, 0x00, 0x00, 0xFF, 0xFC, 0x00, 0x00, 0x00, 0x00, 0x01, 0xFF, 0xF8,
  0x00, 0x00, 0x00, 0x00, 0x03, 0xFF, 0xF0, 0x00, 0x00, 0x00, 0x00, 0x07,
  0xFF, 0xE0, 0x00, 0x00, 0x00, 0x00, 0x0F, 0xFF, 0xC0, 0x00, 0x00, 0x00,
  0x00, 0x1F, 0xFF, 0x80, 0x00, 0x00, 0x00, 0x00, 0x3F, 0xFF, 0x00, 0x00,
  0x00, 0x00, 0x00, 0x7F, 0xFE, 0x00, 0x00, 0x00, 0x00, 0x00, 0xFF, 0xFC,
  0x00, 0x00, 0x00, 0x00, 0x01, 0xFF, 0xF8, 0x00, 0x00, 0x00, 0x00, 0x03,
  0xFF, 0xF0, 0x00, 0x00, 0x00, 0x00, 0x07, 0xFF, 0xE0, 0x00, 0xFF, 0x00,
  0x00, 0x0F, 0xFF, 0xC0, 0x3F, 0xFF, 0xE0, 0x00, 0x1F, 0xFF, 0x81, 0xFF,
  0xFF, 0xF0, 0x00, 0x3F, 0xFF, 0x07, 0xFF, 0xFF, 0xF8, 0x00, 0x7F, 0xFE,
  0x1F, 0xFF, 0xFF, 0xF8, 0x00, 0xFF, 0xFC, 0x7F, 0xFF, 0xFF, 0xF8, 0x01,
  0xFF, 0xF9, 0xFF, 0xFF, 0xFF, 0xF8, 0x03, 0xFF, 0xF7, 0xFF, 0xFF, 0xFF,
  0xF8, 0x07, 0xFF, 0xEF, 0xFF, 0xFF, 0xFF, 0xF8, 0x0F, 0xFF, 0xFF, 0xFF,
  0xFF, 0xFF, 0xF8, 0x1F, 0xFF, 0xFF, 0xFF, 0xFF, 0xFF, 0xF8, 0x3F, 0xFF,
  0xFF, 0xFF, 0xFF, 0xFF, 0xF0, 0x7F, 0xFF, 0xFF, 0xFF, 0xFF, 0xFF, 0xF0,
  0xFF, 0xFF, 0xFF, 0xFF, 0xFF, 0xFF, 0xF1, 0xFF, 0xFF, 0xFE, 0x03, 0xFF,
  0xFF, 0xE3, 0xFF, 0xFF, 0xE0, 0x00, 0xFF, 0xFF, 0xE7, 0xFF, 0xFF, 0x80,
  0x00, 0xFF, 0xFF, 0xCF, 0xFF, 0xFC, 0x00, 0x00, 0x7F, 0xFF, 0x9F, 0xFF,
  0xF0, 0x00, 0x00, 0x7F, 0xFF, 0xBF, 0xFF, 0xE0, 0x00, 0x00, 0xFF, 0xFF,
  0x7F, 0xFF, 0x80, 0x00, 0x00, 0xFF, 0xFE, 0xFF, 0xFE, 0x00, 0x00, 0x00,
  0xFF, 0xFF, 0xFF, 0xFC, 0x00, 0x00, 0x01, 0xFF, 0xFF, 0xFF, 0xF0, 0x00,
  0x00, 0x01, 0xFF, 0xFF, 0xFF, 0xE0, 0x00, 0x00, 0x03, 0xFF, 0xFF, 0xFF,
  0xC0, 0x00, 0x00, 0x07, 0xFF, 0xFF, 0xFF, 0x80, 0x00, 0x00, 0x0F, 0xFF,
  0xFF, 0xFF, 0x00, 0x00, 0x00, 0x1F, 0xFF, 0xFF, 0xFE, 0x00, 0x00, 0x00,
  0x3F, 0xFF, 0xFF, 0xFC, 0x00, 0x00, 0x00, 0x7F, 0xFF, 0xFF, 0xF8, 0x00,
  0x00, 0x00, 0xFF, 0xFF, 0xFF, 0xF0, 0x00, 0x00, 0x01, 0xFF, 0xFF, 0xFF,
  0xE0, 0x00, 0x00, 0x03, 0xFF, 0xFF, 0xFF, 0xC0, 0x00, 0x00, 0x07, 0xFF,
  0xFF, 0xFF, 0x80, 0x00, 0x00, 0x0F, 0xFF, 0xFF, 0xFF, 0x00, 0x00, 0x00,
  0x1F, 0xFF, 0xFF, 0xFE, 0x00, 0x00, 0x00, 0x3F, 0xFF, 0xFF, 0xFC, 0x00,
  0x00, 0x00, 0x7F, 0xFF, 0xFF, 0xF8, 0x00, 0x00, 0x00, 0xFF, 0xFF, 0xFF,
  0xF0, 0x00, 0x00, 0x01, 0xFF, 0xFF, 0xFF, 0xE0, 0x00, 0x00, 0x03, 0xFF,
  0xFF, 0xFF, 0xC0, 0x00, 0x00, 0x07, 0xFF, 0xFF, 0xFF, 0x80, 0x00, 0x00,
  0x0F, 0xFF, 0xFF, 0xFF, 0x00, 0x00, 0x00, 0x1F, 0xFF, 0xFF, 0xFE, 0x00,
  0x00, 0x00, 0x3F, 0xFF, 0xFF, 0xFC, 0x00, 0x00, 0x00, 0x7F, 0xFF, 0xFF,
  0xF8, 0x00, 0x00, 0x00, 0xFF, 0xFF, 0xFF, 0xF0, 0x00, 0x00, 0x01, 0xFF,
  0xFF, 0xFF, 0xE0, 0x00, 0x00, 0x03, 0xFF, 0xFF, 0xFF, 0xC0, 0x00, 0x00,
  0x07, 0xFF, 0xFF, 0xFF, 0x80, 0x00, 0x00, 0x0F, 0xFF, 0xFF, 0xFF, 0x00,
  0x00, 0x00, 0x1F, 0xFF, 0xFF, 0xFE, 0x00, 0x00, 0x00, 0x3F, 0xFF, 0xFF,
  0xFC, 0x00, 0x00, 0x00, 0x7F, 0xFF, 0xFF, 0xF8, 0x00, 0x00, 0x00, 0xFF,
  0xFF, 0xFF, 0xF0, 0x00, 0x00, 0x01, 0xFF, 0xFF, 0xFF, 0xE0, 0x00, 0x00,
  0x03, 0xFF, 0xFF, 0xFF, 0xC0, 0x00, 0x00, 0x07, 0xFF, 0xFF, 0xFF, 0x80,
  0x00, 0x00, 0x0F, 0xFF, 0xFF, 0xFF, 0x00, 0x00, 0x00, 0x1F, 0xFF, 0xFF,
  0xFF, 0x00, 0x00, 0x00, 0x7F, 0xFF, 0xFF, 0xFE, 0x00, 0x00, 0x00, 0xFF,
  0xFF, 0xFF, 0xFE, 0x00, 0x00, 0x03, 0xFF, 0xFB, 0xFF, 0xFC, 0x00, 0x00,
  0x07, 0xFF, 0xF7, 0xFF, 0xFC, 0x00, 0x00, 0x1F, 0xFF, 0xEF, 0xFF, 0xFC,
  0x00, 0x00, 0x7F, 0xFF, 0xDF, 0xFF, 0xFC, 0x00, 0x01, 0xFF, 0xFF, 0x3F,
  0xFF, 0xFE, 0x00, 0x0F, 0xFF, 0xFE, 0x7F, 0xFF, 0xFF, 0x00, 0x7F, 0xFF,
  0xF8, 0xFF, 0xFF, 0xFF, 0xFF, 0xFF, 0xFF, 0xF1, 0xFF, 0xFF, 0xFF, 0xFF,
  0xFF, 0xFF, 0xC3, 0xFF, 0xFF, 0xFF, 0xFF, 0xFF, 0xFF, 0x87, 0xFF, 0xFF,
  0xFF, 0xFF, 0xFF, 0xFE, 0x0F, 0xFF, 0xFF, 0xFF, 0xFF, 0xFF, 0xF8, 0x1F,
  0xFF, 0xBF, 0xFF, 0xFF, 0xFF, 0xE0, 0x3F, 0xFF, 0x7F, 0xFF, 0xFF, 0xFF,
  0xC0, 0x7F, 0xFE, 0x7F, 0xFF, 0xFF, 0xFF, 0x00, 0xFF, 0xFC, 0xFF, 0xFF,
  0xFF, 0xFC, 0x01, 0xFF, 0xF8, 0xFF, 0xFF, 0xFF, 0xE0, 0x03, 0xFF, 0xF0,
  0xFF, 0xFF, 0xFF, 0x80, 0x07, 0xFF, 0xE0, 0x7F, 0xFF, 0xFC, 0x00, 0x0F,
  0xFF, 0xC0, 0x3F, 0xFF, 0xE0, 0x00, 0x1F, 0xFF, 0x80, 0x0F, 0xFE, 0x00,
  0x00, 0x00, 0x00, 0x00, 0x00, 0x7F, 0xC0, 0x00, 0x00, 0x00, 0x00, 0x1F,
  0xFF, 0xFC, 0x00, 0x00, 0x00, 0x01, 0xFF, 0xFF, 0xFF, 0x80, 0x00, 0x00,
  0x0F, 0xFF, 0xFF, 0xFF, 0xC0, 0x00, 0x00, 0x7F, 0xFF, 0xFF, 0xFF, 0xE0,
  0x00, 0x03, 0xFF, 0xFF, 0xFF, 0xFF, 0xF0, 0x00, 0x0F, 0xFF, 0xFF, 0xFF,
  0xFF, 0xF0, 0x00, 0x3F, 0xFF, 0xFF, 0xFF, 0xFF, 0xF8, 0x00, 0xFF, 0xFF,
  0xFF, 0xFF, 0xFF, 0xF8, 0x03, 0xFF, 0xFF, 0xFF, 0xFF, 0xFF, 0xFC, 0x0F,
  0xFF, 0xFF, 0xFF, 0xFF, 0xFF, 0xF8, 0x3F, 0xFF, 0xFF, 0xFF, 0xFF, 0xFF,
  0xE0, 0x7F, 0xFF, 0xFF, 0xFF, 0xFF, 0xFF, 0x81, 0xFF, 0xFF, 0xFF, 0xFF,
  0xFF, 0xFE, 0x07, 0xFF, 0xFF, 0xC0, 0x1F, 0xFF, 0xF8, 0x0F, 0xFF, 0xFE,
  0x00, 0x07, 0xFF, 0xE0, 0x3F, 0xFF, 0xF0, 0x00, 0x03, 0xFF, 0x80, 0x7F,
  0xFF, 0x80, 0x00, 0x01, 0xFE, 0x01, 0xFF, 0xFE, 0x00, 0x00, 0x00, 0xF8,
  0x03, 0xFF, 0xFC, 0x00, 0x00, 0x00, 0xE0, 0x07, 0xFF, 0xF0, 0x00, 0x00,
  0x00, 0x00, 0x0F, 0xFF, 0xC0, 0x00, 0x00, 0x00, 0x00, 0x3F, 0xFF, 0x80,
  0x00, 0x00, 0x00, 0x00, 0x7F, 0xFE, 0x00, 0x00, 0x00, 0x00, 0x00, 0xFF,
  0xFC, 0x00, 0x00, 0x00, 0x00, 0x01, 0xFF, 0xF8, 0x00, 0x00, 0x00, 0x00,
  0x03, 0xFF, 0xF0, 0x00, 0x00, 0x00, 0x00, 0x07, 0xFF, 0xE0, 0x00, 0x00,
  0x00, 0x00, 0x0F, 0xFF, 0xC0, 0x00, 0x00, 0x00, 0x00, 0x1F, 0xFF, 0x80,
  0x00, 0x00, 0x00, 0x00, 0x3F, 0xFF, 0x00, 0x00, 0x00, 0x00, 0x00, 0x7F,
  0xFE, 0x00, 0x00, 0x00, 0x00, 0x00, 0xFF, 0xFC, 0x00, 0x00, 0x00, 0x00,
  0x01, 0xFF, 0xF8, 0x00, 0x00, 0x00, 0x00, 0x03, 0xFF, 0xF0, 0x00, 0x00,
  0x00, 0x00, 0x07, 0xFF, 0xE0, 0x00, 0x00, 0x00, 0x00, 0x0F, 0xFF, 0xC0,
  0x00, 0x00, 0x00, 0x00, 0x1F, 0xFF, 0x80, 0x00, 0x00, 0x00, 0x00, 0x3F,
  0xFF, 0x00, 0x00, 0x00, 0x00, 0x00, 0x7F, 0xFE, 0x00, 0x00, 0x00, 0x00,
  0x00, 0xFF, 0xFC, 0x00, 0x00, 0x00, 0x00, 0x01, 0xFF, 0xF8, 0x00, 0x00,
  0x00, 0x00, 0x03, 0xFF, 0xF0, 0x00, 0x00, 0x00, 0x00, 0x07, 0xFF, 0xE0,
  0x00, 0x00, 0x00, 0x00, 0x0F, 0xFF, 0xC0, 0x00, 0x00, 0x00, 0x00, 0x1F,
  0xFF, 0x80, 0x00, 0x00, 0x00, 0x00, 0x3F, 0xFF, 0x00, 0x00, 0x00, 0x00,
  0x00, 0x7F, 0xFE, 0x00, 0x00, 0x00, 0x00, 0x00, 0xFF, 0xFC, 0x00, 0x00,
  0x00, 0x00, 0x01, 0xFF, 0xF8, 0x00, 0x00, 0x00, 0x00, 0x03, 0xFF, 0xF0,
  0x00, 0x00, 0x00, 0x00, 0x07, 0xFF, 0xE0, 0x00, 0x00, 0x00, 0x00, 0x0F,
  0xFF, 0xC0, 0x00, 0x00, 0x00, 0x00, 0x1F, 0xFF, 0x80, 0x00, 0x00, 0x00,
  0x00, 0x3F, 0xFF, 0x00, 0x00, 0x00, 0x00, 0x00, 0x7F, 0xFE, 0x00, 0x00,
  0x00, 0x00, 0x00, 0xFF, 0xFC, 0x00, 0x00, 0x00, 0x00, 0x01, 0xFF, 0xF8,
  0x00, 0x00, 0x00, 0x00, 0x03, 0xFF, 0xF0, 0x00, 0x00, 0x00, 0x00, 0x07,
  0xFF, 0xE0, 0x00, 0x00, 0x00, 0x00, 0x0F, 0xFF, 0xE0, 0x00, 0x00, 0x00,
  0x00, 0x0F, 0xFF, 0xC0, 0x00, 0x00, 0x00, 0x00, 0x1F, 0xFF, 0xC0, 0x00,
  0x00, 0x00, 0x00, 0x3F, 0xFF, 0x80, 0x00, 0x00, 0x06, 0x00, 0x7F, 0xFF,
  0x80, 0x00, 0x00, 0x3E, 0x00, 0x7F, 0xFF, 0x80, 0x00, 0x00, 0xFE, 0x00,
  0xFF, 0xFF, 0x80, 0x00, 0x07, 0xFE, 0x00, 0xFF, 0xFF, 0xC0, 0x00, 0x3F,
  0xFE, 0x01, 0xFF, 0xFF, 0xF0, 0x03, 0xFF, 0xFC, 0x01, 0xFF, 0xFF, 0xFF,
  0xFF, 0xFF, 0xFC, 0x03, 0xFF, 0xFF, 0xFF, 0xFF, 0xFF, 0xFC, 0x03, 0xFF,
  0xFF, 0xFF, 0xFF, 0xFF, 0xFC, 0x03, 0xFF, 0xFF, 0xFF, 0xFF, 0xFF, 0xFC,
  0x03, 0xFF, 0xFF, 0xFF, 0xFF, 0xFF, 0xFC, 0x03, 0xFF, 0xFF, 0xFF, 0xFF,
  0xFF, 0xF0, 0x03, 0xFF, 0xFF, 0xFF, 0xFF, 0xFF, 0x80, 0x03, 0xFF, 0xFF,
  0xFF, 0xFF, 0xFE, 0x00, 0x03, 0xFF, 0xFF, 0xFF, 0xFF, 0xF0, 0x00, 0x01,
  0xFF, 0xFF, 0xFF, 0xFF, 0x80, 0x00, 0x01, 0xFF, 0xFF, 0xFF, 0xFE, 0x00,
  0x00, 0x00, 0xFF, 0xFF, 0xFF, 0xE0, 0x00, 0x00, 0x00, 0x3F, 0xFF, 0xFE,
  0x00, 0x00, 0x00, 0x00, 0x07, 0xFF, 0xC0, 0x00, 0x00, 0x00, 0x00, 0x00,
  0x00, 0x00, 0x7F, 0xFE, 0x00, 0x00, 0x00, 0x00, 0x00, 0xFF, 0xFC, 0x00,
  0x00, 0x00, 0x00, 0x01, 0xFF, 0xF8, 0x00, 0x00, 0x00, 0x00, 0x03, 0xFF,
  0xF0, 0x00, 0x00, 0x00, 0x00, 0x07, 0xFF, 0xE0, 0x00, 0x00, 0x00, 0x00,
  0x0F, 0xFF, 0xC0, 0x00, 0x00, 0x00, 0x00, 0x1F, 0xFF, 0x80, 0x00, 0x00,
  0x00, 0x00, 0x3F, 0xFF, 0x00, 0x00, 0x00, 0x00, 0x00, 0x7F, 0xFE, 0x00,
  0x00, 0x00, 0x00, 0x00, 0xFF, 0xFC, 0x00, 0x00, 0x00, 0x00, 0x01, 0xFF,
  0xF8, 0x00, 0x00, 0x00, 0x00, 0x03, 0xFF, 0xF0, 0x00, 0x00, 0x00, 0x00,
  0x07, 0xFF, 0xE0, 0x00, 0x00, 0x00, 0x00, 0x0F, 0xFF, 0xC0, 0x00, 0x00,
  0x00, 0x00, 0x1F, 0xFF, 0x80, 0x00, 0x00, 0x00, 0x00, 0x3F, 0xFF, 0x00,
  0x00, 0x00, 0x00, 0x00, 0x7F, 0xFE, 0x00, 0x00, 0x00, 0x00, 0x00, 0xFF,
  0xFC, 0x00, 0x00, 0x00, 0x00, 0x01, 0xFF, 0xF8, 0x00, 0x00, 0x00, 0x00,
  0x03, 0xFF, 0xF0, 0x00, 0x00, 0x00, 0x00, 0x07, 0xFF, 0xE0, 0x00, 0x00,
  0x00, 0x00, 0x0F, 0xFF, 0xC0, 0x00, 0x00, 0x00, 0x00, 0x1F, 0xFF, 0x80,
  0x00, 0x00, 0x00, 0x00, 0x3F, 0xFF, 0x00, 0x00, 0x00, 0x00, 0x00, 0x7F,
  0xFE, 0x00, 0x00, 0x00, 0x00, 0x00, 0xFF, 0xFC, 0x00, 0x00, 0x00, 0x00,
  0x01, 0xFF, 0xF8, 0x00, 0x00, 0x7F, 0x80, 0x03, 0xFF, 0xF0, 0x00, 0x0F,
  0xFF, 0xF8, 0x07, 0xFF, 0xE0, 0x00, 0x7F, 0xFF, 0xFC, 0x0F, 0xFF, 0xC0,
  0x03, 0xFF, 0xFF, 0xFC, 0x1F, 0xFF, 0x80, 0x0F, 0xFF, 0xFF, 0xFC, 0x3F,
  0xFF, 0x00, 0x3F, 0xFF, 0xFF, 0xFC, 0x7F, 0xFE, 0x00, 0xFF, 0xFF, 0xFF,
  0xFC, 0xFF, 0xFC, 0x03, 0xFF, 0xFF, 0xFF, 0xFD, 0xFF, 0xF8, 0x0F, 0xFF,
  0xFF, 0xFF, 0xFB, 0xFF, 0xF0, 0x3F, 0xFF, 0xFF, 0xFF, 0xFF, 0xFF, 0xE0,
  0xFF, 0xFF, 0xFF, 0xFF, 0xFF, 0xFF, 0xC3, 0xFF, 0xFF, 0xFF, 0xFF, 0xFF,
  0xFF, 0x87, 0xFF, 0xFF, 0xFF, 0xFF, 0xFF, 0xFF, 0x1F, 0xFF, 0xFF, 0xFF,
  0xFF, 0xFF, 0xFE, 0x3F, 0xFF, 0xFE, 0x03, 0xFF, 0xFF, 0xFC, 0xFF, 0xFF,
  0xE0, 0x00, 0xFF, 0xFF, 0xF9, 0xFF, 0xFF, 0x80, 0x00, 0xFF, 0xFF, 0xF3,
  0xFF, 0xFC, 0x00, 0x00, 0x7F, 0xFF, 0xEF, 0xFF, 0xF0, 0x00, 0x00, 0x7F,
  0xFF, 0xDF, 0xFF, 0xE0, 0x00, 0x00, 0xFF, 0xFF, 0xBF, 0xFF, 0x80, 0x00,
  0x00, 0xFF, 0xFF, 0xFF, 0xFE, 0x00, 0x00, 0x00, 0xFF, 0xFF, 0xFF, 0xFC,
  0x00, 0x00, 0x01, 0xFF, 0xFF, 0xFF, 0xF0, 0x00, 0x00, 0x01, 0xFF, 0xFF,
  0xFF, 0xE0, 0x00, 0x00, 0x03, 0xFF, 0xFF, 0xFF, 0xC0, 0x00, 0x00, 0x07,
  0xFF, 0xFF, 0xFF, 0x80, 0x00, 0x00, 0x0F, 0xFF, 0xFF, 0xFF, 0x00, 0x00,
  0x00, 0x1F, 0xFF, 0xFF, 0xFE, 0x00, 0x00, 0x00, 0x3F, 0xFF, 0xFF, 0xFC,
  0x00, 0x00, 0x00, 0x7F, 0xFF, 0xFF, 0xF8, 0x00, 0x00, 0x00, 0xFF, 0xFF,
  0xFF, 0xF0, 0x00, 0x00, 0x01, 0xFF, 0xFF, 0xFF, 0xE0, 0x00, 0x00, 0x03,
  0xFF, 0xFF, 0xFF, 0xC0, 0x00, 0x00, 0x07, 0xFF, 0xFF, 0xFF, 0x80, 0x00,
  0x00, 0x0F, 0xFF, 0xFF, 0xFF, 0x00, 0x00, 0x00, 0x1F, 0xFF, 0xFF, 0xFE,
  0x00, 0x00, 0x00, 0x3F, 0xFF, 0xFF, 0xFC, 0x00, 0x00, 0x00, 0x7F, 0xFF,
  0xFF, 0xF8, 0x00, 0x00, 0x00, 0xFF, 0xFF, 0xFF, 0xF0, 0x00, 0x00, 0x01,
  0xFF, 0xFF, 0xFF, 0xE0, 0x00, 0x00, 0x03, 0xFF, 0xFF, 0xFF, 0xC0, 0x00,
  0x00, 0x07, 0xFF, 0xFF, 0xFF, 0x80, 0x00, 0x00, 0x0F, 0xFF, 0xFF, 0xFF,
  0x00, 0x00, 0x00, 0x1F, 0xFF, 0xFF, 0xFE, 0x00, 0x00, 0x00, 0x3F, 0xFF,
  0xFF, 0xFC, 0x00, 0x00, 0x00, 0x7F, 0xFF, 0xFF, 0xF8, 0x00, 0x00, 0x00,
  0xFF, 0xFF, 0xFF, 0xF0, 0x00, 0x00, 0x01, 0xFF, 0xFF, 0xFF, 0xE0, 0x00,
  0x00, 0x03, 0xFF, 0xFF, 0xFF, 0xC0, 0x00, 0x00, 0x07, 0xFF, 0xFF, 0xFF,
  0x80, 0x00, 0x00, 0x0F, 0xFF, 0xFF, 0xFF, 0x00, 0x00, 0x00, 0x1F, 0xFF,
  0xFF, 0xFE, 0x00, 0x00, 0x00, 0x3F, 0xFF, 0xFF, 0xFC, 0x00, 0x00, 0x00,
  0x7F, 0xFF, 0xFF, 0xF8, 0x00, 0x00, 0x00, 0xFF, 0xFF, 0xFF, 0xF0, 0x00,
  0x00, 0x01, 0xFF, 0xFF, 0xFF, 0xE0, 0x00, 0x00, 0x03, 0xFF, 0xFF, 0xFF,
  0xC0, 0x00, 0x00, 0x07, 0xFF, 0xFF, 0xFF, 0x80, 0x00, 0x00, 0x0F, 0xFF,
  0xFF, 0xFF, 0x00, 0x00, 0x00, 0x1F, 0xFF, 0xFF, 0xFF, 0x00, 0x00, 0x00,
  0x7F, 0xFF, 0xFF, 0xFE, 0x00, 0x00, 0x00, 0xFF, 0xFE, 0xFF, 0xFE, 0x00,
  0x00, 0x03, 0xFF, 0xFD, 0xFF, 0xFC, 0x00, 0x00, 0x07, 0xFF, 0xFB, 0xFF,
  0xFC, 0x00, 0x00, 0x1F, 0xFF, 0xF7, 0xFF, 0xFC, 0x00, 0x00, 0x7F, 0xFF,
  0xE7, 0xFF, 0xFC, 0x00, 0x01, 0xFF, 0xFF, 0xCF, 0xFF, 0xFE, 0x00, 0x0F,
  0xFF, 0xFF, 0x8F, 0xFF, 0xFF, 0x00, 0x7F, 0xFF, 0xFF, 0x1F, 0xFF, 0xFF,
  0xFF, 0xFF, 0xFF, 0xFE, 0x1F, 0xFF, 0xFF, 0xFF, 0xFF, 0xFF, 0xFC, 0x3F,
  0xFF, 0xFF, 0xFF, 0xFF, 0xFF, 0xF8, 0x3F, 0xFF, 0xFF, 0xFF, 0xFF, 0xFF,
  0xF0, 0x3F, 0xFF, 0xFF, 0xFF, 0xFF, 0xFF, 0xE0, 0x7F, 0xFF, 0xFF, 0xFF,
  0xEF, 0xFF, 0xC0, 0x7F, 0xFF, 0xFF, 0xFF, 0xDF, 0xFF, 0x80, 0x7F, 0xFF,
  0xFF, 0xFF, 0x3F, 0xFF, 0x00, 0x7F, 0xFF, 0xFF, 0xFE, 0x7F, 0xFE, 0x00,
  0x3F, 0xFF, 0xFF, 0xF8, 0xFF, 0xFC, 0x00, 0x3F, 0xFF, 0xFF, 0xE1, 0xFF,
  0xF8, 0x00, 0x3F, 0xFF, 0xFF, 0x03, 0xFF, 0xF0, 0x00, 0x0F, 0xFF, 0xF8,
  0x07, 0xFF, 0xE0, 0x00, 0x03, 0xFF, 0x80, 0x0F, 0xFF, 0xC0, 0x00, 0x00,
  0x00, 0xFE, 0x00, 0x00, 0x00, 0x00, 0x00, 0x3F, 0xFF, 0xE0, 0x00, 0x00,
  0x00, 0x03, 0xFF, 0xFF, 0xF8, 0x00, 0x00, 0x00, 0x1F, 0xFF, 0xFF, 0xF8,
  0x00, 0x00, 0x00, 0x7F, 0xFF, 0xFF, 0xFC, 0x00, 0x00, 0x03, 0xFF, 0xFF,
  0xFF, 0xFE, 0x00, 0x00, 0x0F, 0xFF, 0xFF, 0xFF, 0xFE, 0x00, 0x00, 0x3F,
  0xFF, 0xFF, 0xFF, 0xFE, 0x00, 0x00, 0xFF, 0xFF, 0xFF, 0xFF, 0xFE, 0x00,
  0x03, 0xFF, 0xFF, 0xFF, 0xFF, 0xFE, 0x00, 0x0F, 0xFF, 0xFF, 0xFF, 0xFF,
  0xFE, 0x00, 0x3F, 0xFF, 0xFF, 0xFF, 0xFF, 0xFE, 0x00, 0x7F, 0xFF, 0xFF,
  0xFF, 0xFF, 0xFC, 0x01, 0xFF, 0xFF, 0xFF, 0xFF, 0xFF, 0xFC, 0x07, 0xFF,
  0xFF, 0xC0, 0x7F, 0xFF, 0xFC, 0x0F, 0xFF, 0xFC, 0x00, 0x1F, 0xFF, 0xF8,
  0x3F, 0xFF, 0xF0, 0x00, 0x1F, 0xFF, 0xF8, 0x7F, 0xFF, 0x80, 0x00, 0x0F,
  0xFF, 0xF1, 0xFF, 0xFE, 0x00, 0x00, 0x0F, 0xFF, 0xF3, 0xFF, 0xFC, 0x00,
  0x00, 0x1F, 0xFF, 0xE7, 0xFF, 0xF0, 0x00, 0x00, 0x1F, 0xFF, 0xCF, 0xFF,
  0xC0, 0x00, 0x00, 0x1F, 0xFF, 0xBF, 0xFF, 0x80, 0x00, 0x00, 0x3F, 0xFF,
  0xFF, 0xFE, 0x00, 0x00, 0x00, 0x3F, 0xFF, 0xFF, 0xFC, 0x00, 0x00, 0x00,
  0x7F, 0xFF, 0xFF, 0xF8, 0x00, 0x00, 0x00, 0xFF, 0xFF, 0xFF, 0xF0, 0x00,
  0x00, 0x01, 0xFF, 0xFF, 0xFF, 0xE0, 0x00, 0x00, 0x03, 0xFF, 0xFF, 0xFF,
  0xC0, 0x00, 0x00, 0x07, 0xFF, 0xFF, 0xFF, 0x80, 0x00, 0x00, 0x0F, 0xFF,
  0xFF, 0xFF, 0x00, 0x00, 0x00, 0x1F, 0xFF, 0xFF, 0xFE, 0x00, 0x00, 0x00,
  0x3F, 0xFF, 0xFF, 0xFC, 0x00, 0x00, 0x00, 0x7F, 0xFF, 0xFF, 0xF8, 0x00,
  0x00, 0x00, 0xFF, 0xFF, 0xFF, 0xF0, 0x00, 0x00, 0x01, 0xFF, 0xFF, 0xFF,
  0xFF, 0xFF, 0xFF, 0xFF, 0xFF, 0xFF, 0xFF, 0xFF, 0xFF, 0xFF, 0xFF, 0xFF,
  0xFF, 0xFF, 0xFF, 0xFF, 0xFF, 0xFF, 0xFF, 0xFF, 0xFF, 0xFF, 0xFF, 0xFF,
  0xFF, 0xFF, 0xFF, 0xFF, 0xFF, 0xFF, 0xFF, 0xFF, 0xFF, 0xFF, 0xFF, 0xFF,
  0xFF, 0xFF, 0xFF, 0xFF, 0xFF, 0xFF, 0xFF, 0xFF, 0xFF, 0xFF, 0xFF, 0xFF,
  0xFF, 0xFF, 0xFF, 0xFF, 0xFF, 0xFF, 0xFF, 0xFF, 0xFF, 0xFF, 0xFF, 0xFF,
  0xFF, 0xFF, 0xFF, 0xFF, 0xFF, 0xFF, 0xFF, 0xFF, 0xFF, 0xFF, 0xFF, 0xFF,
  0xFF, 0xFF, 0xFF, 0xFF, 0xFF, 0xFF, 0xFF, 0xFF, 0xFF, 0xFF, 0xFF, 0xFF,
  0xFF, 0xFF, 0xFF, 0xFF, 0xFF, 0xFC, 0x00, 0x00, 0x00, 0x00, 0x01, 0xFF,
  0xF8, 0x00, 0x00, 0x00, 0x00, 0x03, 0xFF, 0xF0, 0x00, 0x00, 0x00, 0x00,
  0x07, 0xFF, 0xE0, 0x00, 0x00, 0x00, 0x00, 0x0F, 0xFF, 0xC0, 0x00, 0x00,
  0x00, 0x00, 0x1F, 0xFF, 0x80, 0x00, 0x00, 0x00, 0x00, 0x3F, 0xFF, 0x00,
  0x00, 0x00, 0x00, 0x00, 0x7F, 0xFE, 0x00, 0x00, 0x00, 0x00, 0x00, 0xFF,
  0xFC, 0x00, 0x00, 0x00, 0x00, 0x01, 0xFF, 0xF8, 0x00, 0x00, 0x00, 0x00,
  0x03, 0xFF, 0xF0, 0x00, 0x00, 0x00, 0x00, 0x07, 0xFF, 0xE0, 0x00, 0x00,
  0x00, 0x00, 0x0F, 0xFF, 0xE0, 0x00, 0x00, 0x00, 0x00, 0x0F, 0xFF, 0xC0,
  0x00, 0x00, 0x00, 0x00, 0x1F, 0xFF, 0xC0, 0x00, 0x00, 0x00, 0x00, 0x3F,
  0xFF, 0x80, 0x00, 0x00, 0x00, 0x00, 0x7F, 0xFF, 0x80, 0x00, 0x00, 0x00,
  0x00, 0x7F, 0xFF, 0x80, 0x00, 0x00, 0x10, 0x00, 0xFF, 0xFF, 0x80, 0x00,
  0x00, 0xF0, 0x00, 0xFF, 0xFF, 0xC0, 0x00, 0x07, 0xF0, 0x01, 0xFF, 0xFF,
  0xF0, 0x00, 0x3F, 0xF0, 0x01, 0xFF, 0xFF, 0xFF, 0xFF, 0xFF, 0xF0, 0x03,
  0xFF, 0xFF, 0xFF, 0xFF, 0xFF, 0xF0, 0x03, 0xFF, 0xFF, 0xFF, 0xFF, 0xFF,
  0xF0, 0x03, 0xFF, 0xFF, 0xFF, 0xFF, 0xFF, 0xF0, 0x03, 0xFF, 0xFF, 0xFF,
  0xFF, 0xFF, 0xF8, 0x03, 0xFF, 0xFF, 0xFF, 0xFF, 0xFF, 0xF8, 0x03, 0xFF,
  0xFF, 0xFF, 0xFF, 0xFF, 0xE0, 0x03, 0xFF, 0xFF, 0xFF, 0xFF, 0xFF, 0x80,
  0x03, 0xFF, 0xFF, 0xFF, 0xFF, 0xFE, 0x00, 0x01, 0xFF, 0xFF, 0xFF, 0xFF,
  0xF0, 0x00, 0x01, 0xFF, 0xFF, 0xFF, 0xFF, 0x80, 0x00, 0x00, 0x7F, 0xFF,
  0xFF, 0xFC, 0x00, 0x00, 0x00, 0x3F, 0xFF, 0xFF, 0xC0, 0x00, 0x00, 0x00,
  0x03, 0xFF, 0xF0, 0x00, 0x00, 0x00, 0x00, 0x00, 0x0F, 0xFF, 0xE0, 0x00,
  0x00, 0x00, 0x00, 0xFF, 0xFF, 0xFC, 0x00, 0x00, 0x00, 0x07, 0xFF, 0xFF,
  0xFF, 0x00, 0x00, 0x00, 0x3F, 0xFF, 0xFF, 0xFF, 0xC0, 0x00, 0x00, 0xFF,
  0xFF, 0xFF, 0xFF, 0xE0, 0x00, 0x03, 0xFF, 0xFF, 0xFF, 0xFF, 0x80, 0x00,
  0x0F, 0xFF, 0xFF, 0xFF, 0xFF, 0x00, 0x00, 0x3F, 0xFF, 0xFF, 0xFF, 0xFC,
  0x00, 0x00, 0x7F, 0xFF, 0xFF, 0xFF, 0xF8, 0x00, 0x01, 0xFF, 0xFF, 0xFF,
  0xFF, 0xE0, 0x00, 0x07, 0xFF, 0xFF, 0xFF, 0xFF, 0xC0, 0x00, 0x0F, 0xFF,
  0xFF, 0xFF, 0xFF, 0x00, 0x00, 0x3F, 0xFF, 0xFF, 0xFF, 0xFE, 0x00, 0x00,
  0x7F, 0xFF, 0xFC, 0xFF, 0xFC, 0x00, 0x01, 0xFF, 0xFF, 0x80, 0x0F, 0xF0,
  0x00, 0x03, 0xFF, 0xFE, 0x00, 0x01, 0xE0, 0x00, 0x0F, 0xFF, 0xF8, 0x00,
  0x00, 0x00, 0x00, 0x1F, 0xFF, 0xE0, 0x00, 0x00, 0x00, 0x00, 0x3F, 0xFF,
  0x80, 0x00, 0x00, 0x00, 0x00, 0xFF, 0xFE, 0x00, 0x00, 0x00, 0x00, 0x01,
  0xFF, 0xFC, 0x00, 0x00, 0x00, 0x00, 0x03, 0xFF, 0xF0, 0x00, 0x00, 0x00,
  0x00, 0x07, 0xFF, 0xE0, 0x00, 0x00, 0x00, 0x00, 0x0F, 0xFF, 0xC0, 0x00,
  0x00, 0x00, 0x00, 0x1F, 0xFF, 0x80, 0x00, 0x00, 0x00, 0x00, 0x3F, 0xFF,
  0x00, 0x00, 0x00, 0x00, 0x00, 0x7F, 0xFC, 0x00, 0x00, 0x00, 0x07, 0xFF,
  0xFF, 0xFF, 0xFF, 0xFC, 0x00, 0x0F, 0xFF, 0xFF, 0xFF, 0xFF, 0xF8, 0x00,
  0x1F, 0xFF, 0xFF, 0xFF, 0xFF, 0xF0, 0x00, 0x3F, 0xFF, 0xFF, 0xFF, 0xFF,
  0xE0, 0x00, 0x7F, 0xFF, 0xFF, 0xFF, 0xFF, 0xC0, 0x00, 0xFF, 0xFF, 0xFF,
  0xFF, 0xFF, 0x80, 0x01, 0xFF, 0xFF, 0xFF, 0xFF, 0xFF, 0x00, 0x03, 0xFF,
  0xFF, 0xFF, 0xFF, 0xFE, 0x00, 0x07, 0xFF, 0xFF, 0xFF, 0xFF, 0xFC, 0x00,
  0x0F, 0xFF, 0xFF, 0xFF, 0xFF, 0xF8, 0x00, 0x1F, 0xFF, 0xFF, 0xFF, 0xFF,
  0xF0, 0x00, 0x3F, 0xFF, 0xFF, 0xFF, 0xFF, 0xE0, 0x00, 0x7F, 0xFF, 0xFF,
  0xFF, 0xFF, 0xC0, 0x00, 0xFF, 0xFF, 0xFF, 0xFF, 0xFF, 0x80, 0x00, 0x00,
  0x3F, 0xFE, 0x00, 0x00, 0x00, 0x00, 0x00, 0x7F, 0xFC, 0x00, 0x00, 0x00,
  0x00, 0x00, 0xFF, 0xF8, 0x00, 0x00, 0x00, 0x00, 0x01, 0xFF, 0xF0, 0x00,
  0x00, 0x00, 0x00, 0x03, 0xFF, 0xE0, 0x00, 0x00, 0x00, 0x00, 0x07, 0xFF,
  0xC0, 0x00, 0x00, 0x00, 0x00, 0x0F, 0xFF, 0x80, 0x00, 0x00, 0x00, 0x00,
  0x1F, 0xFF, 0x00, 0x00, 0x00, 0x00, 0x00, 0x3F, 0xFE, 0x00, 0x00, 0x00,
  0x00, 0x00, 0x7F, 0xFC, 0x00, 0x00, 0x00, 0x00, 0x00, 0xFF, 0xF8, 0x00,
  0x00, 0x00, 0x00, 0x01, 0xFF, 0xF0, 0x00, 0x00, 0x00, 0x00, 0x03, 0xFF,
  0xE0, 0x00, 0x00, 0x00, 0x00, 0x07, 0xFF, 0xC0, 0x00, 0x00, 0x00, 0x00,
  0x0F, 0xFF, 0x80, 0x00, 0x00, 0x00, 0x00, 0x1F, 0xFF, 0x00, 0x00, 0x00,
  0x00, 0x00, 0x3F, 0xFE, 0x00, 0x00, 0x00, 0x00, 0x00, 0x7F, 0xFC, 0x00,
  0x00, 0x00, 0x00, 0x00, 0xFF, 0xF8, 0x00, 0x00, 0x00, 0x00, 0x01, 0xFF,
  0xF0, 0x00, 0x00, 0x00, 0x00, 0x03, 0xFF, 0xE0, 0x00, 0x00, 0x00, 0x00,
  0x07, 0xFF, 0xC0, 0x00, 0x00, 0x00, 0x00, 0x0F, 0xFF, 0x80, 0x00, 0x00,
  0x00, 0x00, 0x1F, 0xFF, 0x00, 0x00, 0x00, 0x00, 0x00, 0x3F, 0xFE, 0x00,
  0x00, 0x00, 0x00, 0x00, 0x7F, 0xFC, 0x00, 0x00, 0x00, 0x00, 0x00, 0xFF,
  0xF8, 0x00, 0x00, 0x00, 0x00, 0x01, 0xFF, 0xF0, 0x00, 0x00, 0x00, 0x00,
  0x03, 0xFF, 0xE0, 0x00, 0x00, 0x00, 0x00, 0x07, 0xFF, 0xC0, 0x00, 0x00,
  0x00, 0x00, 0x0F, 0xFF, 0x80, 0x00, 0x00, 0x00, 0x00, 0x1F, 0xFF, 0x00,
  0x00, 0x00, 0x00, 0x00, 0x3F, 0xFE, 0x00, 0x00, 0x00, 0x00, 0x00, 0x7F,
  0xFC, 0x00, 0x00, 0x00, 0x00, 0x00, 0xFF, 0xF8, 0x00, 0x00, 0x00, 0x00,
  0x01, 0xFF, 0xF0, 0x00, 0x00, 0x00, 0x00, 0x03, 0xFF, 0xE0, 0x00, 0x00,
  0x00, 0x00, 0x07, 0xFF, 0xC0, 0x00, 0x00, 0x00, 0x00, 0x0F, 0xFF, 0x80,
  0x00, 0x00, 0x00, 0x00, 0x1F, 0xFF, 0x00, 0x00, 0x00, 0x00, 0x00, 0x3F,
  0xFE, 0x00, 0x00, 0x00, 0x00, 0x00, 0x7F, 0xFC, 0x00, 0x00, 0x00, 0x00,
  0x00, 0xFF, 0xF8, 0x00, 0x00, 0x00, 0x00, 0x01, 0xFF, 0xF0, 0x00, 0x00,
  0x00, 0x00, 0x03, 0xFF, 0xE0, 0x00, 0x00, 0x00, 0x00, 0x07, 0xFF, 0xC0,
  0x00, 0x00, 0x00, 0x00, 0x0F, 0xFF, 0x80, 0x00, 0x00, 0x00, 0x00, 0x1F,
  0xFF, 0x00, 0x00, 0x00, 0x00, 0x00, 0x3F, 0xFE, 0x00, 0x00, 0x00, 0x00,
  0x00, 0x7F, 0xFC, 0x00, 0x00, 0x00, 0x00, 0x00, 0xFF, 0xF8, 0x00, 0x00,
  0x00, 0x00, 0x01, 0xFF, 0xF0, 0x00, 0x00, 0x00, 0x00, 0x03, 0xFF, 0xE0,
  0x00, 0x00, 0x00, 0x00, 0x07, 0xFF, 0xC0, 0x00, 0x00, 0x00, 0x00, 0x0F,
  0xFF, 0x80, 0x00, 0x00, 0x00, 0x00, 0x1F, 0xFF, 0x00, 0x00, 0x00, 0x00,
  0x00, 0x3F, 0xFE, 0x00, 0x00, 0x00, 0x00, 0x00, 0x7F, 0xFC, 0x00, 0x00,
  0x00, 0x00, 0x00, 0xFF, 0xF8, 0x00, 0x00, 0x00, 0x00, 0x01, 0xFF, 0xF0,
  0x00, 0x00, 0x00, 0x00, 0x03, 0xFF, 0xE0, 0x00, 0x00, 0x00, 0x00, 0x07,
  0xFF, 0xC0, 0x00, 0x00, 0x00, 0x00, 0x0F, 0xFF, 0x80, 0x00, 0x00, 0x00,
  0x00, 0x1F, 0xFF, 0x00, 0x00, 0x00, 0x00, 0x00, 0x3F, 0xFE, 0x00, 0x00,
  0x00, 0x00, 0x00, 0x7F, 0xFC, 0x00, 0x00, 0x00, 0x00, 0x00, 0xFF, 0xF8,
  0x00, 0x00, 0x00, 0x00, 0x01, 0xFF, 0xF0, 0x00, 0x00, 0x00, 0x00, 0x03,
  0xFF, 0xE0, 0x00, 0x00, 0x00, 0x00, 0x00, 0x00, 0x0F, 0xF0, 0x00, 0x7F,
  0xFE, 0x00, 0x01, 0xFF, 0xFF, 0x00, 0xFF, 0xFC, 0x00, 0x0F, 0xFF, 0xFF,
  0x81, 0xFF, 0xF8, 0x00, 0x7F, 0xFF, 0xFF, 0x83, 0xFF, 0xF0, 0x01, 0xFF,
  0xFF, 0xFF, 0x87, 0xFF, 0xE0, 0x07, 0xFF, 0xFF, 0xFF, 0x8F, 0xFF, 0xC0,
  0x1F, 0xFF, 0xFF, 0xFF, 0x9F, 0xFF, 0x80, 0x7F, 0xFF, 0xFF, 0xFF, 0xBF,
  0xFF, 0x01, 0xFF, 0xFF, 0xFF, 0xFF, 0x7F, 0xFE, 0x07, 0xFF, 0xFF, 0xFF,
  0xFF, 0xFF, 0xFC, 0x1F, 0xFF, 0xFF, 0xFF, 0xFF, 0xFF, 0xF8, 0x7F, 0xFF,
  0xFF, 0xFF, 0xFF, 0xFF, 0xF0, 0xFF, 0xFF, 0xFF, 0xFF, 0xFF, 0xFF, 0xE3,
  0xFF, 0xFF, 0xFF, 0xFF, 0xFF, 0xFF, 0xC7, 0xFF, 0xFF, 0xC0, 0x7F, 0xFF,
  0xFF, 0x9F, 0xFF, 0xFC, 0x00, 0x1F, 0xFF, 0xFF, 0x3F, 0xFF, 0xF0, 0x00,
  0x1F, 0xFF, 0xFE, 0x7F, 0xFF, 0x80, 0x00, 0x0F, 0xFF, 0xFD, 0xFF, 0xFE,
  0x00, 0x00, 0x0F, 0xFF, 0xFB, 0xFF, 0xFC, 0x00, 0x00, 0x1F, 0xFF, 0xF7,
  0xFF, 0xF0, 0x00, 0x00, 0x1F, 0xFF, 0xFF, 0xFF, 0xC0, 0x00, 0x00, 0x1F,
  0xFF, 0xFF, 0xFF, 0x80, 0x00, 0x00, 0x3F, 0xFF, 0xFF, 0xFE, 0x00, 0x00,
  0x00, 0x3F, 0xFF, 0xFF, 0xFC, 0x00, 0x00, 0x00, 0x7F, 0xFF, 0xFF, 0xF8,
  0x00, 0x00, 0x00, 0xFF, 0xFF, 0xFF, 0xF0, 0x00, 0x00, 0x01, 0xFF, 0xFF,
  0xFF, 0xE0, 0x00, 0x00, 0x03, 0xFF, 0xFF, 0xFF, 0xC0, 0x00, 0x00, 0x07,
  0xFF, 0xFF, 0xFF, 0x80, 0x00, 0x00, 0x0F, 0xFF, 0xFF, 0xFF, 0x00, 0x00,
  0x00, 0x1F, 0xFF, 0xFF, 0xFE, 0x00, 0x00, 0x00, 0x3F, 0xFF, 0xFF, 0xFC,
  0x00, 0x00, 0x00, 0x7F, 0xFF, 0xFF, 0xF8, 0x00, 0x00, 0x00, 0xFF, 0xFF,
  0xFF, 0xF0, 0x00, 0x00, 0x01, 0xFF, 0xFF, 0xFF, 0xE0, 0x00, 0x00, 0x03,
  0xFF, 0xFF, 0xFF, 0xC0, 0x00, 0x00, 0x07, 0xFF, 0xFF, 0xFF, 0x80, 0x00,
  0x00, 0x0F, 0xFF, 0xFF, 0xFF, 0x00, 0x00, 0x00, 0x1F, 0xFF, 0xFF, 0xFE,
  0x00, 0x00, 0x00, 0x3F, 0xFF, 0xFF, 0xFC, 0x00, 0x00, 0x00, 0x7F, 0xFF,
  0xFF, 0xF8, 0x00, 0x00, 0x00, 0xFF, 0xFF, 0xFF, 0xF0, 0x00, 0x00, 0x01,
  0xFF, 0xFF, 0xFF, 0xE0, 0x00, 0x00, 0x03, 0xFF, 0xFF, 0xFF, 0xC0, 0x00,
  0x00, 0x07, 0xFF, 0xFF, 0xFF, 0x80, 0x00, 0x00, 0x0F, 0xFF, 0xFF, 0xFF,
  0x00, 0x00, 0x00, 0x1F, 0xFF, 0xFF, 0xFE, 0x00, 0x00, 0x00, 0x3F, 0xFF,
  0xFF, 0xFC, 0x00, 0x00, 0x00, 0x7F, 0xFF, 0xFF, 0xF8, 0x00, 0x00, 0x00,
  0xFF, 0xFF, 0xFF, 0xF0, 0x00, 0x00, 0x01, 0xFF, 0xFF, 0xFF, 0xE0, 0x00,
  0x00, 0x03, 0xFF, 0xFF, 0xFF, 0xC0, 0x00, 0x00, 0x07, 0xFF, 0xFF, 0xFF,
  0x80, 0x00, 0x00, 0x0F, 0xFF, 0xFF, 0xFF, 0x00, 0x00, 0x00, 0x1F, 0xFF,
  0xFF, 0xFE, 0x00, 0x00, 0x00, 0x3F, 0xFF, 0xFF, 0xFC, 0x00, 0x00, 0x00,
  0x7F, 0xFF, 0xFF, 0xF8, 0x00, 0x00, 0x00, 0xFF, 0xFF, 0xFF, 0xF0, 0x00,
  0x00, 0x01, 0xFF, 0xFF, 0xFF, 0xE0, 0x00, 0x00, 0x03, 0xFF, 0xFF, 0xFF,
  0xE0, 0x00, 0x00, 0x0F, 0xFF, 0xFF, 0xFF, 0xC0, 0x00, 0x00, 0x1F, 0xFF,
  0xDF, 0xFF, 0xC0, 0x00, 0x00, 0x7F, 0xFF, 0xBF, 0xFF, 0x80, 0x00, 0x00,
  0xFF, 0xFF, 0x7F, 0xFF, 0x80, 0x00, 0x03, 0xFF, 0xFE, 0xFF, 0xFF, 0x80,
  0x00, 0x0F, 0xFF, 0xFC, 0xFF, 0xFF, 0x80, 0x00, 0x3F, 0xFF, 0xF9, 0xFF,
  0xFF, 0xC0, 0x01, 0xFF, 0xFF, 0xF1, 0xFF, 0xFF, 0xE0, 0x0F, 0xFF, 0xFF,
  0xE3, 0xFF, 0xFF, 0xFF, 0xFF, 0xFF, 0xFF, 0xC3, 0xFF, 0xFF, 0xFF, 0xFF,
  0xFF, 0xFF, 0x87, 0xFF, 0xFF, 0xFF, 0xFF, 0xFF, 0xFF, 0x07, 0xFF, 0xFF,
  0xFF, 0xFF, 0xFF, 0xFE, 0x07, 0xFF, 0xFF, 0xFF, 0xFF, 0xFF, 0xFC, 0x0F,
  0xFF, 0xFF, 0xFF, 0xFD, 0xFF, 0xF8, 0x0F, 0xFF, 0xFF, 0xFF, 0xFB, 0xFF,
  0xF0, 0x0F, 0xFF, 0xFF, 0xFF, 0xE7, 0xFF, 0xE0, 0x0F, 0xFF, 0xFF, 0xFF,
  0xCF, 0xFF, 0xC0, 0x07, 0xFF, 0xFF, 0xFF, 0x1F, 0xFF, 0x80, 0x07, 0xFF,
  0xFF, 0xFC, 0x3F, 0xFF, 0x00, 0x07, 0xFF, 0xFF, 0xE0, 0x7F, 0xFE, 0x00,
  0x01, 0xFF, 0xFF, 0x00, 0xFF, 0xFC, 0x00, 0x00, 0x7F, 0xF0, 0x01, 0xFF,
  0xF8, 0x00, 0x00, 0x00, 0x00, 0x03, 0xFF, 0xF0, 0x00, 0x00, 0x00, 0x00,
  0x07, 0xFF, 0xE0, 0x00, 0x00, 0x00, 0x00, 0x0F, 0xFF, 0xC0, 0x00, 0x00,
  0x00, 0x00, 0x1F, 0xFF, 0x80, 0x00, 0x00, 0x00, 0x00, 0x7F, 0xFF, 0x00,
  0x00, 0x00, 0x00, 0x00, 0xFF, 0xFE, 0x00, 0x00, 0x00, 0x00, 0x01, 0xFF,
  0xF8, 0x00, 0x00, 0x00, 0x00, 0x07, 0xFF, 0xF0, 0x03, 0x80, 0x00, 0x00,
  0x1F, 0xFF, 0xE0, 0x0F, 0x80, 0x00, 0x00, 0x7F, 0xFF, 0x80, 0x3F, 0xC0,
  0x00, 0x01, 0xFF, 0xFF, 0x00, 0xFF, 0xE0, 0x00, 0x07, 0xFF, 0xFE, 0x03,
  0xFF, 0xF0, 0x00, 0x3F, 0xFF, 0xF8, 0x0F, 0xFF, 0xFE, 0x03, 0xFF, 0xFF,
  0xF0, 0x3F, 0xFF, 0xFF, 0xFF, 0xFF, 0xFF, 0xC0, 0xFF, 0xFF, 0xFF, 0xFF,
  0xFF, 0xFF, 0x03, 0xFF, 0xFF, 0xFF, 0xFF, 0xFF, 0xFE, 0x0F, 0xFF, 0xFF,
  0xFF, 0xFF, 0xFF, 0xF8, 0x0F, 0xFF, 0xFF, 0xFF, 0xFF, 0xFF, 0xE0, 0x0F,
  0xFF, 0xFF, 0xFF, 0xFF, 0xFF, 0x80, 0x0F, 0xFF, 0xFF, 0xFF, 0xFF, 0xFE,
  0x00, 0x07, 0xFF, 0xFF, 0xFF, 0xFF, 0xF8, 0x00, 0x07, 0xFF, 0xFF, 0xFF,
  0xFF, 0xC0, 0x00, 0x03, 0xFF, 0xFF, 0xFF, 0xFF, 0x00, 0x00, 0x01, 0xFF,
  0xFF, 0xFF, 0xF8, 0x00, 0x00, 0x00, 0x7F, 0xFF, 0xFF, 0xC0, 0x00, 0x00,
  0x00, 0x1F, 0xFF, 0xF8, 0x00, 0x00, 0x00, 0x00, 0x00, 0x7C, 0x00, 0x00,
  0x00, 0x00, 0xFF, 0xFC, 0x00, 0x00, 0x00, 0x00, 0x01, 0xFF, 0xF8, 0x00,
  0x00, 0x00, 0x00, 0x03, 0xFF, 0xF0, 0x00, 0x00, 0x00, 0x00, 0x07, 0xFF,
  0xE0, 0x00, 0x00, 0x00, 0x00, 0x0F, 0xFF, 0xC0, 0x00, 0x00, 0x00, 0x00,
  0x1F, 0xFF, 0x80, 0x00, 0x00, 0x00, 0x00, 0x3F, 0xFF, 0x00, 0x00, 0x00,
  0x00, 0x00, 0x7F, 0xFE, 0x00, 0x00, 0x00, 0x00, 0x00, 0xFF, 0xFC, 0x00,
  0x00, 0x00, 0x00, 0x01, 0xFF, 0xF8, 0x00, 0x00, 0x00, 0x00, 0x03, 0xFF,
  0xF0, 0x00, 0x00, 0x00, 0x00, 0x07, 0xFF, 0xE0, 0x00, 0x00, 0x00, 0x00,
  0x0F, 0xFF, 0xC0, 0x00, 0x00, 0x00, 0x00, 0x1F, 0xFF, 0x80, 0x00, 0x00,
  0x00, 0x00, 0x3F, 0xFF, 0x00, 0x00, 0x00, 0x00, 0x00, 0x7F, 0xFE, 0x00,
  0x00, 0x00, 0x00, 0x00, 0xFF, 0xFC, 0x00, 0x00, 0x00, 0x00, 0x01, 0xFF,
  0xF8, 0x00, 0x00, 0x00, 0x00, 0x03, 0xFF, 0xF0, 0x00, 0x00, 0x00, 0x00,
  0x07, 0xFF, 0xE0, 0x00, 0x00, 0x00, 0x00, 0x0F, 0xFF, 0xC0, 0x00, 0x00,
  0x00, 0x00, 0x1F, 0xFF, 0x80, 0x00, 0x00, 0x00, 0x00, 0x3F, 0xFF, 0x00,
  0x00, 0x00, 0x00, 0x00, 0x7F, 0xFE, 0x00, 0x00, 0x00, 0x00, 0x00, 0xFF,
  0xFC, 0x00, 0x00, 0x00, 0x00, 0x01, 0xFF, 0xF8, 0x00, 0x00, 0x00, 0x00,
  0x03, 0xFF, 0xF0, 0x00, 0x00, 0x00, 0x00, 0x07, 0xFF, 0xE0, 0x00, 0xFF,
  0x00, 0x00, 0x0F, 0xFF, 0xC0, 0x3F, 0xFF, 0xE0, 0x00, 0x1F, 0xFF, 0x81,
  0xFF, 0xFF, 0xF0, 0x00, 0x3F, 0xFF, 0x07, 0xFF, 0xFF, 0xF8, 0x00, 0x7F,
  0xFE, 0x1F, 0xFF, 0xFF, 0xF8, 0x00, 0xFF, 0xFC, 0x7F, 0xFF, 0xFF, 0xF8,
  0x01, 0xFF, 0xF9, 0xFF, 0xFF, 0xFF, 0xF8, 0x03, 0xFF, 0xF7, 0xFF, 0xFF,
  0xFF, 0xF8, 0x07, 0xFF, 0xEF, 0xFF, 0xFF, 0xFF, 0xF8, 0x0F, 0xFF, 0xFF,
  0xFF, 0xFF, 0xFF, 0xF8, 0x1F, 0xFF, 0xFF, 0xFF, 0xFF, 0xFF, 0xF8, 0x3F,
  0xFF, 0xFF, 0xFF, 0xFF, 0xFF, 0xF0, 0x7F, 0xFF, 0xFF, 0xFF, 0xFF, 0xFF,
  0xF0, 0xFF, 0xFF, 0xFF, 0xFF, 0xFF, 0xFF, 0xF1, 0xFF, 0xFF, 0xFE, 0x03,
  0xFF, 0xFF, 0xE3, 0xFF, 0xFF, 0xE0, 0x00, 0xFF, 0xFF, 0xE7, 0xFF, 0xFF,
  0x80, 0x00, 0xFF, 0xFF, 0xCF, 0xFF, 0xFC, 0x00, 0x00, 0x7F, 0xFF, 0x9F,
  0xFF, 0xF0, 0x00, 0x00, 0x7F, 0xFF, 0xBF, 0xFF, 0xE0, 0x00, 0x00, 0xFF,
  0xFF, 0x7F, 0xFF, 0x80, 0x00, 0x00, 0xFF, 0xFE, 0xFF, 0xFE, 0x00, 0x00,
  0x00, 0xFF, 0xFF, 0xFF, 0xFC, 0x00, 0x00, 0x01, 0xFF, 0xFF, 0xFF, 0xF0,
  0x00, 0x00, 0x01, 0xFF, 0xFF, 0xFF, 0xE0, 0x00, 0x00, 0x03, 0xFF, 0xFF,
  0xFF, 0xC0, 0x00, 0x00, 0x07, 0xFF, 0xFF, 0xFF, 0x80, 0x00, 0x00, 0x0F,
  0xFF, 0xFF, 0xFF, 0x00, 0x00, 0x00, 0x1F, 0xFF, 0xFF, 0xFE, 0x00, 0x00,
  0x00, 0x3F, 0xFF, 0xFF, 0xFC, 0x00, 0x00, 0x00, 0x7F, 0xFF, 0xFF, 0xF8,
  0x00, 0x00, 0x00, 0xFF, 0xFF, 0xFF, 0xF0, 0x00, 0x00, 0x01, 0xFF, 0xFF,
  0xFF, 0xE0, 0x00, 0x00, 0x03, 0xFF, 0xFF, 0xFF, 0xC0, 0x00, 0x00, 0x07,
  0xFF, 0xFF, 0xFF, 0x80, 0x00, 0x00, 0x0F, 0xFF, 0xFF, 0xFF, 0x00, 0x00,
  0x00, 0x1F, 0xFF, 0xFF, 0xFE, 0x00, 0x00, 0x00, 0x3F, 0xFF, 0xFF, 0xFC,
  0x00, 0x00, 0x00, 0x7F, 0xFF, 0xFF, 0xF8, 0x00, 0x00, 0x00, 0xFF, 0xFF,
  0xFF, 0xF0, 0x00, 0x00, 0x01, 0xFF, 0xFF, 0xFF, 0xE0, 0x00, 0x00, 0x03,
  0xFF, 0xFF, 0xFF, 0xC0, 0x00, 0x00, 0x07, 0xFF, 0xFF, 0xFF, 0x80, 0x00,
  0x00, 0x0F, 0xFF, 0xFF, 0xFF, 0x00, 0x00, 0x00, 0x1F, 0xFF, 0xFF, 0xFE,
  0x00, 0x00, 0x00, 0x3F, 0xFF, 0xFF, 0xFC, 0x00, 0x00, 0x00, 0x7F, 0xFF,
  0xFF, 0xF8, 0x00, 0x00, 0x00, 0xFF, 0xFF, 0xFF, 0xF0, 0x00, 0x00, 0x01,
  0xFF, 0xFF, 0xFF, 0xE0, 0x00, 0x00, 0x03, 0xFF, 0xFF, 0xFF, 0xC0, 0x00,
  0x00, 0x07, 0xFF, 0xFF, 0xFF, 0x80, 0x00, 0x00, 0x0F, 0xFF, 0xFF, 0xFF,
  0x00, 0x00, 0x00, 0x1F, 0xFF, 0xFF, 0xFE, 0x00, 0x00, 0x00, 0x3F, 0xFF,
  0xFF, 0xFC, 0x00, 0x00, 0x00, 0x7F, 0xFF, 0xFF, 0xF8, 0x00, 0x00, 0x00,
  0xFF, 0xFF, 0xFF, 0xF0, 0x00, 0x00, 0x01, 0xFF, 0xFF, 0xFF, 0xE0, 0x00,
  0x00, 0x03, 0xFF, 0xFF, 0xFF, 0xC0, 0x00, 0x00, 0x07, 0xFF, 0xFF, 0xFF,
  0x80, 0x00, 0x00, 0x0F, 0xFF, 0xFF, 0xFF, 0x00, 0x00, 0x00, 0x1F, 0xFF,
  0xFF, 0xFE, 0x00, 0x00, 0x00, 0x3F, 0xFF, 0xFF, 0xFC, 0x00, 0x00, 0x00,
  0x7F, 0xFF, 0xFF, 0xF8, 0x00, 0x00, 0x00, 0xFF, 0xFF, 0xFF, 0xF0, 0x00,
  0x00, 0x01, 0xFF, 0xFF, 0xFF, 0xE0, 0x00, 0x00, 0x03, 0xFF, 0xFF, 0xFF,
  0xC0, 0x00, 0x00, 0x07, 0xFF, 0xFF, 0xFF, 0x80, 0x00, 0x00, 0x0F, 0xFF,
  0xFF, 0xFF, 0x00, 0x00, 0x00, 0x1F, 0xFF, 0xFF, 0xFE, 0x00, 0x00, 0x00,
  0x3F, 0xFF, 0xFF, 0xFC, 0x00, 0x00, 0x00, 0x7F, 0xFF, 0xFF, 0xF8, 0x00,
  0x00, 0x00, 0xFF, 0xFF, 0xFF, 0xF0, 0x00, 0x00, 0x01, 0xFF, 0xFF, 0xFF,
  0xE0, 0x00, 0x00, 0x03, 0xFF, 0xFF, 0xFF, 0xC0, 0x00, 0x00, 0x07, 0xFF,
  0xFF, 0xFF, 0x80, 0x00, 0x00, 0x0F, 0xFF, 0xFF, 0xFF, 0x00, 0x00, 0x00,
  0x1F, 0xFF, 0xFF, 0xFE, 0x00, 0x00, 0x00, 0x3F, 0xFF, 0xFF, 0xFC, 0x00,
  0x00, 0x00, 0x7F, 0xFF, 0xFF, 0xF8, 0x00, 0x00, 0x00, 0xFF, 0xFF, 0xFF,
  0xF0, 0x00, 0x00, 0x01, 0xFF, 0xFF, 0xFF, 0xE0, 0x00, 0x00, 0x03, 0xFF,
  0xFF, 0xFF, 0xC0, 0x00, 0x00, 0x07, 0xFF, 0xFF, 0xFF, 0x80, 0x00, 0x00,
  0x0F, 0xFF, 0xC0, 0x00, 0x00, 0x1C, 0x00, 0x00, 0x00, 0x00, 0x7F, 0xC0,
  0x00, 0x00, 0x00, 0x7F, 0xF0, 0x00, 0x00, 0x00, 0x7F, 0xFC, 0x00, 0x00,
  0x00, 0x7F, 0xFF, 0x00, 0x00, 0x00, 0x7F, 0xFF, 0xC0, 0x00, 0x00, 0x3F,
  0xFF, 0xE0, 0x00, 0x00, 0x3F, 0xFF, 0xF0, 0x00, 0x00, 0x1F, 0xFF, 0xFC,
  0x00, 0x00, 0x0F, 0xFF, 0xFE, 0x00, 0x00, 0x07, 0xFF, 0xFF, 0x00, 0x00,
  0x03, 0xFF, 0xFF, 0x80, 0x00, 0x00, 0xFF, 0xFF, 0x80, 0x00, 0x00, 0x7F,
  0xFF, 0xC0, 0x00, 0x00, 0x1F, 0xFF, 0xC0, 0x00, 0x00, 0x0F, 0xFF, 0xE0,
  0x00, 0x00, 0x03, 0xFF, 0xE0, 0x00, 0x00, 0x00, 0x7F, 0xC0, 0x00, 0x00,
  0x00, 0x0F, 0x80, 0x00, 0x00, 0x00, 0x00, 0x00, 0x00, 0x00, 0x00, 0x00,
  0x00, 0x00, 0x00, 0x00, 0x00, 0x00, 0x00, 0x00, 0x00, 0x00, 0x00, 0x00,
  0x00, 0x00, 0x00, 0x00, 0x00, 0x00, 0x00, 0x00, 0x00, 0x00, 0x00, 0x00,
  0x00, 0x00, 0x00, 0x00, 0x00, 0x00, 0x00, 0x00, 0x00, 0x00, 0x00, 0x00,
  0x00, 0x00, 0x00, 0x00, 0x00, 0x00, 0x00, 0x00, 0x00, 0x00, 0x00, 0x00,
  0x03, 0xFF, 0xFF, 0xFF, 0x80, 0x01, 0xFF, 0xFF, 0xFF, 0xC0, 0x00, 0xFF,
  0xFF, 0xFF, 0xE0, 0x00, 0x7F, 0xFF, 0xFF, 0xF0, 0x00, 0x3F, 0xFF, 0xFF,
  0xF8, 0x00, 0x1F, 0xFF, 0xFF, 0xFC, 0x00, 0x0F, 0xFF, 0xFF, 0xFE, 0x00,
  0x07, 0xFF, 0xFF, 0xFF, 0x00, 0x03, 0xFF, 0xFF, 0xFF, 0x80, 0x01, 0xFF,
  0xFF, 0xFF, 0xC0, 0x00, 0xFF, 0xFF, 0xFF, 0xE0, 0x00, 0x7F, 0xFF, 0xFF,
  0xF0, 0x00, 0x3F, 0xFF, 0xFF, 0xF8, 0x00, 0x1F, 0xFF, 0xFF, 0xFC, 0x00,
  0x00, 0x00, 0x3F, 0xFE, 0x00, 0x00, 0x00, 0x1F, 0xFF, 0x00, 0x00, 0x00,
  0x0F, 0xFF, 0x80, 0x00, 0x00, 0x07, 0xFF, 0xC0, 0x00, 0x00, 0x03, 0xFF,
  0xE0, 0x00, 0x00, 0x01, 0xFF, 0xF0, 0x00, 0x00, 0x00, 0xFF, 0xF8, 0x00,
  0x00, 0x00, 0x7F, 0xFC, 0x00, 0x00, 0x00, 0x3F, 0xFE, 0x00, 0x00, 0x00,
  0x1F, 0xFF, 0x00, 0x00, 0x00, 0x0F, 0xFF, 0x80, 0x00, 0x00, 0x07, 0xFF,
  0xC0, 0x00, 0x00, 0x03, 0xFF, 0xE0, 0x00, 0x00, 0x01, 0xFF, 0xF0, 0x00,
  0x00, 0x00, 0xFF, 0xF8, 0x00, 0x00, 0x00, 0x7F, 0xFC, 0x00, 0x00, 0x00,
  0x3F, 0xFE, 0x00, 0x00, 0x00, 0x1F, 0xFF, 0x00, 0x00, 0x00, 0x0F, 0xFF,
  0x80, 0x00, 0x00, 0x07, 0xFF, 0xC0, 0x00, 0x00, 0x03, 0xFF, 0xE0, 0x00,
  0x00, 0x01, 0xFF, 0xF0, 0x00, 0x00, 0x00, 0xFF, 0xF8, 0x00, 0x00, 0x00,
  0x7F, 0xFC, 0x00, 0x00, 0x00, 0x3F, 0xFE, 0x00, 0x00, 0x00, 0x1F, 0xFF,
  0x00, 0x00, 0x00, 0x0F, 0xFF, 0x80, 0x00, 0x00, 0x07, 0xFF, 0xC0, 0x00,
  0x00, 0x03, 0xFF, 0xE0, 0x00, 0x00, 0x01, 0xFF, 0xF0, 0x00, 0x00, 0x00,
  0xFF, 0xF8, 0x00, 0x00, 0x00, 0x7F, 0xFC, 0x00, 0x00, 0x00, 0x3F, 0xFE,
  0x00, 0x00, 0x00, 0x1F, 0xFF, 0x00, 0x00, 0x00, 0x0F, 0xFF, 0x80, 0x00,
  0x00, 0x07, 0xFF, 0xC0, 0x00, 0x00, 0x03, 0xFF, 0xE0, 0x00, 0x00, 0x01,
  0xFF, 0xF0, 0x00, 0x00, 0x00, 0xFF, 0xF8, 0x00, 0x00, 0x00, 0x7F, 0xFC,
  0x00, 0x00, 0x00, 0x3F, 0xFE, 0x00, 0x00, 0x00, 0x1F, 0xFF, 0x00, 0x00,
  0x00, 0x0F, 0xFF, 0x80, 0x00, 0x00, 0x07, 0xFF, 0xC0, 0x00, 0x00, 0x03,
  0xFF, 0xE0, 0x00, 0x00, 0x01, 0xFF, 0xF0, 0x00, 0x00, 0x00, 0xFF, 0xF8,
  0x00, 0x00, 0x00, 0x7F, 0xFC, 0x00, 0x00, 0x00, 0x3F, 0xFE, 0x00, 0x00,
  0x00, 0x1F, 0xFF, 0x00, 0x00, 0x00, 0x0F, 0xFF, 0x80, 0x00, 0x00, 0x07,
  0xFF, 0xC0, 0x00, 0x00, 0x03, 0xFF, 0xE0, 0x00, 0x00, 0x01, 0xFF, 0xF0,
  0x00, 0x00, 0x00, 0xFF, 0xF8, 0x00, 0x1F, 0xFF, 0xFF, 0xFF, 0xFF, 0xFF,
  0xFF, 0xFF, 0xFF, 0xFF, 0xFF, 0xFF, 0xFF, 0xFF, 0xFF, 0xFF, 0xFF, 0xFF,
  0xFF, 0xFF, 0xFF, 0xFF, 0xFF, 0xFF, 0xFF, 0xFF, 0xFF, 0xFF, 0xFF, 0xFF,
  0xFF, 0xFF, 0xFF, 0xFF, 0xFF, 0xFF, 0xFF, 0xFF, 0xFF, 0xFF, 0xFF, 0xFF,
  0xFF, 0xFF, 0xFF, 0xFF, 0xFF, 0xFF, 0xFF, 0xFF, 0xFF, 0xFF, 0xFF, 0xFF,
  0xFF, 0xFF, 0xFF, 0xFF, 0xFF, 0xFF, 0xFF, 0xFF, 0xFF, 0xFF, 0xFF, 0xFF,
  0xFF, 0xFF, 0xFF, 0xFF, 0xFF, 0xFF, 0x80, 0x00, 0x00, 0x00, 0x00, 0x00,
  0x03, 0xC0, 0x00, 0x00, 0x00, 0x00, 0x00, 0x07, 0xFC, 0x00, 0x00, 0x00,
  0x00, 0x00, 0x0F, 0xFF, 0x00, 0x00, 0x00, 0x00, 0x00, 0x0F, 0xFF, 0xC0,
  0x00, 0x00, 0x00, 0x00, 0x0F, 0xFF, 0xF0, 0x00, 0x00, 0x00, 0x00, 0x07,
  0xFF, 0xFC, 0x00, 0x00, 0x00, 0x00, 0x07, 0xFF, 0xFE, 0x00, 0x00, 0x00,
  0x00, 0x03, 0xFF, 0xFF, 0x00, 0x00, 0x00, 0x00, 0x01, 0xFF, 0xFF, 0x80,
  0x00, 0x00, 0x00, 0x00, 0xFF, 0xFF, 0xC0, 0x00, 0x00, 0x00, 0x00, 0x7F,
  0xFF, 0xE0, 0x00, 0x00, 0x00, 0x00, 0x3F, 0xFF, 0xF0, 0x00, 0x00, 0x00,
  0x00, 0x1F, 0xFF, 0xF8, 0x00, 0x00, 0x00, 0x00, 0x07, 0xFF, 0xFC, 0x00,
  0x00, 0x00, 0x00, 0x03, 0xFF, 0xFC, 0x00, 0x00, 0x00, 0x00, 0x00, 0xFF,
  0xFC, 0x00, 0x00, 0x00, 0x00, 0x00, 0x3F, 0xFC, 0x00, 0x00, 0x00, 0x00,
  0x00, 0x07, 0xFC, 0x00, 0x00, 0x00, 0x00, 0x00, 0x00, 0xF0, 0x00, 0x00,
  0x00, 0x00, 0x00, 0x00, 0x00, 0x00, 0x00, 0x00, 0x00, 0x00, 0x00, 0x00,
  0x00, 0x00, 0x00, 0x00, 0x00, 0x00, 0x00, 0x00, 0x00, 0x00, 0x00, 0x00,
  0x00, 0x00, 0x00, 0x00, 0x00, 0x00, 0x00, 0x00, 0x00, 0x00, 0x00, 0x00,
  0x00, 0x00, 0x00, 0x00, 0x00, 0x00, 0x00, 0x00, 0x00, 0x00, 0x00, 0x00,
  0x00, 0x00, 0x00, 0x00, 0x00, 0x00, 0x00, 0x00, 0x00, 0x00, 0x00, 0x00,
  0x00, 0x00, 0x00, 0x00, 0x00, 0x00, 0x00, 0x00, 0x00, 0x00, 0x00, 0x00,
  0x00, 0x00, 0x00, 0x00, 0x00, 0x00, 0x00, 0x00, 0x00, 0x01, 0xFF, 0xF8,
  0x00, 0x00, 0x00, 0x00, 0x00, 0xFF, 0xFC, 0x00, 0x00, 0x00, 0x00, 0x00,
  0x7F, 0xFE, 0x00, 0x00, 0x00, 0x00, 0x00, 0x3F, 0xFF, 0x00, 0x00, 0x00,
  0x00, 0x00, 0x1F, 0xFF, 0x80, 0x00, 0x00, 0x00, 0x00, 0x0F, 0xFF, 0xC0,
  0x00, 0x00, 0x00, 0x00, 0x07, 0xFF, 0xE0, 0x00, 0x00, 0x00, 0x00, 0x03,
  0xFF, 0xF0, 0x00, 0x00, 0x00, 0x00, 0x01, 0xFF, 0xF8, 0x00, 0x00, 0x00,
  0x00, 0x00, 0xFF, 0xFC, 0x00, 0x00, 0x00, 0x00, 0x00, 0x7F, 0xFE, 0x00,
  0x00, 0x00, 0x00, 0x00, 0x3F, 0xFF, 0x00, 0x00, 0x00, 0x00, 0x00, 0x1F,
  0xFF, 0x80, 0x00, 0x00, 0x00, 0x00, 0x0F, 0xFF, 0xC0, 0x00, 0x00, 0x00,
  0x00, 0x07, 0xFF, 0xE0, 0x00, 0x00, 0x00, 0x00, 0x03, 0xFF, 0xF0, 0x00,
  0x00, 0x00, 0x00, 0x01, 0xFF, 0xF8, 0x00, 0x00, 0x00, 0x00, 0x00, 0xFF,
  0xFC, 0x00, 0x00, 0x00, 0x00, 0x00, 0x7F, 0xFE, 0x00, 0x00, 0x00, 0x00,
  0x00, 0x3F, 0xFF, 0x00, 0x00, 0x00, 0x00, 0x00, 0x1F, 0xFF, 0x80, 0x00,
  0x00, 0x00, 0x00, 0x0F, 0xFF, 0xC0, 0x00, 0x00, 0x00, 0x00, 0x07, 0xFF,
  0xE0, 0x00, 0x00, 0x00, 0x00, 0x03, 0xFF, 0xF0, 0x00, 0x00, 0x00, 0x00,
  0x01, 0xFF, 0xF8, 0x00, 0x00, 0x00, 0x00, 0x00, 0xFF, 0xFC, 0x00, 0x00,
  0x00, 0x00, 0x00, 0x7F, 0xFE, 0x00, 0x00, 0x00, 0x00, 0x00, 0x3F, 0xFF,
  0x00, 0x00, 0x00, 0x00, 0x00, 0x1F, 0xFF, 0x80, 0x00, 0x00, 0x00, 0x00,
  0x0F, 0xFF, 0xC0, 0x00, 0x00, 0x00, 0x00, 0x07, 0xFF, 0xE0, 0x00, 0x00,
  0x00, 0x00, 0x03, 0xFF, 0xF0, 0x00, 0x00, 0x00, 0x00, 0x01, 0xFF, 0xF8,
  0x00, 0x00, 0x00, 0x00, 0x00, 0xFF, 0xFC, 0x00, 0x00, 0x00, 0x00, 0x00,
  0x7F, 0xFE, 0x00, 0x00, 0x00, 0x00, 0x00, 0x3F, 0xFF, 0x00, 0x00, 0x00,
  0x00, 0x00, 0x1F, 0xFF, 0x80, 0x00, 0x00, 0x00, 0x00, 0x0F, 0xFF, 0xC0,
  0x00, 0x00, 0x00, 0x00, 0x07, 0xFF, 0xE0, 0x00, 0x00, 0x00, 0x00, 0x03,
  0xFF, 0xF0, 0x00, 0x00, 0x00, 0x00, 0x01, 0xFF, 0xF8, 0x00, 0x00, 0x00,
  0x00, 0x00, 0xFF, 0xFC, 0x00, 0x00, 0x00, 0x00, 0x00, 0x7F, 0xFE, 0x00,
  0x00, 0x00, 0x00, 0x00, 0x3F, 0xFF, 0x00, 0x00, 0x00, 0x00, 0x00, 0x1F,
  0xFF, 0x80, 0x00, 0x00, 0x00, 0x00, 0x0F, 0xFF, 0xC0, 0x00, 0x00, 0x00,
  0x00, 0x07, 0xFF, 0xE0, 0x00, 0x00, 0x00, 0x00, 0x03, 0xFF, 0xF0, 0x00,
  0x00, 0x00, 0x00, 0x01, 0xFF, 0xF8, 0x00, 0x00, 0x00, 0x00, 0x00, 0xFF,
  0xFC, 0x00, 0x00, 0x00, 0x00, 0x00, 0x7F, 0xFE, 0x00, 0x00, 0x00, 0x00,
  0x00, 0x3F, 0xFF, 0x00, 0x00, 0x00, 0x00, 0x00, 0x1F, 0xFF, 0x80, 0x00,
  0x00, 0x00, 0x00, 0x0F, 0xFF, 0xC0, 0x00, 0x00, 0x00, 0x00, 0x07, 0xFF,
  0xE0, 0x00, 0x00, 0x00, 0x00, 0x03, 0xFF, 0xF0, 0x00, 0x00, 0x00, 0x00,
  0x01, 0xFF, 0xF8, 0x00, 0x00, 0x00, 0x00, 0x00, 0xFF, 0xFC, 0x00, 0x00,
  0x00, 0x00, 0x00, 0x7F, 0xFE, 0x00, 0x00, 0x00, 0x00, 0x00, 0x3F, 0xFF,
  0x00, 0x00, 0x00, 0x00, 0x00, 0x1F, 0xFF, 0x80, 0x00, 0x00, 0x00, 0x00,
  0x0F, 0xFF, 0xC0, 0x00, 0x00, 0x00, 0x00, 0x07, 0xFF, 0xE0, 0x00, 0x00,
  0x00, 0x00, 0x03, 0xFF, 0xF0, 0x00, 0x00, 0x00, 0x00, 0x01, 0xFF, 0xF8,
  0x00, 0x00, 0x00, 0x00, 0x00, 0xFF, 0xFC, 0x00, 0x00, 0x00, 0x00, 0x00,
  0x7F, 0xFE, 0x00, 0x00, 0x00, 0x00, 0x00, 0x3F, 0xFF, 0x00, 0x00, 0x00,
  0x00, 0x00, 0x1F, 0xFF, 0x80, 0x00, 0x00, 0x00, 0x00, 0x0F, 0xFF, 0xC0,
  0x00, 0x00, 0x00, 0x00, 0x07, 0xFF, 0xE0, 0x00, 0x00, 0x00, 0x00, 0x03,
  0xFF, 0xF0, 0x00, 0x00, 0x00, 0x00, 0x01, 0xFF, 0xF8, 0x00, 0x00, 0x00,
  0x00, 0x00, 0xFF, 0xFC, 0x00, 0x00, 0x00, 0x00, 0x00, 0x7F, 0xFE, 0x00,
  0x00, 0x00, 0x00, 0x00, 0x3F, 0xFF, 0x00, 0x00, 0x00, 0x00, 0x00, 0x1F,
  0xFF, 0x80, 0x00, 0x00, 0x00, 0x00, 0x0F, 0xFF, 0xC0, 0x00, 0x00, 0x00,
  0x00, 0x07, 0xFF, 0xE0, 0x00, 0x00, 0x00, 0x00, 0x03, 0xFF, 0xF0, 0x00,
  0x00, 0x00, 0x00, 0x01, 0xFF, 0xF8, 0x00, 0x00, 0x00, 0x00, 0x00, 0xFF,
  0xFC, 0x00, 0x00, 0x00, 0x00, 0x00, 0x7F, 0xFE, 0x00, 0x00, 0x00, 0x00,
  0x00, 0x3F, 0xFF, 0x00, 0x00, 0x00, 0x00, 0x00, 0x1F, 0xFF, 0x80, 0x00,
  0x00, 0x00, 0x00, 0x0F, 0xFF, 0xC0, 0x00, 0x00, 0x00, 0x00, 0x07, 0xFF,
  0xE0, 0x00, 0x00, 0x00, 0x00, 0x03, 0xFF, 0xF0, 0x00, 0x00, 0x00, 0x00,
  0x03, 0xFF, 0xF8, 0x00, 0x00, 0x00, 0x00, 0x01, 0xFF, 0xF8, 0x00, 0x00,
  0x00, 0x00, 0x01, 0xFF, 0xFC, 0x00, 0x38, 0x00, 0x00, 0x01, 0xFF, 0xFE,
  0x00, 0x3E, 0x00, 0x00, 0x01, 0xFF, 0xFE, 0x00, 0x3F, 0xC0, 0x00, 0x01,
  0xFF, 0xFF, 0x00, 0x3F, 0xF8, 0x00, 0x01, 0xFF, 0xFF, 0x80, 0x3F, 0xFF,
  0x00, 0x03, 0xFF, 0xFF, 0x80, 0x3F, 0xFF, 0xF8, 0x0F, 0xFF, 0xFF, 0xC0,
  0x3F, 0xFF, 0xFF, 0xFF, 0xFF, 0xFF, 0xC0, 0x3F, 0xFF, 0xFF, 0xFF, 0xFF,
  0xFF, 0xC0, 0x3F, 0xFF, 0xFF, 0xFF, 0xFF, 0xFF, 0xE0, 0x3F, 0xFF, 0xFF,
  0xFF, 0xFF, 0xFF, 0xE0, 0x0F, 0xFF, 0xFF, 0xFF, 0xFF, 0xFF, 0xE0, 0x03,
  0xFF, 0xFF, 0xFF, 0xFF, 0xFF, 0xE0, 0x00, 0xFF, 0xFF, 0xFF, 0xFF, 0xFF,
  0xE0, 0x00, 0x1F, 0xFF, 0xFF, 0xFF, 0xFF, 0xE0, 0x00, 0x07, 0xFF, 0xFF,
  0xFF, 0xFF, 0xC0, 0x00, 0x00, 0xFF, 0xFF, 0xFF, 0xFF, 0xC0, 0x00, 0x00,
  0x1F, 0xFF, 0xFF, 0xFF, 0x80, 0x00, 0x00, 0x01, 0xFF, 0xFF, 0xFF, 0x00,
  0x00, 0x00, 0x00, 0x1F, 0xFF, 0xF8, 0x00, 0x00, 0x00, 0x00, 0x00, 0x1F,
  0x00, 0x00, 0x00, 0x00, 0xFF, 0xFC, 0x00, 0x00, 0x00, 0x00, 0x01, 0xFF,
  0xF8, 0x00, 0x00, 0x00, 0x00, 0x03, 0xFF, 0xF0, 0x00, 0x00, 0x00, 0x00,
  0x07, 0xFF, 0xE0, 0x00, 0x00, 0x00, 0x00, 0x0F, 0xFF, 0xC0, 0x00, 0x00,
  0x00, 0x00, 0x1F, 0xFF, 0x80, 0x00, 0x00, 0x00, 0x00, 0x3F, 0xFF, 0x00,
  0x00, 0x00, 0x00, 0x00, 0x7F, 0xFE, 0x00, 0x00, 0x00, 0x00, 0x00, 0xFF,
  0xFC, 0x00, 0x00, 0x00, 0x00, 0x01, 0xFF, 0xF8, 0x00, 0x00, 0x00, 0x00,
  0x03, 0xFF, 0xF0, 0x00, 0x00, 0x00, 0x00, 0x07, 0xFF, 0xE0, 0x00, 0x00,
  0x00, 0x00, 0x0F, 0xFF, 0xC0, 0x00, 0x00, 0x00, 0x00, 0x1F, 0xFF, 0x80,
  0x00, 0x00, 0x00, 0x00, 0x3F, 0xFF, 0x00, 0x00, 0x00, 0x00, 0x00, 0x7F,
  0xFE, 0x00, 0x00, 0x00, 0x00, 0x00, 0xFF, 0xFC, 0x00, 0x00, 0x00, 0x00,
  0x01, 0xFF, 0xF8, 0x00, 0x00, 0x00, 0x00, 0x03, 0xFF, 0xF0, 0x00, 0x00,
  0x00, 0x00, 0x07, 0xFF, 0xE0, 0x00, 0x00, 0x00, 0x00, 0x0F, 0xFF, 0xC0,
  0x00, 0x00, 0x00, 0x00, 0x1F, 0xFF, 0x80, 0x00, 0x00, 0x00, 0x00, 0x3F,
  0xFF, 0x00, 0x00, 0x00, 0x00, 0x00, 0x7F, 0xFE, 0x00, 0x00, 0x00, 0x00,
  0x00, 0xFF, 0xFC, 0x00, 0x00, 0x00, 0x00, 0x01, 0xFF, 0xF8, 0x00, 0x00,
  0x00, 0x00, 0x03, 0xFF, 0xF0, 0x00, 0x00, 0x00, 0x00, 0x07, 0xFF, 0xE0,
  0x00, 0x00, 0x07, 0xFF, 0xFF, 0xFF, 0xC0, 0x00, 0x00, 0x1F, 0xFF, 0xDF,
  0xFF, 0x80, 0x00, 0x00, 0x7F, 0xFF, 0xBF, 0xFF, 0x00, 0x00, 0x00, 0xFF,
  0xFE, 0x7F, 0xFE, 0x00, 0x00, 0x03, 0xFF, 0xF8, 0xFF, 0xFC, 0x00, 0x00,
  0x0F, 0xFF, 0xF1, 0xFF, 0xF8, 0x00, 0x00, 0x1F, 0xFF, 0xC3, 0xFF, 0xF0,
  0x00, 0x00, 0x7F, 0xFF, 0x07, 0xFF, 0xE0, 0x00, 0x00, 0xFF, 0xFE, 0x0F,
  0xFF, 0xC0, 0x00, 0x03, 0xFF, 0xF8, 0x1F, 0xFF, 0x80, 0x00, 0x0F, 0xFF,
  0xE0, 0x3F, 0xFF, 0x00, 0x00, 0x1F, 0xFF, 0xC0, 0x7F, 0xFE, 0x00, 0x00,
  0x7F, 0xFF, 0x00, 0xFF, 0xFC, 0x00, 0x01, 0xFF, 0xFE, 0x01, 0xFF, 0xF8,
  0x00, 0x03, 0xFF, 0xF8, 0x03, 0xFF, 0xF0, 0x00, 0x0F, 0xFF, 0xE0, 0x07,
  0xFF, 0xE0, 0x00, 0x3F, 0xFF, 0xC0, 0x0F, 0xFF, 0xC0, 0x00, 0x7F, 0xFF,
  0x00, 0x1F, 0xFF, 0x80, 0x01, 0xFF, 0xFC, 0x00, 0x3F, 0xFF, 0x00, 0x03,
  0xFF, 0xF8, 0x00, 0x7F, 0xFE, 0x00, 0x0F, 0xFF, 0xE0, 0x00, 0xFF, 0xFC,
  0x00, 0x3F, 0xFF, 0x80, 0x01, 0xFF, 0xF8, 0x00, 0x7F, 0xFF, 0x00, 0x03,
  0xFF, 0xF0, 0x01, 0xFF, 0xFC, 0x00, 0x07, 0xFF, 0xE0, 0x07, 0xFF, 0xF0,
  0x00, 0x0F, 0xFF, 0xC0, 0x0F, 0xFF, 0xE0, 0x00, 0x1F, 0xFF, 0x80, 0x3F,
  0xFF, 0x80, 0x00, 0x3F, 0xFF, 0x00, 0x7F, 0xFE, 0x00, 0x00, 0x7F, 0xFE,
  0x01, 0xFF, 0xFC, 0x00, 0x00, 0xFF, 0xFC, 0x07, 0xFF, 0xF0, 0x00, 0x01,
  0xFF, 0xF8, 0x0F, 0xFF, 0xE0, 0x00, 0x03, 0xFF, 0xF0, 0x3F, 0xFF, 0x80,
  0x00, 0x07, 0xFF, 0xE0, 0xFF, 0xFE, 0x00, 0x00, 0x0F, 0xFF, 0xC1, 0xFF,
  0xFC, 0x00, 0x00, 0x1F, 0xFF, 0x87, 0xFF, 0xF0, 0x00, 0x00, 0x3F, 0xFF,
  0x0F, 0xFF, 0xC0, 0x00, 0x00, 0x7F, 0xFE, 0x3F, 0xFF, 0x80, 0x00, 0x00,
  0xFF, 0xFC, 0xFF, 0xFE, 0x00, 0x00, 0x01, 0xFF, 0xF9, 0xFF, 0xFC, 0x00,
  0x00, 0x03, 0xFF, 0xF7, 0xFF, 0xF8, 0x00, 0x00, 0x07, 0xFF, 0xFF, 0xFF,
  0xF8, 0x00, 0x00, 0x0F, 0xFF, 0xFF, 0xFF, 0xF0, 0x00, 0x00, 0x1F, 0xFF,
  0xFF, 0xFF, 0xF0, 0x00, 0x00, 0x3F, 0xFF, 0xFF, 0xFF, 0xF0, 0x00, 0x00,
  0x7F, 0xFF, 0xFF, 0xFF, 0xE0, 0x00, 0x00, 0xFF, 0xFF, 0xFF, 0xFF, 0xE0,
  0x00, 0x01, 0xFF, 0xFF, 0xFF, 0xFF, 0xC0, 0x00, 0x03, 0xFF, 0xFF, 0xFF,
  0xFF, 0xC0, 0x00, 0x07, 0xFF, 0xFF, 0xFF, 0xFF, 0x80, 0x00, 0x0F, 0xFF,
  0xFF, 0x3F, 0xFF, 0x80, 0x00, 0x1F, 0xFF, 0xFC, 0x7F, 0xFF, 0x00, 0x00,
  0x3F, 0xFF, 0xF8, 0x7F, 0xFF, 0x00, 0x00, 0x7F, 0xFF, 0xE0, 0xFF, 0xFE,
  0x00, 0x00, 0xFF, 0xFF, 0x80, 0xFF, 0xFE, 0x00, 0x01, 0xFF, 0xFF, 0x01,
  0xFF, 0xFE, 0x00, 0x03, 0xFF, 0xFC, 0x01, 0xFF, 0xFC, 0x00, 0x07, 0xFF,
  0xF0, 0x03, 0xFF, 0xFC, 0x00, 0x0F, 0xFF, 0xE0, 0x03, 0xFF, 0xF8, 0x00,
  0x1F, 0xFF, 0x80, 0x03, 0xFF, 0xF8, 0x00, 0x3F, 0xFF, 0x00, 0x07, 0xFF,
  0xF0, 0x00, 0x7F, 0xFE, 0x00, 0x07, 0xFF, 0xF0, 0x00, 0xFF, 0xFC, 0x00,
  0x0F, 0xFF, 0xE0, 0x01, 0xFF, 0xF8, 0x00, 0x0F, 0xFF, 0xE0, 0x03, 0xFF,
  0xF0, 0x00, 0x1F, 0xFF, 0xC0, 0x07, 0xFF, 0xE0, 0x00, 0x1F, 0xFF, 0xC0,
  0x0F, 0xFF, 0xC0, 0x00, 0x3F, 0xFF, 0xC0, 0x1F, 0xFF, 0x80, 0x00, 0x3F,
  0xFF, 0x80, 0x3F, 0xFF, 0x00, 0x00, 0x7F, 0xFF, 0x80, 0x7F, 0xFE, 0x00,
  0x00, 0x7F, 0xFF, 0x00, 0xFF, 0xFC, 0x00, 0x00, 0xFF, 0xFF, 0x01, 0xFF,
  0xF8, 0x00, 0x00, 0xFF, 0xFE, 0x03, 0xFF, 0xF0, 0x00, 0x00, 0xFF, 0xFE,
  0x07, 0xFF, 0xE0, 0x00, 0x01, 0xFF, 0xFC, 0x0F, 0xFF, 0xC0, 0x00, 0x01,
  0xFF, 0xFC, 0x1F, 0xFF, 0x80, 0x00, 0x03, 0xFF, 0xF8, 0x3F, 0xFF, 0x00,
  0x00, 0x03, 0xFF, 0xF8, 0x7F, 0xFE, 0x00, 0x00, 0x07, 0xFF, 0xF8, 0xFF,
  0xFC, 0x00, 0x00, 0x07, 0xFF, 0xF1, 0xFF, 0xF8, 0x00, 0x00, 0x0F, 0xFF,
  0xF3, 0xFF, 0xF0, 0x00, 0x00, 0x0F, 0xFF, 0xE7, 0xFF, 0xE0, 0x00, 0x00,
  0x1F, 0xFF, 0xEF, 0xFF, 0xC0, 0x00, 0x00, 0x1F, 0xFF, 0xDF, 0xFF, 0x80,
  0x00, 0x00, 0x3F, 0xFF, 0xC0, 0xFF, 0xFF, 0xFF, 0xE0, 0x00, 0x7F, 0xFF,
  0xFF, 0xF0, 0x00, 0x3F, 0xFF, 0xFF, 0xF8, 0x00, 0x1F, 0xFF, 0xFF, 0xFC,
  0x00, 0x0F, 0xFF, 0xFF, 0xFE, 0x00, 0x07, 0xFF, 0xFF, 0xFF, 0x00, 0x03,
  0xFF, 0xFF, 0xFF, 0x80, 0x01, 0xFF, 0xFF, 0xFF, 0xC0, 0x00, 0xFF, 0xFF,
  0xFF, 0xE0, 0x00, 0x7F, 0xFF, 0xFF, 0xF0, 0x00, 0x3F, 0xFF, 0xFF, 0xF8,
  0x00, 0x1F, 0xFF, 0xFF, 0xFC, 0x00, 0x0F, 0xFF, 0xFF, 0xFE, 0x00, 0x00,
  0x00, 0x1F, 0xFF, 0x00, 0x00, 0x00, 0x0F, 0xFF, 0x80, 0x00, 0x00, 0x07,
  0xFF, 0xC0, 0x00, 0x00, 0x03, 0xFF, 0xE0, 0x00, 0x00, 0x01, 0xFF, 0xF0,
  0x00, 0x00, 0x00, 0xFF, 0xF8, 0x00, 0x00, 0x00, 0x7F, 0xFC, 0x00, 0x00,
  0x00, 0x3F, 0xFE, 0x00, 0x00, 0x00, 0x1F, 0xFF, 0x00, 0x00, 0x00, 0x0F,
  0xFF, 0x80, 0x00, 0x00, 0x07, 0xFF, 0xC0, 0x00, 0x00, 0x03, 0xFF, 0xE0,
  0x00, 0x00, 0x01, 0xFF, 0xF0, 0x00, 0x00, 0x00, 0xFF, 0xF8, 0x00, 0x00,
  0x00, 0x7F, 0xFC, 0x00, 0x00, 0x00, 0x3F, 0xFE, 0x00, 0x00, 0x00, 0x1F,
  0xFF, 0x00, 0x00, 0x00, 0x0F, 0xFF, 0x80, 0x00, 0x00, 0x07, 0xFF, 0xC0,
  0x00, 0x00, 0x03, 0xFF, 0xE0, 0x00, 0x00, 0x01, 0xFF, 0xF0, 0x00, 0x00,
  0x00, 0xFF, 0xF8, 0x00, 0x00, 0x00, 0x7F, 0xFC, 0x00, 0x00, 0x00, 0x3F,
  0xFE, 0x00, 0x00, 0x00, 0x1F, 0xFF, 0x00, 0x00, 0x00, 0x0F, 0xFF, 0x80,
  0x00, 0x00, 0x07, 0xFF, 0xC0, 0x00, 0x00, 0x03, 0xFF, 0xE0, 0x00, 0x00,
  0x01, 0xFF, 0xF0, 0x00, 0x00, 0x00, 0xFF, 0xF8, 0x00, 0x00, 0x00, 0x7F,
  0xFC, 0x00, 0x00, 0x00, 0x3F, 0xFE, 0x00, 0x00, 0x00, 0x1F, 0xFF, 0x00,
  0x00, 0x00, 0x0F, 0xFF, 0x80, 0x00, 0x00, 0x07, 0xFF, 0xC0, 0x00, 0x00,
  0x03, 0xFF, 0xE0, 0x00, 0x00, 0x01, 0xFF, 0xF0, 0x00, 0x00, 0x00, 0xFF,
  0xF8, 0x00, 0x00, 0x00, 0x7F, 0xFC, 0x00, 0x00, 0x00, 0x3F, 0xFE, 0x00,
  0x00, 0x00, 0x1F, 0xFF, 0x00, 0x00, 0x00, 0x0F, 0xFF, 0x80, 0x00, 0x00,
  0x07, 0xFF, 0xC0, 0x00, 0x00, 0x03, 0xFF, 0xE0, 0x00, 0x00, 0x01, 0xFF,
  0xF0, 0x00, 0x00, 0x00, 0xFF, 0xF8, 0x00, 0x00, 0x00, 0x7F, 0xFC, 0x00,
  0x00, 0x00, 0x3F, 0xFE, 0x00, 0x00, 0x00, 0x1F, 0xFF, 0x00, 0x00, 0x00,
  0x0F, 0xFF, 0x80, 0x00, 0x00, 0x07, 0xFF, 0xC0, 0x00, 0x00, 0x03, 0xFF,
  0xE0, 0x00, 0x00, 0x01, 0xFF, 0xF0, 0x00, 0x00, 0x00, 0xFF, 0xF8, 0x00,
  0x00, 0x00, 0x7F, 0xFC, 0x00, 0x00, 0x00, 0x3F, 0xFE, 0x00, 0x00, 0x00,
  0x1F, 0xFF, 0x00, 0x00, 0x00, 0x0F, 0xFF, 0x80, 0x00, 0x00, 0x07, 0xFF,
  0xC0, 0x00, 0x00, 0x03, 0xFF, 0xE0, 0x00, 0x00, 0x01, 0xFF, 0xF0, 0x00,
  0x00, 0x00, 0xFF, 0xF8, 0x00, 0x00, 0x00, 0x7F, 0xFC, 0x00, 0x00, 0x00,
  0x3F, 0xFE, 0x00, 0x00, 0x00, 0x1F, 0xFF, 0x00, 0x00, 0x00, 0x0F, 0xFF,
  0x80, 0x00, 0x00, 0x07, 0xFF, 0xC0, 0x00, 0x00, 0x03, 0xFF, 0xE0, 0x00,
  0x00, 0x01, 0xFF, 0xF0, 0x00, 0x00, 0x00, 0xFF, 0xF8, 0x00, 0x00, 0x00,
  0x7F, 0xFC, 0x00, 0x00, 0x00, 0x3F, 0xFE, 0x00, 0x00, 0x00, 0x1F, 0xFF,
  0x00, 0x00, 0x00, 0x0F, 0xFF, 0x80, 0x00, 0x00, 0x07, 0xFF, 0xC0, 0x00,
  0x00, 0x03, 0xFF, 0xE0, 0x00, 0x00, 0x01, 0xFF, 0xF0, 0x00, 0x00, 0x00,
  0xFF, 0xF8, 0x00, 0x00, 0x00, 0x7F, 0xFC, 0x00, 0x00, 0x00, 0x3F, 0xFE,
  0x00, 0x00, 0x00, 0x1F, 0xFF, 0x00, 0x00, 0x00, 0x0F, 0xFF, 0x80, 0x00,
  0x00, 0x07, 0xFF, 0xC0, 0x00, 0xFF, 0xFF, 0xFF, 0xFF, 0xFF, 0xFF, 0xFF,
  0xFF, 0xFF, 0xFF, 0xFF, 0xFF, 0xFF, 0xFF, 0xFF, 0xFF, 0xFF, 0xFF, 0xFF,
  0xFF, 0xFF, 0xFF, 0xFF, 0xFF, 0xFF, 0xFF, 0xFF, 0xFF, 0xFF, 0xFF, 0xFF,
  0xFF, 0xFF, 0xFF, 0xFF, 0xFF, 0xFF, 0xFF, 0xFF, 0xFF, 0xFF, 0xFF, 0xFF,
  0xFF, 0xFF, 0xFF, 0xFF, 0xFF, 0xFF, 0xFF, 0xFF, 0xFF, 0xFF, 0xFF, 0xFF,
  0xFF, 0xFF, 0xFF, 0xFF, 0xFF, 0xFF, 0xFF, 0xFF, 0xFF, 0xFF, 0xFF, 0xFF,
  0xFF, 0xFF, 0xFF, 0xFF, 0xFC, 0xFF, 0xFC, 0x03, 0xE0, 0x00, 0x07, 0xE0,
  0x01, 0xFF, 0xF8, 0x1F, 0xF8, 0x00, 0x3F, 0xF8, 0x03, 0xFF, 0xF0, 0xFF,
  0xF8, 0x01, 0xFF, 0xFC, 0x07, 0xFF, 0xE3, 0xFF, 0xF8, 0x07, 0xFF, 0xFC,
  0x0F, 0xFF, 0xC7, 0xFF, 0xF8, 0x1F, 0xFF, 0xFC, 0x1F, 0xFF, 0x9F, 0xFF,
  0xF0, 0x7F, 0xFF, 0xF8, 0x3F, 0xFF, 0x3F, 0xFF, 0xF0, 0xFF, 0xFF, 0xF8,
  0x7F, 0xFE, 0xFF, 0xFF, 0xE3, 0xFF, 0xFF, 0xF0, 0xFF, 0xFD, 0xFF, 0xFF,
  0xC7, 0xFF, 0xFF, 0xF1, 0xFF, 0xFB, 0xFF, 0xFF, 0x9F, 0xFF, 0xFF, 0xE3,
  0xFF, 0xF7, 0xFF, 0xFF, 0xBF, 0xFF, 0xFF, 0xC7, 0xFF, 0xFF, 0xFF, 0xFF,
  0x7F, 0xFF, 0xFF, 0xCF, 0xFF, 0xFF, 0xFF, 0xFF, 0xFF, 0xFF, 0xFF, 0x9F,
  0xFF, 0xFF, 0xFF, 0xFF, 0xFF, 0xFF, 0xFF, 0x3F, 0xFF, 0xF1, 0xFF, 0xFF,
  0xF1, 0xFF, 0xFE, 0x7F, 0xFF, 0xC1, 0xFF, 0xFF, 0xC1, 0xFF, 0xFC, 0xFF,
  0xFF, 0x01, 0xFF, 0xFF, 0x01, 0xFF, 0xFD, 0xFF, 0xFE, 0x03, 0xFF, 0xFE,
  0x03, 0xFF, 0xFB, 0xFF, 0xFC, 0x03, 0xFF, 0xFC, 0x07, 0xFF, 0xF7, 0xFF,
  0xF0, 0x07, 0xFF, 0xF0, 0x07, 0xFF, 0xEF, 0xFF, 0xE0, 0x0F, 0xFF, 0xE0,
  0x0F, 0xFF, 0xDF, 0xFF, 0xC0, 0x1F, 0xFF, 0xC0, 0x1F, 0xFF, 0xBF, 0xFF,
  0x80, 0x3F, 0xFF, 0x80, 0x3F, 0xFF, 0x7F, 0xFE, 0x00, 0x7F, 0xFF, 0x00,
  0x7F, 0xFE, 0xFF, 0xFC, 0x00, 0xFF, 0xFE, 0x00, 0x7F, 0xFD, 0xFF, 0xF8,
  0x00, 0xFF, 0xF8, 0x00, 0xFF, 0xFF, 0xFF, 0xF0, 0x01, 0xFF, 0xF0, 0x01,
  0xFF, 0xFF, 0xFF, 0xE0, 0x03, 0xFF, 0xE0, 0x03, 0xFF, 0xFF, 0xFF, 0xC0,
  0x07, 0xFF, 0xC0, 0x07, 0xFF, 0xFF, 0xFF, 0x80, 0x0F, 0xFF, 0x80, 0x0F,
  0xFF, 0xFF, 0xFF, 0x00, 0x1F, 0xFF, 0x00, 0x1F, 0xFF, 0xFF, 0xFE, 0x00,
  0x3F, 0xFE, 0x00, 0x3F, 0xFF, 0xFF, 0xFC, 0x00, 0x7F, 0xFC, 0x00, 0x7F,
  0xFF, 0xFF, 0xF8, 0x00, 0xFF, 0xF8, 0x00, 0xFF, 0xFF, 0xFF, 0xF0, 0x01,
  0xFF, 0xF0, 0x01, 0xFF, 0xFF, 0xFF, 0xE0, 0x03, 0xFF, 0xE0, 0x03, 0xFF,
  0xFF, 0xFF, 0xC0, 0x07, 0xFF, 0xC0, 0x07, 0xFF, 0xFF, 0xFF, 0x80, 0x0F,
  0xFF, 0x80, 0x0F, 0xFF, 0xFF, 0xFF, 0x00, 0x1F, 0xFF, 0x00, 0x1F, 0xFF,
  0xFF, 0xFE, 0x00, 0x3F, 0xFE, 0x00, 0x3F, 0xFF, 0xFF, 0xFC, 0x00, 0x7F,
  0xFC, 0x00, 0x7F, 0xFF, 0xFF, 0xF8, 0x00, 0xFF, 0xF8, 0x00, 0xFF, 0xFF,
  0xFF, 0xF0, 0x01, 0xFF, 0xF0, 0x01, 0xFF, 0xFF, 0xFF, 0xE0, 0x03, 0xFF,
  0xE0, 0x03, 0xFF, 0xFF, 0xFF, 0xC0, 0x07, 0xFF, 0xC0, 0x07, 0xFF, 0xFF,
  0xFF, 0x80, 0x0F, 0xFF, 0x80, 0x0F, 0xFF, 0xFF, 0xFF, 0x00, 0x1F, 0xFF,
  0x00, 0x1F, 0xFF, 0xFF, 0xFE, 0x00, 0x3F, 0xFE, 0x00, 0x3F, 0xFF, 0xFF,
  0xFC, 0x00, 0x7F, 0xFC, 0x00, 0x7F, 0xFF, 0xFF, 0xF8, 0x00, 0xFF, 0xF8,
  0x00, 0xFF, 0xFF, 0xFF, 0xF0, 0x01, 0xFF, 0xF0, 0x01, 0xFF, 0xFF, 0xFF,
  0xE0, 0x03, 0xFF, 0xE0, 0x03, 0xFF, 0xFF, 0xFF, 0xC0, 0x07, 0xFF, 0xC0,
  0x07, 0xFF, 0xFF, 0xFF, 0x80, 0x0F, 0xFF, 0x80, 0x0F, 0xFF, 0xFF, 0xFF,
  0x00, 0x1F, 0xFF, 0x00, 0x1F, 0xFF, 0xFF, 0xFE, 0x00, 0x3F, 0xFE, 0x00,
  0x3F, 0xFF, 0xFF, 0xFC, 0x00, 0x7F, 0xFC, 0x00, 0x7F, 0xFF, 0xFF, 0xF8,
  0x00, 0xFF, 0xF8, 0x00, 0xFF, 0xFF, 0xFF, 0xF0, 0x01, 0xFF, 0xF0, 0x01,
  0xFF, 0xFF, 0xFF, 0xE0, 0x03, 0xFF, 0xE0, 0x03, 0xFF, 0xFF, 0xFF, 0xC0,
  0x07, 0xFF, 0xC0, 0x07, 0xFF, 0xFF, 0xFF, 0x80, 0x0F, 0xFF, 0x80, 0x0F,
  0xFF, 0xFF, 0xFF, 0x00, 0x1F, 0xFF, 0x00, 0x1F, 0xFF, 0xFF, 0xFE, 0x00,
  0x3F, 0xFE, 0x00, 0x3F, 0xFF, 0xFF, 0xFC, 0x00, 0x7F, 0xFC, 0x00, 0x7F,
  0xFF, 0xFF, 0xF8, 0x00, 0xFF, 0xF8, 0x00, 0xFF, 0xFF, 0xFF, 0xF0, 0x01,
  0xFF, 0xF0, 0x01, 0xFF, 0xFF, 0xFF, 0xE0, 0x03, 0xFF, 0xE0, 0x03, 0xFF,
  0xFF, 0xFF, 0xC0, 0x07, 0xFF, 0xC0, 0x07, 0xFF, 0xFF, 0xFF, 0x80, 0x0F,
  0xFF, 0x80, 0x0F, 0xFF, 0xFF, 0xFF, 0x00, 0x1F, 0xFF, 0x00, 0x1F, 0xFF,
  0xFF, 0xFE, 0x00, 0x3F, 0xFE, 0x00, 0x3F, 0xFF, 0xFF, 0xFC, 0x00, 0x7F,
  0xFC, 0x00, 0x7F, 0xFF, 0xFF, 0xF8, 0x00, 0xFF, 0xF8, 0x00, 0xFF, 0xFF,
  0xFF, 0xF0, 0x01, 0xFF, 0xF0, 0x01, 0xFF, 0xFF, 0xFF, 0xE0, 0x03, 0xFF,
  0xE0, 0x03, 0xFF, 0xFF, 0xFF, 0xC0, 0x07, 0xFF, 0xC0, 0x07, 0xFF, 0xFF,
  0xFF, 0x80, 0x0F, 0xFF, 0x80, 0x0F, 0xFF, 0xFF, 0xFF, 0x00, 0x1F, 0xFF,
  0x00, 0x1F, 0xFF, 0xFF, 0xFE, 0x00, 0x3F, 0xFE, 0x00, 0x3F, 0xFF, 0xFF,
  0xFC, 0x00, 0x7F, 0xFC, 0x00, 0x7F, 0xFF, 0xFF, 0xF8, 0x00, 0xFF, 0xF8,
  0x00, 0xFF, 0xFF, 0xFF, 0xF0, 0x01, 0xFF, 0xF0, 0x01, 0xFF, 0xF8, 0xFF,
  0xFC, 0x00, 0x1F, 0xE0, 0x00, 0x01, 0xFF, 0xF8, 0x07, 0xFF, 0xFC, 0x00,
  0x03, 0xFF, 0xF0, 0x3F, 0xFF, 0xFE, 0x00, 0x07, 0xFF, 0xE0, 0xFF, 0xFF,
  0xFF, 0x00, 0x0F, 0xFF, 0xC3, 0xFF, 0xFF, 0xFF, 0x00, 0x1F, 0xFF, 0x8F,
  0xFF, 0xFF, 0xFF, 0x00, 0x3F, 0xFF, 0x3F, 0xFF, 0xFF, 0xFF, 0x00, 0x7F,
  0xFE, 0xFF, 0xFF, 0xFF, 0xFF, 0x00, 0xFF, 0xFD, 0xFF, 0xFF, 0xFF, 0xFF,
  0x01, 0xFF, 0xFF, 0xFF, 0xFF, 0xFF, 0xFF, 0x03, 0xFF, 0xFF, 0xFF, 0xFF,
  0xFF, 0xFF, 0x07, 0xFF, 0xFF, 0xFF, 0xFF, 0xFF, 0xFE, 0x0F, 0xFF, 0xFF,
  0xFF, 0xFF, 0xFF, 0xFE, 0x1F, 0xFF, 0xFF, 0xFF, 0xFF, 0xFF, 0xFE, 0x3F,
  0xFF, 0xFF, 0xC0, 0x7F, 0xFF, 0xFC, 0x7F, 0xFF, 0xFC, 0x00, 0x1F, 0xFF,
  0xFC, 0xFF, 0xFF, 0xF0, 0x00, 0x1F, 0xFF, 0xF9, 0xFF, 0xFF, 0x80, 0x00,
  0x0F, 0xFF, 0xF3, 0xFF, 0xFE, 0x00, 0x00, 0x0F, 0xFF, 0xF7, 0xFF, 0xFC,
  0x00, 0x00, 0x1F, 0xFF, 0xEF, 0xFF, 0xF0, 0x00, 0x00, 0x1F, 0xFF, 0xDF,
  0xFF, 0xC0, 0x00, 0x00, 0x1F, 0xFF, 0xFF, 0xFF, 0x80, 0x00, 0x00, 0x3F,
  0xFF, 0xFF, 0xFE, 0x00, 0x00, 0x00, 0x3F, 0xFF, 0xFF, 0xFC, 0x00, 0x00,
  0x00, 0x7F, 0xFF, 0xFF, 0xF8, 0x00, 0x00, 0x00, 0xFF, 0xFF, 0xFF, 0xF0,
  0x00, 0x00, 0x01, 0xFF, 0xFF, 0xFF, 0xE0, 0x00, 0x00, 0x03, 0xFF, 0xFF,
  0xFF, 0xC0, 0x00, 0x00, 0x07, 0xFF, 0xFF, 0xFF, 0x80, 0x00, 0x00, 0x0F,
  0xFF, 0xFF, 0xFF, 0x00, 0x00, 0x00, 0x1F, 0xFF, 0xFF, 0xFE, 0x00, 0x00,
  0x00, 0x3F, 0xFF, 0xFF, 0xFC, 0x00, 0x00, 0x00, 0x7F, 0xFF, 0xFF, 0xF8,
  0x00, 0x00, 0x00, 0xFF, 0xFF, 0xFF, 0xF0, 0x00, 0x00, 0x01, 0xFF, 0xFF,
  0xFF, 0xE0, 0x00, 0x00, 0x03, 0xFF, 0xFF, 0xFF, 0xC0, 0x00, 0x00, 0x07,
  0xFF, 0xFF, 0xFF, 0x80, 0x00, 0x00, 0x0F, 0xFF, 0xFF, 0xFF, 0x00, 0x00,
  0x00, 0x1F, 0xFF, 0xFF, 0xFE, 0x00, 0x00, 0x00, 0x3F, 0xFF, 0xFF, 0xFC,
  0x00, 0x00, 0x00, 0x7F, 0xFF, 0xFF, 0xF8, 0x00, 0x00, 0x00, 0xFF, 0xFF,
  0xFF, 0xF0, 0x00, 0x00, 0x01, 0xFF, 0xFF, 0xFF, 0xE0, 0x00, 0x00, 0x03,
  0xFF, 0xFF, 0xFF, 0xC0, 0x00, 0x00, 0x07, 0xFF, 0xFF, 0xFF, 0x80, 0x00,
  0x00, 0x0F, 0xFF, 0xFF, 0xFF, 0x00, 0x00, 0x00, 0x1F, 0xFF, 0xFF, 0xFE,
  0x00, 0x00, 0x00, 0x3F, 0xFF, 0xFF, 0xFC, 0x00, 0x00, 0x00, 0x7F, 0xFF,
  0xFF, 0xF8, 0x00, 0x00, 0x00, 0xFF, 0xFF, 0xFF, 0xF0, 0x00, 0x00, 0x01,
  0xFF, 0xFF, 0xFF, 0xE0, 0x00, 0x00, 0x03, 0xFF, 0xFF, 0xFF, 0xC0, 0x00,
  0x00, 0x07, 0xFF, 0xFF, 0xFF, 0x80, 0x00, 0x00, 0x0F, 0xFF, 0xFF, 0xFF,
  0x00, 0x00, 0x00, 0x1F, 0xFF, 0xFF, 0xFE, 0x00, 0x00, 0x00, 0x3F, 0xFF,
  0xFF, 0xFC, 0x00, 0x00, 0x00, 0x7F, 0xFF, 0xFF, 0xF8, 0x00, 0x00, 0x00,
  0xFF, 0xFF, 0xFF, 0xF0, 0x00, 0x00, 0x01, 0xFF, 0xFF, 0xFF, 0xE0, 0x00,
  0x00, 0x03, 0xFF, 0xFF, 0xFF, 0xC0, 0x00, 0x00, 0x07, 0xFF, 0xFF, 0xFF,
  0x80, 0x00, 0x00, 0x0F, 0xFF, 0xFF, 0xFF, 0x00, 0x00, 0x00, 0x1F, 0xFF,
  0xFF, 0xFE, 0x00, 0x00, 0x00, 0x3F, 0xFF, 0xFF, 0xFC, 0x00, 0x00, 0x00,
  0x7F, 0xFF, 0xFF, 0xF8, 0x00, 0x00, 0x00, 0xFF, 0xFF, 0xFF, 0xF0, 0x00,
  0x00, 0x01, 0xFF, 0xFF, 0xFF, 0xE0, 0x00, 0x00, 0x03, 0xFF, 0xFF, 0xFF,
  0xC0, 0x00, 0x00, 0x07, 0xFF, 0xFF, 0xFF, 0x80, 0x00, 0x00, 0x0F, 0xFF,
  0xFF, 0xFF, 0x00, 0x00, 0x00, 0x1F, 0xFF, 0xFF, 0xFE, 0x00, 0x00, 0x00,
  0x3F, 0xFF, 0xFF, 0xFC, 0x00, 0x00, 0x00, 0x7F, 0xFF, 0xFF, 0xF8, 0x00,
  0x00, 0x00, 0xFF, 0xFF, 0xFF, 0xF0, 0x00, 0x00, 0x01, 0xFF, 0xFF, 0xFF,
  0xE0, 0x00, 0x00, 0x03, 0xFF, 0xFF, 0xFF, 0xC0, 0x00, 0x00, 0x07, 0xFF,
  0xFF, 0xFF, 0x80, 0x00, 0x00, 0x0F, 0xFF, 0xFF, 0xFF, 0x00, 0x00, 0x00,
  0x1F, 0xFF, 0xFF, 0xFE, 0x00, 0x00, 0x00, 0x3F, 0xFF, 0xFF, 0xFC, 0x00,
  0x00, 0x00, 0x7F, 0xFF, 0xFF, 0xF8, 0x00, 0x00, 0x00, 0xFF, 0xFF, 0xFF,
  0xF0, 0x00, 0x00, 0x01, 0xFF, 0xF8, 0x00, 0x00, 0x00, 0xFE, 0x00, 0x00,
  0x00, 0x00, 0x00, 0x3F, 0xFF, 0xE0, 0x00, 0x00, 0x00, 0x03, 0xFF, 0xFF,
  0xF8, 0x00, 0x00, 0x00, 0x1F, 0xFF, 0xFF, 0xF8, 0x00, 0x00, 0x00, 0x7F,
  0xFF, 0xFF, 0xFC, 0x00, 0x00, 0x03, 0xFF, 0xFF, 0xFF, 0xFE, 0x00, 0x00,
  0x0F, 0xFF, 0xFF, 0xFF, 0xFE, 0x00, 0x00, 0x3F, 0xFF, 0xFF, 0xFF, 0xFE,
  0x00, 0x00, 0xFF, 0xFF, 0xFF, 0xFF, 0xFE, 0x00, 0x03, 0xFF, 0xFF, 0xFF,
  0xFF, 0xFE, 0x00, 0x0F, 0xFF, 0xFF, 0xFF, 0xFF, 0xFE, 0x00, 0x3F, 0xFF,
  0xFF, 0xFF, 0xFF, 0xFE, 0x00, 0x7F, 0xFF, 0xFF, 0xFF, 0xFF, 0xFC, 0x01,
  0xFF, 0xFF, 0xFF, 0xFF, 0xFF, 0xFC, 0x07, 0xFF, 0xFF, 0xC0, 0x7F, 0xFF,
  0xFC, 0x0F, 0xFF, 0xFC, 0x00, 0x1F, 0xFF, 0xF8, 0x3F, 0xFF, 0xF0, 0x00,
  0x1F, 0xFF, 0xF8, 0x7F, 0xFF, 0x80, 0x00, 0x0F, 0xFF, 0xF1, 0xFF, 0xFE,
  0x00, 0x00, 0x0F, 0xFF, 0xF3, 0xFF, 0xFC, 0x00, 0x00, 0x1F, 0xFF, 0xE7,
  0xFF, 0xF0, 0x00, 0x00, 0x1F, 0xFF, 0xCF, 0xFF, 0xC0, 0x00, 0x00, 0x1F,
  0xFF, 0xBF, 0xFF, 0x80, 0x00, 0x00, 0x3F, 0xFF, 0xFF, 0xFE, 0x00, 0x00,
  0x00, 0x3F, 0xFF, 0xFF, 0xFC, 0x00, 0x00, 0x00, 0x7F, 0xFF, 0xFF, 0xF8,
  0x00, 0x00, 0x00, 0xFF, 0xFF, 0xFF, 0xF0, 0x00, 0x00, 0x01, 0xFF, 0xFF,
  0xFF, 0xE0, 0x00, 0x00, 0x03, 0xFF, 0xFF, 0xFF, 0xC0, 0x00, 0x00, 0x07,
  0xFF, 0xFF, 0xFF, 0x80, 0x00, 0x00, 0x0F, 0xFF, 0xFF, 0xFF, 0x00, 0x00,
  0x00, 0x1F, 0xFF, 0xFF, 0xFE, 0x00, 0x00, 0x00, 0x3F, 0xFF, 0xFF, 0xFC,
  0x00, 0x00, 0x00, 0x7F, 0xFF, 0xFF, 0xF8, 0x00, 0x00, 0x00, 0xFF, 0xFF,
  0xFF, 0xF0, 0x00, 0x00, 0x01, 0xFF, 0xFF, 0xFF, 0xE0, 0x00, 0x00, 0x03,
  0xFF, 0xFF, 0xFF, 0xC0, 0x00, 0x00, 0x07, 0xFF, 0xFF, 0xFF, 0x80, 0x00,
  0x00, 0x0F, 0xFF, 0xFF, 0xFF, 0x00, 0x00, 0x00, 0x1F, 0xFF, 0xFF, 0xFE,
  0x00, 0x00, 0x00, 0x3F, 0xFF, 0xFF, 0xFC, 0x00, 0x00, 0x00, 0x7F, 0xFF,
  0xFF, 0xF8, 0x00, 0x00, 0x00, 0xFF, 0xFF, 0xFF, 0xF0, 0x00, 0x00, 0x01,
  0xFF, 0xFF, 0xFF, 0xE0, 0x00, 0x00, 0x03, 0xFF, 0xFF, 0xFF, 0xC0, 0x00,
  0x00, 0x07, 0xFF, 0xFF, 0xFF, 0x80, 0x00, 0x00, 0x0F, 0xFF, 0xFF, 0xFF,
  0x00, 0x00, 0x00, 0x1F, 0xFF, 0xFF, 0xFE, 0x00, 0x00, 0x00, 0x3F, 0xFF,
  0xFF, 0xFC, 0x00, 0x00, 0x00, 0x7F, 0xFF, 0xFF, 0xF8, 0x00, 0x00, 0x00,
  0xFF, 0xFF, 0xFF, 0xF0, 0x00, 0x00, 0x01, 0xFF, 0xFF, 0xFF, 0xE0, 0x00,
  0x00, 0x03, 0xFF, 0xFF, 0xFF, 0xC0, 0x00, 0x00, 0x07, 0xFF, 0xFF, 0xFF,
  0x80, 0x00, 0x00, 0x0F, 0xFF, 0xFF, 0xFF, 0x00, 0x00, 0x00, 0x1F, 0xFF,
  0xFF, 0xFE, 0x00, 0x00, 0x00, 0x3F, 0xFF, 0xFF, 0xFC, 0x00, 0x00, 0x00,
  0x7F, 0xFF, 0xFF, 0xF8, 0x00, 0x00, 0x00, 0xFF, 0xFF, 0xFF, 0xF0, 0x00,
  0x00, 0x01, 0xFF, 0xFF, 0xFF, 0xE0, 0x00, 0x00, 0x03, 0xFF, 0xFF, 0xFF,
  0xE0, 0x00, 0x00, 0x0F, 0xFF, 0xEF, 0xFF, 0xC0, 0x00, 0x00, 0x1F, 0xFF,
  0x9F, 0xFF, 0xC0, 0x00, 0x00, 0x7F, 0xFF, 0x3F, 0xFF, 0x80, 0x00, 0x00,
  0xFF, 0xFE, 0x7F, 0xFF, 0x80, 0x00, 0x03, 0xFF, 0xFC, 0x7F, 0xFF, 0x80,
  0x00, 0x0F, 0xFF, 0xF0, 0xFF, 0xFF, 0x80, 0x00, 0x3F, 0xFF, 0xE0, 0xFF,
  0xFF, 0xC0, 0x01, 0xFF, 0xFF, 0x81, 0xFF, 0xFF, 0xE0, 0x0F, 0xFF, 0xFF,
  0x01, 0xFF, 0xFF, 0xFF, 0xFF, 0xFF, 0xFC, 0x03, 0xFF, 0xFF, 0xFF, 0xFF,
  0xFF, 0xF8, 0x03, 0xFF, 0xFF, 0xFF, 0xFF, 0xFF, 0xE0, 0x03, 0xFF, 0xFF,
  0xFF, 0xFF, 0xFF, 0x80, 0x03, 0xFF, 0xFF, 0xFF, 0xFF, 0xFE, 0x00, 0x03,
  0xFF, 0xFF, 0xFF, 0xFF, 0xF8, 0x00, 0x03, 0xFF, 0xFF, 0xFF, 0xFF, 0xE0,
  0x00, 0x03, 0xFF, 0xFF, 0xFF, 0xFF, 0x80, 0x00, 0x03, 0xFF, 0xFF, 0xFF,
  0xFE, 0x00, 0x00, 0x03, 0xFF, 0xFF, 0xFF, 0xF8, 0x00, 0x00, 0x01, 0xFF,
  0xFF, 0xFF, 0xC0, 0x00, 0x00, 0x00, 0xFF, 0xFF, 0xFE, 0x00, 0x00, 0x00,
  0x00, 0x7F, 0xFF, 0xF0, 0x00, 0x00, 0x00, 0x00, 0x0F, 0xFE, 0x00, 0x00,
  0x00, 0xFF, 0xFC, 0x00, 0x1F, 0xE0, 0x00, 0x01, 0xFF, 0xF8, 0x07, 0xFF,
  0xFC, 0x00, 0x03, 0xFF, 0xF0, 0x3F, 0xFF, 0xFE, 0x00, 0x07, 0xFF, 0xE0,
  0xFF, 0xFF, 0xFF, 0x00, 0x0F, 0xFF, 0xC3, 0xFF, 0xFF, 0xFF, 0x00, 0x1F,
  0xFF, 0x8F, 0xFF, 0xFF, 0xFF, 0x00, 0x3F, 0xFF, 0x3F, 0xFF, 0xFF, 0xFF,
  0x00, 0x7F, 0xFE, 0xFF, 0xFF, 0xFF, 0xFF, 0x00, 0xFF, 0xFD, 0xFF, 0xFF,
  0xFF, 0xFF, 0x01, 0xFF, 0xFF, 0xFF, 0xFF, 0xFF, 0xFF, 0x03, 0xFF, 0xFF,
  0xFF, 0xFF, 0xFF, 0xFF, 0x07, 0xFF, 0xFF, 0xFF, 0xFF, 0xFF, 0xFE, 0x0F,
  0xFF, 0xFF, 0xFF, 0xFF, 0xFF, 0xFE, 0x1F, 0xFF, 0xFF, 0xFF, 0xFF, 0xFF,
  0xFE, 0x3F, 0xFF, 0xFF, 0xC0, 0x7F, 0xFF, 0xFC, 0x7F, 0xFF, 0xFC, 0x00,
  0x1F, 0xFF, 0xFC, 0xFF, 0xFF, 0xF0, 0x00, 0x1F, 0xFF, 0xF9, 0xFF, 0xFF,
  0x80, 0x00, 0x0F, 0xFF, 0xF3, 0xFF, 0xFE, 0x00, 0x00, 0x0F, 0xFF, 0xF7,
  0xFF, 0xFC, 0x00, 0x00, 0x1F, 0xFF, 0xEF, 0xFF, 0xF0, 0x00, 0x00, 0x1F,
  0xFF, 0xDF, 0xFF, 0xC0, 0x00, 0x00, 0x1F, 0xFF, 0xFF, 0xFF, 0x80, 0x00,
  0x00, 0x3F, 0xFF, 0xFF, 0xFE, 0x00, 0x00, 0x00, 0x3F, 0xFF, 0xFF, 0xFC,
  0x00, 0x00, 0x00, 0x7F, 0xFF, 0xFF, 0xF8, 0x00, 0x00, 0x00, 0xFF, 0xFF,
  0xFF, 0xF0, 0x00, 0x00, 0x01, 0xFF, 0xFF, 0xFF, 0xE0, 0x00, 0x00, 0x03,
  0xFF, 0xFF, 0xFF, 0xC0, 0x00, 0x00, 0x07, 0xFF, 0xFF, 0xFF, 0x80, 0x00,
  0x00, 0x0F, 0xFF, 0xFF, 0xFF, 0x00, 0x00, 0x00, 0x1F, 0xFF, 0xFF, 0xFE,
  0x00, 0x00, 0x00, 0x3F, 0xFF, 0xFF, 0xFC, 0x00, 0x00, 0x00, 0x7F, 0xFF,
  0xFF, 0xF8, 0x00, 0x00, 0x00, 0xFF, 0xFF, 0xFF, 0xF0, 0x00, 0x00, 0x01,
  0xFF, 0xFF, 0xFF, 0xE0, 0x00, 0x00, 0x03, 0xFF, 0xFF, 0xFF, 0xC0, 0x00,
  0x00, 0x07, 0xFF, 0xFF, 0xFF, 0x80, 0x00, 0x00, 0x0F, 0xFF, 0xFF, 0xFF,
  0x00, 0x00, 0x00, 0x1F, 0xFF, 0xFF, 0xFE, 0x00, 0x00, 0x00, 0x3F, 0xFF,
  0xFF, 0xFC, 0x00, 0x00, 0x00, 0x7F, 0xFF, 0xFF, 0xF8, 0x00, 0x00, 0x00,
  0xFF, 0xFF, 0xFF, 0xF0, 0x00, 0x00, 0x01, 0xFF, 0xFF, 0xFF, 0xE0, 0x00,
  0x00, 0x03, 0xFF, 0xFF, 0xFF, 0xC0, 0x00, 0x00, 0x07, 0xFF, 0xFF, 0xFF,
  0x80, 0x00, 0x00, 0x0F, 0xFF, 0xFF, 0xFF, 0x00, 0x00, 0x00, 0x1F, 0xFF,
  0xFF, 0xFE, 0x00, 0x00, 0x00, 0x3F, 0xFF, 0xFF, 0xFC, 0x00, 0x00, 0x00,
  0x7F, 0xFF, 0xFF, 0xF8, 0x00, 0x00, 0x00, 0xFF, 0xFF, 0xFF, 0xF0, 0x00,
  0x00, 0x01, 0xFF, 0xFF, 0xFF, 0xE0, 0x00, 0x00, 0x03, 0xFF, 0xFF, 0xFF,
  0xC0, 0x00, 0x00, 0x07, 0xFF, 0xFF, 0xFF, 0x80, 0x00, 0x00, 0x0F, 0xFF,
  0xFF, 0xFF, 0x00, 0x00, 0x00, 0x1F, 0xFF, 0xFF, 0xFE, 0x00, 0x00, 0x00,
  0x3F, 0xFF, 0xFF, 0xFC, 0x00, 0x00, 0x00, 0x7F, 0xFF, 0xFF, 0xF8, 0x00,
  0x00, 0x00, 0xFF, 0xFF, 0xFF, 0xF0, 0x00, 0x00, 0x01, 0xFF, 0xFF, 0xFF,
  0xE0, 0x00, 0x00, 0x03, 0xFF, 0xFF, 0xFF, 0xE0, 0x00, 0x00, 0x0F, 0xFF,
  0xFF, 0xFF, 0xC0, 0x00, 0x00, 0x1F, 0xFF, 0xFF, 0xFF, 0xC0, 0x00, 0x00,
  0x7F, 0xFF, 0x7F, 0xFF, 0x80, 0x00, 0x00, 0xFF, 0xFE, 0xFF, 0xFF, 0x80,
  0x00, 0x03, 0xFF, 0xFD, 0xFF, 0xFF, 0x80, 0x00, 0x0F, 0xFF, 0xFB, 0xFF,
  0xFF, 0x80, 0x00, 0x3F, 0xFF, 0xE7, 0xFF, 0xFF, 0xC0, 0x01, 0xFF, 0xFF,
  0xCF, 0xFF, 0xFF, 0xE0, 0x0F, 0xFF, 0xFF, 0x1F, 0xFF, 0xFF, 0xFF, 0xFF,
  0xFF, 0xFE, 0x3F, 0xFF, 0xFF, 0xFF, 0xFF, 0xFF, 0xF8, 0x7F, 0xFF, 0xFF,
  0xFF, 0xFF, 0xFF, 0xF0, 0xFF, 0xFF, 0xFF, 0xFF, 0xFF, 0xFF, 0xC1, 0xFF,
  0xFF, 0xFF, 0xFF, 0xFF, 0xFF, 0x03, 0xFF, 0xF7, 0xFF, 0xFF, 0xFF, 0xFC,
  0x07, 0xFF, 0xEF, 0xFF, 0xFF, 0xFF, 0xF8, 0x0F, 0xFF, 0xCF, 0xFF, 0xFF,
  0xFF, 0xE0, 0x1F, 0xFF, 0x9F, 0xFF, 0xFF, 0xFF, 0x80, 0x3F, 0xFF, 0x1F,
  0xFF, 0xFF, 0xFC, 0x00, 0x7F, 0xFE, 0x1F, 0xFF, 0xFF, 0xF0, 0x00, 0xFF,
  0xFC, 0x0F, 0xFF, 0xFF, 0x80, 0x01, 0xFF, 0xF8, 0x07, 0xFF, 0xFC, 0x00,
  0x03, 0xFF, 0xF0, 0x01, 0xFF, 0xC0, 0x00, 0x07, 0xFF, 0xE0, 0x00, 0x00,
  0x00, 0x00, 0x0F, 0xFF, 0xC0, 0x00, 0x00, 0x00, 0x00, 0x1F, 0xFF, 0x80,
  0x00, 0x00, 0x00, 0x00, 0x3F, 0xFF, 0x00, 0x00, 0x00, 0x00, 0x00, 0x7F,
  0xFE, 0x00, 0x00, 0x00, 0x00, 0x00, 0xFF, 0xFC, 0x00, 0x00, 0x00, 0x00,
  0x01, 0xFF, 0xF8, 0x00, 0x00, 0x00, 0x00, 0x03, 0xFF, 0xF0, 0x00, 0x00,
  0x00, 0x00, 0x07, 0xFF, 0xE0, 0x00, 0x00, 0x00, 0x00, 0x0F, 0xFF, 0xC0,
  0x00, 0x00, 0x00, 0x00, 0x1F, 0xFF, 0x80, 0x00, 0x00, 0x00, 0x00, 0x3F,
  0xFF, 0x00, 0x00, 0x00, 0x00, 0x00, 0x7F, 0xFE, 0x00, 0x00, 0x00, 0x00,
  0x00, 0xFF, 0xFC, 0x00, 0x00, 0x00, 0x00, 0x01, 0xFF, 0xF8, 0x00, 0x00,
  0x00, 0x00, 0x03, 0xFF, 0xF0, 0x00, 0x00, 0x00, 0x00, 0x07, 0xFF, 0xE0,
  0x00, 0x00, 0x00, 0x00, 0x0F, 0xFF, 0xC0, 0x00, 0x00, 0x00, 0x00, 0x1F,
  0xFF, 0x80, 0x00, 0x00, 0x00, 0x00, 0x3F, 0xFF, 0x00, 0x00, 0x00, 0x00,
  0x00, 0x7F, 0xFE, 0x00, 0x00, 0x00, 0x00, 0x00, 0xFF, 0xFC, 0x00, 0x00,
  0x00, 0x00, 0x01, 0xFF, 0xF8, 0x00, 0x00, 0x00, 0x00, 0x03, 0xFF, 0xF0,
  0x00, 0x00, 0x00, 0x00, 0x07, 0xFF, 0xE0, 0x00, 0x00, 0x00, 0x00, 0x0F,
  0xFF, 0xC0, 0x00, 0x00, 0x00, 0x00, 0x1F, 0xFF, 0x80, 0x00, 0x00, 0x00,
  0x00, 0x3F, 0xFF, 0x00, 0x00, 0x00, 0x00, 0x00, 0x00, 0x00, 0x00, 0x0F,
  0xF0, 0x00, 0x7F, 0xFE, 0x00, 0x00, 0x03, 0xFF, 0xFE, 0x01, 0xFF, 0xF8,
  0x00, 0x00, 0x3F, 0xFF, 0xFE, 0x07, 0xFF, 0xE0, 0x00, 0x03, 0xFF, 0xFF,
  0xFC, 0x1F, 0xFF, 0x80, 0x00, 0x1F, 0xFF, 0xFF, 0xF8, 0x7F, 0xFE, 0x00,
  0x00, 0xFF, 0xFF, 0xFF, 0xF1, 0xFF, 0xF8, 0x00, 0x07, 0xFF, 0xFF, 0xFF,
  0xE7, 0xFF, 0xE0, 0x00, 0x3F, 0xFF, 0xFF, 0xFF, 0xDF, 0xFF, 0x80, 0x01,
  0xFF, 0xFF, 0xFF, 0xFF, 0x7F, 0xFE, 0x00, 0x0F, 0xFF, 0xFF, 0xFF, 0xFF,
  0xFF, 0xF8, 0x00, 0x7F, 0xFF, 0xFF, 0xFF, 0xFF, 0xFF, 0xE0, 0x03, 0xFF,
  0xFF, 0xFF, 0xFF, 0xFF, 0xFF, 0x80, 0x0F, 0xFF, 0xFF, 0xFF, 0xFF, 0xFF,
  0xFE, 0x00, 0x7F, 0xFF, 0xFF, 0xFF, 0xFF, 0xFF, 0xF8, 0x01, 0xFF, 0xFF,
  0xF0, 0x1F, 0xFF, 0xFF, 0xE0, 0x0F, 0xFF, 0xFE, 0x00, 0x0F, 0xFF, 0xFF,
  0x80, 0x3F, 0xFF, 0xF0, 0x00, 0x1F, 0xFF, 0xFE, 0x00, 0xFF, 0xFF, 0x00,
  0x00, 0x1F, 0xFF, 0xF8, 0x07, 0xFF, 0xF8, 0x00, 0x00, 0x3F, 0xFF, 0xE0,
  0x1F, 0xFF, 0xE0, 0x00, 0x00, 0xFF, 0xFF, 0x80, 0x7F, 0xFF, 0x00, 0x00,
  0x01, 0xFF, 0xFE, 0x03, 0xFF, 0xF8, 0x00, 0x00, 0x03, 0xFF, 0xF8, 0x0F,
  0xFF, 0xE0, 0x00, 0x00, 0x0F, 0xFF, 0xE0, 0x3F, 0xFF, 0x00, 0x00, 0x00,
  0x1F, 0xFF, 0x80, 0xFF, 0xFC, 0x00, 0x00, 0x00, 0x7F, 0xFE, 0x03, 0xFF,
  0xF0, 0x00, 0x00, 0x01, 0xFF, 0xF8, 0x0F, 0xFF, 0xC0, 0x00, 0x00, 0x07,
  0xFF, 0xE0, 0x3F, 0xFF, 0x00, 0x00, 0x00, 0x1F, 0xFF, 0x80, 0xFF, 0xFC,
  0x00, 0x00, 0x00, 0x7F, 0xFE, 0x03, 0xFF, 0xF0, 0x00, 0x00, 0x01, 0xFF,
  0xF8, 0x0F, 0xFF, 0xC0, 0x00, 0x00, 0x07, 0xFF, 0xE0, 0x3F, 0xFF, 0x00,
  0x00, 0x00, 0x1F, 0xFF, 0x80, 0xFF, 0xFC, 0x00, 0x00, 0x00, 0x7F, 0xFE,
  0x03, 0xFF, 0xF0, 0x00, 0x00, 0x01, 0xFF, 0xF8, 0x0F, 0xFF, 0xC0, 0x00,
  0x00, 0x07, 0xFF, 0xE0, 0x3F, 0xFF, 0x00, 0x00, 0x00, 0x1F, 0xFF, 0x80,
  0xFF, 0xFC, 0x00, 0x00, 0x00, 0x7F, 0xFE, 0x03, 0xFF, 0xF0, 0x00, 0x00,
  0x01, 0xFF, 0xF8, 0x0F, 0xFF, 0xC0, 0x00, 0x00, 0x07, 0xFF, 0xE0, 0x3F,
  0xFF, 0x00, 0x00, 0x00, 0x1F, 0xFF, 0x80, 0xFF, 0xFC, 0x00, 0x00, 0x00,
  0x7F, 0xFE, 0x03, 0xFF, 0xF0, 0x00, 0x00, 0x01, 0xFF, 0xF8, 0x0F, 0xFF,
  0xC0, 0x00, 0x00, 0x07, 0xFF, 0xE0, 0x3F, 0xFF, 0x00, 0x00, 0x00, 0x1F,
  0xFF, 0x80, 0xFF, 0xFC, 0x00, 0x00, 0x00, 0x7F, 0xFE, 0x03, 0xFF, 0xF0,
  0x00, 0x00, 0x01, 0xFF, 0xF8, 0x0F, 0xFF, 0xC0, 0x00, 0x00, 0x07, 0xFF,
  0xE0, 0x3F, 0xFF, 0x00, 0x00, 0x00, 0x1F, 0xFF, 0x80, 0xFF, 0xFC, 0x00,
  0x00, 0x00, 0x7F, 0xFE, 0x03, 0xFF, 0xF0, 0x00, 0x00, 0x01, 0xFF, 0xF8,
  0x0F, 0xFF, 0xC0, 0x00, 0x00, 0x07, 0xFF, 0xE0, 0x3F, 0xFF, 0x00, 0x00,
  0x00, 0x1F, 0xFF, 0x80, 0xFF, 0xFC, 0x00, 0x00, 0x00, 0x7F, 0xFE, 0x03,
  0xFF, 0xF0, 0x00, 0x00, 0x01, 0xFF, 0xF8, 0x0F, 0xFF, 0xC0, 0x00, 0x00,
  0x07, 0xFF, 0xE0, 0x3F, 0xFF, 0x00, 0x00, 0x00, 0x1F, 0xFF, 0x80, 0xFF,
  0xFC, 0x00, 0x00, 0x00, 0x7F, 0xFE, 0x03, 0xFF, 0xF0, 0x00, 0x00, 0x01,
  0xFF, 0xF8, 0x0F, 0xFF, 0xC0, 0x00, 0x00, 0x07, 0xFF, 0xE0, 0x3F, 0xFF,
  0x00, 0x00, 0x00, 0x1F, 0xFF, 0x80, 0xFF, 0xFE, 0x00, 0x00, 0x00, 0xFF,
  0xFE, 0x03, 0xFF, 0xF8, 0x00, 0x00, 0x03, 0xFF, 0xF8, 0x07, 0xFF, 0xF0,
  0x00, 0x00, 0x1F, 0xFF, 0xE0, 0x1F, 0xFF, 0xC0, 0x00, 0x00, 0x7F, 0xFF,
  0x80, 0x7F, 0xFF, 0x80, 0x00, 0x03, 0xFF, 0xFE, 0x01, 0xFF, 0xFF, 0x00,
  0x00, 0x1F, 0xFF, 0xF8, 0x03, 0xFF, 0xFE, 0x00, 0x00, 0xFF, 0xFF, 0xE0,
  0x0F, 0xFF, 0xFE, 0x00, 0x0F, 0xFF, 0xFF, 0x80, 0x1F, 0xFF, 0xFE, 0x00,
  0xFF, 0xFF, 0xFE, 0x00, 0x7F, 0xFF, 0xFF, 0xFF, 0xFF, 0xFF, 0xF8, 0x00,
  0xFF, 0xFF, 0xFF, 0xFF, 0xFF, 0xFF, 0xE0, 0x03, 0xFF, 0xFF, 0xFF, 0xFF,
  0xFF, 0xFF, 0x80, 0x07, 0xFF, 0xFF, 0xFF, 0xFF, 0xFF, 0xFE, 0x00, 0x0F,
  0xFF, 0xFF, 0xFF, 0xFF, 0xFF, 0xF8, 0x00, 0x3F, 0xFF, 0xFF, 0xFF, 0xF7,
  0xFF, 0xE0, 0x00, 0x7F, 0xFF, 0xFF, 0xFF, 0xDF, 0xFF, 0x80, 0x00, 0xFF,
  0xFF, 0xFF, 0xFE, 0x7F, 0xFE, 0x00, 0x01, 0xFF, 0xFF, 0xFF, 0xF9, 0xFF,
  0xF8, 0x00, 0x01, 0xFF, 0xFF, 0xFF, 0xC7, 0xFF, 0xE0, 0x00, 0x03, 0xFF,
  0xFF, 0xFE, 0x1F, 0xFF, 0x80, 0x00, 0x07, 0xFF, 0xFF, 0xE0, 0x7F, 0xFE,
  0x00, 0x00, 0x03, 0xFF, 0xFE, 0x01, 0xFF, 0xF8, 0x00, 0x00, 0x01, 0xFF,
  0xC0, 0x07, 0xFF, 0xE0, 0x00, 0x00, 0x00, 0x00, 0x00, 0x1F, 0xFF, 0x80,
  0x00, 0x00, 0x00, 0x00, 0x00, 0x7F, 0xFE, 0x00, 0x00, 0x00, 0x00, 0x00,
  0x01, 0xFF, 0xF8, 0x00, 0x00, 0x00, 0x00, 0x00, 0x07, 0xFF, 0xE0, 0x00,
  0x00, 0x00, 0x00, 0x00, 0x1F, 0xFF, 0x80, 0x00, 0x00, 0x00, 0x00, 0x00,
  0x7F, 0xFE, 0x00, 0x00, 0x00, 0x00, 0x00, 0x01, 0xFF, 0xF8, 0x00, 0x00,
  0x00, 0x00, 0x00, 0x07, 0xFF, 0xE0, 0x00, 0x00, 0x00, 0x00, 0x00, 0x1F,
  0xFF, 0x80, 0x00, 0x00, 0x00, 0x00, 0x00, 0x7F, 0xFE, 0x00, 0x00, 0x00,
  0x00, 0x00, 0x01, 0xFF, 0xF8, 0x00, 0x00, 0x00, 0x00, 0x00, 0x07, 0xFF,
  0xE0, 0x00, 0x00, 0x00, 0x00, 0x00, 0x1F, 0xFF, 0x80, 0x00, 0x00, 0x00,
  0x00, 0x00, 0x7F, 0xFE, 0x00, 0x00, 0x00, 0x00, 0x00, 0x01, 0xFF, 0xFF,
  0xF0, 0x00, 0x00, 0x00, 0x00, 0x07, 0xFF, 0xFF, 0xC0, 0x00, 0x00, 0x00,
  0x00, 0x1F, 0xFF, 0xFF, 0x00, 0x00, 0x00, 0x00, 0x00, 0x7F, 0xFF, 0xFC,
  0x00, 0x00, 0x00, 0x00, 0x01, 0xFF, 0xFF, 0xF0, 0x00, 0x00, 0x00, 0x00,
  0x07, 0xFF, 0xFF, 0xC0, 0x00, 0x00, 0x00, 0x00, 0x1F, 0xFF, 0xFF, 0x00,
  0x00, 0x00, 0x00, 0x00, 0x7F, 0xFF, 0xFC, 0x00, 0x00, 0x00, 0x00, 0x01,
  0xFF, 0xFF, 0xF0, 0x00, 0x00, 0x00, 0x00, 0x07, 0xFF, 0xFF, 0xC0, 0x00,
  0x00, 0x00, 0x00, 0x1F, 0xFF, 0xFF, 0x00, 0x00, 0x00, 0x00, 0x00, 0x7F,
  0xFF, 0xFC, 0x00, 0x00, 0x00, 0x00, 0x01, 0xFF, 0xFF, 0xF0, 0x00, 0x00,
  0x00, 0x00, 0x07, 0xFF, 0xFF, 0xC0, 0xFF, 0xFC, 0x00, 0x1F, 0xC0, 0x00,
  0x0F, 0xFF, 0xC0, 0x1F, 0xFF, 0xC0, 0x00, 0xFF, 0xFC, 0x07, 0xFF, 0xFF,
  0x80, 0x0F, 0xFF, 0xC1, 0xFF, 0xFF, 0xFE, 0x00, 0xFF, 0xFC, 0x3F, 0xFF,
  0xFF, 0xF8, 0x0F, 0xFF, 0xC7, 0xFF, 0xFF, 0xFF, 0xC0, 0xFF, 0xFC, 0xFF,
  0xFF, 0xFF, 0xFF, 0x0F, 0xFF, 0xCF, 0xFF, 0xFF, 0xFF, 0xF8, 0xFF, 0xFD,
  0xFF, 0xFF, 0xFF, 0xFF, 0xCF, 0xFF, 0xDF, 0xFF, 0xFF, 0xFF, 0xFF, 0xFF,
  0xFD, 0xFF, 0xFF, 0xFF, 0xFF, 0xFF, 0xFF, 0xFF, 0xFF, 0xFF, 0xFF, 0xFE,
  0xFF, 0xFF, 0xFF, 0xFF, 0xFF, 0xFF, 0xCF, 0xFF, 0xFF, 0xFF, 0xFF, 0xFF,
  0xF8, 0xFF, 0xFF, 0xFF, 0x01, 0xFF, 0xFF, 0x0F, 0xFF, 0xFF, 0xC0, 0x03,
  0xFF, 0xE0, 0xFF, 0xFF, 0xF0, 0x00, 0x0F, 0xFC, 0x0F, 0xFF, 0xFE, 0x00,
  0x00, 0x7F, 0x80, 0xFF, 0xFF, 0xC0, 0x00, 0x01, 0xF0, 0x0F, 0xFF, 0xF8,
  0x00, 0x00, 0x0E, 0x00, 0xFF, 0xFF, 0x00, 0x00, 0x00, 0x00, 0x0F, 0xFF,
  0xF0, 0x00, 0x00, 0x00, 0x00, 0xFF, 0xFE, 0x00, 0x00, 0x00, 0x00, 0x0F,
  0xFF, 0xE0, 0x00, 0x00, 0x00, 0x00, 0xFF, 0xFE, 0x00, 0x00, 0x00, 0x00,
  0x0F, 0xFF, 0xC0, 0x00, 0x00, 0x00, 0x00, 0xFF, 0xFC, 0x00, 0x00, 0x00,
  0x00, 0x0F, 0xFF, 0xC0, 0x00, 0x00, 0x00, 0x00, 0xFF, 0xFC, 0x00, 0x00,
  0x00, 0x00, 0x0F, 0xFF, 0xC0, 0x00, 0x00, 0x00, 0x00, 0xFF, 0xFC, 0x00,
  0x00, 0x00, 0x00, 0x0F, 0xFF, 0xC0, 0x00, 0x00, 0x00, 0x00, 0xFF, 0xFC,
  0x00, 0x00, 0x00, 0x00, 0x0F, 0xFF, 0xC0, 0x00, 0x00, 0x00, 0x00, 0xFF,
  0xFC, 0x00, 0x00, 0x00, 0x00, 0x0F, 0xFF, 0xC0, 0x00, 0x00, 0x00, 0x00,
  0xFF, 0xFC, 0x00, 0x00, 0x00, 0x00, 0x0F, 0xFF, 0xC0, 0x00, 0x00, 0x00,
  0x00, 0xFF, 0xFC, 0x00, 0x00, 0x00, 0x00, 0x0F, 0xFF, 0xC0, 0x00, 0x00,
  0x00, 0x00, 0xFF, 0xFC, 0x00, 0x00, 0x00, 0x00, 0x0F, 0xFF, 0xC0, 0x00,
  0x00, 0x00, 0x00, 0xFF, 0xFC, 0x00, 0x00, 0x00, 0x00, 0x0F, 0xFF, 0xC0,
  0x00, 0x00, 0x00, 0x00, 0xFF, 0xFC, 0x00, 0x00, 0x00, 0x00, 0x0F, 0xFF,
  0xC0, 0x00, 0x00, 0x00, 0x00, 0xFF, 0xFC, 0x00, 0x00, 0x00, 0x00, 0x0F,
  0xFF, 0xC0, 0x00, 0x00, 0x00, 0x00, 0xFF, 0xFC, 0x00, 0x00, 0x00, 0x00,
  0x0F, 0xFF, 0xC0, 0x00, 0x00, 0x00, 0x00, 0xFF, 0xFC, 0x00, 0x00, 0x00,
  0x00, 0x0F, 0xFF, 0xC0, 0x00, 0x00, 0x00, 0x00, 0xFF, 0xFC, 0x00, 0x00,
  0x00, 0x00, 0x0F, 0xFF, 0xC0, 0x00, 0x00, 0x00, 0x00, 0xFF, 0xFC, 0x00,
  0x00, 0x00, 0x00, 0x0F, 0xFF, 0xC0, 0x00, 0x00, 0x00, 0x00, 0xFF, 0xFC,
  0x00, 0x00, 0x00, 0x00, 0x0F, 0xFF, 0xC0, 0x00, 0x00, 0x00, 0x00, 0xFF,
  0xFC, 0x00, 0x00, 0x00, 0x00, 0x0F, 0xFF, 0xC0, 0x00, 0x00, 0x00, 0x00,
  0xFF, 0xFC, 0x00, 0x00, 0x00, 0x00, 0x0F, 0xFF, 0xC0, 0x00, 0x00, 0x00,
  0x00, 0xFF, 0xFC, 0x00, 0x00, 0x00, 0x00, 0x0F, 0xFF, 0xC0, 0x00, 0x00,
  0x00, 0x00, 0xFF, 0xFC, 0x00, 0x00, 0x00, 0x00, 0x0F, 0xFF, 0xC0, 0x00,
  0x00, 0x00, 0x00, 0xFF, 0xFC, 0x00, 0x00, 0x00, 0x00, 0x0F, 0xFF, 0xC0,
  0x00, 0x00, 0x00, 0x00, 0xFF, 0xFC, 0x00, 0x00, 0x00, 0x00, 0x0F, 0xFF,
  0xC0, 0x00, 0x00, 0x00, 0x00, 0xFF, 0xFC, 0x00, 0x00, 0x00, 0x00, 0x0F,
  0xFF, 0xC0, 0x00, 0x00, 0x00, 0x00, 0xFF, 0xFC, 0x00, 0x00, 0x00, 0x00,
  0x0F, 0xFF, 0xC0, 0x00, 0x00, 0x00, 0x00, 0xFF, 0xFC, 0x00, 0x00, 0x00,
  0x00, 0x0F, 0xFF, 0xC0, 0x00, 0x00, 0x00, 0x00, 0xFF, 0xFC, 0x00, 0x00,
  0x00, 0x00, 0x0F, 0xFF, 0xC0, 0x00, 0x00, 0x00, 0x00, 0xFF, 0xFC, 0x00,
  0x00, 0x00, 0x00, 0x0F, 0xFF, 0xC0, 0x00, 0x00, 0x00, 0x00, 0xFF, 0xFC,
  0x00, 0x00, 0x00, 0x00, 0x0F, 0xFF, 0xC0, 0x00, 0x00, 0x00, 0x00, 0xFF,
  0xFC, 0x00, 0x00, 0x00, 0x00, 0x00, 0x00, 0x00, 0x00, 0x3F, 0xC0, 0x00,
  0x00, 0x00, 0x00, 0x3F, 0xFF, 0xFC, 0x00, 0x00, 0x00, 0x03, 0xFF, 0xFF,
  0xFF, 0x80, 0x00, 0x00, 0x1F, 0xFF, 0xFF, 0xFF, 0xC0, 0x00, 0x00, 0xFF,
  0xFF, 0xFF, 0xFF, 0xE0, 0x00, 0x07, 0xFF, 0xFF, 0xFF, 0xFF, 0xF0, 0x00,
  0x1F, 0xFF, 0xFF, 0xFF, 0xFF, 0xF0, 0x00, 0x7F, 0xFF, 0xFF, 0xFF, 0xFF,
  0xF8, 0x01, 0xFF, 0xFF, 0xFF, 0xFF, 0xFF, 0xF8, 0x07, 0xFF, 0xFF, 0xFF,
  0xFF, 0xFF, 0xFC, 0x1F, 0xFF, 0xFF, 0xFF, 0xFF, 0xFF, 0xF8, 0x7F, 0xFF,
  0xFF, 0xFF, 0xFF, 0xFF, 0xE1, 0xFF, 0xFF, 0xFF, 0xFF, 0xFF, 0xFF, 0x83,
  0xFF, 0xFF, 0xFF, 0xFF, 0xFF, 0xFE, 0x0F, 0xFF, 0xFF, 0xC0, 0x1F, 0xFF,
  0xF8, 0x1F, 0xFF, 0xFC, 0x00, 0x07, 0xFF, 0xE0, 0x7F, 0xFF, 0xE0, 0x00,
  0x03, 0xFF, 0x80, 0xFF, 0xFF, 0x00, 0x00, 0x01, 0xFE, 0x01, 0xFF, 0xFC,
  0x00, 0x00, 0x00, 0xF8, 0x07, 0xFF, 0xF0, 0x00, 0x00, 0x00, 0xE0, 0x0F,
  0xFF, 0xE0, 0x00, 0x00, 0x00, 0x00, 0x1F, 0xFF, 0x80, 0x00, 0x00, 0x00,
  0x00, 0x3F, 0xFF, 0x00, 0x00, 0x00, 0x00, 0x00, 0x7F, 0xFE, 0x00, 0x00,
  0x00, 0x00, 0x00, 0xFF, 0xFC, 0x00, 0x00, 0x00, 0x00, 0x01, 0xFF, 0xF8,
  0x00, 0x00, 0x00, 0x00, 0x03, 0xFF, 0xF0, 0x00, 0x00, 0x00, 0x00, 0x07,
  0xFF, 0xE0, 0x00, 0x00, 0x00, 0x00, 0x0F, 0xFF, 0xE0, 0x00, 0x00, 0x00,
  0x00, 0x1F, 0xFF, 0xE0, 0x00, 0x00, 0x00, 0x00, 0x1F, 0xFF, 0xC0, 0x00,
  0x00, 0x00, 0x00, 0x3F, 0xFF, 0xE0, 0x00, 0x00, 0x00, 0x00, 0x7F, 0xFF,
  0xE0, 0x00, 0x00, 0x00, 0x00, 0x7F, 0xFF, 0xF0, 0x00, 0x00, 0x00, 0x00,
  0xFF, 0xFF, 0xFE, 0x00, 0x00, 0x00, 0x00, 0xFF, 0xFF, 0xFF, 0xFF, 0x00,
  0x00, 0x00, 0xFF, 0xFF, 0xFF, 0xFF, 0xC0, 0x00, 0x01, 0xFF, 0xFF, 0xFF,
  0xFF, 0xF0, 0x00, 0x01, 0xFF, 0xFF, 0xFF, 0xFF, 0xF0, 0x00, 0x01, 0xFF,
  0xFF, 0xFF, 0xFF, 0xF8, 0x00, 0x01, 0xFF, 0xFF, 0xFF, 0xFF, 0xF8, 0x00,
  0x01, 0xFF, 0xFF, 0xFF, 0xFF, 0xFC, 0x00, 0x01, 0xFF, 0xFF, 0xFF, 0xFF,
  0xFC, 0x00, 0x00, 0xFF, 0xFF, 0xFF, 0xFF, 0xFC, 0x00, 0x00, 0xFF, 0xFF,
  0xFF, 0xFF, 0xFC, 0x00, 0x00, 0x7F, 0xFF, 0xFF, 0xFF, 0xFC, 0x00, 0x00,
  0x3F, 0xFF, 0xFF, 0xFF, 0xF8, 0x00, 0x00, 0x0F, 0xFF, 0xFF, 0xFF, 0xF8,
  0x00, 0x00, 0x00, 0x1F, 0xFF, 0xFF, 0xF8, 0x00, 0x00, 0x00, 0x00, 0x7F,
  0xFF, 0xF0, 0x00, 0x00, 0x00, 0x00, 0x3F, 0xFF, 0xE0, 0x00, 0x00, 0x00,
  0x00, 0x1F, 0xFF, 0xE0, 0x00, 0x00, 0x00, 0x00, 0x1F, 0xFF, 0xC0, 0x00,
  0x00, 0x00, 0x00, 0x1F, 0xFF, 0x80, 0x00, 0x00, 0x00, 0x00, 0x3F, 0xFF,
  0x80, 0x00, 0x00, 0x00, 0x00, 0x3F, 0xFF, 0x00, 0x00, 0x00, 0x00, 0x00,
  0x7F, 0xFE, 0x00, 0x00, 0x00, 0x00, 0x00, 0xFF, 0xFC, 0x00, 0x00, 0x00,
  0x00, 0x01, 0xFF, 0xF8, 0x00, 0x00, 0x00, 0x00, 0x03, 0xFF, 0xF0, 0x00,
  0x00, 0x00, 0x00, 0x07, 0xFF, 0xE0, 0x00, 0x00, 0x00, 0x00, 0x0F, 0xFF,
  0xC0, 0x00, 0x00, 0x00, 0x00, 0x1F, 0xFF, 0x80, 0x30, 0x00, 0x00, 0x00,
  0x7F, 0xFF, 0x00, 0xF8, 0x00, 0x00, 0x01, 0xFF, 0xFC, 0x03, 0xF8, 0x00,
  0x00, 0x07, 0xFF, 0xF8, 0x0F, 0xFC, 0x00, 0x00, 0x1F, 0xFF, 0xF0, 0x3F,
  0xFE, 0x00, 0x00, 0xFF, 0xFF, 0xC0, 0x7F, 0xFF, 0x80, 0x0F, 0xFF, 0xFF,
  0x81, 0xFF, 0xFF, 0xFF, 0xFF, 0xFF, 0xFE, 0x07, 0xFF, 0xFF, 0xFF, 0xFF,
  0xFF, 0xFC, 0x1F, 0xFF, 0xFF, 0xFF, 0xFF, 0xFF, 0xF0, 0x7F, 0xFF, 0xFF,
  0xFF, 0xFF, 0xFF, 0xC1, 0xFF, 0xFF, 0xFF, 0xFF, 0xFF, 0xFF, 0x01, 0xFF,
  0xFF, 0xFF, 0xFF, 0xFF, 0xFC, 0x00, 0xFF, 0xFF, 0xFF, 0xFF, 0xFF, 0xF0,
  0x00, 0xFF, 0xFF, 0xFF, 0xFF, 0xFF, 0xC0, 0x00, 0x7F, 0xFF, 0xFF, 0xFF,
  0xFF, 0x00, 0x00, 0x7F, 0xFF, 0xFF, 0xFF, 0xF8, 0x00, 0x00, 0x3F, 0xFF,
  0xFF, 0xFF, 0xE0, 0x00, 0x00, 0x0F, 0xFF, 0xFF, 0xFE, 0x00, 0x00, 0x00,
  0x03, 0xFF, 0xFF, 0xF0, 0x00, 0x00, 0x00, 0x00, 0x7F, 0xFC, 0x00, 0x00,
  0x00, 0x00, 0x1F, 0xFF, 0x00, 0x00, 0x00, 0x00, 0x00, 0x3F, 0xFE, 0x00,
  0x00, 0x00, 0x00, 0x00, 0x7F, 0xFC, 0x00, 0x00, 0x00, 0x00, 0x00, 0xFF,
  0xF8, 0x00, 0x00, 0x00, 0x00, 0x01, 0xFF, 0xF0, 0x00, 0x00, 0x00, 0x00,
  0x03, 0xFF, 0xE0, 0x00, 0x00, 0x00, 0x00, 0x07, 0xFF, 0xC0, 0x00, 0x00,
  0x00, 0x00, 0x0F, 0xFF, 0x80, 0x00, 0x00, 0x00, 0x00, 0x1F, 0xFF, 0x00,
  0x00, 0x00, 0x00, 0x00, 0x3F, 0xFE, 0x00, 0x00, 0x00, 0x00, 0x00, 0x7F,
  0xFC, 0x00, 0x00, 0x00, 0x00, 0x00, 0xFF, 0xF8, 0x00, 0x00, 0x00, 0x00,
  0x01, 0xFF, 0xF0, 0x00, 0x00, 0x00, 0x00, 0x03, 0xFF, 0xE0, 0x00, 0x00,
  0x00, 0x00, 0x07, 0xFF, 0xC0, 0x00, 0x00, 0x00, 0x00, 0x0F, 0xFF, 0x80,
  0x00, 0x00, 0x00, 0x00, 0x1F, 0xFF, 0x00, 0x00, 0x00, 0x00, 0x00, 0x3F,
  0xFE, 0x00, 0x00, 0x00, 0x00, 0x00, 0x7F, 0xFC, 0x00, 0x00, 0x00, 0x00,
  0x00, 0xFF, 0xF8, 0x00, 0x00, 0x00, 0x00, 0x01, 0xFF, 0xF0, 0x00, 0x00,
  0x00, 0x00, 0x03, 0xFF, 0xE0, 0x00, 0x00, 0x00, 0x00, 0x07, 0xFF, 0xC0,
  0x00, 0x00, 0x00, 0x00, 0x0F, 0xFF, 0x80, 0x00, 0x00, 0x00, 0x00, 0x1F,
  0xFF, 0x00, 0x00, 0x00, 0x00, 0x00, 0x3F, 0xFE, 0x00, 0x00, 0x00, 0x00,
  0x00, 0x7F, 0xFC, 0x00, 0x00, 0x00, 0x07, 0xFF, 0xFF, 0xFF, 0xFF, 0xFC,
  0x00, 0x0F, 0xFF, 0xFF, 0xFF, 0xFF, 0xF8, 0x00, 0x1F, 0xFF, 0xFF, 0xFF,
  0xFF, 0xF0, 0x00, 0x3F, 0xFF, 0xFF, 0xFF, 0xFF, 0xE0, 0x00, 0x7F, 0xFF,
  0xFF, 0xFF, 0xFF, 0xC0, 0x00, 0xFF, 0xFF, 0xFF, 0xFF, 0xFF, 0x80, 0x01,
  0xFF, 0xFF, 0xFF, 0xFF, 0xFF, 0x00, 0x03, 0xFF, 0xFF, 0xFF, 0xFF, 0xFE,
  0x00, 0x07, 0xFF, 0xFF, 0xFF, 0xFF, 0xFC, 0x00, 0x0F, 0xFF, 0xFF, 0xFF,
  0xFF, 0xF8, 0x00, 0x1F, 0xFF, 0xFF, 0xFF, 0xFF, 0xF0, 0x00, 0x3F, 0xFF,
  0xFF, 0xFF, 0xFF, 0xE0, 0x00, 0x7F, 0xFF, 0xFF, 0xFF, 0xFF, 0xC0, 0x00,
  0xFF, 0xFF, 0xFF, 0xFF, 0xFF, 0x80, 0x00, 0x00, 0x3F, 0xFE, 0x00, 0x00,
  0x00, 0x00, 0x00, 0x7F, 0xFC, 0x00, 0x00, 0x00, 0x00, 0x00, 0xFF, 0xF8,
  0x00, 0x00, 0x00, 0x00, 0x01, 0xFF, 0xF0, 0x00, 0x00, 0x00, 0x00, 0x03,
  0xFF, 0xE0, 0x00, 0x00, 0x00, 0x00, 0x07, 0xFF, 0xC0, 0x00, 0x00, 0x00,
  0x00, 0x0F, 0xFF, 0x80, 0x00, 0x00, 0x00, 0x00, 0x1F, 0xFF, 0x00, 0x00,
  0x00, 0x00, 0x00, 0x3F, 0xFE, 0x00, 0x00, 0x00, 0x00, 0x00, 0x7F, 0xFC,
  0x00, 0x00, 0x00, 0x00, 0x00, 0xFF, 0xF8, 0x00, 0x00, 0x00, 0x00, 0x01,
  0xFF, 0xF0, 0x00, 0x00, 0x00, 0x00, 0x03, 0xFF, 0xE0, 0x00, 0x00, 0x00,
  0x00, 0x07, 0xFF, 0xC0, 0x00, 0x00, 0x00, 0x00, 0x0F, 0xFF, 0x80, 0x00,
  0x00, 0x00, 0x00, 0x1F, 0xFF, 0x00, 0x00, 0x00, 0x00, 0x00, 0x3F, 0xFE,
  0x00, 0x00, 0x00, 0x00, 0x00, 0x7F, 0xFC, 0x00, 0x00, 0x00, 0x00, 0x00,
  0xFF, 0xF8, 0x00, 0x00, 0x00, 0x00, 0x01, 0xFF, 0xF0, 0x00, 0x00, 0x00,
  0x00, 0x03, 0xFF, 0xE0, 0x00, 0x00, 0x00, 0x00, 0x07, 0xFF, 0xC0, 0x00,
  0x00, 0x00, 0x00, 0x0F, 0xFF, 0x80, 0x00, 0x00, 0x00, 0x00, 0x1F, 0xFF,
  0x00, 0x00, 0x00, 0x00, 0x00, 0x3F, 0xFE, 0x00, 0x00, 0x00, 0x00, 0x00,
  0x7F, 0xFC, 0x00, 0x00, 0x00, 0x00, 0x00, 0xFF, 0xF8, 0x00, 0x00, 0x00,
  0x00, 0x01, 0xFF, 0xF0, 0x00, 0x00, 0x00, 0x00, 0x03, 0xFF, 0xE0, 0x00,
  0x00, 0x00, 0x00, 0x07, 0xFF, 0xC0, 0x00, 0x00, 0x00, 0x00, 0x0F, 0xFF,
  0x80, 0x00, 0x00, 0x00, 0x00, 0x1F, 0xFF, 0x00, 0x00, 0x00, 0x00, 0x00,
  0x3F, 0xFE, 0x00, 0x00, 0x00, 0x00, 0x00, 0x7F, 0xFC, 0x00, 0x00, 0x00,
  0x00, 0x00, 0xFF, 0xF8, 0x00, 0x00, 0x00, 0x00, 0x01, 0xFF, 0xF0, 0x00,
  0x00, 0x00, 0x00, 0x03, 0xFF, 0xE0, 0x00, 0x00, 0x00, 0x00, 0x07, 0xFF,
  0xC0, 0x00, 0x00, 0x00, 0x00, 0x0F, 0xFF, 0x80, 0x00, 0x00, 0x00, 0x00,
  0x1F, 0xFF, 0x00, 0x00, 0x00, 0x00, 0x00, 0x3F, 0xFE, 0x00, 0x00, 0x00,
  0x00, 0x00, 0x7F, 0xFC, 0x00, 0x00, 0x00, 0x00, 0x00, 0xFF, 0xF8, 0x00,
  0x00, 0x00, 0x00, 0x01, 0xFF, 0xF8, 0x00, 0x00, 0x00, 0x00, 0x03, 0xFF,
  0xF0, 0x00, 0x00, 0x00, 0x00, 0x07, 0xFF, 0xE0, 0x00, 0x00, 0x00, 0x00,
  0x0F, 0xFF, 0xC0, 0x00, 0x00, 0x00, 0x00, 0x1F, 0xFF, 0xC0, 0x00, 0x00,
  0x00, 0x00, 0x3F, 0xFF, 0x80, 0x00, 0x00, 0x00, 0x00, 0x3F, 0xFF, 0x80,
  0x00, 0x00, 0x00, 0x00, 0x7F, 0xFF, 0x00, 0x00, 0x00, 0x00, 0x00, 0xFF,
  0xFF, 0x00, 0x00, 0x00, 0x00, 0x01, 0xFF, 0xFF, 0x00, 0x00, 0x10, 0x00,
  0x01, 0xFF, 0xFF, 0x00, 0x01, 0xF0, 0x00, 0x03, 0xFF, 0xFF, 0x80, 0x3F,
  0xE0, 0x00, 0x03, 0xFF, 0xFF, 0xFF, 0xFF, 0xE0, 0x00, 0x07, 0xFF, 0xFF,
  0xFF, 0xFF, 0xC0, 0x00, 0x07, 0xFF, 0xFF, 0xFF, 0xFF, 0xC0, 0x00, 0x0F,
  0xFF, 0xFF, 0xFF, 0xFF, 0x80, 0x00, 0x0F, 0xFF, 0xFF, 0xFF, 0xFF, 0x80,
  0x00, 0x0F, 0xFF, 0xFF, 0xFF, 0xFF, 0x00, 0x00, 0x0F, 0xFF, 0xFF, 0xFF,
  0xFE, 0x00, 0x00, 0x1F, 0xFF, 0xFF, 0xFF, 0xFE, 0x00, 0x00, 0x1F, 0xFF,
  0xFF, 0xFF, 0xFC, 0x00, 0x00, 0x0F, 0xFF, 0xFF, 0xFF, 0xF8, 0x00, 0x00,
  0x0F, 0xFF, 0xFF, 0xFF, 0xC0, 0x00, 0x00, 0x07, 0xFF, 0xFF, 0xFC, 0x00,
  0x00, 0x00, 0x03, 0xFF, 0xFF, 0xC0, 0x00, 0x00, 0x00, 0x00, 0xFF, 0xF0,
  0x00, 0x00, 0xFF, 0xFC, 0x00, 0x00, 0x00, 0x7F, 0xFF, 0xFF, 0xF8, 0x00,
  0x00, 0x00, 0xFF, 0xFF, 0xFF, 0xF0, 0x00, 0x00, 0x01, 0xFF, 0xFF, 0xFF,
  0xE0, 0x00, 0x00, 0x03, 0xFF, 0xFF, 0xFF, 0xC0, 0x00, 0x00, 0x07, 0xFF,
  0xFF, 0xFF, 0x80, 0x00, 0x00, 0x0F, 0xFF, 0xFF, 0xFF, 0x00, 0x00, 0x00,
  0x1F, 0xFF, 0xFF, 0xFE, 0x00, 0x00, 0x00, 0x3F, 0xFF, 0xFF, 0xFC, 0x00,
  0x00, 0x00, 0x7F, 0xFF, 0xFF, 0xF8, 0x00, 0x00, 0x00, 0xFF, 0xFF, 0xFF,
  0xF0, 0x00, 0x00, 0x01, 0xFF, 0xFF, 0xFF, 0xE0, 0x00, 0x00, 0x03, 0xFF,
  0xFF, 0xFF, 0xC0, 0x00, 0x00, 0x07, 0xFF, 0xFF, 0xFF, 0x80, 0x00, 0x00,
  0x0F, 0xFF, 0xFF, 0xFF, 0x00, 0x00, 0x00, 0x1F, 0xFF, 0xFF, 0xFE, 0x00,
  0x00, 0x00, 0x3F, 0xFF, 0xFF, 0xFC, 0x00, 0x00, 0x00, 0x7F, 0xFF, 0xFF,
  0xF8, 0x00, 0x00, 0x00, 0xFF, 0xFF, 0xFF, 0xF0, 0x00, 0x00, 0x01, 0xFF,
  0xFF, 0xFF, 0xE0, 0x00, 0x00, 0x03, 0xFF, 0xFF, 0xFF, 0xC0, 0x00, 0x00,
  0x07, 0xFF, 0xFF, 0xFF, 0x80, 0x00, 0x00, 0x0F, 0xFF, 0xFF, 0xFF, 0x00,
  0x00, 0x00, 0x1F, 0xFF, 0xFF, 0xFE, 0x00, 0x00, 0x00, 0x3F, 0xFF, 0xFF,
  0xFC, 0x00, 0x00, 0x00, 0x7F, 0xFF, 0xFF, 0xF8, 0x00, 0x00, 0x00, 0xFF,
  0xFF, 0xFF, 0xF0, 0x00, 0x00, 0x01, 0xFF, 0xFF, 0xFF, 0xE0, 0x00, 0x00,
  0x03, 0xFF, 0xFF, 0xFF, 0xC0, 0x00, 0x00, 0x07, 0xFF, 0xFF, 0xFF, 0x80,
  0x00, 0x00, 0x0F, 0xFF, 0xFF, 0xFF, 0x00, 0x00, 0x00, 0x1F, 0xFF, 0xFF,
  0xFE, 0x00, 0x00, 0x00, 0x3F, 0xFF, 0xFF, 0xFC, 0x00, 0x00, 0x00, 0x7F,
  0xFF, 0xFF, 0xF8, 0x00, 0x00, 0x00, 0xFF, 0xFF, 0xFF, 0xF0, 0x00, 0x00,
  0x01, 0xFF, 0xFF, 0xFF, 0xE0, 0x00, 0x00, 0x03, 0xFF, 0xFF, 0xFF, 0xC0,
  0x00, 0x00, 0x07, 0xFF, 0xFF, 0xFF, 0x80, 0x00, 0x00, 0x0F, 0xFF, 0xFF,
  0xFF, 0x00, 0x00, 0x00, 0x1F, 0xFF, 0xFF, 0xFE, 0x00, 0x00, 0x00, 0x3F,
  0xFF, 0xFF, 0xFC, 0x00, 0x00, 0x00, 0x7F, 0xFF, 0xFF, 0xF8, 0x00, 0x00,
  0x00, 0xFF, 0xFF, 0xFF, 0xF0, 0x00, 0x00, 0x01, 0xFF, 0xFF, 0xFF, 0xE0,
  0x00, 0x00, 0x03, 0xFF, 0xFF, 0xFF, 0xC0, 0x00, 0x00, 0x07, 0xFF, 0xFF,
  0xFF, 0x80, 0x00, 0x00, 0x0F, 0xFF, 0xFF, 0xFF, 0x00, 0x00, 0x00, 0x1F,
  0xFF, 0xFF, 0xFE, 0x00, 0x00, 0x00, 0x3F, 0xFF, 0xFF, 0xFC, 0x00, 0x00,
  0x00, 0x7F, 0xFF, 0xFF, 0xF8, 0x00, 0x00, 0x00, 0xFF, 0xFF, 0xFF, 0xF0,
  0x00, 0x00, 0x01, 0xFF, 0xFF, 0xFF, 0xE0, 0x00, 0x00, 0x03, 0xFF, 0xFF,
  0xFF, 0xC0, 0x00, 0x00, 0x07, 0xFF, 0xFF, 0xFF, 0x80, 0x00, 0x00, 0x0F,
  0xFF, 0xFF, 0xFF, 0x00, 0x00, 0x00, 0x1F, 0xFF, 0xFF, 0xFE, 0x00, 0x00,
  0x00, 0x3F, 0xFF, 0xFF, 0xFC, 0x00, 0x00, 0x00, 0x7F, 0xFF, 0xFF, 0xF8,
  0x00, 0x00, 0x00, 0xFF, 0xFF, 0xFF, 0xF0, 0x00, 0x00, 0x01, 0xFF, 0xFF,
  0xFF, 0xE0, 0x00, 0x00, 0x03, 0xFF, 0xFF, 0xFF, 0xE0, 0x00, 0x00, 0x0F,
  0xFF, 0xFF, 0xFF, 0xC0, 0x00, 0x00, 0x1F, 0xFF, 0xDF, 0xFF, 0xC0, 0x00,
  0x00, 0x7F, 0xFF, 0xBF, 0xFF, 0x80, 0x00, 0x00, 0xFF, 0xFF, 0x7F, 0xFF,
  0x80, 0x00, 0x03, 0xFF, 0xFE, 0xFF, 0xFF, 0x80, 0x00, 0x0F, 0xFF, 0xFC,
  0xFF, 0xFF, 0x80, 0x00, 0x3F, 0xFF, 0xF9, 0xFF, 0xFF, 0xC0, 0x01, 0xFF,
  0xFF, 0xF1, 0xFF, 0xFF, 0xE0, 0x0F, 0xFF, 0xFF, 0xE3, 0xFF, 0xFF, 0xFF,
  0xFF, 0xFF, 0xFF, 0xC3, 0xFF, 0xFF, 0xFF, 0xFF, 0xFF, 0xFF, 0x87, 0xFF,
  0xFF, 0xFF, 0xFF, 0xFF, 0xFF, 0x07, 0xFF, 0xFF, 0xFF, 0xFF, 0xFF, 0xFE,
  0x07, 0xFF, 0xFF, 0xFF, 0xFF, 0xFF, 0xFC, 0x0F, 0xFF, 0xFF, 0xFF, 0xFD,
  0xFF, 0xF8, 0x0F, 0xFF, 0xFF, 0xFF, 0xFB, 0xFF, 0xF0, 0x0F, 0xFF, 0xFF,
  0xFF, 0xE7, 0xFF, 0xE0, 0x0F, 0xFF, 0xFF, 0xFF, 0xCF, 0xFF, 0xC0, 0x07,
  0xFF, 0xFF, 0xFF, 0x1F, 0xFF, 0x80, 0x07, 0xFF, 0xFF, 0xFC, 0x3F, 0xFF,
  0x00, 0x07, 0xFF, 0xFF, 0xE0, 0x7F, 0xFE, 0x00, 0x01, 0xFF, 0xFF, 0x00,
  0xFF, 0xFC, 0x00, 0x00, 0x7F, 0xF0, 0x01, 0xFF, 0xF8, 0xFF, 0xFE, 0x00,
  0x00, 0x00, 0xFF, 0xFF, 0xFF, 0xFC, 0x00, 0x00, 0x01, 0xFF, 0xFF, 0xFF,
  0xFC, 0x00, 0x00, 0x07, 0xFF, 0xFB, 0xFF, 0xF8, 0x00, 0x00, 0x0F, 0xFF,
  0xE7, 0xFF, 0xF0, 0x00, 0x00, 0x1F, 0xFF, 0xCF, 0xFF, 0xE0, 0x00, 0x00,
  0x3F, 0xFF, 0x9F, 0xFF, 0xC0, 0x00, 0x00, 0x7F, 0xFF, 0x1F, 0xFF, 0xC0,
  0x00, 0x01, 0xFF, 0xFC, 0x3F, 0xFF, 0x80, 0x00, 0x03, 0xFF, 0xF8, 0x7F,
  0xFF, 0x00, 0x00, 0x07, 0xFF, 0xF0, 0xFF, 0xFE, 0x00, 0x00, 0x0F, 0xFF,
  0xE0, 0xFF, 0xFC, 0x00, 0x00, 0x1F, 0xFF, 0x81, 0xFF, 0xFC, 0x00, 0x00,
  0x7F, 0xFF, 0x03, 0xFF, 0xF8, 0x00, 0x00, 0xFF, 0xFE, 0x07, 0xFF, 0xF0,
  0x00, 0x01, 0xFF, 0xFC, 0x07, 0xFF, 0xE0, 0x00, 0x03, 0xFF, 0xF0, 0x0F,
  0xFF, 0xC0, 0x00, 0x07, 0xFF, 0xE0, 0x1F, 0xFF, 0x80, 0x00, 0x0F, 0xFF,
  0xC0, 0x3F, 0xFF, 0x80, 0x00, 0x3F, 0xFF, 0x80, 0x3F, 0xFF, 0x00, 0x00,
  0x7F, 0xFE, 0x00, 0x7F, 0xFE, 0x00, 0x00, 0xFF, 0xFC, 0x00, 0xFF, 0xFC,
  0x00, 0x01, 0xFF, 0xF8, 0x01, 0xFF, 0xF8, 0x00, 0x03, 0xFF, 0xF0, 0x01,
  0xFF, 0xF8, 0x00, 0x0F, 0xFF, 0xC0, 0x03, 0xFF, 0xF0, 0x00, 0x1F, 0xFF,
  0x80, 0x07, 0xFF, 0xE0, 0x00, 0x3F, 0xFF, 0x00, 0x0F, 0xFF, 0xC0, 0x00,
  0x7F, 0xFE, 0x00, 0x0F, 0xFF, 0x80, 0x00, 0xFF, 0xF8, 0x00, 0x1F, 0xFF,
  0x80, 0x03, 0xFF, 0xF0, 0x00, 0x3F, 0xFF, 0x00, 0x07, 0xFF, 0xE0, 0x00,
  0x7F, 0xFE, 0x00, 0x0F, 0xFF, 0xC0, 0x00, 0x7F, 0xFC, 0x00, 0x1F, 0xFF,
  0x00, 0x00, 0xFF, 0xF8, 0x00, 0x3F, 0xFE, 0x00, 0x01, 0xFF, 0xF0, 0x00,
  0x7F, 0xFC, 0x00, 0x03, 0xFF, 0xF0, 0x01, 0xFF, 0xF8, 0x00, 0x03, 0xFF,
  0xE0, 0x03, 0xFF, 0xE0, 0x00, 0x07, 0xFF, 0xC0, 0x07, 0xFF, 0xC0, 0x00,
  0x0F, 0xFF, 0x80, 0x0F, 0xFF, 0x80, 0x00, 0x1F, 0xFF, 0x00, 0x1F, 0xFF,
  0x00, 0x00, 0x1F, 0xFF, 0x00, 0x7F, 0xFC, 0x00, 0x00, 0x3F, 0xFE, 0x00,
  0xFF, 0xF8, 0x00, 0x00, 0x7F, 0xFC, 0x01, 0xFF, 0xF0, 0x00, 0x00, 0xFF,
  0xF8, 0x03, 0xFF, 0xE0, 0x00, 0x00, 0xFF, 0xF0, 0x07, 0xFF, 0x80, 0x00,
  0x01, 0xFF, 0xE0, 0x0F, 0xFF, 0x00, 0x00, 0x03, 0xFF, 0xE0, 0x3F, 0xFE,
  0x00, 0x00, 0x07, 0xFF, 0xC0, 0x7F, 0xFC, 0x00, 0x00, 0x07, 0xFF, 0x80,
  0xFF, 0xF0, 0x00, 0x00, 0x0F, 0xFF, 0x01, 0xFF, 0xE0, 0x00, 0x00, 0x1F,
  0xFE, 0x03, 0xFF, 0xC0, 0x00, 0x00, 0x3F, 0xFE, 0x0F, 0xFF, 0x80, 0x00,
  0x00, 0x3F, 0xFC, 0x1F, 0xFE, 0x00, 0x00, 0x00, 0x7F, 0xF8, 0x3F, 0xFC,
  0x00, 0x00, 0x00, 0xFF, 0xF0, 0x7F, 0xF8, 0x00, 0x00, 0x01, 0xFF, 0xE0,
  0xFF, 0xF0, 0x00, 0x00, 0x01, 0xFF, 0xE3, 0xFF, 0xC0, 0x00, 0x00, 0x03,
  0xFF, 0xC7, 0xFF, 0x80, 0x00, 0x00, 0x07, 0xFF, 0x8F, 0xFF, 0x00, 0x00,
  0x00, 0x0F, 0xFF, 0x1F, 0xFE, 0x00, 0x00, 0x00, 0x0F, 0xFE, 0x3F, 0xF8,
  0x00, 0x00, 0x00, 0x1F, 0xFC, 0x7F, 0xF0, 0x00, 0x00, 0x00, 0x3F, 0xFD,
  0xFF, 0xE0, 0x00, 0x00, 0x00, 0x7F, 0xFB, 0xFF, 0xC0, 0x00, 0x00, 0x00,
  0x7F, 0xF7, 0xFF, 0x00, 0x00, 0x00, 0x00, 0xFF, 0xEF, 0xFE, 0x00, 0x00,
  0x00, 0x01, 0xFF, 0xDF, 0xFC, 0x00, 0x00, 0x00, 0x03, 0xFF, 0xFF, 0xF8,
  0x00, 0x00, 0x00, 0x03, 0xFF, 0xFF, 0xE0, 0x00, 0x00, 0x00, 0x07, 0xFF,
  0xFF, 0xC0, 0x00, 0x00, 0x00, 0x0F, 0xFF, 0xFF, 0x80, 0x00, 0x00, 0x00,
  0x1F, 0xFF, 0xFF, 0x00, 0x00, 0x00, 0x00, 0x1F, 0xFF, 0xFC, 0x00, 0x00,
  0x00, 0x00, 0x3F, 0xFF, 0xF8, 0x00, 0x00, 0x00, 0x00, 0x7F, 0xFF, 0xF0,
  0x00, 0x00, 0x00, 0x00, 0xFF, 0xFF, 0xE0, 0x00, 0x00, 0x00, 0x00, 0xFF,
  0xFF, 0x80, 0x00, 0x00, 0x00, 0x01, 0xFF, 0xFF, 0x00, 0x00, 0x00, 0x00,
  0x03, 0xFF, 0xFE, 0x00, 0x00, 0x00, 0x00, 0x07, 0xFF, 0xFC, 0x00, 0x00,
  0x00, 0x00, 0x07, 0xFF, 0xF0, 0x00, 0x00, 0x00, 0x00, 0x0F, 0xFF, 0xE0,
  0x00, 0x00, 0x00, 0x00, 0x1F, 0xFF, 0xC0, 0x00, 0x00, 0x00, 0x00, 0x3F,
  0xFF, 0x80, 0x00, 0x00, 0xFF, 0xFE, 0x00, 0x00, 0x80, 0x00, 0x3F, 0xFF,
  0xFF, 0xFF, 0x00, 0x00, 0x40, 0x00, 0x1F, 0xFF, 0xDF, 0xFF, 0x80, 0x00,
  0x20, 0x00, 0x0F, 0xFF, 0xCF, 0xFF, 0xC0, 0x00, 0x10, 0x00, 0x07, 0xFF,
  0xE7, 0xFF, 0xE0, 0x00, 0x1C, 0x00, 0x03, 0xFF, 0xF3, 0xFF, 0xF0, 0x00,
  0x0E, 0x00, 0x01, 0xFF, 0xF9, 0xFF, 0xFC, 0x00, 0x07, 0x00, 0x01, 0xFF,
  0xFC, 0xFF, 0xFE, 0x00, 0x03, 0x80, 0x00, 0xFF, 0xFE, 0x7F, 0xFF, 0x00,
  0x03, 0xE0, 0x00, 0x7F, 0xFF, 0x1F, 0xFF, 0x80, 0x01, 0xF0, 0x00, 0x3F,
  0xFF, 0x0F, 0xFF, 0xC0, 0x00, 0xF8, 0x00, 0x1F, 0xFF, 0x87, 0xFF, 0xE0,
  0x00, 0x7C, 0x00, 0x0F, 0xFF, 0xC3, 0xFF, 0xF0, 0x00, 0x3E, 0x00, 0x07,
  0xFF, 0xE1, 0xFF, 0xF8, 0x00, 0x3F, 0x80, 0x03, 0xFF, 0xF0, 0xFF, 0xFC,
  0x00, 0x1F, 0xC0, 0x01, 0xFF, 0xF8, 0x7F, 0xFE, 0x00, 0x0F, 0xE0, 0x01,
  0xFF, 0xFC, 0x1F, 0xFF, 0x80, 0x07, 0xF0, 0x00, 0xFF, 0xFC, 0x0F, 0xFF,
  0xC0, 0x07, 0xFC, 0x00, 0x7F, 0xFE, 0x07, 0xFF, 0xE0, 0x03, 0xFE, 0x00,
  0x3F, 0xFF, 0x03, 0xFF, 0xF0, 0x01, 0xFF, 0x00, 0x1F, 0xFF, 0x81, 0xFF,
  0xF8, 0x00, 0xFF, 0x80, 0x0F, 0xFF, 0xC0, 0xFF, 0xFC, 0x00, 0xFF, 0xE0,
  0x07, 0xFF, 0xE0, 0x7F, 0xFE, 0x00, 0x7F, 0xF0, 0x03, 0xFF, 0xF0, 0x1F,
  0xFF, 0x00, 0x3F, 0xF8, 0x01, 0xFF, 0xF0, 0x0F, 0xFF, 0x80, 0x1F, 0xFC,
  0x00, 0xFF, 0xF8, 0x07, 0xFF, 0xE0, 0x1F, 0xFF, 0x00, 0xFF, 0xFC, 0x03,
  0xFF, 0xF0, 0x0F, 0xFF, 0x80, 0x7F, 0xFE, 0x01, 0xFF, 0xF8, 0x07, 0xFF,
  0xC0, 0x3F, 0xFF, 0x00, 0xFF, 0xFC, 0x03, 0xFF, 0xE0, 0x1F, 0xFF, 0x80,
  0x7F, 0xFE, 0x03, 0xFF, 0xF8, 0x0F, 0xFF, 0xC0, 0x1F, 0xFF, 0x01, 0xFF,
  0xFC, 0x07, 0xFF, 0xE0, 0x0F, 0xFF, 0x80, 0xFF, 0xFE, 0x03, 0xFF, 0xE0,
  0x07, 0xFF, 0xC0, 0x7F, 0xFF, 0x01, 0xFF, 0xF0, 0x03, 0xFF, 0xE0, 0x7F,
  0xFF, 0xC0, 0xFF, 0xF8, 0x01, 0xFF, 0xF8, 0x3F, 0xFF, 0xE0, 0xFF, 0xFC,
  0x00, 0xFF, 0xFC, 0x1F, 0xFF, 0xF0, 0x7F, 0xFE, 0x00, 0x7F, 0xFE, 0x0F,
  0xFF, 0xF8, 0x3F, 0xFF, 0x00, 0x3F, 0xFF, 0x0F, 0xFF, 0xFE, 0x1F, 0xFF,
  0x80, 0x0F, 0xFF, 0x87, 0xFF, 0xFF, 0x0F, 0xFF, 0x80, 0x07, 0xFF, 0xC3,
  0xFF, 0xFF, 0x87, 0xFF, 0xC0, 0x03, 0xFF, 0xE1, 0xFF, 0xFF, 0xC3, 0xFF,
  0xE0, 0x01, 0xFF, 0xF1, 0xFF, 0xFF, 0xF1, 0xFF, 0xF0, 0x00, 0xFF, 0xF8,
  0xFF, 0xDF, 0xF8, 0xFF, 0xF8, 0x00, 0x7F, 0xFC, 0x7F, 0xEF, 0xFC, 0x7F,
  0xFC, 0x00, 0x3F, 0xFF, 0x3F, 0xF7, 0xFE, 0x7F, 0xFE, 0x00, 0x0F, 0xFF,
  0x9F, 0xFB, 0xFF, 0x3F, 0xFE, 0x00, 0x07, 0xFF, 0xDF, 0xFD, 0xFF, 0xDF,
  0xFF, 0x00, 0x03, 0xFF, 0xEF, 0xFE, 0xFF, 0xEF, 0xFF, 0x80, 0x01, 0xFF,
  0xF7, 0xFE, 0x3F, 0xF7, 0xFF, 0xC0, 0x00, 0xFF, 0xFB, 0xFF, 0x1F, 0xFB,
  0xFF, 0xE0, 0x00, 0x7F, 0xFF, 0xFF, 0x8F, 0xFF, 0xFF, 0xF0, 0x00, 0x3F,
  0xFF, 0xFF, 0xC7, 0xFF, 0xFF, 0xF8, 0x00, 0x0F, 0xFF, 0xFF, 0xE3, 0xFF,
  0xFF, 0xF8, 0x00, 0x07, 0xFF, 0xFF, 0xF1, 0xFF, 0xFF, 0xFC, 0x00, 0x03,
  0xFF, 0xFF, 0xF0, 0x7F, 0xFF, 0xFE, 0x00, 0x01, 0xFF, 0xFF, 0xF8, 0x3F,
  0xFF, 0xFF, 0x00, 0x00, 0xFF, 0xFF, 0xFC, 0x1F, 0xFF, 0xFF, 0x80, 0x00,
  0x7F, 0xFF, 0xFE, 0x0F, 0xFF, 0xFF, 0xC0, 0x00, 0x3F, 0xFF, 0xFF, 0x07,
  0xFF, 0xFF, 0xE0, 0x00, 0x0F, 0xFF, 0xFF, 0x83, 0xFF, 0xFF, 0xE0, 0x00,
  0x07, 0xFF, 0xFF, 0x80, 0xFF, 0xFF, 0xF0, 0x00, 0x03, 0xFF, 0xFF, 0xC0,
  0x7F, 0xFF, 0xF8, 0x00, 0x01, 0xFF, 0xFF, 0xE0, 0x3F, 0xFF, 0xFC, 0x00,
  0x00, 0xFF, 0xFF, 0xF0, 0x1F, 0xFF, 0xFE, 0x00, 0x00, 0x7F, 0xFF, 0xF8,
  0x0F, 0xFF, 0xFF, 0x00, 0x00, 0x3F, 0xFF, 0xFC, 0x07, 0xFF, 0xFF, 0x80,
  0x00, 0x0F, 0xFF, 0xFC, 0x01, 0xFF, 0xFF, 0xC0, 0x00, 0x07, 0xFF, 0xFE,
  0x00, 0xFF, 0xFF, 0xC0, 0x00, 0x03, 0xFF, 0xFF, 0x00, 0x7F, 0xFF, 0xE0,
  0x00, 0x01, 0xFF, 0xFF, 0x80, 0x3F, 0xFF, 0xF0, 0x00, 0x00, 0xFF, 0xFF,
  0xC0, 0x1F, 0xFF, 0xF8, 0x00, 0x00, 0x7F, 0xFF, 0xE0, 0x0F, 0xFF, 0xFC,
  0x00, 0x00, 0x3F, 0xFF, 0xE0, 0x03, 0xFF, 0xFE, 0x00, 0x00, 0x1F, 0xFF,
  0xF0, 0x01, 0xFF, 0xFF, 0x00, 0x00, 0x07, 0xFF, 0xF8, 0x00, 0xFF, 0xFF,
  0x00, 0x00, 0x03, 0xFF, 0xFC, 0x00, 0x7F, 0xFF, 0x80, 0x00, 0x01, 0xFF,
  0xFE, 0x00, 0x3F, 0xFF, 0xC0, 0x00, 0x00, 0xFF, 0xFF, 0x00, 0x1F, 0xFF,
  0xE0, 0x00, 0x00, 0x7F, 0xFF, 0x00, 0x07, 0xFF, 0xF0, 0x00, 0x00, 0x3F,
  0xFF, 0x80, 0x03, 0xFF, 0xF8, 0x00, 0x00, 0x1F, 0xFF, 0xC0, 0x01, 0xFF,
  0xFC, 0x00, 0x00, 0x07, 0xFF, 0xE0, 0x00, 0xFF, 0xFC, 0x00, 0x00, 0x03,
  0xFF, 0xF0, 0x00, 0x7F, 0xFE, 0x00, 0x00, 0xFF, 0xFF, 0x00, 0x00, 0x01,
  0xFF, 0xFF, 0xFF, 0xFE, 0x00, 0x00, 0x03, 0xFF, 0xFD, 0xFF, 0xFE, 0x00,
  0x00, 0x0F, 0xFF, 0xF3, 0xFF, 0xFC, 0x00, 0x00, 0x1F, 0xFF, 0xE3, 0xFF,
  0xF8, 0x00, 0x00, 0x3F, 0xFF, 0x87, 0xFF, 0xF8, 0x00, 0x00, 0xFF, 0xFF,
  0x07, 0xFF, 0xF0, 0x00, 0x01, 0xFF, 0xFC, 0x0F, 0xFF, 0xE0, 0x00, 0x03,
  0xFF, 0xF8, 0x0F, 0xFF, 0xE0, 0x00, 0x0F, 0xFF, 0xE0, 0x1F, 0xFF, 0xC0,
  0x00, 0x1F, 0xFF, 0xC0, 0x3F, 0xFF, 0x80, 0x00, 0x3F, 0xFF, 0x80, 0x3F,
  0xFF, 0x80, 0x00, 0xFF, 0xFE, 0x00, 0x7F, 0xFF, 0x00, 0x01, 0xFF, 0xFC,
  0x00, 0x7F, 0xFE, 0x00, 0x03, 0xFF, 0xF0, 0x00, 0xFF, 0xFE, 0x00, 0x0F,
  0xFF, 0xE0, 0x00, 0xFF, 0xFC, 0x00, 0x1F, 0xFF, 0x80, 0x01, 0xFF, 0xF8,
  0x00, 0x3F, 0xFF, 0x00, 0x01, 0xFF, 0xF0, 0x00, 0xFF, 0xFC, 0x00, 0x03,
  0xFF, 0xF0, 0x01, 0xFF, 0xF8, 0x00, 0x07, 0xFF, 0xE0, 0x03, 0xFF, 0xF0,
  0x00, 0x07, 0xFF, 0xC0, 0x07, 0xFF, 0xC0, 0x00, 0x0F, 0xFF, 0xC0, 0x1F,
  0xFF, 0x80, 0x00, 0x0F, 0xFF, 0x80, 0x3F, 0xFE, 0x00, 0x00, 0x1F, 0xFF,
  0x00, 0x7F, 0xFC, 0x00, 0x00, 0x1F, 0xFF, 0x01, 0xFF, 0xF0, 0x00, 0x00,
  0x3F, 0xFE, 0x03, 0xFF, 0xE0, 0x00, 0x00, 0x3F, 0xFC, 0x07, 0xFF, 0x80,
  0x00, 0x00, 0x7F, 0xFC, 0x1F, 0xFF, 0x00, 0x00, 0x00, 0xFF, 0xF8, 0x3F,
  0xFE, 0x00, 0x00, 0x00, 0xFF, 0xF0, 0x7F, 0xF8, 0x00, 0x00, 0x01, 0xFF,
  0xF1, 0xFF, 0xF0, 0x00, 0x00, 0x01, 0xFF, 0xE3, 0xFF, 0xC0, 0x00, 0x00,
  0x03, 0xFF, 0xC7, 0xFF, 0x80, 0x00, 0x00, 0x03, 0xFF, 0xDF, 0xFE, 0x00,
  0x00, 0x00, 0x07, 0xFF, 0xBF, 0xFC, 0x00, 0x00, 0x00, 0x07, 0xFF, 0x7F,
  0xF0, 0x00, 0x00, 0x00, 0x0F, 0xFF, 0xFF, 0xE0, 0x00, 0x00, 0x00, 0x1F,
  0xFF, 0xFF, 0xC0, 0x00, 0x00, 0x00, 0x1F, 0xFF, 0xFF, 0x00, 0x00, 0x00,
  0x00, 0x3F, 0xFF, 0xFE, 0x00, 0x00, 0x00, 0x00, 0x3F, 0xFF, 0xF8, 0x00,
  0x00, 0x00, 0x00, 0x7F, 0xFF, 0xF0, 0x00, 0x00, 0x00, 0x00, 0xFF, 0xFF,
  0xE0, 0x00, 0x00, 0x00, 0x03, 0xFF, 0xFF, 0xE0, 0x00, 0x00, 0x00, 0x07,
  0xFF, 0xFF, 0xC0, 0x00, 0x00, 0x00, 0x0F, 0xFF, 0xFF, 0x80, 0x00, 0x00,
  0x00, 0x3F, 0xFF, 0xFF, 0x80, 0x00, 0x00, 0x00, 0x7F, 0xF7, 0xFF, 0x00,
  0x00, 0x00, 0x01, 0xFF, 0xEF, 0xFF, 0x00, 0x00, 0x00, 0x03, 0xFF, 0xDF,
  0xFE, 0x00, 0x00, 0x00, 0x0F, 0xFF, 0x1F, 0xFE, 0x00, 0x00, 0x00, 0x1F,
  0xFE, 0x3F, 0xFC, 0x00, 0x00, 0x00, 0x7F, 0xFC, 0x7F, 0xFC, 0x00, 0x00,
  0x00, 0xFF, 0xF0, 0x7F, 0xF8, 0x00, 0x00, 0x01, 0xFF, 0xE0, 0xFF, 0xF0,
  0x00, 0x00, 0x07, 0xFF, 0xC1, 0xFF, 0xF0, 0x00, 0x00, 0x0F, 0xFF, 0x01,
  0xFF, 0xE0, 0x00, 0x00, 0x3F, 0xFE, 0x03, 0xFF, 0xE0, 0x00, 0x00, 0x7F,
  0xFC, 0x07, 0xFF, 0xC0, 0x00, 0x01, 0xFF, 0xF0, 0x07, 0xFF, 0xC0, 0x00,
  0x03, 0xFF, 0xE0, 0x0F, 0xFF, 0x80, 0x00, 0x0F, 0xFF, 0xC0, 0x1F, 0xFF,
  0x80, 0x00, 0x1F, 0xFF, 0x80, 0x3F, 0xFF, 0x00, 0x00, 0x3F, 0xFE, 0x00,
  0x3F, 0xFE, 0x00, 0x00, 0xFF, 0xFC, 0x00, 0x7F, 0xFE, 0x00, 0x01, 0xFF,
  0xF8, 0x00, 0xFF, 0xFC, 0x00, 0x07, 0xFF, 0xE0, 0x00, 0xFF, 0xFC, 0x00,
  0x0F, 0xFF, 0xC0, 0x01, 0xFF, 0xF8, 0x00, 0x3F, 0xFF, 0x80, 0x03, 0xFF,
  0xF8, 0x00, 0x7F, 0xFE, 0x00, 0x03, 0xFF, 0xF0, 0x01, 0xFF, 0xFC, 0x00,
  0x07, 0xFF, 0xF0, 0x03, 0xFF, 0xF8, 0x00, 0x0F, 0xFF, 0xE0, 0x07, 0xFF,
  0xE0, 0x00, 0x0F, 0xFF, 0xC0, 0x1F, 0xFF, 0xC0, 0x00, 0x1F, 0xFF, 0xC0,
  0x3F, 0xFF, 0x80, 0x00, 0x3F, 0xFF, 0x80, 0xFF, 0xFE, 0x00, 0x00, 0x3F,
  0xFF, 0x81, 0xFF, 0xFC, 0x00, 0x00, 0x7F, 0xFF, 0x07, 0xFF, 0xF8, 0x00,
  0x00, 0xFF, 0xFF, 0x0F, 0xFF, 0xE0, 0x00, 0x00, 0xFF, 0xFE, 0x3F, 0xFF,
  0xC0, 0x00, 0x01, 0xFF, 0xFE, 0x7F, 0xFF, 0x80, 0x00, 0x03, 0xFF, 0xFC,
  0xFF, 0xFE, 0x00, 0x00, 0x03, 0xFF, 0xFB, 0xFF, 0xFC, 0x00, 0x00, 0x07,
  0xFF, 0xF8, 0xFF, 0xFE, 0x00, 0x00, 0x00, 0xFF, 0xFF, 0xFF, 0xFC, 0x00,
  0x00, 0x01, 0xFF, 0xFF, 0xFF, 0xFC, 0x00, 0x00, 0x07, 0xFF, 0xFB, 0xFF,
  0xF8, 0x00, 0x00, 0x0F, 0xFF, 0xE7, 0xFF, 0xF0, 0x00, 0x00, 0x1F, 0xFF,
  0xCF, 0xFF, 0xE0, 0x00, 0x00, 0x3F, 0xFF, 0x9F, 0xFF, 0xC0, 0x00, 0x00,
  0x7F, 0xFF, 0x1F, 0xFF, 0xC0, 0x00, 0x01, 0xFF, 0xFC, 0x3F, 0xFF, 0x80,
  0x00, 0x03, 0xFF, 0xF8, 0x7F, 0xFF, 0x00, 0x00, 0x07, 0xFF, 0xF0, 0xFF,
  0xFE, 0x00, 0x00, 0x0F, 0xFF, 0xE0, 0xFF, 0xFC, 0x00, 0x00, 0x1F, 0xFF,
  0x81, 0xFF, 0xFC, 0x00, 0x00, 0x7F, 0xFF, 0x03, 0xFF, 0xF8, 0x00, 0x00,
  0xFF, 0xFE, 0x07, 0xFF, 0xF0, 0x00, 0x01, 0xFF, 0xFC, 0x07, 0xFF, 0xE0,
  0x00, 0x03, 0xFF, 0xF0, 0x0F, 0xFF, 0xC0, 0x00, 0x07, 0xFF, 0xE0, 0x1F,
  0xFF, 0x80, 0x00, 0x0F, 0xFF, 0xC0, 0x3F, 0xFF, 0x80, 0x00, 0x3F, 0xFF,
  0x80, 0x3F, 0xFF, 0x00, 0x00, 0x7F, 0xFE, 0x00, 0x7F, 0xFE, 0x00, 0x00,
  0xFF, 0xFC, 0x00, 0xFF, 0xFC, 0x00, 0x01, 0xFF, 0xF8, 0x01, 0xFF, 0xF8,
  0x00, 0x03, 0xFF, 0xF0, 0x01, 0xFF, 0xF8, 0x00, 0x0F, 0xFF, 0xC0, 0x03,
  0xFF, 0xF0, 0x00, 0x1F, 0xFF, 0x80, 0x07, 0xFF, 0xE0, 0x00, 0x3F, 0xFF,
  0x00, 0x0F, 0xFF, 0xC0, 0x00, 0x7F, 0xFE, 0x00, 0x0F, 0xFF, 0x80, 0x00,
  0xFF, 0xF8, 0x00, 0x1F, 0xFF, 0x80, 0x03, 0xFF, 0xF0, 0x00, 0x3F, 0xFF,
  0x00, 0x07, 0xFF, 0xE0, 0x00, 0x7F, 0xFE, 0x00, 0x0F, 0xFF, 0xC0, 0x00,
  0x7F, 0xFC, 0x00, 0x1F, 0xFF, 0x00, 0x00, 0xFF, 0xF8, 0x00, 0x3F, 0xFE,
  0x00, 0x01, 0xFF, 0xF0, 0x00, 0x7F, 0xFC, 0x00, 0x03, 0xFF, 0xF0, 0x01,
  0xFF, 0xF8, 0x00, 0x03, 0xFF, 0xE0, 0x03, 0xFF, 0xE0, 0x00, 0x07, 0xFF,
  0xC0, 0x07, 0xFF, 0xC0, 0x00, 0x0F, 0xFF, 0x80, 0x0F, 0xFF, 0x80, 0x00,
  0x1F, 0xFF, 0x00, 0x1F, 0xFF, 0x00, 0x00, 0x1F, 0xFF, 0x00, 0x7F, 0xFC,
  0x00, 0x00, 0x3F, 0xFE, 0x00, 0xFF, 0xF8, 0x00, 0x00, 0x7F, 0xFC, 0x01,
  0xFF, 0xF0, 0x00, 0x00, 0xFF, 0xF8, 0x03, 0xFF, 0xE0, 0x00, 0x00, 0xFF,
  0xF0, 0x07, 0xFF, 0x80, 0x00, 0x01, 0xFF, 0xE0, 0x0F, 0xFF, 0x00, 0x00,
  0x03, 0xFF, 0xE0, 0x3F, 0xFE, 0x00, 0x00, 0x07, 0xFF, 0xC0, 0x7F, 0xFC,
  0x00, 0x00, 0x07, 0xFF, 0x80, 0xFF, 0xF0, 0x00, 0x00, 0x0F, 0xFF, 0x01,
  0xFF, 0xE0, 0x00, 0x00, 0x1F, 0xFE, 0x03, 0xFF, 0xC0, 0x00, 0x00, 0x3F,
  0xFE, 0x0F, 0xFF, 0x80, 0x00, 0x00, 0x3F, 0xFC, 0x1F, 0xFE, 0x00, 0x00,
  0x00, 0x7F, 0xF8, 0x3F, 0xFC, 0x00, 0x00, 0x00, 0xFF, 0xF0, 0x7F, 0xF8,
  0x00, 0x00, 0x01, 0xFF, 0xE0, 0xFF, 0xF0, 0x00, 0x00, 0x01, 0xFF, 0xE3,
  0xFF, 0xC0, 0x00, 0x00, 0x03, 0xFF, 0xC7, 0xFF, 0x80, 0x00, 0x00, 0x07,
  0xFF, 0x8F, 0xFF, 0x00, 0x00, 0x00, 0x0F, 0xFF, 0x1F, 0xFE, 0x00, 0x00,
  0x00, 0x0F, 0xFE, 0x3F, 0xF8, 0x00, 0x00, 0x00, 0x1F, 0xFC, 0x7F, 0xF0,
  0x00, 0x00, 0x00, 0x3F, 0xFD, 0xFF, 0xE0, 0x00, 0x00, 0x00, 0x7F, 0xFB,
  0xFF, 0xC0, 0x00, 0x00, 0x00, 0x7F, 0xF7, 0xFF, 0x00, 0x00, 0x00, 0x00,
  0xFF, 0xEF, 0xFE, 0x00, 0x00, 0x00, 0x01, 0xFF, 0xDF, 0xFC, 0x00, 0x00,
  0x00, 0x03, 0xFF, 0xFF, 0xF8, 0x00, 0x00, 0x00, 0x03, 0xFF, 0xFF, 0xE0,
  0x00, 0x00, 0x00, 0x07, 0xFF, 0xFF, 0xC0, 0x00, 0x00, 0x00, 0x0F, 0xFF,
  0xFF, 0x80, 0x00, 0x00, 0x00, 0x1F, 0xFF, 0xFF, 0x00, 0x00, 0x00, 0x00,
  0x1F, 0xFF, 0xFC, 0x00, 0x00, 0x00, 0x00, 0x3F, 0xFF, 0xF8, 0x00, 0x00,
  0x00, 0x00, 0x7F, 0xFF, 0xF0, 0x00, 0x00, 0x00, 0x00, 0xFF, 0xFF, 0xE0,
  0x00, 0x00, 0x00, 0x00, 0xFF, 0xFF, 0x80, 0x00, 0x00, 0x00, 0x01, 0xFF,
  0xFF, 0x00, 0x00, 0x00, 0x00, 0x03, 0xFF, 0xFE, 0x00, 0x00, 0x00, 0x00,
  0x07, 0xFF, 0xFC, 0x00, 0x00, 0x00, 0x00, 0x07, 0xFF, 0xF0, 0x00, 0x00,
  0x00, 0x00, 0x0F, 0xFF, 0xE0, 0x00, 0x00, 0x00, 0x00, 0x1F, 0xFF, 0xC0,
  0x00, 0x00, 0x00, 0x00, 0x3F, 0xFF, 0x80, 0x00, 0x00, 0x00, 0x00, 0x7F,
  0xFE, 0x00, 0x00, 0x00, 0x00, 0x00, 0xFF, 0xFC, 0x00, 0x00, 0x00, 0x00,
  0x01, 0xFF, 0xF8, 0x00, 0x00, 0x00, 0x00, 0x03, 0xFF, 0xF0, 0x00, 0x00,
  0x00, 0x00, 0x0F, 0xFF, 0xC0, 0x00, 0x00, 0x00, 0x00, 0x1F, 0xFF, 0x80,
  0x00, 0x00, 0x00, 0x00, 0x7F, 0xFF, 0x00, 0x00, 0x00, 0x00, 0x00, 0xFF,
  0xFE, 0x00, 0x00, 0x00, 0x00, 0x03, 0xFF, 0xF8, 0x00, 0x00, 0x00, 0x00,
  0x07, 0xFF, 0xF0, 0x00, 0x00, 0x00, 0x00, 0x1F, 0xFF, 0xE0, 0x00, 0x00,
  0x00, 0x00, 0x7F, 0xFF, 0x80, 0x00, 0x00, 0x60, 0x01, 0xFF, 0xFF, 0x00,
  0x00, 0x00, 0xF8, 0x1F, 0xFF, 0xFE, 0x00, 0x00, 0x01, 0xFF, 0xFF, 0xFF,
  0xF8, 0x00, 0x00, 0x03, 0xFF, 0xFF, 0xFF, 0xF0, 0x00, 0x00, 0x07, 0xFF,
  0xFF, 0xFF, 0xE0, 0x00, 0x00, 0x0F, 0xFF, 0xFF, 0xFF, 0x80, 0x00, 0x00,
  0x1F, 0xFF, 0xFF, 0xFF, 0x00, 0x00, 0x00, 0x3F, 0xFF, 0xFF, 0xFC, 0x00,
  0x00, 0x00, 0x7F, 0xFF, 0xFF, 0xF0, 0x00, 0x00, 0x00, 0xFF, 0xFF, 0xFF,
  0xE0, 0x00, 0x00, 0x01, 0xFF, 0xFF, 0xFF, 0x80, 0x00, 0x00, 0x03, 0xFF,
  0xFF, 0xFE, 0x00, 0x00, 0x00, 0x07, 0xFF, 0xFF, 0xF0, 0x00, 0x00, 0x00,
  0x03, 0xFF, 0xFF, 0xC0, 0x00, 0x00, 0x00, 0x01, 0xFF, 0xFE, 0x00, 0x00,
  0x00, 0x00, 0x00, 0x03, 0x80, 0x00, 0x00, 0x00, 0x00, 0x00, 0xFF, 0xFF,
  0xFF, 0xFF, 0xFF, 0xFF, 0xFF, 0xFF, 0xFF, 0xFF, 0xFF, 0xFF, 0xFF, 0xFF,
  0xFF, 0xFF, 0xFF, 0xFF, 0xFF, 0xFF, 0xFF, 0xFF, 0xFF, 0xFF, 0xFF, 0xFF,
  0xFF, 0xFF, 0xFF, 0xFF, 0xFF, 0xFF, 0xFF, 0xFF, 0xFF, 0xFF, 0xFF, 0xFF,
  0xFF, 0xFF, 0xFF, 0xFF, 0xFF, 0xFF, 0xFF, 0xFF, 0xFF, 0xFF, 0xFF, 0xFF,
  0xFF, 0xFF, 0xFF, 0xFF, 0xFF, 0xFF, 0xFF, 0xFF, 0xFF, 0xFF, 0xFF, 0xFF,
  0xFF, 0xFF, 0xFF, 0xFF, 0xFF, 0xFF, 0xFF, 0xFF, 0xFF, 0xFF, 0xFF, 0xFF,
  0xFF, 0xFF, 0xFF, 0xFF, 0xFF, 0xFF, 0xFF, 0xFF, 0xFF, 0xFF, 0xFF, 0xFF,
  0xFF, 0xFF, 0xFF, 0xFF, 0xFF, 0xFF, 0xFF, 0xFF, 0xFF, 0xFF, 0xC0, 0x00,
  0x00, 0x00, 0x00, 0xFF, 0xFF, 0x80, 0x00, 0x00, 0x00, 0x03, 0xFF, 0xFE,
  0x00, 0x00, 0x00, 0x00, 0x0F, 0xFF, 0xF8, 0x00, 0x00, 0x00, 0x00, 0x3F,
  0xFF, 0xF0, 0x00, 0x00, 0x00, 0x00, 0x7F, 0xFF, 0xC0, 0x00, 0x00, 0x00,
  0x01, 0xFF, 0xFF, 0x00, 0x00, 0x00, 0x00, 0x07, 0xFF, 0xFE, 0x00, 0x00,
  0x00, 0x00, 0x0F, 0xFF, 0xF8, 0x00, 0x00, 0x00, 0x00, 0x3F, 0xFF, 0xE0,
  0x00, 0x00, 0x00, 0x00, 0xFF, 0xFF, 0xC0, 0x00, 0x00, 0x00, 0x01, 0xFF,
  0xFF, 0x00, 0x00, 0x00, 0x00, 0x07, 0xFF, 0xFC, 0x00, 0x00, 0x00, 0x00,
  0x1F, 0xFF, 0xF8, 0x00, 0x00, 0x00, 0x00, 0x3F, 0xFF, 0xE0, 0x00, 0x00,
  0x00, 0x00, 0xFF, 0xFF, 0x80, 0x00, 0x00, 0x00, 0x03, 0xFF, 0xFE, 0x00,
  0x00, 0x00, 0x00, 0x07, 0xFF, 0xFC, 0x00, 0x00, 0x00, 0x00, 0x1F, 0xFF,
  0xF0, 0x00, 0x00, 0x00, 0x00, 0x7F, 0xFF, 0xC0, 0x00, 0x00, 0x00, 0x01,
  0xFF, 0xFF, 0x80, 0x00, 0x00, 0x00, 0x03, 0xFF, 0xFE, 0x00, 0x00, 0x00,
  0x00, 0x0F, 0xFF, 0xF8, 0x00, 0x00, 0x00, 0x00, 0x3F, 0xFF, 0xF0, 0x00,
  0x00, 0x00, 0x00, 0x7F, 0xFF, 0xC0, 0x00, 0x00, 0x00, 0x01, 0xFF, 0xFF,
  0x00, 0x00, 0x00, 0x00, 0x07, 0xFF, 0xFE, 0x00, 0x00, 0x00, 0x00, 0x0F,
  0xFF, 0xF8, 0x00, 0x00, 0x00, 0x00, 0x3F, 0xFF, 0xE0, 0x00, 0x00, 0x00,
  0x00, 0xFF, 0xFF, 0xC0, 0x00, 0x00, 0x00, 0x01, 0xFF, 0xFF, 0x00, 0x00,
  0x00, 0x00, 0x07, 0xFF, 0xFC, 0x00, 0x00, 0x00, 0x00, 0x1F, 0xFF, 0xF0,
  0x00, 0x00, 0x00, 0x00, 0x3F, 0xFF, 0xE0, 0x00, 0x00, 0x00, 0x00, 0xFF,
  0xFF, 0x80, 0x00, 0x00, 0x00, 0x03, 0xFF, 0xFE, 0x00, 0x00, 0x00, 0x00,
  0x0F, 0xFF, 0xFC, 0x00, 0x00, 0x00, 0x00, 0x1F, 0xFF, 0xF0, 0x00, 0x00,
  0x00, 0x00, 0x7F, 0xFF, 0xC0, 0x00, 0x00, 0x00, 0x01, 0xFF, 0xFF, 0x80,
  0x00, 0x00, 0x00, 0x03, 0xFF, 0xFE, 0x00, 0x00, 0x00, 0x00, 0x0F, 0xFF,
  0xF8, 0x00, 0x00, 0x00, 0x00, 0x3F, 0xFF, 0xF0, 0x00, 0x00, 0x00, 0x00,
  0x7F, 0xFF, 0xC0, 0x00, 0x00, 0x00, 0x01, 0xFF, 0xFF, 0x00, 0x00, 0x00,
  0x00, 0x07, 0xFF, 0xFE, 0x00, 0x00, 0x00, 0x00, 0x0F, 0xFF, 0xF8, 0x00,
  0x00, 0x00, 0x00, 0x3F, 0xFF, 0xE0, 0x00, 0x00, 0x00, 0x00, 0xFF, 0xFF,
  0x80, 0x00, 0x00, 0x00, 0x01, 0xFF, 0xFF, 0x00, 0x00, 0x00, 0x00, 0x07,
  0xFF, 0xFC, 0x00, 0x00, 0x00, 0x00, 0x1F, 0xFF, 0xF0, 0x00, 0x00, 0x00,
  0x00, 0x7F, 0xFF, 0xE0, 0x00, 0x00, 0x00, 0x00, 0xFF, 0xFF, 0x80, 0x00,
  0x00, 0x00, 0x03, 0xFF, 0xFE, 0x00, 0x00, 0x00, 0x00, 0x0F, 0xFF, 0xFC,
  0x00, 0x00, 0x00, 0x00, 0x1F, 0xFF, 0xFF, 0xFF, 0xFF, 0xFF, 0xFF, 0xFF,
  0xFF, 0xFF, 0xFF, 0xFF, 0xFF, 0xFF, 0xFF, 0xFF, 0xFF, 0xFF, 0xFF, 0xFF,
  0xFF, 0xFF, 0xFF, 0xFF, 0xFF, 0xFF, 0xFF, 0xFF, 0xFF, 0xFF, 0xFF, 0xFF,
  0xFF, 0xFF, 0xFF, 0xFF, 0xFF, 0xFF, 0xFF, 0xFF, 0xFF, 0xFF, 0xFF, 0xFF,
  0xFF, 0xFF, 0xFF, 0xFF, 0xFF, 0xFF, 0xFF, 0xFF, 0xFF, 0xFF, 0xFF, 0xFF,
  0xFF, 0xFF, 0xFF, 0xFF, 0xFF, 0xFF, 0xFF, 0xFF, 0xFF, 0xFF, 0xFF, 0xFF,
  0xFF, 0xFF, 0xFF, 0xFF, 0xFF, 0xFF, 0xFF, 0xFF, 0xFF, 0xFF, 0xFF, 0xFF,
  0xFF, 0xFF, 0xFF, 0xFF, 0xFF, 0xFF, 0xFF, 0xFF, 0xFF, 0xFF, 0xFF, 0xFF,
  0xFF, 0xFF, 0xFF, 0xFF, 0xF8, 0x00, 0x00, 0x00, 0x00, 0x1F, 0x80, 0x00,
  0x00, 0x00, 0x7F, 0xC0, 0x00, 0x00, 0x01, 0xFF, 0xE0, 0x00, 0x00, 0x03,
  0xFF, 0xF0, 0x00, 0x00, 0x03, 0xFF, 0xF8, 0x00, 0x00, 0x07, 0xFF, 0xFC,
  0x00, 0x00, 0x07, 0xFF, 0xFE, 0x00, 0x00, 0x07, 0xFF, 0xFF, 0x00, 0x00,
  0x07, 0xFF, 0xFF, 0x80, 0x00, 0x07, 0xFF, 0xFF, 0xC0, 0x00, 0x07, 0xFF,
  0xFF, 0xE0, 0x00, 0x03, 0xFF, 0xFF, 0xF0, 0x00, 0x03, 0xFF, 0xFF, 0xF8,
  0x00, 0x03, 0xFF, 0xFF, 0xFC, 0x00, 0x01, 0xFF, 0xFF, 0xC0, 0x00, 0x01,
  0xFF, 0xFF, 0x80, 0x00, 0x00, 0xFF, 0xFF, 0x80, 0x00, 0x00, 0xFF, 0xFF,
  0x80, 0x00, 0x00, 0x7F, 0xFF, 0x80, 0x00, 0x00, 0x3F, 0xFF, 0x80, 0x00,
  0x00, 0x3F, 0xFF, 0x80, 0x00, 0x00, 0x1F, 0xFF, 0xC0, 0x00, 0x00, 0x0F,
  0xFF, 0xC0, 0x00, 0x00, 0x07, 0xFF, 0xE0, 0x00, 0x00, 0x03, 0xFF, 0xF0,
  0x00, 0x00, 0x01, 0xFF, 0xF0, 0x00, 0x00, 0x01, 0xFF, 0xF8, 0x00, 0x00,
  0x00, 0xFF, 0xFC, 0x00, 0x00, 0x00, 0x7F, 0xFE, 0x00, 0x00, 0x00, 0x3F,
  0xFF, 0x00, 0x00, 0x00, 0x1F, 0xFF, 0x80, 0x00, 0x00, 0x0F, 0xFF, 0xC0,
  0x00, 0x00, 0x07, 0xFF, 0xE0, 0x00, 0x00, 0x03, 0xFF, 0xF0, 0x00, 0x00,
  0x01, 0xFF, 0xF8, 0x00, 0x00, 0x00, 0xFF, 0xFC, 0x00, 0x00, 0x00, 0x7F,
  0xFE, 0x00, 0x00, 0x00, 0x3F, 0xFF, 0x00, 0x00, 0x00, 0x1F, 0xFF, 0x80,
  0x00, 0x00, 0x0F, 0xFF, 0xC0, 0x00, 0x00, 0x07, 0xFF, 0xE0, 0x00, 0x00,
  0x03, 0xFF, 0xF0, 0x00, 0x00, 0x01, 0xFF, 0xF8, 0x00, 0x00, 0x00, 0xFF,
  0xFC, 0x00, 0x00, 0x00, 0x7F, 0xFE, 0x00, 0x00, 0x00, 0x3F, 0xFF, 0x00,
  0x00, 0x00, 0x1F, 0xFF, 0x80, 0x00, 0x00, 0x0F, 0xFF, 0xC0, 0x00, 0x00,
  0x07, 0xFF, 0xE0, 0x00, 0x00, 0x03, 0xFF, 0xF0, 0x00, 0x00, 0x01, 0xFF,
  0xF8, 0x00, 0x00, 0x00, 0xFF, 0xFC, 0x00, 0x00, 0x00, 0x7F, 0xFE, 0x00,
  0x00, 0x00, 0x7F, 0xFF, 0x00, 0x00, 0x00, 0x3F, 0xFF, 0x00, 0x00, 0x00,
  0x3F, 0xFF, 0x80, 0x00, 0x00, 0x1F, 0xFF, 0xC0, 0x00, 0x00, 0x1F, 0xFF,
  0xC0, 0x00, 0x00, 0x1F, 0xFF, 0xC0, 0x00, 0x00, 0x3F, 0xFF, 0xE0, 0x00,
  0x00, 0x3F, 0xFF, 0xE0, 0x00, 0x00, 0xFF, 0xFF, 0xE0, 0x00, 0x03, 0xFF,
  0xFF, 0xE0, 0x00, 0x01, 0xFF, 0xFF, 0xE0, 0x00, 0x00, 0xFF, 0xFF, 0xE0,
  0x00, 0x00, 0x7F, 0xFF, 0xE0, 0x00, 0x00, 0x3F, 0xFF, 0xC0, 0x00, 0x00,
  0x1F, 0xFF, 0x80, 0x00, 0x00, 0x0F, 0xFC, 0x00, 0x00, 0x00, 0x07, 0xFF,
  0x80, 0x00, 0x00, 0x03, 0xFF, 0xF8, 0x00, 0x00, 0x01, 0xFF, 0xFF, 0x00,
  0x00, 0x00, 0xFF, 0xFF, 0xC0, 0x00, 0x00, 0x7F, 0xFF, 0xF8, 0x00, 0x00,
  0x3F, 0xFF, 0xFE, 0x00, 0x00, 0x1F, 0xFF, 0xFF, 0x80, 0x00, 0x00, 0xFF,
  0xFF, 0xE0, 0x00, 0x00, 0x1F, 0xFF, 0xF0, 0x00, 0x00, 0x03, 0xFF, 0xFC,
  0x00, 0x00, 0x00, 0xFF, 0xFF, 0x00, 0x00, 0x00, 0x3F, 0xFF, 0x80, 0x00,
  0x00, 0x0F, 0xFF, 0xE0, 0x00, 0x00, 0x03, 0xFF, 0xF0, 0x00, 0x00, 0x01,
  0xFF, 0xF8, 0x00, 0x00, 0x00, 0x7F, 0xFE, 0x00, 0x00, 0x00, 0x3F, 0xFF,
  0x00, 0x00, 0x00, 0x1F, 0xFF, 0x80, 0x00, 0x00, 0x0F, 0xFF, 0xC0, 0x00,
  0x00, 0x07, 0xFF, 0xE0, 0x00, 0x00, 0x03, 0xFF, 0xF0, 0x00, 0x00, 0x01,
  0xFF, 0xF8, 0x00, 0x00, 0x00, 0xFF, 0xFC, 0x00, 0x00, 0x00, 0x7F, 0xFE,
  0x00, 0x00, 0x00, 0x3F, 0xFF, 0x00, 0x00, 0x00, 0x1F, 0xFF, 0x80, 0x00,
  0x00, 0x0F, 0xFF, 0xC0, 0x00, 0x00, 0x07, 0xFF, 0xE0, 0x00, 0x00, 0x03,
  0xFF, 0xF0, 0x00, 0x00, 0x01, 0xFF, 0xF8, 0x00, 0x00, 0x00, 0xFF, 0xFC,
  0x00, 0x00, 0x00, 0x7F, 0xFE, 0x00, 0x00, 0x00, 0x3F, 0xFF, 0x00, 0x00,
  0x00, 0x1F, 0xFF, 0x80, 0x00, 0x00, 0x0F, 0xFF, 0xC0, 0x00, 0x00, 0x07,
  0xFF, 0xE0, 0x00, 0x00, 0x03, 0xFF, 0xF0, 0x00, 0x00, 0x01, 0xFF, 0xF8,
  0x00, 0x00, 0x00, 0xFF, 0xFC, 0x00, 0x00, 0x00, 0x7F, 0xFE, 0x00, 0x00,
  0x00, 0x3F, 0xFF, 0x00, 0x00, 0x00, 0x1F, 0xFF, 0x80, 0x00, 0x00, 0x07,
  0xFF, 0xC0, 0x00, 0x00, 0x03, 0xFF, 0xE0, 0x00, 0x00, 0x01, 0xFF, 0xF8,
  0x00, 0x00, 0x00, 0xFF, 0xFC, 0x00, 0x00, 0x00, 0x7F, 0xFE, 0x00, 0x00,
  0x00, 0x3F, 0xFF, 0x80, 0x00, 0x00, 0x1F, 0xFF, 0xC0, 0x00, 0x00, 0x07,
  0xFF, 0xF0, 0x00, 0x00, 0x03, 0xFF, 0xFC, 0x00, 0x00, 0x01, 0xFF, 0xFF,
  0x00, 0x00, 0x00, 0x7F, 0xFF, 0xC0, 0x00, 0x00, 0x3F, 0xFF, 0xF8, 0x00,
  0x00, 0x0F, 0xFF, 0xFF, 0x00, 0x00, 0x07, 0xFF, 0xFF, 0xF8, 0x00, 0x01,
  0xFF, 0xFF, 0xFC, 0x00, 0x00, 0x7F, 0xFF, 0xFE, 0x00, 0x00, 0x1F, 0xFF,
  0xFF, 0x00, 0x00, 0x07, 0xFF, 0xFF, 0x80, 0x00, 0x01, 0xFF, 0xFF, 0xC0,
  0x00, 0x00, 0x7F, 0xFF, 0xE0, 0x00, 0x00, 0x1F, 0xFF, 0xF0, 0x00, 0x00,
  0x07, 0xFF, 0xF8, 0x00, 0x00, 0x01, 0xFF, 0xFC, 0x00, 0x00, 0x00, 0x3F,
  0xFE, 0x00, 0x00, 0x00, 0x07, 0xFF, 0x00, 0x00, 0x00, 0x00, 0x7F, 0x80,
  0x00, 0x00, 0x00, 0x03, 0xC0, 0xFF, 0xFF, 0xFF, 0xFF, 0xFF, 0xFF, 0xFF,
  0xFF, 0xFF, 0xFF, 0xFF, 0xFF, 0xFF, 0xFF, 0xFF, 0xFF, 0xFF, 0xFF, 0xFF,
  0xFF, 0xFF, 0xFF, 0xFF, 0xFF, 0xFF, 0xFF, 0xFF, 0xFF, 0xFF, 0xFF, 0xFF,
  0xFF, 0xFF, 0xFF, 0xFF, 0xFF, 0xFF, 0xFF, 0xFF, 0xFF, 0xFF, 0xFF, 0xFF,
  0xFF, 0xFF, 0xFF, 0xFF, 0xFF, 0xFF, 0xFF, 0xFF, 0xFF, 0xFF, 0xFF, 0xFF,
  0xFF, 0xFF, 0xFF, 0xFF, 0xFF, 0xFF, 0xFF, 0xFF, 0xFF, 0xFF, 0xFF, 0xFF,
  0xFF, 0xFF, 0xFF, 0xFF, 0xFF, 0xFF, 0xFF, 0xFF, 0xFF, 0xFF, 0xFF, 0xFF,
  0xFF, 0xFF, 0xFF, 0xFF, 0xFF, 0xFF, 0xFF, 0xFF, 0xFF, 0xFF, 0xFF, 0xFF,
  0xFF, 0xFF, 0xFF, 0xFF, 0xFF, 0xFF, 0xFF, 0xFF, 0xFF, 0xFF, 0xFF, 0xFF,
  0xFF, 0xFF, 0xFF, 0xFF, 0xFF, 0xFF, 0xFF, 0xFF, 0xFF, 0xFF, 0xFF, 0xFF,
  0xFF, 0xFF, 0xFF, 0xFF, 0xFF, 0xFC, 0xFC, 0x00, 0x00, 0x00, 0x00, 0x7F,
  0xC0, 0x00, 0x00, 0x00, 0x3F, 0xFC, 0x00, 0x00, 0x00, 0x1F, 0xFF, 0x80,
  0x00, 0x00, 0x0F, 0xFF, 0xE0, 0x00, 0x00, 0x07, 0xFF, 0xF8, 0x00, 0x00,
  0x03, 0xFF, 0xFF, 0x00, 0x00, 0x01, 0xFF, 0xFF, 0xC0, 0x00, 0x00, 0xFF,
  0xFF, 0xF0, 0x00, 0x00, 0x7F, 0xFF, 0xFC, 0x00, 0x00, 0x3F, 0xFF, 0xFF,
  0x00, 0x00, 0x1F, 0xFF, 0xFF, 0x80, 0x00, 0x0F, 0xFF, 0xFF, 0xE0, 0x00,
  0x07, 0xFF, 0xFF, 0xF8, 0x00, 0x00, 0x1F, 0xFF, 0xFC, 0x00, 0x00, 0x03,
  0xFF, 0xFF, 0x00, 0x00, 0x00, 0xFF, 0xFF, 0x80, 0x00, 0x00, 0x3F, 0xFF,
  0xE0, 0x00, 0x00, 0x0F, 0xFF, 0xF0, 0x00, 0x00, 0x03, 0xFF, 0xF8, 0x00,
  0x00, 0x00, 0xFF, 0xFE, 0x00, 0x00, 0x00, 0x7F, 0xFF, 0x00, 0x00, 0x00,
  0x1F, 0xFF, 0x80, 0x00, 0x00, 0x0F, 0xFF, 0xC0, 0x00, 0x00, 0x07, 0xFF,
  0xE0, 0x00, 0x00, 0x01, 0xFF, 0xF0, 0x00, 0x00, 0x00, 0xFF, 0xF8, 0x00,
  0x00, 0x00, 0x7F, 0xFE, 0x00, 0x00, 0x00, 0x3F, 0xFF, 0x00, 0x00, 0x00,
  0x1F, 0xFF, 0x80, 0x00, 0x00, 0x0F, 0xFF, 0xC0, 0x00, 0x00, 0x07, 0xFF,
  0xE0, 0x00, 0x00, 0x03, 0xFF, 0xF0, 0x00, 0x00, 0x01, 0xFF, 0xF8, 0x00,
  0x00, 0x00, 0xFF, 0xFC, 0x00, 0x00, 0x00, 0x7F, 0xFE, 0x00, 0x00, 0x00,
  0x3F, 0xFF, 0x00, 0x00, 0x00, 0x1F, 0xFF, 0x80, 0x00, 0x00, 0x0F, 0xFF,
  0xC0, 0x00, 0x00, 0x07, 0xFF, 0xE0, 0x00, 0x00, 0x03, 0xFF, 0xF0, 0x00,
  0x00, 0x01, 0xFF, 0xF8, 0x00, 0x00, 0x00, 0xFF, 0xFC, 0x00, 0x00, 0x00,
  0x7F, 0xFE, 0x00, 0x00, 0x00, 0x3F, 0xFF, 0x00, 0x00, 0x00, 0x1F, 0xFF,
  0x80, 0x00, 0x00, 0x0F, 0xFF, 0xC0, 0x00, 0x00, 0x07, 0xFF, 0xE0, 0x00,
  0x00, 0x03, 0xFF, 0xF0, 0x00, 0x00, 0x01, 0xFF, 0xF8, 0x00, 0x00, 0x00,
  0xFF, 0xFC, 0x00, 0x00, 0x00, 0x7F, 0xFE, 0x00, 0x00, 0x00, 0x3F, 0xFF,
  0x00, 0x00, 0x00, 0x1F, 0xFF, 0xC0, 0x00, 0x00, 0x07, 0xFF, 0xE0, 0x00,
  0x00, 0x03, 0xFF, 0xF8, 0x00, 0x00, 0x01, 0xFF, 0xFC, 0x00, 0x00, 0x00,
  0x7F, 0xFF, 0x00, 0x00, 0x00, 0x3F, 0xFF, 0xC0, 0x00, 0x00, 0x0F, 0xFF,
  0xF8, 0x00, 0x00, 0x03, 0xFF, 0xFE, 0x00, 0x00, 0x00, 0xFF, 0xFF, 0xE0,
  0x00, 0x00, 0x3F, 0xFF, 0xFE, 0x00, 0x00, 0x0F, 0xFF, 0xFF, 0x00, 0x00,
  0x03, 0xFF, 0xFF, 0x80, 0x00, 0x00, 0xFF, 0xFF, 0xC0, 0x00, 0x00, 0x1F,
  0xFF, 0xE0, 0x00, 0x00, 0x03, 0xFF, 0xF0, 0x00, 0x00, 0x00, 0x1F, 0xF8,
  0x00, 0x00, 0x00, 0x3F, 0xFC, 0x00, 0x00, 0x00, 0xFF, 0xFE, 0x00, 0x00,
  0x01, 0xFF, 0xFF, 0x00, 0x00, 0x01, 0xFF, 0xFF, 0x80, 0x00, 0x03, 0xFF,
  0xFF, 0xC0, 0x00, 0x03, 0xFF, 0xFF, 0xE0, 0x00, 0x03, 0xFF, 0xFF, 0xF0,
  0x00, 0x03, 0xFF, 0xFF, 0x80, 0x00, 0x01, 0xFF, 0xFE, 0x00, 0x00, 0x01,
  0xFF, 0xFE, 0x00, 0x00, 0x01, 0xFF, 0xFE, 0x00, 0x00, 0x00, 0xFF, 0xFE,
  0x00, 0x00, 0x00, 0xFF, 0xFE, 0x00, 0x00, 0x00, 0x7F, 0xFE, 0x00, 0x00,
  0x00, 0x3F, 0xFF, 0x00, 0x00, 0x00, 0x3F, 0xFF, 0x00, 0x00, 0x00, 0x1F,
  0xFF, 0x80, 0x00, 0x00, 0x0F, 0xFF, 0xC0, 0x00, 0x00, 0x07, 0xFF, 0xE0,
  0x00, 0x00, 0x03, 0xFF, 0xF0, 0x00, 0x00, 0x01, 0xFF, 0xF8, 0x00, 0x00,
  0x00, 0xFF, 0xFC, 0x00, 0x00, 0x00, 0x7F, 0xFE, 0x00, 0x00, 0x00, 0x3F,
  0xFF, 0x00, 0x00, 0x00, 0x1F, 0xFF, 0x80, 0x00, 0x00, 0x0F, 0xFF, 0xC0,
  0x00, 0x00, 0x07, 0xFF, 0xE0, 0x00, 0x00, 0x03, 0xFF, 0xF0, 0x00, 0x00,
  0x01, 0xFF, 0xF8, 0x00, 0x00, 0x00, 0xFF, 0xFC, 0x00, 0x00, 0x00, 0x7F,
  0xFE, 0x00, 0x00, 0x00, 0x3F, 0xFF, 0x00, 0x00, 0x00, 0x1F, 0xFF, 0x80,
  0x00, 0x00, 0x0F, 0xFF, 0xC0, 0x00, 0x00, 0x07, 0xFF, 0xE0, 0x00, 0x00,
  0x03, 0xFF, 0xF0, 0x00, 0x00, 0x01, 0xFF, 0xF8, 0x00, 0x00, 0x00, 0xFF,
  0xFC, 0x00, 0x00, 0x00, 0x7F, 0xFE, 0x00, 0x00, 0x00, 0x3F, 0xFF, 0x00,
  0x00, 0x00, 0x1F, 0xFF, 0x80, 0x00, 0x00, 0x0F, 0xFF, 0xC0, 0x00, 0x00,
  0x07, 0xFF, 0xC0, 0x00, 0x00, 0x07, 0xFF, 0xE0, 0x00, 0x00, 0x03, 0xFF,
  0xF0, 0x00, 0x00, 0x01, 0xFF, 0xF8, 0x00, 0x00, 0x00, 0xFF, 0xFC, 0x00,
  0x00, 0x00, 0xFF, 0xFE, 0x00, 0x00, 0x00, 0x7F, 0xFF, 0x00, 0x00, 0x00,
  0x7F, 0xFF, 0x00, 0x00, 0x00, 0x7F, 0xFF, 0x80, 0x00, 0x00, 0x7F, 0xFF,
  0xC0, 0x00, 0x00, 0x7F, 0xFF, 0xC0, 0x00, 0x00, 0xFF, 0xFF, 0xE0, 0x00,
  0x01, 0xFF, 0xFF, 0xE0, 0x00, 0x0F, 0xFF, 0xFF, 0xE0, 0x00, 0x07, 0xFF,
  0xFF, 0xF0, 0x00, 0x03, 0xFF, 0xFF, 0xF0, 0x00, 0x01, 0xFF, 0xFF, 0xF0,
  0x00, 0x00, 0xFF, 0xFF, 0xF0, 0x00, 0x00, 0x7F, 0xFF, 0xF0, 0x00, 0x00,
  0x3F, 0xFF, 0xF0, 0x00, 0x00, 0x1F, 0xFF, 0xF0, 0x00, 0x00, 0x0F, 0xFF,
  0xF0, 0x00, 0x00, 0x07, 0xFF, 0xF0, 0x00, 0x00, 0x03, 0xFF, 0xE0, 0x00,
  0x00, 0x01, 0xFF, 0xC0, 0x00, 0x00, 0x00, 0xFF, 0x00, 0x00, 0x00, 0x00,
  0x78, 0x00, 0x00, 0x00, 0x00, 0x00, 0x00, 0x00, 0x20, 0x00, 0x00, 0x03,
  0xFE, 0x00, 0x0F, 0xFE, 0x00, 0x00, 0x07, 0xFC, 0x00, 0xFF, 0xFF, 0x00,
  0x00, 0x0F, 0xF8, 0x03, 0xFF, 0xFF, 0x00, 0x00, 0x1F, 0xF0, 0x1F, 0xFF,
  0xFF, 0x00, 0x00, 0x7F, 0xE0, 0x7F, 0xFF, 0xFF, 0x00, 0x00, 0xFF, 0xC1,
  0xFF, 0xFF, 0xFF, 0x00, 0x03, 0xFF, 0x03, 0xFF, 0xFF, 0xFF, 0x00, 0x0F,
  0xFE, 0x0F, 0xFF, 0xFF, 0xFF, 0x00, 0x3F, 0xFC, 0x3F, 0xFF, 0xFF, 0xFF,
  0x00, 0xFF, 0xF0, 0x7F, 0xFF, 0xFF, 0xFF, 0x87, 0xFF, 0xE1, 0xFF, 0xF0,
  0x3F, 0xFF, 0xFF, 0xFF, 0x83, 0xFF, 0x80, 0x1F, 0xFF, 0xFF, 0xFF, 0x0F,
  0xFE, 0x00, 0x1F, 0xFF, 0xFF, 0xFC, 0x1F, 0xF8, 0x00, 0x3F, 0xFF, 0xFF,
  0xF0, 0x3F, 0xF0, 0x00, 0x3F, 0xFF, 0xFF, 0xC0, 0xFF, 0xC0, 0x00, 0x3F,
  0xFF, 0xFF, 0x01, 0xFF, 0x80, 0x00, 0x3F, 0xFF, 0xFC, 0x03, 0xFE, 0x00,
  0x00, 0x3F, 0xFF, 0xF0, 0x07, 0xFC, 0x00, 0x00, 0x3F, 0xFF, 0x80, 0x0F,
  0xF8, 0x00, 0x00, 0x0F, 0xF8, 0x00, 0x00 };

const GFXglyph oneslot80Glyphs[] PROGMEM = {
  {     0,   0,   0,  69,    0,    1 },   // 0x20 ' '
  {     0,  19, 112,  69,   25, -109 },   // 0x21 '!'
  {   266,  35,  27,  69,   17, -109 },   // 0x22 '"'
  {   385,  49,  48,  69,   10, -109 },   // 0x23 '#'
  {   679,  55, 110,  69,    7, -109 },   // 0x24 '$'
  {  1436,  63, 110,  69,    3, -109 },   // 0x25 '%'
  {  2303,  56,  77,  69,    6,  -75 },   // 0x26 '&'
  {  2842,  27,  39,  69,   21, -106 },   // 0x27 '''
  {  2974,  27, 138,  69,   35, -123 },   // 0x28 '('
  {  3440,  28, 138,  69,    7, -123 },   // 0x29 ')'
  {  3923,  41,  40,  69,   14, -110 },   // 0x2A '*'
  {  4128,  55,  55,  69,    7,  -82 },   // 0x2B '+'
  {  4507,  27,  39,  69,   21,  -27 },   // 0x2C ','
  {  4639,  55,  14,  69,    7,  -61 },   // 0x2D '-'
  {  4736,  27,  28,  69,   21,  -27 },   // 0x2E '.'
  {  4831,  55, 110,  69,    7, -109 },   // 0x2F '/'
  {  5588,  55, 103,  69,    7, -102 },   // 0x30 '0'
  {  6297,  27, 103,  69,   21, -102 },   // 0x31 '1'
  {  6645,  55, 103,  69,    7, -102 },   // 0x32 '2'
  {  7354,  55, 103,  69,    7, -102 },   // 0x33 '3'
  {  8063,  55, 103,  69,    7, -102 },   // 0x34 '4'
  {  8772,  55, 103,  69,    7, -102 },   // 0x35 '5'
  {  9481,  55, 103,  69,    7, -102 },   // 0x36 '6'
  { 10190,  55, 103,  69,    7, -102 },   // 0x37 '7'
  { 10899,  55, 103,  69,    7, -102 },   // 0x38 '8'
  { 11608,  55, 103,  69,    7, -102 },   // 0x39 '9'
  { 12317,  27,  83,  69,   21,  -82 },   // 0x3A ':'
  { 12598,  27,  94,  69,   21,  -82 },   // 0x3B ';'
  { 12916,  55,  55,  69,    7,  -82 },   // 0x3C '<'
  { 13295,  55,  41,  69,    7,  -75 },   // 0x3D '='
  { 13577,  55,  55,  69,    7,  -82 },   // 0x3E '>'
  { 13956,  55, 112,  69,    7, -109 },   // 0x3F '?'
  { 14726,  55, 110,  69,    7, -109 },   // 0x40 '@'
  { 15483,  61, 110,  69,    4, -109 },   // 0x41 'A'
  { 16322,  55, 110,  69,    7, -109 },   // 0x42 'B'
  { 17079,  55, 110,  69,    7, -109 },   // 0x43 'C'
  { 17836,  55, 110,  69,    7, -109 },   // 0x44 'D'
  { 18593,  55, 110,  69,    7, -109 },   // 0x45 'E'
  { 19350,  55, 110,  69,    7, -109 },   // 0x46 'F'
  { 20107,  55, 110,  69,    7, -109 },   // 0x47 'G'
  { 20864,  55, 110,  69,    7, -109 },   // 0x48 'H'
  { 21621,  41, 110,  69,   14, -109 },   // 0x49 'I'
  { 22185,  55, 110,  69,    7, -109 },   // 0x4A 'J'
  { 22942,  55, 110,  69,    7, -109 },   // 0x4B 'K'
  { 23699,  55, 110,  69,    7, -109 },   // 0x4C 'L'
  { 24456,  61, 110,  69,    4, -109 },   // 0x4D 'M'
  { 25295,  55, 110,  69,    7, -109 },   // 0x4E 'N'
  { 26052,  55, 110,  69,    7, -109 },   // 0x4F 'O'
  { 26809,  55, 110,  69,    7, -109 },   // 0x50 'P'
  { 27566,  55, 126,  69,    7, -109 },   // 0x51 'Q'
  { 28433,  57, 110,  69,    7, -109 },   // 0x52 'R'
  { 29217,  55, 110,  69,    7, -109 },   // 0x53 'S'
  { 29974,  55, 110,  69,    7, -109 },   // 0x54 'T'
  { 30731,  55, 110,  69,    7, -109 },   // 0x55 'U'
  { 31488,  55, 110,  69,    7, -109 },   // 0x56 'V'
  { 32245,  65, 110,  69,    2, -109 },   // 0x57 'W'
  { 33139,  55, 110,  69,    7, -109 },   // 0x58 'X'
  { 33896,  55, 110,  69,    7, -109 },   // 0x59 'Y'
  { 34653,  55, 110,  69,    7, -109 },   // 0x5A 'Z'
  { 35410,  27, 138,  69,   35, -123 },   // 0x5B '['
  { 35876,  55, 110,  69,    7, -109 },   // 0x5C '\'
  { 36633,  28, 138,  69,    7, -123 },   // 0x5D ']'
  { 37116,  55,  48,  69,    7, -109 },   // 0x5E '^'
  { 37446,  69,   7,  69,    0,    8 },   // 0x5F '_'
  { 37507,  25,  38,  69,   28, -105 },   // 0x60 '`'
  { 37626,  55,  83,  69,    7,  -82 },   // 0x61 'a'
  { 38197,  55, 110,  69,    7, -109 },   // 0x62 'b'
  { 38954,  55,  83,  69,    7,  -82 },   // 0x63 'c'
  { 39525,  55, 110,  69,    7, -109 },   // 0x64 'd'
  { 40282,  55,  83,  69,    7,  -82 },   // 0x65 'e'
  { 40853,  55, 110,  69,    7, -109 },   // 0x66 'f'
  { 41610,  55, 111,  69,    7,  -82 },   // 0x67 'g'
  { 42374,  55, 110,  69,    7, -109 },   // 0x68 'h'
  { 43131,  41, 113,  69,   14, -112 },   // 0x69 'i'
  { 43711,  57, 141,  69,    7, -112 },   // 0x6A 'j'
  { 44716,  55, 110,  69,    7, -109 },   // 0x6B 'k'
  { 45473,  41, 110,  69,   14, -109 },   // 0x6C 'l'
  { 46037,  63,  83,  69,    3,  -82 },   // 0x6D 'm'
  { 46691,  55,  83,  69,    7,  -82 },   // 0x6E 'n'
  { 47262,  55,  83,  69,    7,  -82 },   // 0x6F 'o'
  { 47833,  55, 111,  69,    7,  -82 },   // 0x70 'p'
  { 48597,  62, 111,  69,    7,  -82 },   // 0x71 'q'
  { 49458,  52,  83,  69,   10,  -82 },   // 0x72 'r'
  { 49998,  55,  83,  69,    7,  -82 },   // 0x73 's'
  { 50569,  55, 110,  69,    7, -109 },   // 0x74 't'
  { 51326,  55,  83,  69,    7,  -82 },   // 0x75 'u'
  { 51897,  55,  83,  69,    7,  -82 },   // 0x76 'v'
  { 52468,  65,  83,  69,    2,  -82 },   // 0x77 'w'
  { 53143,  55,  83,  69,    7,  -82 },   // 0x78 'x'
  { 53714,  55, 111,  69,    7,  -82 },   // 0x79 'y'
  { 54478,  55,  83,  69,    7,  -82 },   // 0x7A 'z'
  { 55049,  41, 138,  69,   21, -123 },   // 0x7B '{'
  { 55757,   7, 138,  69,   31, -123 },   // 0x7C '|'
  { 55878,  41, 138,  69,    7, -123 },   // 0x7D '}'
  { 56586,  55,  21,  69,    7,  -65 } }; // 0x7E '~'

const GFXfont oneslot80 PROGMEM = {
  (uint8_t  *)oneslot80Bitmaps,
  (GFXglyph *)oneslot80Glyphs,
  0x20, 0x7E, 181 };

// Approx. 57403 bytes
